employee_id,team,role,experience_years,week,year,task_completion_rate,on_time_delivery_rate,commit_score,bug_density,critical_bug_ratio,code_review_acceptance,avg_pr_revision,workload_index,team_collaboration_score,feedback_score,org_centrality_score,motivation_score,general_performance_score,attrition_risk_score,project_complexity,management_quality
1,Backend,Mid,4.9087538832936755,1,2025,0.620757476488452,0.6023278096363688,0.7965583546326495,0.42344456962193605,0.15346792958756106,0.7652306850575336,2.5970775493480405,0.9551488974301199,84.68644990532889,81.17618443594212,0.246347025644224,76.65786876774102,72.18241303948358,0.35221420642151546,0.8514847848610613,0.9542853455823513
1,Backend,Mid,4.9087538832936755,2,2025,0.7410419701016736,0.7476567997836902,0.850511345664246,0.17706921204076723,0.3054680320180645,0.4085117797140864,2.4814491954883597,0.956207099376157,58.26495378009777,52.90229460791948,0.28199528150526654,77.2432980723339,69.8815730931378,0.34754726927244894,0.8514847848610613,0.9542853455823513
1,Backend,Mid,4.9087538832936755,3,2025,0.7387095524898432,0.7116979207943791,0.8977754099433527,0.17693801000289902,0.32117089094273604,0.9509905103013654,1.5094636748693118,1.3694863168727929,69.33702270397228,69.83527952941049,0.3953567272846287,70.07967464366219,72.65346193551795,0.4898999746773737,0.8514847848610613,0.9542853455823513
1,Backend,Mid,4.9087538832936755,4,2025,0.808622508099269,0.7953994774686212,0.7437696286273895,0.6862813120023136,0.24167231519790464,0.6123596771125526,3.8638865244171052,0.9451691054751186,100.39162716269333,98.76917237354886,0.41127517697486693,78.45863956232326,74.75434136257051,0.3352118247423299,0.8514847848610613,0.9542853455823513
1,Backend,Mid,4.9087538832936755,5,2025,0.6806777895462656,0.6059721557258197,0.9799396814264487,0.5675058281847636,0.33430839433454995,0.8088247269742654,1.5253183297726784,1.1172734307665966,82.87084603742451,88.66382393246154,0.26378420309688005,77.59851283342837,72.21889910676316,0.3768004125414162,0.8514847848610613,0.9542853455823513
1,Backend,Mid,4.9087538832936755,6,2025,0.6915003388577008,0.6770809160427217,0.8254611883997129,0.12295981252133081,0.37566398116540783,0.882248848994337,1.5369843739338735,1.1410803377443015,84.77180000813073,84.98170033048083,0.5174997225746456,77.88334713515492,76.84256342646663,0.3791881747559026,0.8514847848610613,0.9542853455823513
1,Backend,Mid,4.9087538832936755,7,2025,0.834077915796279,0.8021764050900657,0.837586761111834,0.43268442700121895,0.12663643239086142,0.6951269261013884,2.558208718446,1.1071000741138137,63.57029702169377,65.35923382343519,0.778887436980647,78.58212969385036,77.04099839171168,0.3665689340406764,0.8514847848610613,0.9542853455823513
1,Backend,Mid,4.9087538832936755,8,2025,0.8124581168380426,0.7418562093858007,0.901503526720866,0.6064305937961271,0.4965076194315405,0.5671538330895824,1.965337258149936,1.2073006906257915,81.86260190374513,73.79902254779687,0.24358341915116383,78.15289035036731,68.41123309903745,0.3901860518720974,0.8514847848610613,0.9542853455823513
1,Backend,Mid,4.9087538832936755,9,2025,0.6937304591108806,0.6350721155276016,0.9179597748934676,0.2589291957595283,0.3151899047905431,0.8583373459082819,2.385263558533101,0.8927044436110048,67.28180922243244,75.58831787547321,0.49653222895284266,80.98202112528338,75.4120131444198,0.30369071267817277,0.8514847848610613,0.9542853455823513
1,Backend,Mid,4.9087538832936755,10,2025,0.7994331061730628,0.6833790667138833,0.9766406855372874,0.0710323012640997,0.5114339329382598,0.9531076002202007,2.3948814952535864,1.1418072535131352,91.32411303931636,84.1734061495132,0.3866479205984873,79.23699973122736,79.09483814218899,0.36805311960906567,0.8514847848610613,0.9542853455823513
1,Backend,Mid,4.9087538832936755,11,2025,0.669764344240145,0.6012802052696141,0.8510233061019586,0.2905629256398091,0.14476610852140068,0.968481671173126,2.7809918677350325,1.174474562823244,68.77300480179406,67.73239355000769,0.5292061708354078,79.15528913044967,75.08723263490766,0.37526750314423485,0.8514847848610613,0.9542853455823513
1,Backend,Mid,4.9087538832936755,12,2025,0.7927534194135837,0.7102389346600253,0.9399599875433251,0.3928228551674743,0.3751885209934841,0.767997960728598,4.052859775839326,0.9466767038625461,70.60482124525723,68.56524448140075,0.3373003747149865,81.08650728549526,74.25249496555986,0.3136144467267154,0.8514847848610613,0.9542853455823513
1,Backend,Mid,4.9087538832936755,13,2025,0.8449218316928789,0.8057634501844206,0.8260775202130245,0.14907726722426187,0.19945390806735322,0.8391607370618327,3.124119817052155,1.0031505762449138,81.2834550926428,81.22222122840823,0.1278614619740394,80.67117193594606,79.27816589816149,0.3283703491160989,0.8514847848610613,0.9542853455823513
1,Backend,Mid,4.9087538832936755,14,2025,0.7220787673260791,0.6639258582249804,0.9857880788099989,0.37465331676966934,0.2565938638546211,0.7964897412934604,3.860111366248171,1.0920762012213137,78.10907565598005,85.48585674072781,0.674064577452769,79.92331130662512,78.22944240909995,0.35238764602238665,0.8514847848610613,0.9542853455823513
1,Backend,Mid,4.9087538832936755,15,2025,0.7942248357536884,0.7773140734957813,0.8211341361079861,0.3646598622580776,0.3774870887052769,0.6613121587929296,2.512592400781795,0.9972230296011415,79.73627387727565,80.00802676696851,0.7478990775937334,80.5733013962265,77.61361325117426,0.3280004276183408,0.8514847848610613,0.9542853455823513
1,Backend,Mid,4.9087538832936755,16,2025,0.7528422044130485,0.6637898393538044,1.0316087790243815,0.06099880097977211,0.25428454042869303,0.4284846253937333,3.241963016529465,1.1800617322620097,89.76658625429629,93.26780102110838,0.28868100447245837,78.93096390123637,76.25827870519831,0.37825431394209885,0.8514847848610613,0.9542853455823513
1,Backend,Mid,4.9087538832936755,17,2025,0.6587101683250313,0.5950732803826732,0.8795477524423183,0.23363668424403605,0.1426599372821252,0.7302465324991889,2.0499345285207564,0.9296236521842943,81.22849932347499,75.89039717656202,0.7677359334635117,80.68666745669707,77.94163056638217,0.31353583496438325,0.8514847848610613,0.9542853455823513
1,Backend,Mid,4.9087538832936755,18,2025,0.885355103218679,0.8220625427394954,0.6965885829264378,0.13126331765122481,0.15112466572495567,0.7932751810330183,3.989045173884479,1.0803237714962808,83.77825168480113,81.61000005094189,0.26846852388423303,79.1687057034034,78.85186401814524,0.3563255401042278,0.8514847848610613,0.9542853455823513
1,Backend,Mid,4.9087538832936755,19,2025,0.750347140883421,0.6923417641164841,0.9386063560246153,0.02122128825165952,0.6162119456769113,0.53944704341194,0.4325578999601234,0.7361890770365329,74.10879960487212,67.58645210234785,0.8148924204180044,81.54941767046861,74.1363373601436,0.2676593348200681,0.8514847848610613,0.9542853455823513
1,Backend,Mid,4.9087538832936755,20,2025,0.8545761084058665,0.8440051502592882,0.8437320902726828,0.3608624129130302,0.15596865841286972,0.606218628786023,2.398050487520144,1.073150991238494,75.42134081741929,77.99428577087198,0.7111030569624661,78.42678190720139,78.83559932754387,0.36107368235435394,0.8514847848610613,0.9542853455823513
1,Backend,Mid,4.9087538832936755,21,2025,0.8187295322758308,0.7906207257293316,0.7763587827742353,0.07962424666024516,0.03775821878584701,0.7414284702112457,2.3720824085192334,0.9668545600700166,65.44459559399574,57.41236399270788,0.5749284452957638,78.80186379900101,79.23628589247258,0.3366887136889949,0.8514847848610613,0.9542853455823513
1,Backend,Mid,4.9087538832936755,22,2025,0.6602177354265746,0.542732070023672,0.7853427115757473,0.4625422503878657,0.12029707877464184,0.4479170902141129,3.895731935928564,0.9928313683939693,61.90350709988102,52.33461919853924,0.8804542715934408,78.07734145897247,70.55072497899316,0.34792176152068993,0.8514847848610613,0.9542853455823513
1,Backend,Mid,4.9087538832936755,23,2025,0.7036906884878883,0.6689670973826387,0.8041890097168624,0.17817846649297306,0.3067579523251762,0.8478629000912559,1.9232286694316674,1.0844453855035856,82.55391225825755,85.05849819637946,0.10491794972154399,76.79383789708936,74.00775749113009,0.3769404279583058,0.8514847848610613,0.9542853455823513
1,Backend,Mid,4.9087538832936755,24,2025,0.8178796712306065,0.7984100374923071,0.7837376241054153,0.038064357939183245,0.18691502533562945,0.5619677683230718,2.3514485949929504,1.2429418233155967,70.92539862364735,67.91555522916543,0.5381884864834993,74.94942028081837,75.13215817939643,0.4240098623229662,0.8514847848610613,0.9542853455823513
1,Backend,Mid,4.9087538832936755,25,2025,0.6648859976657038,0.6080968262900888,0.6729756811658107,0.267713695808324,0.25136956919832376,0.8204316941428421,2.894452142378297,1.216235293098685,70.79015519179737,72.23902947627943,0.8182062288377085,74.56917760239251,72.65049950684619,0.42183724526646604,0.8514847848610613,0.9542853455823513
1,Backend,Mid,4.9087538832936755,26,2025,0.6672280771068159,0.6920597539478501,0.6461875464822145,0.1879208844748918,0.05714312746923702,0.7930621277257209,2.665194380120577,1.1421425406492114,80.68936674469641,76.31533317597291,0.3140282752772119,74.55923622071168,73.61103326338943,0.40710153962391155,0.8514847848610613,0.9542853455823513
1,Backend,Mid,4.9087538832936755,27,2025,0.801964280605135,0.7956198980968738,0.8012604976078852,0.12281614347110223,0.2766450878875124,0.8697479344026645,2.2301250647066286,1.3406039286706593,65.21236284217693,62.990896541796374,0.40424133037158916,68.28161457121557,72.65219834885059,0.49910733097400206,0.8514847848610613,0.9542853455823513
1,Backend,Mid,4.9087538832936755,28,2025,0.9425281505233295,0.9234797184874725,0.89134349032237,0.07813437163133262,0.1936590282377618,0.3896185044569537,4.282163618536079,1.1460336171280185,80.90274619061788,81.98705137553257,0.29653565911645824,73.33152928744343,77.5976735852533,0.41811064603024184,0.8514847848610613,0.9542853455823513
1,Backend,Mid,4.9087538832936755,29,2025,0.7729802378672197,0.7265893444294681,0.8683883351905157,0.43380854849920575,0.16678499932410093,0.7868285161071984,1.4878956247398325,1.2018130069232467,58.451433281342304,62.56728620115187,0.31117389944433865,72.30884805530671,70.86880834476321,0.4377888675904267,0.8514847848610613,0.9542853455823513
1,Backend,Mid,4.9087538832936755,30,2025,0.6199855472182823,0.57981526978172,0.8240408648636395,0.20081892375161284,0.35644482877625094,0.5353746653014024,1.700889429174735,0.8772288674436414,73.35464341950303,73.35813900728891,0.5273167809695726,74.3549297461374,69.94449992968953,0.35582135893758327,0.8514847848610613,0.9542853455823513
1,Backend,Mid,4.9087538832936755,31,2025,0.7782231942584582,0.6254261206708449,0.8385155980516976,0.09105474864375916,0.11905258647602848,0.9792979454837192,1.0924883052821788,0.9963812369334996,67.22183312409125,61.668953896762105,0.6825580104489569,72.88500291678159,79.53790622741161,0.39190122308018666,0.8514847848610613,0.9542853455823513
1,Backend,Mid,4.9087538832936755,32,2025,0.6556845204982412,0.6266653311494321,0.9221672064043235,0.35724569384471166,0.19613353321534654,0.7204433561310054,1.8427666818825061,0.8840999286589794,65.62644317776679,57.27754731742479,0.8265396106566357,73.30796382542955,73.64509562057243,0.36592028718654956,0.8514847848610613,0.9542853455823513
1,Backend,Mid,4.9087538832936755,33,2025,0.596131840052852,0.5158777772813568,0.981576650828216,0.06405996941134051,0.015114925159113793,0.615827792361792,2.6142276486620397,1.1573513838755334,76.50301761461877,74.6849565535495,0.20234228258146372,70.69501173404561,72.53352157965789,0.4423451789913933,0.8514847848610613,0.9542853455823513
1,Backend,Mid,4.9087538832936755,34,2025,0.7458710162946101,0.6951336589719943,0.8670865438127942,0.32353026644183064,0.043722143232333775,0.6038421312266277,4.1205334451658775,1.1008385926620659,90.70494635261139,85.68615689479454,0.9093866697111552,70.77474847514056,79.14897089628302,0.43037814790624185,0.8514847848610613,0.9542853455823513
1,Backend,Mid,4.9087538832936755,35,2025,0.7823764100613565,0.7897510087477103,0.8151986913703161,0.380237831877609,0.19604248071626487,0.7868522120498348,3.2003098794089913,0.8080634549896448,81.07566864331359,73.47976872838271,0.6353388254865917,72.80458877772216,75.8353044585053,0.3549077845169109,0.8514847848610613,0.9542853455823513
1,Backend,Mid,4.9087538832936755,36,2025,0.7805906612221121,0.7439847521171566,0.8742520425612519,0.8606520266626507,0.1879289453142925,0.9564117660397945,3.644135202616418,0.9471740524600614,74.25566570899954,77.35902619675294,0.8026524115515087,71.4439029127978,75.53385267510947,0.394068952885364,0.8514847848610613,0.9542853455823513
1,Backend,Mid,4.9087538832936755,37,2025,0.8430082456101291,0.7746410424409916,0.9580780725554622,0.2366571432110004,0.27008470360321846,0.4404211137526335,2.460444846143345,1.083968567189656,81.81500697372624,81.95659885437854,0.7981910536405512,70.16991892125786,77.79645040965539,0.43204438909411563,0.8514847848610613,0.9542853455823513
1,Backend,Mid,4.9087538832936755,38,2025,0.7177419970787605,0.6175117520558197,0.8722133771633712,0.11369509012367299,0.506223055189019,0.7676360462918798,3.2133995902054457,1.0751550015276017,75.47017213123745,81.58602688419474,0.12127937959130447,70.13159216319428,71.01945171198005,0.4306010656122346,0.8514847848610613,0.9542853455823513
1,Backend,Mid,4.9087538832936755,39,2025,0.5956077510208618,0.5805129761157023,0.6818179674866771,0.43733715714503635,0.11008793857476788,0.6979115301569255,3.484322398476584,0.9455742159340511,72.86011155774491,72.61279300948274,0.4235207295529214,71.13178281843295,69.14728198348186,0.3963499863665356,0.8514847848610613,0.9542853455823513
1,Backend,Mid,4.9087538832936755,40,2025,0.7127560151951725,0.687681636252163,0.7862260015748683,0.15712249262806094,0.17315818076072392,0.8737534821879387,2.8436185895352173,1.2431662836681574,71.23447348977734,67.70841980812844,0.16659337353767234,68.78750190606983,71.32218776288876,0.47540407418304953,0.8514847848610613,0.9542853455823513
1,Backend,Mid,4.9087538832936755,41,2025,0.8191394908370223,0.7473995267254486,0.8137464974900638,0.524026075214235,0.2672838699976248,0.4680571784976578,1.9823887009638286,1.2693816509643283,77.23787951638899,77.15576503602523,0.49745048934119074,65.45403443948854,68.50928364995589,0.5084260431971278,0.8514847848610613,0.9542853455823513
1,Backend,Mid,4.9087538832936755,42,2025,0.9396568503188282,0.8662997229057896,0.9181891489626312,0.18667833276207862,0.3211747992602998,0.6578315845478627,1.8508086750963206,1.051470257652531,79.80562107410748,77.95400423112099,0.26896947590910386,70.60953327125804,77.54510993349083,0.42188127427002253,0.8514847848610613,0.9542853455823513
1,Backend,Mid,4.9087538832936755,43,2025,0.7637541411667178,0.6810440333316758,0.8274286352430666,0.06830406247448677,0.36285345883404746,0.7692582602545247,2.7790215257703395,0.940999178150896,76.75545829890508,78.79802004079221,0.545650998602906,71.74110299243215,76.38550336567083,0.39035731069324464,0.8514847848610613,0.9542853455823513
1,Backend,Mid,4.9087538832936755,44,2025,0.7176099959369576,0.6624978880422863,0.946501496106323,0.3280401464349309,0.16715312060143647,0.5576030012778881,1.2701306217591855,0.7285061648528941,73.22259678512594,76.46577845873075,0.6220077441841028,73.75340789761394,72.9268577301905,0.3310895004904627,0.8514847848610613,0.9542853455823513
1,Backend,Mid,4.9087538832936755,45,2025,0.6539756953269261,0.6085593073392449,0.8277587221544435,0.39377597146927457,0.15302079358471393,0.9136640111762171,3.9437646040732597,0.9153882053894907,80.05501810611491,79.91039368524056,0.5952342768667775,72.63071716193394,75.30790989261193,0.37782166472844864,0.8514847848610613,0.9542853455823513
1,Backend,Mid,4.9087538832936755,46,2025,0.6733085479423957,0.6103787174260366,0.9107514327149504,0.5783209551498829,0.26523336875915476,0.7847708780913653,2.4857109686100314,1.0689893538733217,83.40643548988724,80.14331559337529,0.8375864304921016,71.82884842371482,74.69285159934208,0.41522413391037416,0.8514847848610613,0.9542853455823513
1,Backend,Mid,4.9087538832936755,47,2025,0.6122787511379876,0.5318621648922157,0.6076120673371043,0.4351316839509277,0.38352435477820374,0.7330677928436318,1.3416353108074572,0.9321540521126385,80.2488877866395,89.15701323876634,0.310323747806193,73.39882039534848,67.16487641879091,0.3747739737946236,0.8514847848610613,0.9542853455823513
1,Backend,Mid,4.9087538832936755,48,2025,0.7820759936007169,0.774581304697361,0.7768122914369783,0.49455215331256763,0.29118171882243904,0.3737246566407786,2.8579257286917685,0.9731482049323772,83.95193220027733,87.12779120868717,0.7623455978532265,73.58757504622751,73.82518962077569,0.38139984893457946,0.8514847848610613,0.9542853455823513
1,Backend,Mid,4.9087538832936755,49,2025,0.9614673803665545,0.9390348930901372,0.86975996046924,0.7593590333358252,0.31274511493667356,0.6027494097133873,1.926299996061421,1.197609109845149,104.65010351720721,104.16695898409111,0.8271789362306461,72.34247923193149,78.76894404589582,0.4366678283696006,0.8514847848610613,0.9542853455823513
1,Backend,Mid,4.9087538832936755,50,2025,0.6041977435085328,0.5382288186043217,0.8242623462576655,0.39743865313753796,0.05794449060595999,0.2597035907331928,0.8670477194580166,1.0846416082040105,69.27231575451474,73.2748069633446,0.30296890389807624,73.8226653588355,66.45281073758234,0.40173944365050634,0.8514847848610613,0.9542853455823513
1,Backend,Mid,4.9087538832936755,51,2025,0.6980014920641845,0.6350494869599467,0.8901625505491473,0.19769494910068372,0.3385243888596369,0.9647121927897061,1.2053185242790942,1.2070137031221178,86.6082678737852,84.26976186722574,0.8579310748400112,73.4375835196518,78.52648539770506,0.42942287796065864,0.8514847848610613,0.9542853455823513
1,Backend,Mid,4.9087538832936755,52,2025,0.6409942086619552,0.5511435358840696,0.8576821891060256,0.1660562126059556,0.4728732270354287,0.6399530184601205,2.862655622251169,0.9591406044250287,87.98738503943797,86.47084272975823,0.5833582685362346,76.02325171050514,73.687893269024,0.35830102329746294,0.8514847848610613,0.9542853455823513
2,Backend,Lead,13.425929763527801,1,2025,0.5813965689299391,0.6113245963112234,0.8419283419891418,0.47273988372619946,0.14978407834864368,0.5521543831754854,1.4600940728744691,1.1098960115823369,77.76569152594928,74.51212383922383,0.7033862360290167,74.4257374165392,71.33274500933756,0.4017647238453073,1.349284553835969,0.7196717703342548
2,Backend,Lead,13.425929763527801,2,2025,0.6450393269782467,0.5827344967602046,1.0503407267182103,0.17275402593525738,0.33588375921154856,0.8798121806406012,2.7966283196761754,0.995366854664263,74.35861653407008,76.00242858558748,0.482237655929831,75.93586559204495,77.12396789997366,0.3662744909991447,1.349284553835969,0.7196717703342548
2,Backend,Lead,13.425929763527801,3,2025,0.6613402495198787,0.6604445621253584,0.9464087168288358,0.384447853154388,0.34054275965043734,0.8894829820946766,1.0599491174057056,0.9633765047064027,66.14836501000153,73.91117408744974,0.2154807696090306,76.76823450548272,72.64221298893287,0.3529400133955912,1.349284553835969,0.7196717703342548
2,Backend,Lead,13.425929763527801,4,2025,0.6541575205151473,0.5427983956811646,0.7799884126794991,0.1396919886144349,0.1694332703796275,0.9719073994935371,3.179973075516756,1.0254540688528029,80.7546866749443,79.49125823493948,0.7188610254280675,76.82220541731769,78.70355441383606,0.3649057686262465,1.349284553835969,0.7196717703342548
2,Backend,Lead,13.425929763527801,5,2025,0.5049021119856181,0.4160660827082457,0.7629427383738243,0.1484810124668674,0.5398175472045503,0.671649828426513,2.60537550614596,0.9578987384699839,61.65974505081795,58.652906831061884,0.334870869530382,77.87935593381718,64.88124326740297,0.34258511491218696,1.349284553835969,0.7196717703342548
2,Backend,Lead,13.425929763527801,6,2025,0.5448343116701089,0.4899424115488175,0.8625224502647907,0.37065795705179805,0.16573433350265063,0.853469135238684,3.2471652242595814,0.9887283749784975,67.99168321133914,72.00619130206756,0.526017636805151,78.10800839929726,72.72542632981349,0.34684560500155565,1.349284553835969,0.7196717703342548
2,Backend,Lead,13.425929763527801,7,2025,0.48665493724860454,0.4156804273584881,1.0722695629135075,0.1329818034555803,0.21151658049005928,0.5227147025539667,2.411717951648745,1.0418491243335704,100.79709337654319,96.77872053669454,0.5949079546103262,78.10998285410821,76.33363207334061,0.357453301082479,1.349284553835969,0.7196717703342548
2,Backend,Lead,13.425929763527801,8,2025,0.6929285243247276,0.6580936339642272,0.9068983079185275,0.21261277223179556,0.12873744228189574,0.6525137847892909,3.5310629139880536,1.165607370472503,76.08542676028438,78.39855843718989,0.9192313555306381,77.49228247360952,78.23381113072375,0.38735245348108793,1.349284553835969,0.7196717703342548
2,Backend,Lead,13.425929763527801,9,2025,0.5249997032333746,0.47723046633968286,0.8919019009366045,0.3744549663204627,0.22517010020661568,0.7156973872010511,3.7360931752104376,1.2508858580256554,69.660908986832,62.625188855757415,0.37883780061519634,74.1117850756742,66.52782441874822,0.4325789626411794,1.349284553835969,0.7196717703342548
2,Backend,Lead,13.425929763527801,10,2025,0.5377769380751842,0.47330987465823804,0.8725342753689067,0.3607856288200601,0.42158657927610876,0.6271012805397127,3.2080891218566765,0.8876231139056305,63.966333938261265,53.20188097349885,0.23076463989145266,80.2763184101033,64.47627731201833,0.30855530269693193,1.349284553835969,0.7196717703342548
2,Backend,Lead,13.425929763527801,11,2025,0.6418807562258426,0.6034917379933886,0.8401110346808857,0.30543750303430184,0.287002775429022,0.6538238683891403,2.4908810033557964,1.0122744037821347,72.74853472649978,73.73642933675683,0.8480694492720556,79.45873596479446,75.24855882797827,0.34029874771647317,1.349284553835969,0.7196717703342548
2,Backend,Lead,13.425929763527801,12,2025,0.5489862879505151,0.5386788185919589,0.8563956786910932,0.36178108524485203,0.5920650349050132,0.6836810564672723,1.2175013788784776,0.6211422049596268,72.86557129069791,80.31920197494767,0.595361819267575,82.69662883873453,66.65321237654739,0.23508986733580428,1.349284553835969,0.7196717703342548
2,Backend,Lead,13.425929763527801,13,2025,0.5478014264471754,0.4909847775521559,0.8197530313511872,0.2824020346480246,0.16855136168938736,0.8256087688352336,2.2752345981073163,0.907989600468859,87.07809308461002,85.49484293830388,0.5186001468168762,80.4383053041704,74.48202563827462,0.3112787092256851,1.349284553835969,0.7196717703342548
2,Backend,Lead,13.425929763527801,14,2025,0.6378523030418153,0.6197099102841984,0.8484806871230011,0.27167578348945753,0.14226356116052633,0.8928294248977777,2.4599114873434464,0.9412652790505294,73.27053940076577,81.82908180147749,0.5756261318454382,80.1356442460073,77.32832805974729,0.3204560204267117,1.349284553835969,0.7196717703342548
2,Backend,Lead,13.425929763527801,15,2025,0.5321529755049674,0.40911258696309,0.9539904687396077,0.4055997108188081,0.08168857328765347,0.4665408913768394,4.061511196726853,0.8996390892010125,63.08709860712194,63.4005255915563,0.2619779525146796,80.35981848144343,66.67572366689951,0.31026266382817397,1.349284553835969,0.7196717703342548
2,Backend,Lead,13.425929763527801,16,2025,0.5179842796683237,0.4160318266744416,0.8045179684111546,0.1040944742129074,0.09216405992009231,0.8171240221565425,3.379592587986366,1.0355442123568064,84.96047685805816,81.17650141521085,0.08665374500183558,79.0929496224939,72.38787698577158,0.3480009289505787,1.349284553835969,0.7196717703342548
2,Backend,Lead,13.425929763527801,17,2025,0.6085463722681749,0.4719462784721315,0.905623000940066,0.14494222146127497,0.23842741079827176,0.8253259203583823,1.6607903326609936,1.1992291212773587,69.05223745444337,62.645749087059095,0.20004696299023975,77.53566926596845,69.9623636174508,0.39371524703906796,1.349284553835969,0.7196717703342548
2,Backend,Lead,13.425929763527801,18,2025,0.6344437206549725,0.5500247811205826,0.88074066978091,0.15323344008549192,0.4320356300743528,0.7097483915211914,2.8262746708466855,0.9502815553413042,75.30311657494342,74.83125782476651,0.5921744608139466,79.21488899465912,73.69792299492809,0.32993223611276823,1.349284553835969,0.7196717703342548
2,Backend,Lead,13.425929763527801,19,2025,0.6278138457025688,0.48579744228469,0.8994443414083618,0.521436988888887,0.5085981855302584,0.7490100380158793,2.290976742713975,1.087954602813264,66.494795457907,63.59217820888339,0.47826709189917394,77.74113902627067,67.09788384018414,0.3697480953437306,1.349284553835969,0.7196717703342548
2,Backend,Lead,13.425929763527801,20,2025,0.5318530620402945,0.4872137487072112,0.969663148664565,0.2528551574684935,0.10662167470347435,0.9135249140549625,3.9571957599562464,1.2169755903919866,59.74343685429905,66.05635737143496,0.1210457353995053,76.28203067598936,69.63720682500316,0.40771152911181924,1.349284553835969,0.7196717703342548
2,Backend,Lead,13.425929763527801,21,2025,0.7240980091222353,0.6257633598985096,1.0506092888159122,0.505365553816794,0.39373190827410703,0.6299507883197044,3.4553052085705107,1.2313164928851814,47.26437137086552,51.26905456901283,0.6046075238146867,75.6920138984956,68.06873334095226,0.41549651608957294,1.349284553835969,0.7196717703342548
2,Backend,Lead,13.425929763527801,22,2025,0.589400229105519,0.5163299064577962,0.713453797780782,0.811625120237745,0.06611500681045675,0.8867884843546137,2.848644344334221,1.0720089370130026,76.40886246911204,67.56666564129777,0.5883130274634005,76.4497664720361,69.20173996878644,0.377320400135633,1.349284553835969,0.7196717703342548
2,Backend,Lead,13.425929763527801,23,2025,0.4915418042374566,0.5564322927687225,0.7967299160338088,0.24470952540721796,0.542614155353176,0.6676705946208079,3.7269332238843074,1.0770400159854574,65.23624728716628,60.77396809038176,0.6081334543859102,75.8589264152503,67.17994060274557,0.38325028307000564,1.349284553835969,0.7196717703342548
2,Backend,Lead,13.425929763527801,24,2025,0.5378770653898097,0.48843784692011327,1.006810479471821,0.27020442883495127,0.08612664224357941,0.7605788447240981,1.895987725074873,0.9544253728020676,82.94264679621827,76.67119968037203,0.8194712132629061,76.26339744694252,77.45447989678462,0.3553567625025592,1.349284553835969,0.7196717703342548
2,Backend,Lead,13.425929763527801,25,2025,0.5228709342127155,0.5052810316932907,0.9664739354457171,0.2908861794639145,0.34988827066300926,0.8865148778743339,2.5861438830463745,0.7577302276141735,62.33659494374296,62.04667520658179,0.16475852149507444,77.24306368828451,67.21513256078555,0.3078538481204638,1.349284553835969,0.7196717703342548
2,Backend,Lead,13.425929763527801,26,2025,0.6762918575754701,0.624011332120628,0.8573770107886886,0.1444416007459311,0.27767223619992093,0.8989666456876119,2.5949937513563044,0.8933859844676232,72.08188731084456,64.26593326736128,0.6630935784326627,75.5551342321803,75.99485061863061,0.3490510782920222,1.349284553835969,0.7196717703342548
2,Backend,Lead,13.425929763527801,27,2025,0.5450536636617338,0.4491158352938636,0.7748208949904816,0.2725824838999135,0.03505294883662369,0.8084447438748469,3.3527736751222195,1.0448129362548528,84.82573463627777,88.10753898542052,0.7183008670565056,73.74103521660584,75.46056480737899,0.39445396044592185,1.349284553835969,0.7196717703342548
2,Backend,Lead,13.425929763527801,28,2025,0.5971823566255959,0.5167461668993196,0.7984282930066997,0.21331783942952465,0.08512801369269271,0.7192353254020163,2.454973177171133,0.9180238908236869,64.37606471853121,66.51760020456945,0.3038932851217061,74.161452659894,70.3534701372202,0.3655926726656207,1.349284553835969,0.7196717703342548
2,Backend,Lead,13.425929763527801,29,2025,0.6174519794585115,0.5544201267952248,1.1089563642018614,0.2895632282217568,0.17071481758486254,0.6696636749096341,2.381931473008921,1.1781079077347127,74.08830880443813,62.888059311840614,0.25015882305392406,71.5043344108309,70.96388605947001,0.4397521281233518,1.349284553835969,0.7196717703342548
2,Backend,Lead,13.425929763527801,30,2025,0.5280437769252552,0.5592307316348385,0.8089291340897583,0.42893830596895427,0.41655909677120595,0.7813614196380183,1.7099336748647218,0.9152072835401377,70.35382702701607,71.35962530638027,0.6033263498706493,73.05694797938133,68.67459075432,0.3742335568798498,1.349284553835969,0.7196717703342548
2,Backend,Lead,13.425929763527801,31,2025,0.5848325978420303,0.45727543787969893,0.7154020319753251,0.10201221627626424,0.11822617369727682,0.6584354165829547,3.609699841956223,1.1306945946185867,77.72697793529935,80.97888687890568,0.27385568950114336,70.8163416173168,69.61501011274859,0.43600273877941076,1.349284553835969,0.7196717703342548
2,Backend,Lead,13.425929763527801,32,2025,0.5939405647578895,0.5464784073156553,0.960059760676131,0.21541424405236076,0.12284752127351929,0.7447200595304703,2.8169794177734064,1.0211242639791624,65.64561297955404,71.0755235604292,0.2659386109232786,71.217614704884,72.41767252063006,0.4107447302551325,1.349284553835969,0.7196717703342548
2,Backend,Lead,13.425929763527801,33,2025,0.5596552003531005,0.5236278721978284,1.0338183676795123,0.24625823402947555,0.2710277851060262,0.45789912843074393,4.210613372581925,1.055093097010201,82.34304675561496,79.09639019601299,0.6104657714897956,70.51892359098417,72.20209882168422,0.4233609228105054,1.349284553835969,0.7196717703342548
2,Backend,Lead,13.425929763527801,34,2025,0.6007481963728649,0.5042078456546655,0.8536063391469627,0.30494274391120696,0.26380390805493725,0.7507860022963013,2.147986925146526,0.8899318039321954,73.62551485372308,78.38988758973777,0.5417050420062127,71.46784834699542,71.13450746547298,0.38242095789481056,1.349284553835969,0.7196717703342548
2,Backend,Lead,13.425929763527801,35,2025,0.5580289936228706,0.5417588574355183,0.6898034188102831,0.2174632347568238,0.1383434951988726,0.8715688915615329,2.0706977754827403,1.011315045835239,68.07579020126144,61.04420288290227,0.6731771074646015,70.18442161297331,72.37095708437056,0.41739282905893693,1.349284553835969,0.7196717703342548
2,Backend,Lead,13.425929763527801,36,2025,0.5216068430694414,0.4588398626526742,0.8190790922950136,0.6097821509720877,0.29565760965796134,0.5956263302168708,2.4814419942339323,0.8995884707751173,85.76146312640013,83.76590386538638,0.7901459669583302,70.83043312829325,68.27005998289795,0.3896640847525797,1.349284553835969,0.7196717703342548
2,Backend,Lead,13.425929763527801,37,2025,0.6859424632890425,0.5990925558926287,0.9272021562003423,0.1589918511778823,0.15650448488529276,0.7448339974767728,0.34818459867069507,0.7623796085491765,67.8084668075758,66.75281561343732,0.2218193978466221,71.7484761523976,71.20246792099655,0.3545719537731886,1.349284553835969,0.7196717703342548
2,Backend,Lead,13.425929763527801,38,2025,0.677278236622796,0.6312217619141665,0.7409600922557154,0.25366800802278017,0.2024964175153682,0.8451703410794515,0.8029026150137482,0.9747537649056895,68.54430571351524,81.93485508170721,0.3720845502551746,69.9406476181855,73.154126050605,0.41211202282959214,1.349284553835969,0.7196717703342548
2,Backend,Lead,13.425929763527801,39,2025,0.6683825185529294,0.5995433784046582,0.9355460008682644,0.45210408378198313,0.06342621680497647,0.8598122444003292,2.365691258529452,0.8458487288611063,83.10808273159782,87.07552633435888,0.05566903348503206,70.93543227703242,72.38590480116652,0.3780411434636177,1.349284553835969,0.7196717703342548
2,Backend,Lead,13.425929763527801,40,2025,0.5461722716783156,0.5404004584177531,0.7409033569784802,0.21064755306243318,0.13050697227189684,0.3715483847936579,3.610302361982764,1.1169350090860573,63.16593811733469,55.021487199462115,0.7053278119574954,68.80319766474254,66.92718635926046,0.45002702127769023,1.349284553835969,0.7196717703342548
2,Backend,Lead,13.425929763527801,41,2025,0.4932151937594957,0.44299549174975994,0.8454029992082854,0.1687315950231745,0.17711710513485038,0.46772190855120993,3.196954404510736,1.042024173822941,71.6618051024399,77.52742829037311,0.8573771984963378,69.51131963020748,71.16666667291679,0.4291438378461925,1.349284553835969,0.7196717703342548
2,Backend,Lead,13.425929763527801,42,2025,0.5860246272739692,0.4667240272945655,0.7306074993600944,0.9788298484507669,0.13302841948668245,0.7574044174437016,3.461421685367543,0.777058445507456,56.752759530992606,55.89344459867615,0.3141031489435025,71.81067333043455,59.6923995080794,0.3569894113478699,1.349284553835969,0.7196717703342548
2,Backend,Lead,13.425929763527801,43,2025,0.4872502029320703,0.41738223400260943,1.0458347454220593,0.17028516618326495,0.19596163122358276,0.7328368338293265,2.1083514325782087,1.1651439452497856,68.34514585309785,72.71099300656518,0.7278554523590762,68.95379041765695,72.17399684361011,0.4584138689028159,1.349284553835969,0.7196717703342548
2,Backend,Lead,13.425929763527801,44,2025,0.47152488698637174,0.4552345905869694,0.954589671549587,0.3954876395194251,0.05663948142229439,0.5239705396497807,2.163102174416509,1.0382910081120345,80.55604466003449,81.00394806631073,0.49066009937890775,70.28097471355672,70.27982295065868,0.42198341234276754,1.349284553835969,0.7196717703342548
2,Backend,Lead,13.425929763527801,45,2025,0.6229407435682824,0.5651512957795315,0.5559611365335719,0.2463945375914285,0.23195861880096916,0.8509315479167558,3.3623934723827587,1.0890335083421292,69.64386661574588,73.92695213887427,0.4665217457429679,70.24740030032874,69.54032620507266,0.4324116991656864,1.349284553835969,0.7196717703342548
2,Backend,Lead,13.425929763527801,46,2025,0.6178024626984687,0.5498162264334348,0.9682453826605304,0.1289370186683509,0.4301665704446218,0.5193227094095626,2.365231420884881,1.104565428386241,56.063853330462145,57.130321867326835,0.6707969295749385,70.55008538962737,69.2489164553298,0.4329957074303535,1.349284553835969,0.7196717703342548
2,Backend,Lead,13.425929763527801,47,2025,0.5203844126163565,0.5079805366607111,0.7737275221433786,0.4474844499679115,0.1633495585429252,0.3751187798514511,1.191179600880888,0.7588660203446539,75.0796428264733,80.0981904455267,0.9281725742068073,73.79097021150827,67.91360959006107,0.3368484523063619,1.349284553835969,0.7196717703342548
2,Backend,Lead,13.425929763527801,48,2025,0.6364325630713252,0.5640546000315237,0.928218260795576,0.2986693885017723,0.5030671259293019,0.7625281128307082,1.5525078650262256,0.8341970023670813,66.775800676178,72.38095401280034,0.5018432538384634,73.70503022876579,69.64744745515519,0.3526308152337014,1.349284553835969,0.7196717703342548
2,Backend,Lead,13.425929763527801,49,2025,0.6351174091507116,0.6198026177791476,0.8655190683858979,0.1429855316169228,0.22067399947377478,0.6928531309780824,2.362628211600603,0.9508157925230624,74.34452393218996,84.2529829641901,0.9072112429216757,73.3226713325241,77.74213832323153,0.37914089740024504,1.349284553835969,0.7196717703342548
2,Backend,Lead,13.425929763527801,50,2025,0.5895196300346297,0.5367848048622192,0.7683596013898958,0.09625857729614128,0.423356315341114,0.746603847898537,1.0954357429303583,1.0783365521872015,60.835023649205326,67.01063275894796,0.330541067458892,72.87895136898588,68.38000971712349,0.4083427156958913,1.349284553835969,0.7196717703342548
2,Backend,Lead,13.425929763527801,51,2025,0.6020144614309876,0.5131768081759132,0.822698023927398,0.70633672325222,0.3680887500730694,0.3453881891265214,2.1713815242510153,0.8291750323328846,81.03187431082343,78.31130430025246,0.8410554130151693,75.46613844798158,65.81183465171885,0.3369505194000638,1.349284553835969,0.7196717703342548
2,Backend,Lead,13.425929763527801,52,2025,0.5041768987918772,0.5566702451436897,0.8271400084659981,0.21480221512372558,0.2157483475707611,0.8428767501712392,2.6207568061894677,1.0178527609080963,90.47570095028927,89.28722532684107,0.5168558539985987,74.5594000206565,75.41787292547212,0.3822422186761485,1.349284553835969,0.7196717703342548
3,Backend,Senior,9.697494707820946,1,2025,0.5726870987788385,0.5129289708624984,0.8550887701856018,0.20922017970875442,0.4492568993348342,0.533999005127117,2.7307009057186833,1.0247141261854775,72.94272409172027,69.69264074836799,0.4851282788336495,87.7971316037543,70.70203910923738,0.2733000618724764,0.8973914359250642,0.7006768128577341
3,Backend,Senior,9.697494707820946,2,2025,0.583363009625874,0.5481464307825594,0.9912994755626829,0.07346190585468831,0.38809812282699774,0.6620872716354194,3.1199263323958046,1.0589903835205332,66.64857098369977,77.09626459217364,0.14820928915303386,88.11681646523502,72.76448578498398,0.2774912728271482,0.8973914359250642,0.7006768128577341
3,Backend,Senior,9.697494707820946,3,2025,0.5479018234218542,0.44298788443479303,0.8142554577189572,0.019724557412466315,0.6092278345511098,0.7783322848448733,3.0885532697707196,0.9714941447497758,75.47961445981547,77.13883377610804,0.7814536682737103,89.39323248917596,74.47113142152732,0.24935522487348885,0.8973914359250642,0.7006768128577341
3,Backend,Senior,9.697494707820946,4,2025,0.5989881663262313,0.572234008144232,0.8541379052585848,0.2552024401686236,0.31548806067164925,0.3703239071020972,3.675283107824049,1.0244116622269595,89.84116028535965,91.61922702928796,0.43725558246608265,89.52048377436465,73.44689816410785,0.25887830099235315,0.8973914359250642,0.7006768128577341
3,Backend,Senior,9.697494707820946,5,2025,0.6223644820849644,0.5904480953982876,0.9104515326355367,0.1695768072555652,0.14211309914498235,0.5952611891549937,2.318775826781897,0.8124388399045424,61.55885529636813,53.54255296228838,0.5178790015397295,91.73297422638093,73.27269021798614,0.19804631609440065,0.8973914359250642,0.7006768128577341
3,Backend,Senior,9.697494707820946,6,2025,0.5890223846111741,0.6022070049074091,0.7907733469174885,0.6233057516187513,0.15900123464463048,0.7075233265155367,2.31058632901845,1.1787938284175674,76.05894453115235,78.98100943351477,0.9420742203456912,89.27742387582492,74.08366389694248,0.29178023338497244,0.8973914359250642,0.7006768128577341
3,Backend,Senior,9.697494707820946,7,2025,0.5472902230205812,0.4604242185436028,0.716968637426101,0.2261047282808265,0.5849149727583517,0.7394512371800108,3.735782191822154,0.8651823927515307,64.28946320350951,67.69054373076176,0.6729721332916818,92.21325581080475,69.08605390777511,0.20459268012693319,0.8973914359250642,0.7006768128577341
3,Backend,Senior,9.697494707820946,8,2025,0.5548293456097368,0.4909222862682034,0.7995820168992328,0.1670204393290757,0.39949620720302953,0.4241264927834836,3.320555419006373,1.1578793412024495,57.741932712094034,54.354109450415756,0.8432545574721284,90.24404581181018,68.98599852692843,0.2795421531420717,0.8973914359250642,0.7006768128577341
3,Backend,Senior,9.697494707820946,9,2025,0.5186752963995329,0.4117805019315926,0.8248461113955504,0.7605520590557093,0.4558869415938767,0.6892255959932552,0.996919698240182,1.1175085763923893,84.7039338984685,88.72075914257432,0.7060575059665076,90.87937272908843,68.55175711308296,0.2661736092027409,0.8973914359250642,0.7006768128577341
3,Backend,Senior,9.697494707820946,10,2025,0.6177217821830823,0.5706902213250579,0.9495532469083081,0.5252495609163251,0.41392977526368635,0.6329900089209203,3.437560122204765,1.1622913089611273,74.94403981170953,78.28774808967209,0.3368355251907473,90.76891195369956,69.9481878418128,0.2760506621780625,0.8973914359250642,0.7006768128577341
3,Backend,Senior,9.697494707820946,11,2025,0.4541875563717136,0.418468724403978,0.8428400748141933,0.465098690553161,0.3076080741525625,0.5862419632907788,1.9739651573324197,0.9559049578503727,65.03608310832932,63.63671767749921,0.47197251256964745,92.59963063628877,67.44142118757424,0.21951740293433483,0.8973914359250642,0.7006768128577341
3,Backend,Senior,9.697494707820946,12,2025,0.6384271893581781,0.5110389494208425,0.9272094788975289,0.26375111042756433,0.09541576410563878,0.6931417344008857,2.3484445449900204,0.9025912459384382,69.64198536947703,61.10519558151229,0.13574964803320055,93.13497561494425,72.83418186090948,0.2043934523964856,0.8973914359250642,0.7006768128577341
3,Backend,Senior,9.697494707820946,13,2025,0.6388349943879416,0.5308950251922245,0.9001782736167545,0.18660238662322928,0.11443055242035485,0.6282931668956369,1.7415046652999306,1.024002733877918,90.13597974652778,87.06917568393636,0.1628799712483947,92.20013934093815,76.58245523011809,0.23646605226776574,0.8973914359250642,0.7006768128577341
3,Backend,Senior,9.697494707820946,14,2025,0.43810146448593185,0.3932231327369163,0.7837215521205634,0.48231485203010477,0.08324239082803969,0.5332226803213592,3.7477568340762155,0.8757226845793751,83.11396554491591,77.37264910115282,0.3946444335307111,93.34992410581677,68.6374594672365,0.19722850270073525,0.8973914359250642,0.7006768128577341
3,Backend,Senior,9.697494707820946,15,2025,0.5991821141763356,0.5355585455203158,0.8771495310825648,0.33354674217512204,0.08442158350433225,0.6447712957778458,2.437808983000689,1.1526492200265253,71.14616672474784,73.24842911098564,0.3437875874487813,91.02567653887955,72.72117624455288,0.2719825395146422,0.8973914359250642,0.7006768128577341
3,Backend,Senior,9.697494707820946,16,2025,0.6780773882560306,0.6477752312292513,0.8060994049128771,0.25307362867496347,0.16615521728963625,0.5684131519931063,3.067941743075132,0.7591802365421431,67.16234334413603,63.70963808255473,0.47891149953386086,93.99380053305143,72.83780399827009,0.1685543761996667,0.8973914359250642,0.7006768128577341
3,Backend,Senior,9.697494707820946,17,2025,0.5198984646410914,0.4603222846196763,0.9987246155335927,0.3597847646919012,0.2544872526061631,0.7412240910523556,2.537937835447602,1.102307809856893,76.53831916078256,80.37065600134055,0.12224286725060535,91.0009788613724,71.41667378567853,0.2621200714599419,0.8973914359250642,0.7006768128577341
3,Backend,Senior,9.697494707820946,18,2025,0.7105832001447571,0.6906073160480056,0.9141186662411069,0.4478371116571746,0.08659274196072969,0.8190356227921288,0.726495666050387,1.1660447149453963,75.2538842054241,65.65551842443583,0.6405205337563137,90.1787228218666,77.72193157498268,0.281719586140191,0.8973914359250642,0.7006768128577341
3,Backend,Senior,9.697494707820946,19,2025,0.47250092568445134,0.3899727182145323,0.9943632003468814,0.199776656065,0.14633959698766097,0.8102011564296571,1.8877632654922496,0.9260315766400342,75.9960575652144,67.69727963782408,0.056916513806783406,91.72646233969674,72.08069366020293,0.22081912916386737,0.8973914359250642,0.7006768128577341
3,Backend,Senior,9.697494707820946,20,2025,0.4802762435267661,0.48481114851561247,0.950553522597456,0.4135955425554238,0.16331694985971498,0.3822100700790527,3.3469970876894584,0.8997894021853344,79.20094490451841,82.23519787059676,0.9100026028059844,91.5094592856828,73.75396207868431,0.21737905305637695,0.8973914359250642,0.7006768128577341
3,Backend,Senior,9.697494707820946,21,2025,0.5312975254112474,0.49310112198076367,0.7581313488513906,0.4905756079288155,0.4325617954195141,0.25397205795056316,2.932959825360696,1.0833268969513372,73.5391317846832,70.5744991194431,0.49085010339655655,89.56586977000657,64.3971096630257,0.2702831313068794,0.8973914359250642,0.7006768128577341
3,Backend,Senior,9.697494707820946,22,2025,0.6545513117248859,0.6977775022667618,0.9912834056769892,0.5247613131041886,0.28911368223296185,0.6741087821553644,1.583115308281438,0.6861839155562164,66.04653677636976,64.00603258056866,0.20459002161330758,92.22630574773062,69.66796020577786,0.16868423521348808,0.8973914359250642,0.7006768128577341
3,Backend,Senior,9.697494707820946,23,2025,0.5395438024248589,0.4915519871065287,0.7051408585366455,1.1784064719997591,0.08669389392070158,0.8570884606498,3.7235688824186273,1.0057356992440043,72.61087158015971,79.7616497629591,0.619596391741017,89.11930005322213,68.22828265344947,0.2584863060719498,0.8973914359250642,0.7006768128577341
3,Backend,Senior,9.697494707820946,24,2025,0.5412236369028193,0.453595791149912,0.7801804466908391,0.35891653283136965,0.24841599711507278,0.8434537132152696,1.811282333577085,0.9723123005132027,68.75654610286776,67.83391931458851,0.8827699037095864,88.81024112929366,74.42016483509633,0.2543771173585267,0.8973914359250642,0.7006768128577341
3,Backend,Senior,9.697494707820946,25,2025,0.546423405703771,0.4966842583129493,0.7362314329575184,0.3848076950606329,0.2824397582114518,0.8282559323225479,3.910459145203504,1.0977282987009258,85.7424723394466,93.37340392625491,0.26862459544326905,87.21301822363071,71.63835376236682,0.29277050787659586,0.8973914359250642,0.7006768128577341
3,Backend,Senior,9.697494707820946,26,2025,0.5984766232676573,0.49080795282965517,0.8717997410666137,0.43466319728561104,0.27822482536968074,0.7187875646941121,1.491944522888052,1.053400394383754,71.2949190140997,64.2670839182065,0.35064694343701436,86.96495805689146,70.21252560505945,0.285972095069322,0.8973914359250642,0.7006768128577341
3,Backend,Senior,9.697494707820946,27,2025,0.5963314675484334,0.5051082441234711,1.0019283923641769,0.14302315326189274,0.3324803911348699,0.6995479642516512,1.5516519957757993,0.863836572977962,59.740702812274044,62.830076814596886,0.5809477164141258,87.8787852268612,73.4319381375126,0.24044410437174912,0.8973914359250642,0.7006768128577341
3,Backend,Senior,9.697494707820946,28,2025,0.5283049739444088,0.48096047864800767,0.9934734979664344,0.19095905383955808,0.42664979043515544,0.7400568540379867,2.2077402380982303,0.8575863509911354,78.35058029084118,79.93136007675507,0.8650690987118886,87.33489208259462,75.70981025850202,0.2437265028432719,0.8973914359250642,0.7006768128577341
3,Backend,Senior,9.697494707820946,29,2025,0.48930482086446625,0.4490680398114343,0.9112468794013602,0.24246516827480497,0.1476759813641089,0.4760228313493281,3.82893331953541,1.1135183019980472,85.71411301887491,95.81435855352315,0.604151237241778,84.71099036076444,73.57958330226532,0.3167787407265724,0.8973914359250642,0.7006768128577341
3,Backend,Senior,9.697494707820946,30,2025,0.465668523487835,0.43779621082523046,0.8007856484803997,0.41251438259201595,0.2383618440410405,0.7520059513725905,2.433856715126333,1.265315767488913,68.46908338649664,74.41665859982184,0.39239499812144946,79.7622300019644,66.00477781273386,0.3883779034814126,0.8973914359250642,0.7006768128577341
3,Backend,Senior,9.697494707820946,31,2025,0.6213344186146338,0.5551703524142735,0.7188317249533216,0.09972383987546236,0.39597634502930207,0.6493591532015203,4.054160420714775,1.000554350777177,83.53975976552223,85.61408726733178,0.7710855429954626,84.5474026720883,75.99458334416343,0.2955491812213663,0.8973914359250642,0.7006768128577341
3,Backend,Senior,9.697494707820946,32,2025,0.4798925623196991,0.41443962960723674,0.874132193491678,0.21245795487714492,0.030874942572404453,0.6787707711149834,2.831942556666864,1.4592920448109328,82.99178819905399,85.13574139874761,0.3255415523392609,74.89070702453887,67.9994240624181,0.46776918375769594,0.8973914359250642,0.7006768128577341
3,Backend,Senior,9.697494707820946,33,2025,0.5657808499946834,0.46808098763342454,0.8788653930807484,0.22745400009910344,0.17229945614584213,0.8285240207327975,2.323225836884218,0.8793526360510011,59.51381701136253,57.05804827565201,0.8187095690861389,84.61478638269799,74.08229280877727,0.27074730735438374,0.8973914359250642,0.7006768128577341
3,Backend,Senior,9.697494707820946,34,2025,0.4875278145235165,0.4570159313713136,0.7296799144610855,0.18785560070610216,0.551176339908648,0.6460808447243631,0.5819003994962075,0.9305776470490733,73.49895778414495,80.25910016504852,0.5179582481082555,83.83262070610063,68.2185725648797,0.28751035685897613,0.8973914359250642,0.7006768128577341
3,Backend,Senior,9.697494707820946,35,2025,0.6152896894514273,0.5991555394060818,0.7073621077718591,0.245255472681136,0.4140957124143519,0.8810528845257,2.9820667273353862,1.4039550495970745,78.68733147317519,80.65631796425644,0.27471659702736034,74.88578009175396,67.37992465534897,0.4567428424881319,0.8973914359250642,0.7006768128577341
3,Backend,Senior,9.697494707820946,36,2025,0.6799441724765055,0.5800685038551168,0.8447595549422531,0.2381841742758391,0.1351332564111867,0.6311192247125353,2.7619503493413133,0.9250923552112944,62.44892250743364,60.69294149841482,0.7956221674857823,83.31634115684406,75.12471737221932,0.2907156280685584,0.8973914359250642,0.7006768128577341
3,Backend,Senior,9.697494707820946,37,2025,0.5887148422107027,0.5903758662814308,0.7607674609811553,0.3106590523110918,0.1823523779989453,0.5751114043734226,1.782081109252398,0.7725036175868814,72.69475374819748,78.59337979000104,0.4424459591700046,84.35742318413618,70.16357976243027,0.2515221969829081,0.8973914359250642,0.7006768128577341
3,Backend,Senior,9.697494707820946,38,2025,0.5389740244333668,0.5225174563712561,0.8908607307701768,0.11460524143638406,0.23933614315590354,0.8867240432824398,3.329129827336114,0.8533244199443072,74.72668065893906,71.44570088449684,0.876346827744959,83.60202148191676,77.2907293144253,0.27398137163955505,0.8973914359250642,0.7006768128577341
3,Backend,Senior,9.697494707820946,39,2025,0.4754833697196438,0.3479156669556651,0.8455256819237401,0.1613122271929484,0.4101210760980826,0.36908001135568563,6.426237706436327,0.68189497710474,75.5633628681212,73.00263420638053,0.7278686532145556,84.93700139512357,65.98599389324237,0.22857065046158492,0.8973914359250642,0.7006768128577341
3,Backend,Senior,9.697494707820946,40,2025,0.578000822039049,0.5637405513945534,0.8198502636479126,0.12310653245191018,0.09733946638974014,0.5490499097787871,1.3817258454347208,0.7670301919946756,73.24436054500785,76.58763456879738,0.31198374929009903,84.29237530551381,71.40379851391945,0.2509695775196533,0.8973914359250642,0.7006768128577341
3,Backend,Senior,9.697494707820946,41,2025,0.5669703341236938,0.5068807182666267,0.8435811822891502,0.2281610452113821,0.19679331244571283,0.8311090430026424,3.4553005582377527,0.9707954055824978,84.91258658192089,90.10447485574663,0.5531054544466898,82.77108888017125,76.70440257134736,0.3044000071150724,0.8973914359250642,0.7006768128577341
3,Backend,Senior,9.697494707820946,42,2025,0.5277193767014102,0.5239071664067249,0.7248621753572607,0.09221551482914571,0.4468346829782663,0.6118333839740333,3.3160068487744234,0.8769734681430962,65.51083479175162,74.24765078132941,0.6976378459869369,83.70129225338965,70.33116026693352,0.2778839248503721,0.8973914359250642,0.7006768128577341
3,Backend,Senior,9.697494707820946,43,2025,0.5027696548006595,0.4771132437302475,0.7393706487588365,0.1609178135841042,0.08915568127448921,0.9424255126952327,2.4313659539145314,1.1703430220774416,62.909656030108145,61.71796516854029,0.7308145722740662,81.60213690707592,73.34629783189341,0.3540507968565223,0.8973914359250642,0.7006768128577341
3,Backend,Senior,9.697494707820946,44,2025,0.6943299878561988,0.6119344149897541,0.9751456421814264,0.2103340776586071,0.3073499077691478,0.8985139045988167,2.402881798924857,1.1278268327212029,90.16394055253573,93.17453215449815,0.5558504911754564,82.25462722072359,79.64251032090111,0.34011013970487736,0.8973914359250642,0.7006768128577341
3,Backend,Senior,9.697494707820946,45,2025,0.5839564169829244,0.5401667789359144,0.7258239424518376,0.03265933477993393,0.14203884375622597,0.8087405140032512,0.9526960110616345,1.0386628810214127,79.2956300020348,81.46257308070427,0.10074798870386593,83.3403044229347,73.953107829367,0.31323003934649346,0.8973914359250642,0.7006768128577341
3,Backend,Senior,9.697494707820946,46,2025,0.5557573955841438,0.5398122135966563,0.7863329904994287,0.5731256119900404,0.18676144842651013,0.7178157441540546,2.313196608738998,0.8382906775054428,76.90423889925057,79.15033250567575,0.3893661404872543,85.37022250071398,69.32295087501981,0.25623961466180545,0.8973914359250642,0.7006768128577341
3,Backend,Senior,9.697494707820946,47,2025,0.5646743379254167,0.4967994378933087,0.751770596574532,0.18935965975927546,0.20742215089256558,0.6441509507670914,0.450058721422522,1.0680263068831701,79.03300390245282,81.17109031037673,0.078533844796873,84.00762702324035,69.98523278904847,0.3135417028496312,0.8973914359250642,0.7006768128577341
3,Backend,Senior,9.697494707820946,48,2025,0.6416340227932996,0.5401701280173946,0.6713054268660151,0.2192960725145085,0.22259861490024924,0.7068580496291843,0.9236482911005641,0.8396069716871762,77.25264117247549,80.71625494805978,0.09242332082234432,86.35168957824524,69.90202882901384,0.2483239811853915,0.8973914359250642,0.7006768128577341
3,Backend,Senior,9.697494707820946,49,2025,0.6148547983891327,0.5427331949550384,1.0318061922557824,0.29811216822581627,0.3879002706632292,0.6239040284944836,3.718970789793663,0.8900450506714016,81.72943204495039,72.90645249856514,0.4717709793382908,86.4987763713776,73.37250423028848,0.25718587370613366,0.8973914359250642,0.7006768128577341
3,Backend,Senior,9.697494707820946,50,2025,0.6521908123107707,0.6493434779197625,0.780784778792311,0.6119670432645498,0.1615936998149901,0.6328518165344487,1.348131615413226,1.2261450338370525,79.50603412862539,70.15695243096457,0.30108150065842726,84.38642261982729,68.69853846531844,0.34200881826884977,0.8973914359250642,0.7006768128577341
3,Backend,Senior,9.697494707820946,51,2025,0.5469294626630525,0.5271611226693871,0.8751473608940512,0.5130338393647175,0.411995551305526,0.9476892693753844,3.8183023248526693,1.0583468094028277,73.17581864460462,73.33119847897969,0.21960806535169128,86.32270333546225,69.94400410168237,0.2923135007517135,0.8973914359250642,0.7006768128577341
3,Backend,Senior,9.697494707820946,52,2025,0.43905625787535124,0.3754181502664862,0.8425631401181285,0.099983034787765,0.4259946303209232,0.8261209633868944,3.1550406137817895,1.0516576326067801,73.89334631442671,69.41013517785066,0.7090350031368605,86.97890015110725,72.54896045191389,0.2855073585954623,0.8973914359250642,0.7006768128577341
4,Backend,Mid,4.684482051282947,1,2025,0.6114045757915204,0.5370668930125527,0.8752167350475576,0.4154083264860597,0.21495419392540466,0.6733698191666688,1.5542539393032189,0.943776691506729,81.08246191684968,74.49680231711676,0.6900361671209115,52.79656411464965,69.59138645681159,0.31193129432024397,0.8675209431909989,0.8972861576594618
4,Backend,Mid,4.684482051282947,2,2025,0.6728388055454477,0.5838263072063286,0.7033214809384323,0.3637345130104259,0.12032819333912212,0.9349084701266736,3.1052237010182555,1.0915034754676676,86.15433297381135,91.41829075832491,0.22775208250757872,52.20864476312332,70.29636472702957,0.39314367819479235,0.8675209431909989,0.8972861576594618
4,Backend,Mid,4.684482051282947,3,2025,0.6474376666281183,0.5516534153461147,0.666392801249746,0.2928494791509154,0.22144525069474139,0.755693041197609,3.4003985883950634,0.9073537484599455,79.51225319318507,85.42972152763471,0.10545172074613858,54.25828869295998,66.24458200174509,0.275448265567973,0.8675209431909989,0.8972861576594618
4,Backend,Mid,4.684482051282947,4,2025,0.6707709208196915,0.6501830592469695,0.6843376792322226,0.4173566154132787,0.45808984155122134,0.776805960283081,2.2138313633120292,1.1375972742038163,53.85133704983009,52.80623155157329,0.7954474950622156,52.96693191201518,64.88013403924946,0.4067119882017184,0.8675209431909989,0.8972861576594618
4,Backend,Mid,4.684482051282947,5,2025,0.639742039829669,0.5809776158282927,0.7954157414028922,0.265238565156487,0.18935603083568114,0.3569924967547509,2.9413071516992457,1.2867128630709586,67.66843802890003,68.81341999119672,0.11455093425771086,48.85016071766347,60.33752871696119,0.5327294225646859,0.8675209431909989,0.8972861576594618
4,Backend,Mid,4.684482051282947,6,2025,0.731116784775651,0.7163595182421026,0.8867619840209711,0.13588726150636396,0.2574969317446841,0.9364147417842797,1.7398105510379136,1.022865215031128,77.87133354122986,85.54707714126761,0.5627205313617692,54.87678581638181,77.18320075155513,0.32547278481079134,0.8675209431909989,0.8972861576594618
4,Backend,Mid,4.684482051282947,7,2025,0.6908695266484137,0.6165332164964447,0.8524857503751269,1.2592265071213915,0.017896050770433276,0.7391163869348141,3.9185313451480366,1.2033164201658244,50.1219134346492,56.50674036509014,0.7236227668760391,53.86011662495577,61.76074883513277,0.42840675227096503,0.8675209431909989,0.8972861576594618
4,Backend,Mid,4.684482051282947,8,2025,0.8198785857044372,0.7563364706530006,0.734664948940404,0.10880605925308102,0.4021576252783267,0.571909632913507,2.0404510588382436,0.7551095881469015,57.618883604546134,62.845138678911525,0.574793099317301,57.81813686971993,68.3700548491021,0.15482808320195168,0.8675209431909989,0.8972861576594618
4,Backend,Mid,4.684482051282947,9,2025,0.7254813623455877,0.6282617272266693,0.7646696693173667,1.001663660999841,0.3396839226651859,0.47263085013858447,4.089838978180683,0.8526544629434029,80.74071220894001,87.73868543466898,0.15346894264132385,57.35013867014569,59.99563969998118,0.2094504980948803,0.8675209431909989,0.8972861576594618
4,Backend,Mid,4.684482051282947,10,2025,0.6960534710869133,0.6871082393935489,0.9206078913815131,0.5718415648849768,0.4925784526983831,0.8810976629389053,2.3186145968907144,0.8619642205335434,70.05645662143283,63.8029763064917,0.7460233002154324,57.52346169458559,69.32228871940374,0.21193883908445177,0.8675209431909989,0.8972861576594618
4,Backend,Mid,4.684482051282947,11,2025,0.8039645097197905,0.6906254186298065,0.828667020069073,0.09000458633282064,0.14990830721141124,0.7520659318201988,3.950927548279212,0.7468983479333935,93.07196643637886,84.65867296576543,0.5250664015220239,58.623616549089974,75.77885606847363,0.1406539671030721,0.8675209431909989,0.8972861576594618
4,Backend,Mid,4.684482051282947,12,2025,0.8246552035001135,0.7661522422748248,1.0665056067806602,0.506271266322475,0.16552514045679984,0.590901521879649,2.2783114200009327,0.9461944340426621,63.50628389784127,59.7246667746984,0.4409449260666229,57.138083143575834,71.75335951530224,0.2588711777266331,0.8675209431909989,0.8972861576594618
4,Backend,Mid,4.684482051282947,13,2025,0.6432401502541419,0.5494337337853327,0.8454138740630979,0.34369490986711354,0.2622629164614388,0.8025667099389908,4.546862195719558,1.2233669662492435,69.10090702134244,73.32232316182953,0.6966176578566322,54.957158515432916,68.8348554571909,0.4247190016817103,0.8675209431909989,0.8972861576594618
4,Backend,Mid,4.684482051282947,14,2025,0.696802378934129,0.6145045902137949,0.7910432616007599,0.1973779114158575,0.05930176525689886,0.6664516349009537,2.712949973671623,1.0197466850378927,79.66545311450128,86.39658189551501,0.6121377379591094,56.54966513561399,74.5416387997468,0.3030025283237714,0.8675209431909989,0.8972861576594618
4,Backend,Mid,4.684482051282947,15,2025,0.6022308669318421,0.540522247646168,0.7223695583461663,0.27925214089564576,0.11706907389177555,0.6824531866312128,2.0863843343703574,1.0860616631506619,69.61763814008846,68.93836455814724,0.9651659506965281,55.91031002735183,70.89976288506207,0.3441519562334331,0.8675209431909989,0.8972861576594618
4,Backend,Mid,4.684482051282947,16,2025,0.6525358929951742,0.6021572852342669,0.8689111216603941,0.2753102352963943,0.1114432711136963,0.4402400572558796,3.0963970691176534,0.9703346432941579,70.45452281256556,69.36125642539038,0.497916271844588,56.65649831250067,69.19074586392423,0.27696109274082054,0.8675209431909989,0.8972861576594618
4,Backend,Mid,4.684482051282947,17,2025,0.8055669618753301,0.839792839548943,0.721541573430003,0.5465366383024398,0.46254945850624074,0.5002182295980362,3.164927162301741,0.8924475776308096,61.06168956187077,58.231046618832934,0.4334695316105216,57.031793752646436,64.41700565044283,0.23332636690732433,0.8675209431909989,0.8972861576594618
4,Backend,Mid,4.684482051282947,18,2025,0.7629368374913114,0.7268685756345696,0.7187817522472217,0.1657180039948821,0.3699301401604594,0.6639345926780713,2.7829461845074848,0.8653762655249185,67.04442932059118,69.16639900989624,0.9678583828301601,56.93600345069579,72.54886633850755,0.22098808962876187,0.8675209431909989,0.8972861576594618
4,Backend,Mid,4.684482051282947,19,2025,0.665626429593803,0.662581628170162,1.0129166364900946,0.21359511832077457,0.37487769090326445,0.6196749137433576,4.0944423917491966,0.8551502794715188,87.04674439993704,83.92625083830849,0.12503067583542735,56.64544575051022,69.61798832561253,0.21950706785438162,0.8675209431909989,0.8972861576594618
4,Backend,Mid,4.684482051282947,20,2025,0.6943070052385375,0.5466468315517587,0.9328066076372379,0.18055439210630594,0.3011794035321181,0.59848459627063,1.5917938177114297,1.0985420668486419,81.40542935074774,82.02082035902865,0.7571338672492902,54.2713710018417,72.47512186031393,0.37087889590129963,0.8675209431909989,0.8972861576594618
4,Backend,Mid,4.684482051282947,21,2025,0.8038235591117074,0.7517571200376643,0.969459222051373,0.297035612303376,0.4105531790607724,0.9413019584157585,2.786955854301709,0.671511744253217,68.70647900313315,64.96040091768855,0.909340584119903,57.21232402505691,74.13503733924904,0.12060182181339718,0.8675209431909989,0.8972861576594618
4,Backend,Mid,4.684482051282947,22,2025,0.5842098793766635,0.5304449086650924,0.8700014851171748,0.13501392199233012,0.03594859077601322,0.8343500933106744,3.499419032677911,0.8912354918538734,87.59233239786799,93.32453674987163,0.17339075545959662,54.93782617081472,72.41155105984963,0.25889491879175264,0.8675209431909989,0.8972861576594618
4,Backend,Mid,4.684482051282947,23,2025,0.6438983354011312,0.6226627134590986,0.8272523740046592,0.8940942884317457,0.2939375599482455,0.812535103675996,2.6113726018400523,1.0504217444539343,85.04376634763132,81.54108220758363,0.4539429458547245,53.11374472500807,66.07044849637329,0.36128906316436626,0.8675209431909989,0.8972861576594618
4,Backend,Mid,4.684482051282947,24,2025,0.7654834890885646,0.650583555452524,0.767853047097035,0.2543244712784665,0.04138137862705031,0.890005397326732,1.8617230343028526,1.0572949686286142,72.64030012789028,76.36122867946546,0.5274928087245057,52.48231281783574,74.207815026601,0.37261857409136034,0.8675209431909989,0.8972861576594618
4,Backend,Mid,4.684482051282947,25,2025,0.6732399033839649,0.6305426623591466,0.8957805609925784,0.1031213513058483,0.20460568072242122,0.6955099726477018,3.0507975722736633,0.9814400979850365,78.3148526202176,79.02368191502299,0.13388725338351587,52.49525686282319,70.9643292733655,0.33452933820722836,0.8675209431909989,0.8972861576594618
4,Backend,Mid,4.684482051282947,26,2025,0.8066477063442361,0.7812552133728604,0.8529102708325023,0.2258603140750317,0.21487637955860114,0.5580133024555007,3.6512196407856137,0.8430467689944438,74.35311394967482,74.7174844397524,0.5436049873499526,52.99972009347132,71.99460249127152,0.25902688332883045,0.8675209431909989,0.8972861576594618
4,Backend,Mid,4.684482051282947,27,2025,0.7338629557116613,0.6346943643397792,0.8106470144030271,0.385918916610586,0.07866634071438618,0.5344706643910314,3.5573683053782252,0.8320680807425247,78.6141552377198,81.65529971425636,0.6560395637378146,52.48486619821005,70.29272656230243,0.25997321289363673,0.8675209431909989,0.8972861576594618
4,Backend,Mid,4.684482051282947,28,2025,0.5935163653866441,0.511784949180039,0.8687295549823218,0.4968878366499939,0.1346990369749144,0.9013504890548735,1.246704372696735,1.010908694110493,85.12637409644071,84.33560487457912,0.8774975343888436,50.46024637110513,73.26240433262754,0.3747012674164324,0.8675209431909989,0.8972861576594618
4,Backend,Mid,4.684482051282947,29,2025,0.8744835444244201,0.7685122107736181,0.6946572201533207,0.18309299464857054,0.2174789673715129,0.8932526809751472,3.2931756882186773,0.9840494496203027,73.77942867878723,71.49018674787479,0.7739611266113924,50.09867421325177,76.34854657884999,0.3657912971445042,0.8675209431909989,0.8972861576594618
4,Backend,Mid,4.684482051282947,30,2025,0.7646026504310629,0.7017355087760029,0.7785319323009567,0.28397727293747227,0.32639139205438017,0.7444752341985871,2.3935121168194526,0.9387046131194995,70.46207514835916,67.59242510852238,0.660793063544981,49.91084148025203,70.71551511912779,0.3454667880565993,0.8675209431909989,0.8972861576594618
4,Backend,Mid,4.684482051282947,31,2025,0.852799991541264,0.803206620370975,0.8287571070089533,0.3118943372689269,0.09466515139891611,0.41823633435417756,3.16470274533311,1.3063114060215617,69.47079162632699,74.47991589473668,0.6343351140487276,42.77754239133985,68.79074279681251,0.6184364231190327,0.8675209431909989,0.8972861576594618
4,Backend,Mid,4.684482051282947,32,2025,0.7601397711974743,0.7833855663310083,0.6728931446911909,0.0795890465621771,0.1682362089104415,0.810549868748991,2.1152044658269347,0.8815228841426118,77.8863215089838,73.43023676877431,0.5251857697955172,49.376297881081996,73.3309058069089,0.323557718557781,0.8675209431909989,0.8972861576594618
4,Backend,Mid,4.684482051282947,33,2025,0.7376007907497788,0.6248061332993802,0.8297082536989555,0.26352845098175964,0.19129026694272513,0.8705011697600071,1.607212484508116,1.1954917055974095,80.13614464231097,80.30971338607378,0.063769647977374,46.43760685979208,68.18408437084669,0.5172757670513037,0.8675209431909989,0.8972861576594618
4,Backend,Mid,4.684482051282947,34,2025,0.7265927538345361,0.7271726901127348,0.7643501762590801,0.03871827593292497,0.18274730869486192,0.79944943035401,3.8147798255965037,1.1950790287894009,69.34488711782353,75.33081954093568,0.09634518830630497,46.06854268564338,68.9111943973605,0.5216827308241582,0.8675209431909989,0.8972861576594618
4,Backend,Mid,4.684482051282947,35,2025,0.6184111414729172,0.6244874641815668,0.7250604796940472,0.6026985165742106,0.36648743641974746,0.7921897555208077,4.1087808557343735,1.0721362139123343,83.28229690184622,88.73660525486471,0.211915305981421,46.73972440586214,64.0415812466219,0.4518215518828904,0.8675209431909989,0.8972861576594618
4,Backend,Mid,4.684482051282947,36,2025,0.6184852775200543,0.583105514999465,0.9796063061781396,0.2218307003343061,0.2522624904243879,0.7275796501873689,1.4387064682885182,0.9782385106444552,74.54535023870996,76.90993566133744,0.399413702453662,47.243104946844156,70.21965274038098,0.3985804434866757,0.8675209431909989,0.8972861576594618
4,Backend,Mid,4.684482051282947,37,2025,0.9344533037129341,0.9032630474050654,1.0045257169754742,0.17577701409629878,0.1782640899233209,0.7785845096471798,0.9672994401100692,1.2480425902738428,73.03719348612063,74.54569353062931,0.47777307137752495,44.90504443610586,75.90629276747536,0.5627082396855981,0.8675209431909989,0.8972861576594618
4,Backend,Mid,4.684482051282947,38,2025,0.7032817662252896,0.6475598154301315,0.6303872178900053,0.4532578363840111,0.10978305901897152,0.8809085381385312,3.284781584014189,0.9847419961670433,81.2152184861589,79.55193258334305,0.4185230083755535,46.90261390560025,69.51862719289814,0.40608832426351854,0.8675209431909989,0.8972861576594618
4,Backend,Mid,4.684482051282947,39,2025,0.8337255670993184,0.8291442349317253,0.7758016571908055,0.3568848852857345,0.06424924344544074,0.5774815194563613,2.412564671222819,0.8586162991312185,80.48319627554498,85.23116913236743,0.7035152841859709,47.87516385237711,73.86144000586444,0.33086860141089536,0.8675209431909989,0.8972861576594618
4,Backend,Mid,4.684482051282947,40,2025,0.6876453911540934,0.5992331993028346,0.8237340479683832,0.35067981259707015,0.3639314831612723,0.35668273182433186,3.5080040042932596,1.1271898260029896,69.50395415335166,61.275991083142586,0.7896434528111661,45.76303126691268,64.36556414931742,0.49155702216508634,0.8675209431909989,0.8972861576594618
4,Backend,Mid,4.684482051282947,41,2025,0.7048821687630585,0.6680399321773506,0.859697017676085,0.32623317349130526,0.3831139285068005,0.779618138132719,3.616833775529954,1.137021059802611,76.86416169744047,73.20600300289783,0.5296806101063986,45.79321667987572,68.61310343864051,0.49609532140285895,0.8675209431909989,0.8972861576594618
4,Backend,Mid,4.684482051282947,42,2025,0.9408018402828674,0.8406972114980851,0.7795177829002017,0.0868671846377292,0.2691809319754602,0.5809663842955846,4.008047591419153,0.9449394391027491,106.52056734512085,100.90309717892286,0.9238903394796099,47.5094975191778,80.71448616120264,0.3786010005616521,0.8675209431909989,0.8972861576594618
4,Backend,Mid,4.684482051282947,43,2025,0.5662608703554515,0.5351114199835523,0.7725385029981418,0.42548076018095377,0.028712687961940542,0.5321776639010768,4.143378155804534,1.288516869223743,78.60647891435795,74.28901088953327,0.1874706683216793,41.54647673268596,60.84528299142572,0.624927475453297,0.8675209431909989,0.8972861576594618
4,Backend,Mid,4.684482051282947,44,2025,0.6613102571516122,0.6308412108496739,0.5795608368397225,0.39379152358736247,0.44720503518284377,0.8455129880795197,2.438898086248634,1.0565638140613713,69.47941998222598,77.90231871231047,0.8514638810087001,47.176664403467605,67.4341632655879,0.43857360198734063,0.8675209431909989,0.8972861576594618
4,Backend,Mid,4.684482051282947,45,2025,0.6885214525752779,0.6273001589530676,0.8717416575686713,0.5029024095447031,0.5105811161894886,0.4917838330712921,2.477699716281947,0.9522643708386069,68.11114457424594,69.13493898625487,0.769711905733794,48.3834255378625,65.25611106677013,0.37133936619602226,0.8675209431909989,0.8972861576594618
4,Backend,Mid,4.684482051282947,46,2025,0.9703839732895599,0.9245576850090356,0.9200700612120584,0.3341599217942075,0.3076998758871015,0.8846118085003336,2.8289328939240983,0.8154792634362868,83.40319127584849,84.6546678267637,0.8110012093345416,49.90464684673259,79.09073894904228,0.2839315461339861,0.8675209431909989,0.8972861576594618
4,Backend,Mid,4.684482051282947,47,2025,0.8189866355353527,0.8055578879672184,0.9263697715848047,0.15423224823245205,0.064175592696999,0.763798822219676,2.194380888931687,0.9050679587672812,70.92618632618189,78.2831540679259,0.4172499689632272,49.663226841632834,75.94985389490539,0.3317436438632302,0.8675209431909989,0.8972861576594618
4,Backend,Mid,4.684482051282947,48,2025,0.7249853688845357,0.7093546945683925,0.8565350596097763,0.21217083939426065,0.31964563321308354,0.883057324145864,1.2812846713251242,1.0119257098551546,80.95490897639257,78.00543519407812,0.4601753788629135,49.32507270636678,73.44712093796898,0.3893994460979925,0.8675209431909989,0.8972861576594618
4,Backend,Mid,4.684482051282947,49,2025,0.7122083635618328,0.6524834252213171,0.9386191188584796,0.1972394889426738,0.31661820374092076,0.3995562398503618,2.1273244160480256,1.202660933861971,73.54748705745011,71.94468914481918,0.24665385861965666,48.349782339318416,65.31695911936642,0.4969581876895053,0.8675209431909989,0.8972861576594618
4,Backend,Mid,4.684482051282947,50,2025,0.8689631869468895,0.7789623183431765,0.7864576893164245,0.7438166547417461,0.1566941837958987,0.7356981946221688,-0.21324263416341172,1.0179398017326173,81.18886298023153,89.38066164158624,0.5123790771120785,50.403997510128136,71.80542367816403,0.37891993198970697,0.8675209431909989,0.8972861576594618
4,Backend,Mid,4.684482051282947,51,2025,0.6716381892871787,0.6118969811197249,0.8405175768719128,0.23848435025744139,0.30014413972401816,0.8143272746261079,2.5841682301856963,1.0582563593845253,56.38049865125953,56.94210447860859,0.7015291215348358,50.67535996907404,69.45512543189953,0.39568618007883716,0.8675209431909989,0.8972861576594618
4,Backend,Mid,4.684482051282947,52,2025,0.7041173961194673,0.5937874999920673,0.777894997047701,0.1512457214755192,0.26704322181153545,0.8662549308781019,3.482319482755443,0.9410586997290393,70.21241428478311,72.00979327251873,0.8844735580925902,52.21562464759455,73.77861708038472,0.31783404176958774,0.8675209431909989,0.8972861576594618
5,Backend,Junior,1.3968499682166278,1,2025,0.749496220047389,0.7117428543616094,0.9393244628367128,0.4209419324438508,0.2866469082561062,0.5969147318783049,1.873684723816993,1.0395326217932177,72.9477161744419,67.08193337927803,0.14218863629106507,78.45281321660886,71.40584777569092,0.35413308088690304,0.9462719368457377,0.9677712365488991
5,Backend,Junior,1.3968499682166278,2,2025,0.8561820355699826,0.8003216675316449,0.8930065687175318,0.1929358829894349,0.16362440607711065,0.5444043540411667,4.7804993064776085,0.9760472218767551,74.94439706351929,80.83696051251141,0.15556682917745768,79.55459133610172,76.84333354508135,0.3322545165745034,0.9462719368457377,0.9677712365488991
5,Backend,Junior,1.3968499682166278,3,2025,0.6221916002156712,0.5179686827872573,0.850855608082435,0.1493843830917507,0.19689971311439622,0.9427160999463645,3.3920675997317207,1.0414872258386574,67.40493338593552,63.79901060167824,0.14401200823243934,79.60751741818139,72.78035728375326,0.34490146668288657,0.9462719368457377,0.9677712365488991
5,Backend,Junior,1.3968499682166278,4,2025,0.781173419443614,0.7123158247838204,0.9091415509286386,0.5156366520283218,0.3235730952368982,0.7734988842119347,3.046273609557666,0.6,82.59514887486108,81.13635571356839,0.39974140211675074,83.69000664989682,72.27926141027483,0.22258327791752647,0.9462719368457377,0.9677712365488991
5,Backend,Junior,1.3968499682166278,5,2025,0.7614291902356589,0.7323784423465158,0.9429409984790815,0.06840865616256223,0.12546327162103724,0.8838866152556929,3.659381043300522,0.8318134389858413,84.73101561015072,80.83555191326722,0.5107756237661618,82.35220701144702,81.89818280779109,0.2800942960351097,0.9462719368457377,0.9677712365488991
5,Backend,Junior,1.3968499682166278,6,2025,0.7325728909720173,0.7419351575689906,0.9008608373233442,0.21176426710553145,0.23391258109813018,0.806421640173209,4.149783686240802,0.9013318916056634,67.81519480240108,64.88886079795338,0.34852956346172315,82.27134894803665,75.95105084642033,0.29467180375416063,0.9462719368457377,0.9677712365488991
5,Backend,Junior,1.3968499682166278,7,2025,0.6878115088967219,0.5764941740752996,0.736282122419744,0.2563874702079134,0.1240959878256317,0.7978673817335643,3.720282896417717,1.109793325376477,64.23320872528987,60.42061252955688,0.7494414542249108,81.03059792752165,74.51393163193714,0.3467036823459482,0.9462719368457377,0.9677712365488991
5,Backend,Junior,1.3968499682166278,8,2025,0.6625659686681997,0.5823766367454873,0.9181362326575305,0.2906409150595319,0.18166911851355502,0.9638922808339051,2.824258796035197,0.7317901757442951,97.78243070582275,87.95278573508786,0.8978151768207947,84.42698871319189,80.74370611384006,0.24279979587225992,0.9462719368457377,0.9677712365488991
5,Backend,Junior,1.3968499682166278,9,2025,0.763765577626144,0.7378841736322305,0.7400352705950737,0.3167542448784341,0.25533143489964993,0.5861241234665411,1.9743690660146156,1.0071240202377465,75.32407013340136,71.96164215336968,0.46902760226692386,82.53667875604205,74.45566369453135,0.3136191477471989,0.9462719368457377,0.9677712365488991
5,Backend,Junior,1.3968499682166278,10,2025,0.8367356098913282,0.8816019843256839,0.9494447375508908,0.890592515308719,0.3203807428639565,0.7950843287821607,3.6222035676977153,0.7287465351373881,78.69773437115056,75.58098096969925,0.416444293813239,85.01149972200595,72.97948219724442,0.23732014267742807,0.9462719368457377,0.9677712365488991
5,Backend,Junior,1.3968499682166278,11,2025,0.7582912519331773,0.6777578858958222,0.8820876511184577,0.36266603103781175,0.2162282603048907,0.5933526189180474,3.04090851856099,0.7963723690237098,83.76169167191233,80.41996569767832,0.35526549277123626,84.65012092461856,73.94364289131329,0.2538567994329206,0.9462719368457377,0.9677712365488991
5,Backend,Junior,1.3968499682166278,12,2025,0.5855440138071654,0.5495779910102243,0.8762066809086725,0.019494414742072873,0.27923575339884277,0.7230766181614889,3.5013664562908624,0.9915798575560623,77.6458453602911,77.01518655867189,0.6220383612493988,83.19729629971975,77.1692248308775,0.3050051690135478,0.9462719368457377,0.9677712365488991
5,Backend,Junior,1.3968499682166278,13,2025,0.6277973851533428,0.5653630575215504,0.8033696022555087,0.05197067534671017,0.2502874235509679,0.6504839523003151,2.980744579767984,0.9157663380504062,89.96710407445981,87.49227667261944,0.37587302303546205,83.84026008527472,75.60399715766296,0.2844844335661253,0.9462719368457377,0.9677712365488991
5,Backend,Junior,1.3968499682166278,14,2025,0.8021592548890316,0.7984439196375624,0.9767651511187974,0.07050661847191754,0.22597469688226765,0.5107782760533165,2.883082157044819,0.9061173203647773,66.9524065338126,61.220405000223685,0.5250409567442861,83.88099659725003,77.91460776941295,0.2822151590958719,0.9462719368457377,0.9677712365488991
5,Backend,Junior,1.3968499682166278,15,2025,0.8689797392202542,0.7934709593329775,0.9207186185050095,0.3476351944139936,0.04852863157037342,0.5510290274368624,2.466074774072091,1.1925725289780342,59.05244041836667,61.15593857345907,0.6612704082624482,81.48051964498396,76.5076171608585,0.35951017542074054,0.9462719368457377,0.9677712365488991
5,Backend,Junior,1.3968499682166278,16,2025,0.9365487190815502,0.9187555891512653,0.9356702480242556,0.52188445743077,0.2626044567931725,0.739736881011257,2.205694990139799,1.1013264996519678,81.90472686121512,83.2328118270778,0.6283006998027771,82.03086000588931,80.69268320140009,0.33667479988131593,0.9462719368457377,0.9677712365488991
5,Backend,Junior,1.3968499682166278,17,2025,0.7569986089719817,0.7435110457438422,0.7564403701237574,0.17756435241735724,0.3194623946921134,0.6663751754835676,3.6442930685599393,0.911633180082831,84.72617642707742,84.173498442039,0.3651134923526359,83.30060547728138,75.9528947142258,0.288154923705888,0.9462719368457377,0.9677712365488991
5,Backend,Junior,1.3968499682166278,18,2025,0.7125131008388165,0.653845776080245,0.924245891359262,0.19573744964627568,0.6007376312504878,0.896230027825612,2.6321864695148864,1.1799813225671025,73.85282875875421,69.42095305555432,0.5729568791064032,80.84145953860943,74.10170926064062,0.3623174350250087,0.9462719368457377,0.9677712365488991
5,Backend,Junior,1.3968499682166278,19,2025,0.8586955160796149,0.750701375288681,0.7541023756465552,0.06304214836403636,0.12613830285723798,0.6029601887309265,3.291859310388068,0.965339578381348,69.29359569799887,73.55593891516362,0.2404854441767798,82.1862279034827,76.8576923874542,0.30818268314724706,0.9462719368457377,0.9677712365488991
5,Backend,Junior,1.3968499682166278,20,2025,0.7452630378536204,0.6629062670779116,0.790358859203112,0.1530409925280248,0.2432219344041646,0.6599995834021366,2.161315675901403,1.128803276719844,73.27855726291527,76.9061991281052,0.5630452896470705,80.45157786712319,75.39541004851455,0.3553308397846089,0.9462719368457377,0.9677712365488991
5,Backend,Junior,1.3968499682166278,21,2025,0.8271833678726624,0.7226200903740617,0.7730437618834876,0.06677079069568491,0.5644638818647078,0.5087742513640678,2.284039479649768,1.1789669418776543,84.37477492506925,92.55010689770684,0.8182778851833061,79.57497898831252,76.27139081021019,0.3726685634729265,0.9462719368457377,0.9677712365488991
5,Backend,Junior,1.3968499682166278,22,2025,0.578734232041153,0.4710564318090774,0.8567838513916938,0.16332667447247948,0.04174939828603198,0.9006621445127628,3.1716981838212592,0.8995294962886208,69.27318359840702,62.493001372683345,0.3911401469088717,81.29377067958787,74.1103362926609,0.30245781026115864,0.9462719368457377,0.9677712365488991
5,Backend,Junior,1.3968499682166278,23,2025,0.7359692181411968,0.709870246206575,0.910011895079661,0.8488811217268312,0.43009663859534886,0.5227194213591877,3.8890243629627617,1.0637981962495167,72.66487542415102,85.85575170725402,0.7662792940582642,79.42902965489452,70.87597035780384,0.35085105879244893,0.9462719368457377,0.9677712365488991
5,Backend,Junior,1.3968499682166278,24,2025,0.9886310245244935,0.9163615909710561,0.836640220667223,0.09426597563504736,0.32746196664222127,0.89433580119369,1.3415868274272098,1.055064376260079,68.58333179869618,76.91009138681383,0.3149893606500045,78.92245410103513,81.1086088218531,0.35332575774338976,0.9462719368457377,0.9677712365488991
5,Backend,Junior,1.3968499682166278,25,2025,0.8206952191702399,0.8128995261894579,0.6868664889582926,0.44557672410608323,0.0814573147987625,0.5443578850066592,1.8005047798323568,1.0978459227415345,68.25657046428074,64.53714013765283,0.7412189530047762,77.98630680902232,74.52950491479376,0.36968329447312087,0.9462719368457377,0.9677712365488991
5,Backend,Junior,1.3968499682166278,26,2025,0.7457549848729171,0.684921524239559,0.7252707354969846,0.3436870882900549,0.28072361304494514,0.8543934175480055,3.7433122248451696,0.8092883226738887,89.0693474589175,86.64875498599342,0.66630937095176,79.69208420828687,76.34596024185738,0.29775696279905384,0.9462719368457377,0.9677712365488991
5,Backend,Junior,1.3968499682166278,27,2025,0.8138603945505093,0.7495814841798323,0.9092530307317761,0.26607211846811757,0.10728249462008084,0.734923427170364,2.611799158203388,0.9087473852980994,54.66999264329952,65.23174119072829,0.33563821360760593,78.29372830601658,75.46925932384192,0.3293017411761484,0.9462719368457377,0.9677712365488991
5,Backend,Junior,1.3968499682166278,28,2025,0.813578903844998,0.8020542983332359,1.008850729435363,0.27700381321599005,0.20977597247270297,0.6756409358199034,1.875601719746421,0.9867814238489958,75.01619031356941,77.09005476751337,0.7805984126973565,77.07556107744823,81.25890305739114,0.3550599424577306,0.9462719368457377,0.9677712365488991
5,Backend,Junior,1.3968499682166278,29,2025,0.881052502595071,0.8413037355651338,0.8597813293093307,0.20704128710921868,0.21027578941409647,0.8492449299022055,3.2219034854381414,0.8697608557602502,82.81173856610691,77.9798182197659,0.37577602010637245,77.4352795083833,79.62495218981344,0.3286581752488559,0.9462719368457377,0.9677712365488991
5,Backend,Junior,1.3968499682166278,30,2025,0.7350952628986641,0.674476756518835,0.7659018601013452,0.6169066948135884,0.22716944444696568,0.8830822644111982,2.160869729072101,1.0745218760703883,86.66784993203208,86.1612253508826,0.054674069072768124,75.24659992089603,71.17465987822042,0.38784937587327745,0.9462719368457377,0.9677712365488991
5,Backend,Junior,1.3968499682166278,31,2025,0.7442643957233954,0.7296445186457963,0.7766731316195823,0.1621311288302759,0.5218215710857946,0.7859000265879007,2.237253252313496,0.9024010258947425,59.041060314258864,55.3459170241427,0.6251389953677254,76.10685884886426,72.25547906010833,0.346256381438413,0.9462719368457377,0.9677712365488991
5,Backend,Junior,1.3968499682166278,32,2025,0.5889797611049886,0.5126017114604442,0.9256488354316098,0.12439662989309538,0.1568733286460103,0.44402460827151763,2.4711973053255782,0.9495492469548231,61.71497470984876,65.11605198936287,0.31008918690320275,75.25438352283541,69.60157151834953,0.36278998670066953,0.9462719368457377,0.9677712365488991
5,Backend,Junior,1.3968499682166278,33,2025,0.7882804526486664,0.7362589989369499,0.8121648117400233,0.6637041229982765,0.21864407747375222,0.6394373437102258,3.185589746298416,0.8424065017258299,73.58351413989872,79.41536686824499,0.7486937638770227,75.68458503501584,72.97742209247512,0.33777642505336736,0.9462719368457377,0.9677712365488991
5,Backend,Junior,1.3968499682166278,34,2025,0.8206081635044844,0.8756008457594489,0.79381579006483,1.139757909623703,0.19971694101783366,0.5969481433397691,1.4534626535143984,0.9569545545231456,66.71083565993794,59.88513227565393,0.32030184669788064,74.39583502402454,66.68318973830003,0.371425619037758,0.9462719368457377,0.9677712365488991
5,Backend,Junior,1.3968499682166278,35,2025,0.7888217182267412,0.7370374092493696,0.7965759728037074,0.5809934613771321,0.07706274407953297,0.5043171289225468,1.818619764930426,0.9945504087936488,84.67826024025204,89.64717131290423,0.6858616530263502,73.78270739106274,75.81687535199583,0.3840541868332069,0.9462719368457377,0.9677712365488991
5,Backend,Junior,1.3968499682166278,36,2025,0.7283273893526329,0.7091982676483478,0.9132454216642301,0.7091530817860744,0.127805575264487,0.903425625702211,2.2458456473301505,1.0586410897421379,65.3326708185555,71.37733151706836,0.4398317039830667,73.0221808583138,73.14139660567025,0.40321004412914596,0.9462719368457377,0.9677712365488991
5,Backend,Junior,1.3968499682166278,37,2025,0.7311562373859317,0.717216041661698,0.8880952835693413,0.38599095320562427,0.3417324736280035,0.4741935306348946,1.2280809988872772,0.847335353638457,77.11396567470659,82.42725212864423,0.28354690682019257,74.53299887344006,70.09829042427218,0.3483587467823575,0.9462719368457377,0.9677712365488991
5,Backend,Junior,1.3968499682166278,38,2025,0.8037575410402492,0.7302618730480087,1.0163732832143473,0.6360234091388485,0.24864269372786563,0.8443935840047646,4.645036420768707,1.054886400687224,83.94677142438132,88.79451175882681,0.5847020387382956,72.76375521368992,77.61478772816024,0.4046126533566955,0.9462719368457377,0.9677712365488991
5,Backend,Junior,1.3968499682166278,39,2025,0.7167201874020808,0.7224261377134109,0.8209401522656866,0.589974779803633,0.3020292802758011,0.8736368563738207,2.740205843946223,1.1844985552658025,87.53132824768244,91.4809268585867,0.4863123162155399,71.69040234755155,73.19927865759459,0.4394796914902308,0.9462719368457377,0.9677712365488991
5,Backend,Junior,1.3968499682166278,40,2025,0.8229046280530038,0.7856545606628491,0.8448477071475353,0.098903643391886,0.3797709352150552,0.8127188401507912,1.7730510409826512,1.0297197476703812,46.70551188935926,43.93566914647202,0.9095218599280398,72.96508843782466,76.7382280623782,0.39790154588553733,0.9462719368457377,0.9677712365488991
5,Backend,Junior,1.3968499682166278,41,2025,0.8846264497295959,0.7529054176556363,0.7989301386490235,0.3105233806760681,0.27948943062796255,0.7052142538495432,0.40064373558097444,0.793924776265201,81.83223014788808,81.25821890409277,0.5440908882585354,74.96028349242611,75.67455822659339,0.33411592614948926,0.9462719368457377,0.9677712365488991
5,Backend,Junior,1.3968499682166278,42,2025,0.6921436399910627,0.6590940272719708,0.9308036189402071,0.17207482031786606,0.15067260132416405,0.5139481716406931,2.5571178405511747,1.2673681324835973,77.84825278623636,75.07102882191136,0.222079056116932,68.14394692657895,70.30347564082818,0.4856074021085615,0.9462719368457377,0.9677712365488991
5,Backend,Junior,1.3968499682166278,43,2025,0.756223752755869,0.7701995432436414,0.7764883199275412,1.0010211739030768,0.053518350197125204,0.6265951793832363,3.0384349572164524,0.9913138375184637,77.32486618419367,81.83234884990733,0.3987924551760329,73.80859996126422,70.3831056927837,0.3831911011598242,0.9462719368457377,0.9677712365488991
5,Backend,Junior,1.3968499682166278,44,2025,0.689653659130283,0.601146449734831,1.055727186499401,0.11982748502000429,0.24666729628503709,0.4346861566775737,3.331637558951577,1.1374852270966453,78.41660231952626,77.06002742918477,0.4736570935577201,72.95158964343653,73.79090986426414,0.4195671317240246,0.9462719368457377,0.9677712365488991
5,Backend,Junior,1.3968499682166278,45,2025,0.7446816906019356,0.65280521882241,0.8076109957677647,0.19053755379911047,0.07501574967332325,0.9417669714331729,2.28033054764904,0.9792231633089163,67.27585008989412,71.72355624573925,0.6375363711304912,74.59005174235115,78.85036857594794,0.3742608681421903,0.9462719368457377,0.9677712365488991
5,Backend,Junior,1.3968499682166278,46,2025,0.9428391350416999,0.8106595974285566,0.8585388610134959,0.042145229740686685,0.2510492677815505,0.8112790319916924,2.4733948949630182,1.2315546641488622,56.79239722197984,53.263529806503016,0.08091468371884289,72.99834018528311,73.61511113507797,0.4379914312857465,0.9462719368457377,0.9677712365488991
5,Backend,Junior,1.3968499682166278,47,2025,0.7000020934066645,0.6472792026367197,0.7378248897144112,0.50682404878471,0.26464797623478203,0.8904666487255671,2.5810825429008237,1.1333730737181709,98.3912895156891,96.72084872181242,0.6158044303163831,74.25908246627684,75.42732077249774,0.4078489275246605,0.9462719368457377,0.9677712365488991
5,Backend,Junior,1.3968499682166278,48,2025,0.7031048000043509,0.7193725007867345,1.004934092677106,0.19217110100945753,0.14574061013237818,0.7058417937607101,3.166872345075791,1.1123520932611197,79.3600577522258,83.57925530043448,0.4893607003779985,74.94395818337019,78.24996295743088,0.39793743379080576,0.9462719368457377,0.9677712365488991
5,Backend,Junior,1.3968499682166278,49,2025,0.7072132727485366,0.6835748437440824,0.922894119457045,0.1544911936868242,0.2243917763413478,0.7176149652315966,2.288615770182031,1.0719261322002414,73.97866941759298,78.92841461743569,0.19059464453131703,75.81795729686337,74.74412449126297,0.38256891563285356,0.9462719368457377,0.9677712365488991
5,Backend,Junior,1.3968499682166278,50,2025,0.7857972725490062,0.7692959931940675,0.6745211257877612,0.08520490939185323,0.10592541926686878,0.8900396130255183,3.9041659401003965,0.9941145289451884,67.33879169389328,61.698478919854814,0.8064583101879769,77.01689623667869,80.2596077854884,0.3570154371500486,0.9462719368457377,0.9677712365488991
5,Backend,Junior,1.3968499682166278,51,2025,0.6482530480796426,0.6723737873955453,1.0301430099266489,0.22658721323542635,0.21380883440713216,0.5254086993417585,0.5449512296817172,1.082452477943539,77.5442645742672,74.4354178101012,0.9103828994091855,76.90408756485304,77.79509039515673,0.3756230992149325,0.9462719368457377,0.9677712365488991
5,Backend,Junior,1.3968499682166278,52,2025,0.6880607271457584,0.698957314916428,0.9938826379454222,0.34421210540036795,0.29170683833467564,0.937214372178554,3.7297551305579804,0.9657957955322681,64.74131894030523,65.05297568840085,0.7428878914477735,78.44002442541984,78.0159692411399,0.33949228889462163,0.9462719368457377,0.9677712365488991
6,Backend,Junior,1.8828113525346752,1,2025,0.6206695957753117,0.5694396924518117,0.7655671551210496,0.20893641634269364,0.13463777605727253,0.5167686708362477,3.0061576554607123,1.0756431780076408,78.98564065892008,74.63847691873576,0.7439503241052119,77.88068513736015,73.79366607685682,0.366122926123527,0.7982499543255255,0.7181703741581211
6,Backend,Junior,1.8828113525346752,2,2025,0.6881123387276487,0.6504987312150762,0.8667813244675789,0.2448553426445076,0.35119184920808666,0.7798753220072903,3.315765164989993,0.8805510032005724,70.3324118804856,62.917489720573506,0.5811967403388727,80.03531745597785,73.821271054791,0.3091492218402991,0.7982499543255255,0.7181703741581211
6,Backend,Junior,1.8828113525346752,3,2025,0.6644900638716518,0.6456508407324512,1.0522590230569482,0.306551848992272,0.20692113573243706,0.8842807053525171,3.2241365593144975,0.7559492618699877,96.14414834308793,98.01999341338028,0.6640513831751019,81.60857750039742,80.55279486386698,0.2711183732040191,0.7982499543255255,0.7181703741581211
6,Backend,Junior,1.8828113525346752,4,2025,0.6231714090426098,0.616353425508187,0.642036671775296,0.30756751338485955,0.31869114210691296,0.7961292729183891,3.892654888284051,1.091474361649524,88.22744466885135,87.38183124063727,0.38325533468492196,79.47496812716729,72.1666924362613,0.3560034712701774,0.7982499543255255,0.7181703741581211
6,Backend,Junior,1.8828113525346752,5,2025,0.6361480513614266,0.5640052701187148,0.8187331554267643,0.2034109305235994,0.4631860890424908,0.680755497120489,3.733724278336193,0.9686997443169302,72.39824650204406,69.11609668397344,0.2587724044197286,80.97387293926498,69.96603604128079,0.31895767436951117,0.7982499543255255,0.7181703741581211
6,Backend,Junior,1.8828113525346752,6,2025,0.6215409634586789,0.5678146122619728,0.804872946907047,0.2854799285268721,0.2112152137409738,0.4658955094575699,2.316590012707957,0.8523316755303855,67.28259185403218,64.79278261994297,0.5670362154552047,82.38010704710554,69.81788749986075,0.2839654430468643,0.7982499543255255,0.7181703741581211
6,Backend,Junior,1.8828113525346752,7,2025,0.4988529561258048,0.4317403803196887,0.9270802219987971,0.044038373434269924,0.1713917688549736,0.3414831552518575,2.875455857627253,0.9479220257331606,79.07956909750648,80.85469718718112,0.6691477797070603,82.04232469513485,73.2026826044261,0.30589836602050835,0.7982499543255255,0.7181703741581211
6,Backend,Junior,1.8828113525346752,8,2025,0.5294003178410743,0.4911055426542825,0.6541824571116988,0.13878438689818312,0.5131099442459359,0.9082774188596054,1.6852818187658685,0.9476795267690539,64.03779675131435,63.69843984281694,0.4483473737632179,82.41663027546049,68.89409698073943,0.3027306530583067,0.7982499543255255,0.7181703741581211
6,Backend,Junior,1.8828113525346752,9,2025,0.5324217006375529,0.507212585767708,0.7942869427427769,0.11208090777700702,0.38346225897653685,0.5355955669948721,0.9874710347011244,1.0913103383686624,71.44883434556891,64.95064599625684,0.9142928089876298,81.57994458146139,71.85212134639661,0.3384291961615542,0.7982499543255255,0.7181703741581211
6,Backend,Junior,1.8828113525346752,10,2025,0.6073209446116481,0.5673433593563957,0.7023536358378197,0.14689810141667092,0.2495216774893361,0.5986765647990298,1.2461951728999916,1.1638154441529,66.4846002022068,66.5159659831289,0.09196096426354447,81.24770482034852,67.15109806946978,0.3556988819943423,0.7982499543255255,0.7181703741581211
6,Backend,Junior,1.8828113525346752,11,2025,0.5196546682778576,0.4346077110101345,0.7976424011593417,0.13624737076268179,0.37466996214319787,0.44621835376042934,2.408924139646973,0.9210202469355936,73.29253360501693,61.26134284996744,0.2554761506887503,83.36969427179015,66.03564568997633,0.28945659712220073,0.7982499543255255,0.7181703741581211
6,Backend,Junior,1.8828113525346752,12,2025,0.6045969639409681,0.5402155262002533,0.9293349323686058,0.16142640718045306,0.19950755105799742,0.6424150807257084,4.499239696333502,0.8028743861342744,86.3997511450051,85.89196012664235,0.2547924721710825,84.42369644156072,73.63084580598598,0.2570440735471822,0.7982499543255255,0.7181703741581211
6,Backend,Junior,1.8828113525346752,13,2025,0.5127081837221696,0.5418764180917962,0.834562646527607,0.20145671258137976,0.03414391923946219,0.6855391053163298,2.1266315749969156,1.2099229640458515,69.99802182904004,69.14876004065138,0.6484425254876038,81.20376344777783,72.98836360048307,0.36528656407768845,0.7982499543255255,0.7181703741581211
6,Backend,Junior,1.8828113525346752,14,2025,0.5771779334328305,0.6225502049842604,0.8582772903785425,0.42384080937789326,0.05121545444789,0.9394188932634674,1.8737754043635502,0.6803743003966187,76.44949240205459,82.48946260135652,0.04303438977624837,85.40369712746197,71.61353337175824,0.2243773840171407,0.7982499543255255,0.7181703741581211
6,Backend,Junior,1.8828113525346752,15,2025,0.5789823559499613,0.5171599318784914,0.9235341154197796,0.3102494620574084,0.29723738308745423,0.7377812700875465,3.1376058122312087,1.079981097684897,77.58769805243922,83.56535499287277,0.1397152655993286,82.09800746579573,71.13907969037473,0.33184615732201495,0.7982499543255255,0.7181703741581211
6,Backend,Junior,1.8828113525346752,16,2025,0.46660458459162946,0.4464422696506535,0.7260437713919761,0.14252903005006792,0.11005246898654933,0.6115911917839836,2.831219278738528,0.9373591048342182,91.18192489439078,93.48904905918337,0.8609868913764548,83.05935553489797,75.9331256138955,0.2953105248426939,0.7982499543255255,0.7181703741581211
6,Backend,Junior,1.8828113525346752,17,2025,0.45762635393987566,0.46105662044014295,0.9147332685513478,0.9335230569056789,0.32713493146051936,0.4770859105742661,2.3273708657091654,0.9469471360649491,81.386771398803,81.0689037028724,0.12425724072365199,82.7348501998911,62.00952061661676,0.2999323422138973,0.7982499543255255,0.7181703741581211
6,Backend,Junior,1.8828113525346752,18,2025,0.572650326953667,0.5476307451572101,0.7454470514325946,0.4243448608736402,0.4847904006039341,0.6798713466561908,2.022147603964825,1.007330377495773,63.772633746313204,73.65131308667641,0.5741547664400146,81.93942346964674,68.62031992254522,0.31863754658543175,0.7982499543255255,0.7181703741581211
6,Backend,Junior,1.8828113525346752,19,2025,0.7207670043466672,0.7043485738306939,0.9340356823935551,0.5674717339598958,0.42109015440345343,0.6293294536212161,1.7461378863090387,1.0023523354707438,78.82653551477492,84.45119824129112,0.40268216032214454,81.6068822172342,73.05181461328777,0.32041311528386374,0.7982499543255255,0.7181703741581211
6,Backend,Junior,1.8828113525346752,20,2025,0.6442215342954947,0.5774711358903948,0.8286124832445361,0.295194860544024,0.3732239857636466,0.8104607932975817,2.594507653047391,1.103031283480434,64.51748836280949,63.36736182323946,0.690814689006414,80.37451018350515,72.51035272438764,0.35081867183354387,0.7982499543255255,0.7181703741581211
6,Backend,Junior,1.8828113525346752,21,2025,0.5870181840874045,0.4572636665181007,0.8415140955010647,0.17176609562588394,0.4794473516157954,0.5883455393444762,1.7595098936678415,0.9510981256274726,83.64824438491011,84.40525962466877,0.6133864287951848,81.11468588878064,71.97172082745399,0.31426390938565585,0.7982499543255255,0.7181703741581211
6,Backend,Junior,1.8828113525346752,22,2025,0.5911696619646085,0.5097134134847758,0.8160240992352475,0.1565450345168483,0.04224263425693508,0.9474513726656327,0.818271464671166,0.7807009330259683,72.04497710466916,71.51233157869875,0.07322620563698606,81.96115555615575,72.2344472260992,0.2731305569705625,0.7982499543255255,0.7181703741581211
6,Backend,Junior,1.8828113525346752,23,2025,0.5736641955143885,0.5518714764754057,0.8749370282727652,0.4005110984048305,0.2781089670427761,0.3121664805139542,1.858885739775355,0.8992731689529181,103.24330591003047,96.64846341851792,0.731223742220923,80.46198624373397,72.88058632431047,0.30933808175946714,0.7982499543255255,0.7181703741581211
6,Backend,Junior,1.8828113525346752,24,2025,0.5499876688723392,0.540264763310145,0.7548815629612043,0.2593761671485825,0.20098391471282084,0.49777233388873854,1.318713193327174,1.018409824245741,75.30536494995351,81.20166162300414,0.828826045513846,78.9324468876165,73.04485291730587,0.34591157411901063,0.7982499543255255,0.7181703741581211
6,Backend,Junior,1.8828113525346752,25,2025,0.5727159331473568,0.5463490575836558,0.8337717552832585,0.2357596094234879,0.38558265912774337,0.36621503936762084,2.5870164803923865,0.8882248344523974,64.63856428024803,68.92225138760033,0.5063987917675943,79.38003188580208,67.13827333398076,0.31614470117546206,0.7982499543255255,0.7181703741581211
6,Backend,Junior,1.8828113525346752,26,2025,0.5557375944037896,0.48349993633795585,0.8950495723778035,0.0328022889625444,0.06329840529910455,0.9778648750425811,2.6017510507716386,1.0479714565359877,78.33409012392713,78.05381229422613,0.5422173589687145,77.49937550785674,78.54340685285688,0.363766162075058,0.7982499543255255,0.7181703741581211
6,Backend,Junior,1.8828113525346752,27,2025,0.7145777298056136,0.7144074278149605,0.9793299495241259,0.36544836381273976,0.3128999280154056,0.7608027619218584,1.2668986949851448,0.957831177266787,65.97311406177927,67.66900195745669,0.2229615929612995,77.61781434073374,73.05380726703027,0.34475111594724284,0.7982499543255255,0.7181703741581211
6,Backend,Junior,1.8828113525346752,28,2025,0.43772945532495744,0.37742812919979807,0.7823666848555749,0.15275165832493967,0.2596284561353309,0.9667986522505578,5.333495611894273,1.144981637578092,81.975869703392,77.79541135229385,0.8114970432005066,75.52671573808213,73.20265385203619,0.3996070296982673,0.7982499543255255,0.7181703741581211
6,Backend,Junior,1.8828113525346752,29,2025,0.48601890567909334,0.4633985749036052,0.9197974030130097,0.34942934163390277,0.5300319031168007,0.9691926209028507,-0.006571570536716642,1.0043785755903352,73.28314922630717,75.49933971673323,0.6214088801912536,76.07509412020929,71.53561379683073,0.3669165974496563,0.7982499543255255,0.7181703741581211
6,Backend,Junior,1.8828113525346752,30,2025,0.7119026751011889,0.7488534312777486,0.9195377236401729,0.23711456577298973,0.5446955233517076,0.864553136584399,2.7598832349192977,1.0568250449034218,50.64687668217111,54.067692725215885,0.3011131814142285,75.10493094069844,70.84501205767982,0.38549058447486406,0.7982499543255255,0.7181703741581211
6,Backend,Junior,1.8828113525346752,31,2025,0.4944730725854311,0.396596634634977,0.8768593581044297,0.15131083233953,0.04791527888518335,0.9313543319312634,3.320553502887897,1.005057858235158,81.72625760871952,90.57978586238852,0.34450541111284116,75.0023605606076,75.43057363303532,0.37599190030863494,0.7982499543255255,0.7181703741581211
6,Backend,Junior,1.8828113525346752,32,2025,0.4581968546453124,0.4222477361297382,1.036584455228527,0.23867886679035133,0.5123178619326355,0.8910277891355787,0.03802029411008334,0.7815118040110954,71.99019687606778,68.83301173865186,0.502257250964177,76.3154394368519,69.00291216652195,0.3203403654951199,0.7982499543255255,0.7181703741581211
6,Backend,Junior,1.8828113525346752,33,2025,0.5273428131533354,0.5052515693092652,0.7900178606082938,0.1436073553410634,0.15618459414742145,0.9000458330288796,2.880778071365052,0.914994233791742,75.96369240059995,70.88555112700872,0.21423005814326407,74.82063954895521,71.4860930199353,0.35949351718372163,0.7982499543255255,0.7181703741581211
6,Backend,Junior,1.8828113525346752,34,2025,0.5642760444215227,0.5818405425803564,0.8017658424787263,0.4150969173497689,0.13747469309887003,0.5362148932409588,1.9665682533825093,0.7913658803111844,75.37541841486822,80.83444511024145,0.9571109480551507,75.43730078818689,72.03316946145691,0.32962900282734614,0.7982499543255255,0.7181703741581211
6,Backend,Junior,1.8828113525346752,35,2025,0.5103501080337287,0.4758687067900268,0.956014381867127,0.21741953011867704,0.30598922904224235,0.8462765978573964,3.1458904202758924,0.9772048926525941,64.00955248445128,70.27097079423447,0.4996716118611378,73.63822789065784,71.88052603049073,0.3817890794417035,0.7982499543255255,0.7181703741581211
6,Backend,Junior,1.8828113525346752,36,2025,0.5127212807940532,0.4358257072895979,0.6747622904859003,0.2836813871955834,0.3473673143732409,0.8736976117136257,5.391702989956768,0.8406238636734549,77.78358166445362,73.58617370808967,0.5112856396989974,74.48307503732993,68.00042155206577,0.34743248075694166,0.7982499543255255,0.7181703741581211
6,Backend,Junior,1.8828113525346752,37,2025,0.5599849633463866,0.5216679754106484,0.8150148256221872,0.17968078691846376,0.23225735630977715,0.8321155194788273,2.6365973955887525,1.3347248366541622,75.25385277972272,71.67098533760219,0.5930907155855911,66.33394133993114,69.48659259205408,0.5141621228314063,0.7982499543255255,0.7181703741581211
6,Backend,Junior,1.8828113525346752,38,2025,0.7220354730377402,0.7045373038426196,0.8054349696970006,0.919458315342072,0.4358860737470447,0.7794162448811195,2.1217234554225914,1.017637252099283,79.46981717009852,76.27688804437338,0.6499774806606925,72.77850477286012,69.64404301101256,0.3970399106460223,0.7982499543255255,0.7181703741581211
6,Backend,Junior,1.8828113525346752,39,2025,0.7175506231746852,0.6518340827527566,1.0123256690528053,0.7017606214028022,0.13262304884692955,0.8501419205174188,3.0187930174517215,0.8502338720684923,72.15087652122536,75.35172470184061,0.20960828314111224,74.08127618359671,71.46051461940277,0.3527028062170592,0.7982499543255255,0.7181703741581211
6,Backend,Junior,1.8828113525346752,40,2025,0.4714532898027582,0.44462744311626456,0.7472882575781216,0.03266909532917881,0.10799250134567613,0.6976241629137842,4.456609962585716,0.9003344226841978,73.52659773378494,78.34622484906279,0.473259701658138,73.7169274081808,71.2825141449424,0.36575915613533294,0.7982499543255255,0.7181703741581211
6,Backend,Junior,1.8828113525346752,41,2025,0.6514893993637593,0.6617507605713753,0.8616578512012464,0.029863947145809564,0.12775516046464683,0.495711310235547,0.8050265614833874,0.9523358658973906,80.88635459796272,84.52808066331043,0.47776783295567304,73.40975114583526,75.98065103454479,0.3787192469641843,0.7982499543255255,0.7181703741581211
6,Backend,Junior,1.8828113525346752,42,2025,0.6675987606244186,0.5949417595049079,0.8609340576340909,0.018709950268835162,0.17956911363303518,0.6267930797910252,2.6596082474008313,0.9467847218261853,101.4201191049262,104.41061488016354,0.3833995103083809,73.63378817210808,78.26332368851705,0.37574204293100305,0.7982499543255255,0.7181703741581211
6,Backend,Junior,1.8828113525346752,43,2025,0.5145195907849902,0.42063078312073265,0.8227066679774487,0.45833717202370045,0.13365905601073644,0.29713747338061924,1.7291811972713105,1.0270106556543972,82.38823283450365,88.7898943538623,0.4370662705114284,73.23978178664342,66.82959179080302,0.39507061624218426,0.7982499543255255,0.7181703741581211
6,Backend,Junior,1.8828113525346752,44,2025,0.48140153440234307,0.4576900027307867,1.0079089456071206,0.1291001331033382,0.224377127485768,0.74528315657006,2.7454040612058117,1.0337887680242648,73.37296298430908,69.01699783427092,0.38508332269244155,73.49791768648225,72.14840680582842,0.39427510621750084,0.7982499543255255,0.7181703741581211
6,Backend,Junior,1.8828113525346752,45,2025,0.5323182010817981,0.4730937671311495,0.7781935216381736,0.08848031838215437,0.14017243358924766,0.4720167740604487,1.234741590914785,1.0349564427294227,67.38124371028242,69.30859258545004,0.24220885228658617,73.86094187745377,67.98771337186984,0.39148343956710313,0.7982499543255255,0.7181703741581211
6,Backend,Junior,1.8828113525346752,46,2025,0.5599444607624229,0.5408371744713363,0.7267423945384517,0.4828585030348504,0.498851421817185,0.8593909878816538,3.334749722643302,1.0693393696681306,85.8990495909083,83.04312972048737,0.34797527756948826,74.01281891159563,67.91375876758326,0.3970943830036625,0.7982499543255255,0.7181703741581211
6,Backend,Junior,1.8828113525346752,47,2025,0.6169618073730211,0.5757663566232142,0.9183324511516091,0.26252925754276696,0.0969440195593236,0.7786355405223672,1.6292722283562586,0.997514738526622,67.82607836340568,66.10314568473252,0.6702524420279046,75.06270551827589,75.90180944305027,0.373980401719692,0.7982499543255255,0.7181703741581211
6,Backend,Junior,1.8828113525346752,48,2025,0.45417518045116245,0.3998386815170464,0.812406428008642,0.031109151548868987,0.39020570638726854,0.773254123379486,0.5776858945460344,0.7776378788411691,71.18510585175908,64.58263863473391,0.6134567280761263,77.33842826919646,68.78173429352796,0.31104067352493,0.7982499543255255,0.7181703741581211
6,Backend,Junior,1.8828113525346752,49,2025,0.6437791185347513,0.6059969066324186,0.9376714186386116,0.042399056987897185,0.4578297849285621,0.6871183860576484,1.4236188125979417,1.2387100551644206,74.59747101579171,65.13889907093422,0.4273989388502904,74.20044228361661,71.00660402824967,0.42940499200274573,0.7982499543255255,0.7181703741581211
6,Backend,Junior,1.8828113525346752,50,2025,0.4837761482228029,0.48859850990548326,0.9522512793696016,0.2674790139013733,0.24041749387067057,0.2847413316456118,0.6385155494445116,0.7786882898358966,70.23448576780758,63.71153854880522,0.7041196754706089,78.45706252001969,67.2326079745321,0.30192880363368185,0.7982499543255255,0.7181703741581211
6,Backend,Junior,1.8828113525346752,51,2025,0.660666441627774,0.6119575173918788,0.9870101853610371,0.23351246074046209,0.6528249073722686,0.7289168799886747,2.136426705084971,0.9601659231222188,85.4384544217267,85.33172791086463,0.9717581561938702,77.59913637389027,77.0557669268774,0.34537371484202484,0.7982499543255255,0.7181703741581211
6,Backend,Junior,1.8828113525346752,52,2025,0.701438763555181,0.6940085520325099,0.7381233837186153,0.11855486136233376,0.2531707482333801,0.6284388062848918,2.095445082441604,1.1187481309140288,58.05744104004923,63.090473745212364,0.4535098010791562,76.93316211283242,71.59406963280261,0.38263994190920225,0.7982499543255255,0.7181703741581211
7,Backend,Junior,0.6327387530778792,1,2025,0.7044083817657146,0.6406536692397972,0.8112750634021048,0.10328919854074324,0.18612504169505603,0.6528738749088405,3.4671781224389493,0.6692058440866141,79.93977382205645,78.12803603432594,0.2855531985855513,75.15845684500631,71.66623704829777,0.30752069510893687,0.8908115658954133,1.0205030286603507
7,Backend,Junior,0.6327387530778792,2,2025,0.7976733173751932,0.7960412658247774,0.9410215783664745,0.2611497468112556,0.2669759028771846,0.9038606042961962,3.169622632380284,0.8848928790336538,81.65022469443974,88.80203869003152,0.7149677260380334,74.02685548559116,81.22804574978927,0.36008811342680447,0.8908115658954133,1.0205030286603507
7,Backend,Junior,0.6327387530778792,3,2025,0.7807567146082043,0.7655788888340505,0.7777114798923835,0.14010814415956996,0.2689340165871025,0.3277847032982809,2.4315535073335846,1.1018092103919128,75.28775564080999,74.3622673937039,0.5804465973076925,72.86797094849997,72.98840774398454,0.41312875084088274,0.8908115658954133,1.0205030286603507
7,Backend,Junior,0.6327387530778792,4,2025,0.7624232455922163,0.6741310526884751,1.0824698914323418,0.23001325947679135,0.2473215098625488,0.8602069505974903,1.962423058999256,0.8369139491883002,86.23039297631465,79.81724581667994,0.6455834918885607,75.53772446313504,80.12104076775822,0.3379017526448681,0.8908115658954133,1.0205030286603507
7,Backend,Junior,0.6327387530778792,5,2025,0.9112826944569947,0.8785644470267857,0.8098029027943037,0.7888232618127721,0.21976984048222872,0.4925283231098885,5.279963624223556,1.0126141582375294,64.6200864501077,57.85131307655891,0.6297863447866044,74.64883066417815,71.79714590051147,0.38044924277935466,0.8908115658954133,1.0205030286603507
7,Backend,Junior,0.6327387530778792,6,2025,0.6587412441639089,0.6880198235934574,1.0645824925076488,0.057562105813819174,0.31057179865682283,0.3205679391790076,2.132297673782213,0.9485940169580105,70.39849038323591,71.9707444946892,0.3915189421278385,75.6362813519625,73.31651020364161,0.35941645879191464,0.8908115658954133,1.0205030286603507
7,Backend,Junior,0.6327387530778792,7,2025,0.8604213210105865,0.8206774232318784,0.8529268983904826,0.07017844222699311,0.16821142498677089,0.9161531970716897,0.558141340620594,1.1647727314077727,74.96195866329201,67.01124950989052,0.50084622009631,74.33379208601592,79.96114768615774,0.4135062788980885,0.8908115658954133,1.0205030286603507
7,Backend,Junior,0.6327387530778792,8,2025,0.6700821043453009,0.6068775527264632,0.9380065962957342,0.12317708254610565,0.404067877025124,0.9294110813543724,2.544818197100168,0.9212780749476566,80.33273602783594,77.07369913746739,0.7135198373014824,76.65411492630963,78.12917279665429,0.345471323936951,0.8908115658954133,1.0205030286603507
7,Backend,Junior,0.6327387530778792,9,2025,0.8723388807837484,0.8132282007275535,0.8266903078962851,0.047338213866867714,0.13117509130498275,0.8790493145802168,1.8713297529691397,1.2213818725755947,48.8186680130772,41.41076415532036,0.3226370867443203,74.56564534408389,74.76427810452418,0.4228959966477532,0.8908115658954133,1.0205030286603507
7,Backend,Junior,0.6327387530778792,10,2025,0.8702685884517773,0.8962553996861325,0.9005337147647349,0.22597537927869255,0.14865105808043788,0.7891187020824187,3.4026602893824855,1.2743994495290918,71.7320265710071,63.558558977235116,0.6316667371837492,71.09651241926784,77.94231222042758,0.4624089530785864,0.8908115658954133,1.0205030286603507
7,Backend,Junior,0.6327387530778792,11,2025,0.644766023313796,0.5684779792619538,0.9117063044735203,0.22398889533623348,0.06495086430279032,0.732544857187541,2.537574859335866,0.849356415475862,71.85309171211908,72.49993174563818,0.13943404660389444,77.96927795974597,72.35492993999398,0.32012730009728935,0.8908115658954133,1.0205030286603507
7,Backend,Junior,0.6327387530778792,12,2025,0.846478611947412,0.7687499078810639,0.8255971647828866,0.0270401037907577,0.35561433747086063,0.8582987713463163,4.320871810123474,0.8448192053727569,79.31299813063717,82.01000807168421,0.5338989824737302,78.11441092393082,79.51817358578292,0.3180104167084612,0.8908115658954133,1.0205030286603507
7,Backend,Junior,0.6327387530778792,13,2025,0.7223474429174828,0.7165364951213897,0.6755435048101963,0.40064212720486414,0.4050797648995355,0.7698682840989942,1.27677976993807,1.177283506383834,89.24627732077244,97.00250365291109,0.5474331249721011,75.49115214535193,73.12913835113632,0.40636376673216734,0.8908115658954133,1.0205030286603507
7,Backend,Junior,0.6327387530778792,14,2025,0.8510337863994024,0.8149600822720949,0.5796651952892642,0.23576942410603274,0.5592706727355541,0.7763465681338922,3.07724837237553,1.381058664652215,68.39105663013817,70.2497367701984,0.7894293652719183,69.25179127386858,70.05024194010352,0.4991134723148715,0.8908115658954133,1.0205030286603507
7,Backend,Junior,0.6327387530778792,15,2025,0.7662060534312641,0.7523625400377713,0.7971077497614689,0.038422625598391595,0.04958271237772101,0.7116201586572609,2.483776882404059,1.1230447561763448,86.56833781036988,88.55532292766605,0.49230520009902523,75.7797712341421,80.11368377786837,0.39311085761741815,0.8908115658954133,1.0205030286603507
7,Backend,Junior,0.6327387530778792,16,2025,0.9298926279373234,0.8524810245488847,0.8391861009608583,0.6316386578820232,0.46456959863243746,0.8453095775833087,2.7203675488380035,0.9855055695704992,96.4300705458491,94.08124822416342,0.3400517007513406,76.70045685328569,77.11933202341869,0.35793064013671916,0.8908115658954133,1.0205030286603507
7,Backend,Junior,0.6327387530778792,17,2025,0.7870215205869374,0.7272199740143211,0.670692360208761,0.20128308441365958,0.03568058080521869,0.7462572416637148,1.322238542008642,1.038060594516225,80.14048140686468,87.89363437315302,0.32502562108081595,76.03221556855885,77.15345660113536,0.3740103224985879,0.8908115658954133,1.0205030286603507
7,Backend,Junior,0.6327387530778792,18,2025,0.866635609359534,0.8564390080750477,0.5824315350963762,0.1729544475466253,0.2425380651479657,0.3725341735275629,3.18706706963612,1.0782536889371475,62.738206421873166,73.72143669676794,0.6326715511899393,75.3983100143937,73.20607152754759,0.387331487667482,0.8908115658954133,1.0205030286603507
7,Backend,Junior,0.6327387530778792,19,2025,0.573682751692041,0.5159766903861199,0.8274737357508646,0.32764387491864577,0.1966738251414145,0.96062496544344,2.957213063692514,0.7841919848414696,67.93871387813894,66.18102949689592,0.513263619097871,77.37843805854637,71.2856515660032,0.3120180798137409,0.8908115658954133,1.0205030286603507
7,Backend,Junior,0.6327387530778792,20,2025,0.8199110983027891,0.7745816582140521,0.6904432753777772,0.051905991046941984,0.24094245999245187,0.5996401782414345,3.584827740156108,0.9528377824949837,69.5491277000441,78.63290584791962,0.10033762353077164,75.60233122766671,73.48907194813243,0.3605481296017742,0.8908115658954133,1.0205030286603507
7,Backend,Junior,0.6327387530778792,21,2025,0.904599232338258,0.9629009865535051,0.7869750704995564,0.13488773921156025,0.09980838026031533,0.7437220145223107,2.6242856948508506,1.124973664994415,76.43764643108585,76.01409426677158,0.4723961345063158,73.74995461012305,80.5788155041404,0.4104117779145242,0.8908115658954133,1.0205030286603507
7,Backend,Junior,0.6327387530778792,22,2025,0.8650613947111845,0.8346550723914408,0.8581348883346764,0.23196380832559332,0.15960768847826148,0.8947991503407756,1.533620906207931,0.7639555643437304,79.73145453267787,76.21689734248004,0.37022643081160606,76.12139154189161,78.36124137232297,0.3184461833529827,0.8908115658954133,1.0205030286603507
7,Backend,Junior,0.6327387530778792,23,2025,0.70110090280598,0.6840543775916262,0.9627350089355485,0.5588602973724873,0.22563730574338012,0.37175653060119496,2.209546083772211,1.1495589034680462,82.30283819306965,83.50783946005588,0.5766918520530081,72.48597340389091,70.9820251221742,0.42586200232785165,0.8908115658954133,1.0205030286603507
7,Backend,Junior,0.6327387530778792,24,2025,0.808696607358432,0.7186593001906052,0.8097918524875927,0.29578342511819294,0.48477275602160685,0.9542584536581519,0.9395018421256431,0.8754231552583688,64.5516368609693,73.47124983697815,0.8651664243571825,74.10261327579343,76.32458869088299,0.35756285375339514,0.8908115658954133,1.0205030286603507
7,Backend,Junior,0.6327387530778792,25,2025,0.8992372223494625,0.835960484441147,0.9009683077242329,0.0991008130417773,0.057196091391554356,0.7928134019355718,1.5453818980499399,1.0922416958547068,80.18218950445412,77.65124419902743,0.3902842923272306,71.77417003086157,81.30046369949623,0.42033025558042825,0.8908115658954133,1.0205030286603507
7,Backend,Junior,0.6327387530778792,26,2025,0.5730220934329981,0.5091774002810893,0.6558432199379778,0.3578946083588061,0.31568143886185585,0.6982660536762821,2.790260805403549,1.0431546410517576,53.46723927956367,48.70851691310507,0.7642406126798376,71.56418306800855,66.4625794040447,0.41226273597694696,0.8908115658954133,1.0205030286603507
7,Backend,Junior,0.6327387530778792,27,2025,0.7323935674429249,0.6532210947813938,1.0177789754745503,0.073241738037249,0.3600234827930463,0.8224765935508579,3.1844504776364277,1.005028705358288,70.78801183387087,75.67016871986121,0.643219222094926,71.26650715227969,78.63572701980077,0.4071181814693269,0.8908115658954133,1.0205030286603507
7,Backend,Junior,0.6327387530778792,28,2025,0.9591940590116638,0.8476283651792378,0.829979874569963,0.6948452104296671,0.06681236704692832,0.8445030814199367,1.880044302686382,0.8953256067619153,69.14378164834272,62.02316959005304,0.5877605135447428,71.5502370208895,76.0737273140804,0.3828131461783039,0.8908115658954133,1.0205030286603507
7,Backend,Junior,0.6327387530778792,29,2025,0.7751729340706593,0.7321523143353403,0.8030870340675912,0.4984217950393998,0.27128929199228646,0.5486130670748759,1.0044584635017961,0.6839666328060878,74.87701550691942,74.01278713284887,0.3595963783005167,72.66466269876122,67.99096775595888,0.3312544707382074,0.8908115658954133,1.0205030286603507
7,Backend,Junior,0.6327387530778792,30,2025,0.6963254500374912,0.609201825597848,0.8885970092568876,0.039995626312682935,0.22513189899244884,0.45043661699415266,2.9433979506360566,1.273899581761157,76.01310283221252,72.04844508251313,0.9241548645904734,64.10781270098063,73.06113032545117,0.5205481438440595,0.8908115658954133,1.0205030286603507
7,Backend,Junior,0.6327387530778792,31,2025,0.8195328339367655,0.80006680140537,1.0193325635740382,0.2511026478400316,0.10900319956966695,0.8348334604650982,3.5947985022273254,0.8867700705142119,66.94008268940584,64.30730702372233,0.334925788081932,69.97493589865313,77.35865775598492,0.394229548280733,0.8908115658954133,1.0205030286603507
7,Backend,Junior,0.6327387530778792,32,2025,0.7246796300769621,0.6526389476679102,0.7152746082418651,0.13316347297696093,0.06676728762189678,0.8391456736099236,1.826814763536912,1.2334451193273899,62.555135501111344,64.80427156974389,0.4611225533749956,66.7262459505995,72.15865266149926,0.49063697427714875,0.8908115658954133,1.0205030286603507
7,Backend,Junior,0.6327387530778792,33,2025,0.8121886269524049,0.8211687344343344,0.7374345032199414,0.4818232089041719,0.26442277801557446,0.8713294828571705,1.6094311894089857,0.8919681968489815,80.92533719587244,80.33913924869232,0.7578574923002889,69.03112088077525,76.49464625779102,0.40313429869666917,0.8908115658954133,1.0205030286603507
7,Backend,Junior,0.6327387530778792,34,2025,0.8977165974668746,0.7715156741254579,0.930634841107493,0.1658004859808427,0.3013792408283893,0.4234280538398534,1.4200901591391921,0.9354026120869261,75.19576762090172,83.14079641476607,0.4262865580904225,68.31127997025891,75.29913995830887,0.417819855998561,0.8908115658954133,1.0205030286603507
7,Backend,Junior,0.6327387530778792,35,2025,0.9338099748276354,0.8938194214539184,0.8213007814209001,0.19337161084162177,0.12389014781997433,0.33568235964010323,2.132215473428945,0.9985503368029979,82.02533313933856,75.36309139986572,0.8193626399256568,67.49373737373257,79.37401666138662,0.43726225591282813,0.8908115658954133,1.0205030286603507
7,Backend,Junior,0.6327387530778792,36,2025,1.0007143644065928,0.8440381555137924,0.8594527567588468,0.2692900460899218,0.2912124697300382,0.7388730626592909,2.020293260442177,0.8122590014541531,74.6974733827458,73.76230523837219,0.5055160620683857,68.7362669713623,76.89559637256306,0.38964957552947815,0.8908115658954133,1.0205030286603507
7,Backend,Junior,0.6327387530778792,37,2025,0.8432667489687268,0.8219829446850953,0.8799695555551091,0.7485435631475581,0.0486244961004757,0.8130673109206967,1.0976307165761752,1.1746090228878907,95.91094272732477,95.7987624674219,0.30933971790243686,65.65783892618921,75.19685033174368,0.48777314685933465,0.8908115658954133,1.0205030286603507
7,Backend,Junior,0.6327387530778792,38,2025,0.7860050252686948,0.7052437590510037,0.7869154449209144,0.16114726562853632,0.19048079651899086,0.6351217323672851,2.5523628972032624,1.1408738369716271,75.77013995983758,78.73420113400901,0.5103226330534524,65.81888513015932,73.9772909039912,0.4796840579763312,0.8908115658954133,1.0205030286603507
7,Backend,Junior,0.6327387530778792,39,2025,0.8496244719786683,0.7098676209585464,0.8937823766243572,0.8935944815007898,0.03557920821283686,0.90666779436423,2.822504660289905,1.2165505478749357,74.43985328166329,75.70489571505225,0.4763887129553881,65.17701581342311,71.80848381378514,0.5001683111297945,0.8908115658954133,1.0205030286603507
7,Backend,Junior,0.6327387530778792,40,2025,0.7915962336853104,0.7070413673032301,0.8742956352131351,0.1820590653015715,0.03906300517296689,0.9459902753857572,3.0563090120364924,0.8954074479295279,75.12169682282905,74.65732431586379,0.4666508824092685,67.7826162424961,78.65430827725459,0.41422635423177134,0.8908115658954133,1.0205030286603507
7,Backend,Junior,0.6327387530778792,41,2025,0.8309946605175678,0.8500350852642384,0.8824658235502518,0.20121357411378046,0.13829535206379234,0.7533560657451649,1.5608444302293183,1.157507356233014,73.67996147145728,69.7388659478757,0.0753443188438682,65.79465225942823,74.10802341988258,0.4832127024180342,0.8908115658954133,1.0205030286603507
7,Backend,Junior,0.6327387530778792,42,2025,0.9481193116767453,0.8422654115202716,0.7728290312941629,0.2029582903965471,0.3803096468663369,0.9627744437406495,2.284593872029007,1.1764735656452547,75.53059312932619,79.85704191000244,0.18640238932803851,65.82255045783349,75.17186360925783,0.4867734593137719,0.8908115658954133,1.0205030286603507
7,Backend,Junior,0.6327387530778792,43,2025,1.0930398021528882,1.045589613573047,0.6783966751689311,0.11566735321884239,0.07696580130821164,0.7092162294153348,2.20220384377604,1.101270558461038,74.56074867044879,79.99801642391962,0.9006683514570532,66.67197560046824,84.43825063781578,0.4646543150216389,0.8908115658954133,1.0205030286603507
7,Backend,Junior,0.6327387530778792,44,2025,0.7241636911249004,0.6183228365096411,0.7582797319868364,0.21829885709011063,0.35916770190752817,0.8286346725235597,0.8475876097031958,0.7195145975625381,88.42180131244854,78.75136258515064,0.39390601819933674,70.03838408645402,71.23921817869213,0.36024971879205747,0.8908115658954133,1.0205030286603507
7,Backend,Junior,0.6327387530778792,45,2025,0.8768498325974937,0.8228772799994397,0.8315448557814055,0.18176255029424496,0.3502295680360037,0.8280730666715425,0.8191295407618797,0.9888482005362214,70.30601837564525,77.96423070639044,0.4183794913922308,68.25608085127733,77.24750160109856,0.4289689663465998,0.8908115658954133,1.0205030286603507
7,Backend,Junior,0.6327387530778792,46,2025,0.6050177544270282,0.508308077405917,0.8114506759087642,0.12794444853994177,0.27135406356585795,0.3054503231764163,2.6240418077720213,1.1396673862586402,93.96889156165071,92.02048835015293,0.6509613336061021,67.4764678151495,70.59619403085252,0.46562957879214883,0.8908115658954133,1.0205030286603507
7,Backend,Junior,0.6327387530778792,47,2025,0.9246866346989926,0.9026587722630929,0.786158758133046,0.3391943146928695,0.30261499753708665,0.636379632910225,2.2168481151201243,1.090546860844111,54.74960086323827,55.5400703561222,0.21964964451816837,68.34472157601394,70.91967632932636,0.44857002570203935,0.8908115658954133,1.0205030286603507
7,Backend,Junior,0.6327387530778792,48,2025,0.805752611556494,0.6847329775868921,0.8950155633946647,0.0590282368044416,0.14833607451786837,0.7972314296632397,1.1224236199353332,0.936050977769761,92.00134910399937,100.69967536385163,0.747139000847941,70.09739651404567,83.14001840320239,0.40306522460357164,0.8908115658954133,1.0205030286603507
7,Backend,Junior,0.6327387530778792,49,2025,1.0266176693611473,1.02145155550377,1.0526802368936905,0.24831229131309018,0.2231936711692761,0.35901196795243623,1.8718506002443576,0.7391192271740801,87.86382136995533,86.57855932589001,0.7503409185629605,72.22344194381728,81.59318472995948,0.34596182923633867,0.8908115658954133,1.0205030286603507
7,Backend,Junior,0.6327387530778792,50,2025,0.7507653680760336,0.6728072452073367,0.7646176912495622,0.14690066498209636,0.2314743849620424,0.6949720047804563,2.936732555564835,0.860070533230961,79.01207163482995,80.23582326825382,0.2988823664836368,71.83227760913712,73.17150007940864,0.3734117932367162,0.8908115658954133,1.0205030286603507
7,Backend,Junior,0.6327387530778792,51,2025,0.6929407218074973,0.6127616938166693,1.0605161380972419,0.24209794081033165,0.5029697229246107,0.8202507203839506,3.3739897510068824,1.2729657680968895,75.7843924608367,76.699364709063,0.2537873346790476,65.84742143320818,69.96033258582179,0.5058646416759763,0.8908115658954133,1.0205030286603507
7,Backend,Junior,0.6327387530778792,52,2025,0.7933587757958758,0.6859015950135211,0.9404962041494199,0.1369611493597989,0.5006810757310943,0.8661211305325587,3.589787014204167,0.9578610063688339,85.72520714177271,85.37831530707106,0.9959689433097647,72.24653214547193,81.23050763243253,0.3895177667281673,0.8908115658954133,1.0205030286603507
8,Backend,Senior,5.979914312095726,1,2025,0.5253333440668166,0.4304733755928195,0.744119985175218,0.14259779551642315,0.13733968222057322,0.5187420332244814,1.5277017552651653,0.8763081985352468,64.92197668401495,59.33764682435022,0.7472867573405866,71.45840066377761,68.40370037849162,0.3797749675089026,0.8461240698850692,0.7211672462591516
8,Backend,Senior,5.979914312095726,2,2025,0.5464953550979668,0.49503535782492036,0.7522221789041148,0.22189554549425036,0.10217935001927392,0.8309574664592531,0.9726810125822185,0.8122594611302884,98.69287300811497,105.6700434191109,0.4892154330840391,72.56468548317844,74.72114509230606,0.35774617986623736,0.8461240698850692,0.7211672462591516
8,Backend,Senior,5.979914312095726,3,2025,0.5782353057438266,0.47980832364213877,0.67621953841535,0.15093077663241675,0.3263603636766728,0.787654606204487,3.919455680797839,0.9945129940184732,89.50087042175753,83.14971122661979,0.2218100456878208,71.68310333384785,70.282028415214,0.40154340435496255,0.8461240698850692,0.7211672462591516
8,Backend,Senior,5.979914312095726,4,2025,0.5324321377210394,0.5268396896471363,0.821319459066646,0.38406031488571957,0.4451395170336332,0.6020638853235193,2.0555224668089727,0.8082606056113637,79.64251238123003,82.6881899764976,0.5301549410535509,73.72371386611088,67.07735620961873,0.34728783890468207,0.8461240698850692,0.7211672462591516
8,Backend,Senior,5.979914312095726,5,2025,0.5589786324703373,0.4964134526123106,0.7704011089991245,0.1936503237863891,0.18463394389793936,0.737221362768193,0.6642312438229099,0.9530984245520087,80.67513461289613,83.65127347206715,0.6523815325525695,73.08171918802267,73.7132872795881,0.38160535834354614,0.8461240698850692,0.7211672462591516
8,Backend,Senior,5.979914312095726,6,2025,0.6478911397957359,0.6073615621172375,0.7441431721743477,0.40394867276761065,0.05415190274712608,0.6854991183564917,3.9344080450348278,1.1224332808835789,74.80081603700269,73.56141544160937,0.4149648709344585,72.20232989491831,70.81887784476032,0.4228005737190632,0.8461240698850692,0.7211672462591516
8,Backend,Senior,5.979914312095726,7,2025,0.5533851008495972,0.5502220966018954,0.9039764512828342,0.29127499463969964,0.04954514630566972,0.7747621727244555,2.4420360003316977,0.7308784733202099,77.01123458701525,68.43480849975026,0.6323603037859672,75.76170880507678,72.94386603715675,0.31482812128840215,0.8461240698850692,0.7211672462591516
8,Backend,Senior,5.979914312095726,8,2025,0.5243171200243822,0.43662074822301683,0.8376007026292431,0.20814418807748353,0.3378861696326065,0.4631586618244787,1.5542784124815272,1.0849280404631585,68.83224638480293,62.09226746296709,0.38101148318468536,73.30167785654598,65.37580366131921,0.4061382926214152,0.8461240698850692,0.7211672462591516
8,Backend,Senior,5.979914312095726,9,2025,0.7291935733372852,0.7136161894898406,0.7348318890965656,0.19251586155695802,0.13049045568491682,0.7229842112259042,4.230321814857168,0.8228541274503421,75.26571963404307,79.73367983720037,0.46047866966340123,75.71062995944628,74.76451916669642,0.3336489091613495,0.8461240698850692,0.7211672462591516
8,Backend,Senior,5.979914312095726,10,2025,0.5316862686781051,0.43253200667008274,0.8162184905808597,0.35033884388029196,0.4864658893219613,0.9022426400623794,3.057503821033837,1.093379701590579,74.11600083205926,74.5522080211623,0.11977103930675029,73.79422645148541,65.86137468720166,0.403724053222404,0.8461240698850692,0.7211672462591516
8,Backend,Senior,5.979914312095726,11,2025,0.5713911803139008,0.5826448048722275,0.7629378976874115,0.4357825353583292,0.27314618656804374,0.5213927652708557,0.12100395924677576,1.0149739472649653,81.70049671815524,86.62749527540548,0.24505200820987041,74.6011003597935,68.16957762556197,0.38131895312138053,0.8461240698850692,0.7211672462591516
8,Backend,Senior,5.979914312095726,12,2025,0.5478433709476263,0.5572508174556235,0.9515937223563556,0.026093164597747295,0.07275177780234535,0.5501049448001225,2.46700969717275,1.033017080995218,69.82637010857768,76.77803602623854,0.7043914542300168,74.56559057331148,76.31828367416205,0.38522349475478124,0.8461240698850692,0.7211672462591516
8,Backend,Senior,5.979914312095726,13,2025,0.599207238429889,0.5408719459291041,0.9683819058510776,0.16997419284700946,0.10001332099561389,0.8313726875064321,0.9673160290762659,0.8528817987379661,63.714093269029654,68.5763132586197,0.7740607130141983,76.04312846087923,76.34453979441527,0.33688362257359966,0.8461240698850692,0.7211672462591516
8,Backend,Senior,5.979914312095726,14,2025,0.4885908173700477,0.3915294872185371,0.8141596424487111,0.15314337415937268,0.3350047255891338,0.9786503744634052,2.2425913928150387,0.8656681172924041,74.45663520251296,71.40229631147729,0.39292193070880616,75.904382282934,70.0827319140193,0.34059710443403085,0.8461240698850692,0.7211672462591516
8,Backend,Senior,5.979914312095726,15,2025,0.57462407362187,0.48901365236318195,0.7046201449253727,0.5157850806340021,0.26856020675314546,0.6765204172734476,0.927010742927139,1.1000867721143863,64.4745280812989,69.44602221473701,0.7644233790669285,73.92019776099814,67.56205928134452,0.4040157064145595,0.8461240698850692,0.7211672462591516
8,Backend,Senior,5.979914312095726,16,2025,0.5241981126367949,0.5101044880477971,0.8805665568642596,0.14575574652553225,0.2475930701031954,0.47319317905973907,3.5974298314165813,0.9454656933171147,81.69438013393227,93.88866366682853,0.7827801289428947,74.97753851767312,74.10608608623907,0.36428031768281355,0.8461240698850692,0.7211672462591516
8,Backend,Senior,5.979914312095726,17,2025,0.46596077030366523,0.39006930774182397,0.8608783363853966,0.2680792037717352,0.33791199973856845,0.903430300038491,3.4653266671611265,0.9243049386566148,82.04336209854078,91.30356232260914,0.48241565402918163,74.89902346979609,71.56487884401719,0.3607024588163555,0.8461240698850692,0.7211672462591516
8,Backend,Senior,5.979914312095726,18,2025,0.5833806917208894,0.5510842634318556,0.6431624284568968,0.2514994880812146,0.17369367668567479,0.8436629889807357,0.9772854902094945,0.8318198009741724,77.94392759136207,79.04213552444715,0.838774142146668,75.32654377245787,73.60493376885395,0.33864276209101896,0.8461240698850692,0.7211672462591516
8,Backend,Senior,5.979914312095726,19,2025,0.6574786707092521,0.689510664949018,0.7927177476419559,0.1397815060735999,0.2992186861072624,0.6322680792699218,1.6944733174894795,1.0994261639532448,92.97733840577358,91.39566068207326,0.2993221022046019,72.81332728001252,73.88905463176765,0.41310750545721137,0.8461240698850692,0.7211672462591516
8,Backend,Senior,5.979914312095726,20,2025,0.5623588920112806,0.44624893377860547,0.7971938886974262,0.412602051281042,0.4657169859773733,0.8277759017975987,3.046331706001751,0.9158808296140037,90.75875809501969,90.51976184309574,0.5367823397965784,73.8547495050749,70.20429533245249,0.3677199200471766,0.8461240698850692,0.7211672462591516
8,Backend,Senior,5.979914312095726,21,2025,0.5590967374089181,0.49576751600931723,0.7166851991522791,0.5954046395291297,0.39396556845846403,0.8411934836282384,3.938169201145702,1.0499078994377782,59.53722081018587,66.15814699591365,0.8557859389870889,72.30724338893651,67.5792934503271,0.40742121831308475,0.8461240698850692,0.7211672462591516
8,Backend,Senior,5.979914312095726,22,2025,0.5777222501127119,0.5869801292988236,0.8649867091387777,0.18902000932423485,0.18016799826733004,0.7974150659621355,2.218352617745069,0.9655936468952867,89.19035611367264,90.65711629528755,0.40054551092699064,72.46504953583953,75.71794517136395,0.38924331658039457,0.8461240698850692,0.7211672462591516
8,Backend,Senior,5.979914312095726,23,2025,0.5808318258923592,0.5258098824263132,0.7775138916199947,0.1068018600426614,0.41981988227927824,0.5935812037667477,2.4697369424030144,1.1215040857759175,90.39017375255416,91.42957563644262,0.12082270139340351,70.6671745997883,68.3780548121916,0.435407695490281,0.8461240698850692,0.7211672462591516
8,Backend,Senior,5.979914312095726,24,2025,0.6016351433282132,0.5397652040890869,0.7588490031323127,0.14584933324375896,0.19239726602923643,0.34260609474603215,2.7186114865347055,1.1231384318664563,76.13970668127773,72.17240803186037,0.3898167242009932,70.0776537172891,67.47200551558272,0.4406472387292155,0.8461240698850692,0.7211672462591516
8,Backend,Senior,5.979914312095726,25,2025,0.5873409629396814,0.6106891936448589,0.8180173722111244,0.12082597117847586,0.1499924065113136,0.4260585452154657,0.5772282279376637,0.7989267037950345,82.21119520875853,83.8089657148579,0.3097716329634689,72.07745262169931,70.05484989654008,0.35913990224484604,0.8461240698850692,0.7211672462591516
8,Backend,Senior,5.979914312095726,26,2025,0.5980676818326351,0.5695866769558796,0.9430874511937244,0.478427259419715,0.40288844959695364,0.528230002600997,2.158353304351604,1.1464560509469226,81.41947129443702,80.06813327261757,0.7073120241241493,68.69453444320759,69.152577335335,0.456836756495988,0.8461240698850692,0.7211672462591516
8,Backend,Senior,5.979914312095726,27,2025,0.5723980973274453,0.5403132031247236,0.8138276163906614,0.4003332360686905,0.2410945253489531,0.8338937266233257,2.1733524368113883,0.9586072822455792,82.84056038250357,84.69471142918461,0.13536293585667886,69.59464119154173,69.63264557281977,0.41176611318626816,0.8461240698850692,0.7211672462591516
8,Backend,Senior,5.979914312095726,28,2025,0.619446826121456,0.6830004393527838,0.674215655060069,0.0989505245972951,0.33350363041212805,0.5716607713955152,1.0551026770357403,1.0130993055882473,103.65212023085962,99.14215698364363,0.8733301816278127,68.5648100846392,77.08889915719291,0.431246443745656,0.8461240698850692,0.7211672462591516
8,Backend,Senior,5.979914312095726,29,2025,0.48173415397431785,0.4412842580568552,0.8899044140646526,0.5907313077246981,0.15139537802986947,0.5046224914587384,3.5599501697623763,0.9126907998860482,72.9241565485696,79.53073756258662,0.87279936682408,68.7916320164819,68.24466816273006,0.4092745598398605,0.8461240698850692,0.7211672462591516
8,Backend,Senior,5.979914312095726,30,2025,0.5362319759108168,0.5367681024126411,0.9075107820989771,0.10208493700885525,0.10543593019809566,0.7510749605793586,2.6632860530801326,0.9802033536952316,71.62122224526193,71.63238035607394,0.5389740961195011,67.70094016100228,74.1019680909828,0.43186616939736067,0.8461240698850692,0.7211672462591516
8,Backend,Senior,5.979914312095726,31,2025,0.6714504027147861,0.5746063238480037,0.8967690103858885,0.07707694805616204,0.5113305794842018,0.7028624133912926,1.0153952080803472,0.8966332303417315,61.655459188470836,64.62837821234862,0.6689084358195192,67.85279327439333,71.07127811167226,0.4138867021150685,0.8461240698850692,0.7211672462591516
8,Backend,Senior,5.979914312095726,32,2025,0.5876820520556232,0.4763955012712813,0.7321330763702478,0.08915964540542057,0.15049680226403708,0.6920576206067396,4.154480273919644,0.6,60.844759330862935,65.73412069191862,0.246865520917619,69.75056955957899,64.94573031302195,0.3387452536701751,0.8461240698850692,0.7211672462591516
8,Backend,Senior,5.979914312095726,33,2025,0.5766976595146317,0.46649997195002346,0.7985208300500343,0.43403413219752185,0.10041971452307662,0.855950473765312,4.097397293221623,1.3149111280753765,81.44689803284233,78.17304915472258,0.36285664697536835,59.82540654841993,66.64806366770217,0.4096379821824392,0.8461240698850692,0.7211672462591516
8,Backend,Senior,5.979914312095726,34,2025,0.6290769249900915,0.5756563918045076,0.7512134089860227,0.04320357334075616,0.20849802868802994,0.6428216531756702,1.701460485441239,1.006720368458191,77.2156752760824,79.51157611275671,0.25874745526886,65.69750057364915,71.44635554654405,0.45386490224456194,0.8461240698850692,0.7211672462591516
8,Backend,Senior,5.979914312095726,35,2025,0.48185379905401526,0.4541843940862412,0.9110511002359014,0.24080116336730195,0.352624261337493,0.8072475147375228,3.777856655030514,0.9963570256494961,80.70487330863574,81.21348935099459,0.5889094503285651,65.46804651732094,71.42380809762653,0.4537043508188914,0.8461240698850692,0.7211672462591516
8,Backend,Senior,5.979914312095726,36,2025,0.5729059205311923,0.5380013812296807,0.8386437435209548,0.6113286344315149,0.288439112832311,0.7221356495827115,1.4918700432231502,0.9626291130640658,43.6148533376596,42.92990544918989,0.2508520137943428,65.49006873284335,61.57370842379508,0.44677524983911854,0.8461240698850692,0.7211672462591516
8,Backend,Senior,5.979914312095726,37,2025,0.6787162311547263,0.597302407034315,1.0001952965188596,0.19193540518230043,0.5132879492252929,0.8895375841106196,2.316754756790718,0.9377625582819509,72.39580466847461,74.24879673837567,0.468785261285034,65.50937329739709,73.07033134105687,0.44164106751141446,0.8461240698850692,0.7211672462591516
8,Backend,Senior,5.979914312095726,38,2025,0.538613023644159,0.5244332044565032,0.6919299948326076,0.11212533189982529,0.15307352970656854,0.6113844482566643,2.6498063069410853,1.0189713513232561,59.96953140642519,64.948000178277,0.3007242839970744,64.75086766970665,66.9568894209357,0.4642037063504291,0.8461240698850692,0.7211672462591516
8,Backend,Senior,5.979914312095726,39,2025,0.6452652523978408,0.5682774532854961,0.8137500997117931,0.14835538560428496,0.13262101093607526,0.8918523798498292,3.638150330967618,1.0051500082853253,78.53006180546495,69.89888788540462,0.7941438176685346,64.82498278450036,76.89203068020021,0.46082181178622866,0.8461240698850692,0.7211672462591516
8,Backend,Senior,5.979914312095726,40,2025,0.5792002099867087,0.5361837189558191,0.8352639865243712,0.5231102584969854,0.1586428522650439,0.8288480400054655,1.9157049703195188,1.0990631403911968,70.19425586797526,60.81979554773759,0.7472250107490117,64.11013335716312,69.74059566406771,0.48556151676854664,0.8461240698850692,0.7211672462591516
8,Backend,Senior,5.979914312095726,41,2025,0.6567507501899319,0.5901593717067622,0.9318765970848816,0.10599787656556556,0.05227203640256452,0.757731564330647,2.5105457117410257,0.9942514246453942,73.17603012617444,83.30037482865367,0.4391001167627364,65.05746236648955,76.51027566133754,0.45670476520833264,0.8461240698850692,0.7211672462591516
8,Backend,Senior,5.979914312095726,42,2025,0.6106953844092877,0.5504058743822269,0.8674531408344485,0.3080839227431595,0.19638221012869553,0.6015812508488244,1.520680794715449,0.9696215503796376,58.828281099544554,60.559844650668985,0.5244539888514885,65.43412923431879,68.72840651070274,0.44863989978993757,0.8461240698850692,0.7211672462591516
8,Backend,Senior,5.979914312095726,43,2025,0.6222000528562541,0.5056143799776032,0.8474811316470521,0.30463335997754554,0.1867206614222607,0.5224867922278806,1.4640380713933605,1.162675079543639,80.55089699441587,81.9540838283293,0.11914036997769979,64.1375020861678,66.30087110723284,0.4980558318573294,0.8461240698850692,0.7211672462591516
8,Backend,Senior,5.979914312095726,44,2025,0.5687419023621983,0.540478719553259,0.7746796218409029,0.5832987624161617,0.3232787189386506,0.8679392565010597,0.8761946885275977,0.9363407168934008,87.79039916459254,87.82714704191629,0.6550498304598052,66.26053778616748,70.56100701747408,0.43509699516061784,0.8461240698850692,0.7211672462591516
8,Backend,Senior,5.979914312095726,45,2025,0.5810206729993578,0.5037375451697487,0.9861607236316752,0.3993350525688814,0.3516992508058696,0.596551949482085,4.706468979884672,1.020997314448203,75.79649582613925,56.6132180838424,0.8160029913861081,65.95565059434185,70.03921178347768,0.4545690412701252,0.8461240698850692,0.7211672462591516
8,Backend,Senior,5.979914312095726,46,2025,0.46447239635227583,0.45758122618393987,0.9112269810105392,0.32251415314723625,0.10885404743882027,0.6567871790102683,1.178884333172988,0.9257757091870562,77.50631674341463,88.3425466090796,0.19645776690761327,67.14436388608254,68.57368520000263,0.4256187761200567,0.8461240698850692,0.7211672462591516
8,Backend,Senior,5.979914312095726,47,2025,0.594837480386511,0.5356736901380164,0.8244741843337804,0.14088357830734075,0.15250922853999094,0.5934432191553267,3.4140771642240337,1.0674150273920893,65.12953821063685,73.20890066124842,0.687116805054416,66.48653889799047,71.81911217041583,0.45942851466183054,0.8461240698850692,0.7211672462591516
8,Backend,Senior,5.979914312095726,48,2025,0.548099602512701,0.36300428574939514,0.8519995486206419,0.40522058573860287,0.21422026720084433,0.8078598355324469,2.9039767650554653,0.9596296672613136,68.0543305463623,59.296817027260545,0.8895991157052652,67.86552965247361,70.06472262052986,0.42637985301498266,0.8461240698850692,0.7211672462591516
8,Backend,Senior,5.979914312095726,49,2025,0.6308912263567447,0.5740348345206044,0.9535732466972942,0.381796056072645,0.18252332390531237,0.8089978666933362,1.6357147380594643,0.9706847730215854,86.35620585491476,84.77280812524351,0.4363381455001236,68.32768023139761,74.56416879864479,0.42473961934267035,0.8461240698850692,0.7211672462591516
8,Backend,Senior,5.979914312095726,50,2025,0.5031038712423315,0.478447451862084,0.8651657272145017,0.03273771983982601,0.5656896426145408,0.49996896120367174,0.5586631619281448,1.016708628025744,59.92791434143765,62.22068921153225,0.5940082770733875,68.53593550513922,66.52994995563407,0.4322089297289886,0.8461240698850692,0.7211672462591516
8,Backend,Senior,5.979914312095726,51,2025,0.5342908431952622,0.5578576587621265,0.8628451067246293,0.12688924842484461,0.04827385309136205,0.702994763324019,1.6747080391691356,1.1197136572992343,70.07081725050747,60.01973397767716,0.09558938342416246,68.30579019111246,68.97389786226654,0.45472781320057637,0.8461240698850692,0.7211672462591516
8,Backend,Senior,5.979914312095726,52,2025,0.5593798432459208,0.5071194173072986,0.8339925513391695,0.22658091822934928,0.34379070166182546,0.5572423050138195,2.161743355752923,1.0759682869761644,87.14508011777804,87.07161135265024,0.913604759942388,69.25843655497364,72.89640093940815,0.4380400194371192,0.8461240698850692,0.7211672462591516
9,Backend,Mid,2.1356818667316144,1,2025,0.7150738320817752,0.6873425479960618,0.9784104695178897,0.34256026683989327,0.3417447869041172,0.5292931733376767,2.7569974455858306,1.0875824533426002,80.8920013223259,75.10384291768159,0.46807262788499504,77.56103844269269,73.46170786078285,0.37117450364608096,1.3165209843215346,1.1013379062631434
9,Backend,Mid,2.1356818667316144,2,2025,0.7527424005584723,0.7667674342858075,0.8912484462791512,0.4338101462092852,0.26764341182811296,0.4517263170195168,2.950997370432614,0.9115829022040461,76.23429181703649,68.94322624794275,0.6856588772306271,79.56292977196229,73.99301800978957,0.3192921656744568,1.3165209843215346,1.1013379062631434
9,Backend,Mid,2.1356818667316144,3,2025,1.0544370775584937,1.0182733687851668,0.8382827995025625,0.12037542953195887,0.2950369018135378,0.6976706693789906,3.664990882563923,1.0593871331437068,73.89467092513212,77.43260321255993,0.022213663260729467,78.95694203821989,79.61499794728826,0.3539029096435756,1.3165209843215346,1.1013379062631434
9,Backend,Mid,2.1356818667316144,4,2025,0.9710536723490023,0.9617421466650087,0.7175083980577537,0.1454966072695182,0.12711446018152828,0.7922719650588288,0.6794471183387589,1.3178860580843426,83.30498133985952,78.77599527300379,0.19760701283372437,73.62490936668885,77.48787066802478,0.4500363002277948,1.3165209843215346,1.1013379062631434
9,Backend,Mid,2.1356818667316144,5,2025,0.8493352443399559,0.7933162643889998,0.9241016951336449,0.28178508979477296,0.32693728380951015,0.8136501646728445,1.648819517552515,0.9044732178594416,95.41190503194086,97.80815551142449,0.7316650345031477,81.26355265893712,83.035299641211,0.303698371414079,1.3165209843215346,1.1013379062631434
9,Backend,Mid,2.1356818667316144,6,2025,0.8868724434031817,0.8998123283637589,0.7377745021207097,0.3212431100581031,0.46491909901113543,0.6516068991611409,3.099039579734338,1.1167941046963237,62.91141135379278,60.081725699330754,0.2568962831605515,80.04027512179026,71.54024973555957,0.3563565282576792,1.3165209843215346,1.1013379062631434
9,Backend,Mid,2.1356818667316144,7,2025,0.8978685786626546,0.9099300755013796,0.7922771274289429,0.9706889394752176,0.08560654608069661,0.4437068301117259,3.2571768211020227,1.0717210863333713,64.13608122122453,66.64427963252882,0.184006234604164,80.8277997183454,68.91487706925761,0.34077921961379587,1.3165209843215346,1.1013379062631434
9,Backend,Mid,2.1356818667316144,8,2025,0.9564945918282056,0.9318327295035536,0.7766997080887634,0.5605859242184951,0.5543469627413891,0.9238968918831542,1.8690006441060318,1.2446672646183374,85.48203967675276,81.29115726509511,0.28230931995972364,79.81659588067845,74.25106233367222,0.3837951539180138,1.3165209843215346,1.1013379062631434
9,Backend,Mid,2.1356818667316144,9,2025,0.8334593567250593,0.7741901190438436,0.8979625319551573,0.10998387258310559,0.4347635579530391,0.9487248402885807,1.4446758414075405,1.0356744311137505,72.30260275424908,68.64901885375583,0.5533560865954238,81.80089934751291,80.08847110067016,0.32546072499347584,1.3165209843215346,1.1013379062631434
9,Backend,Mid,2.1356818667316144,10,2025,0.8288176793859771,0.7660252139941299,0.9639271399197101,0.36465981626954597,0.4493048940971386,0.7358474623743761,1.7658899487612587,1.2571831221641512,75.81277167591068,81.7069888960389,0.47357578232814285,77.19043343830093,74.26861298081681,0.4081830124469892,1.3165209843215346,1.1013379062631434
9,Backend,Mid,2.1356818667316144,11,2025,0.9849197295477425,0.9276695716139405,0.8507560180394133,0.18777039760989492,0.5679544144842342,0.6675075779661692,2.7084919705755808,1.079047208704563,75.0146285481379,71.64634419012195,0.9120659861674293,81.88134608565062,80.91454415708012,0.3334648910271574,1.3165209843215346,1.1013379062631434
9,Backend,Mid,2.1356818667316144,12,2025,0.9085913890214511,0.8702259958290781,0.8980681264220395,0.3718610808621064,0.3237260997504149,0.7136348643717079,4.134383198647765,1.2649685869806342,76.73947208412811,73.64859687362727,0.1114336332633572,77.32318729903446,73.3034735213738,0.40863382323750636,1.3165209843215346,1.1013379062631434
9,Backend,Mid,2.1356818667316144,13,2025,0.8040206360228884,0.762395660555365,0.6358569119680295,0.6508024643292886,0.05570310711671462,0.7849969810801237,3.5481167592691545,1.2796072795617637,70.92272982731382,69.36662533977105,0.9045644244433717,77.06686907692159,73.49050457242924,0.4136975469380062,1.3165209843215346,1.1013379062631434
9,Backend,Mid,2.1356818667316144,14,2025,0.7995092289017091,0.8492833889306209,1.0113035737463871,0.5441835511753667,0.2817286159656803,0.45221349356553964,2.391093504861668,1.1684247168248691,81.93706112536185,89.85953300114714,0.23539333048168104,81.27516130404818,73.68289514166162,0.3563919324979057,1.3165209843215346,1.1013379062631434
9,Backend,Mid,2.1356818667316144,15,2025,0.8436765818249433,0.7552392946806128,0.8711209399224457,0.39736178935464334,0.0843646148316981,0.6603227309577747,1.364364095242171,1.1532944165017212,67.79857399839693,71.33366151318496,0.27909230841874483,81.28736842327336,74.65159640941283,0.35326414643973286,1.3165209843215346,1.1013379062631434
9,Backend,Mid,2.1356818667316144,16,2025,0.6842820320185378,0.5186156842955021,0.9343971024405594,0.4374182987496828,0.10430323060682332,0.6483375963356338,3.338548926313624,0.9336656611183767,75.68322129939817,76.31478387233317,0.9397075395829168,82.86477059263693,77.0923715544529,0.29619337728503425,1.3165209843215346,1.1013379062631434
9,Backend,Mid,2.1356818667316144,17,2025,0.7729167953137306,0.7503860911364246,0.9359630786854846,0.3322038943780635,0.3468509772898489,0.7990237516901757,2.945677907081924,0.9512713110252181,87.75124404661143,100.12103794869502,0.7584521736926308,82.47612430822117,81.72436536566525,0.30295322630320054,1.3165209843215346,1.1013379062631434
9,Backend,Mid,2.1356818667316144,18,2025,0.9210455090631109,0.8399622187245006,0.8970876256738433,0.2902127146402679,0.33863221339158484,0.6158696763167046,-0.42270879905700065,1.0222746709941868,63.561127151744756,57.85529807344651,0.2952617816922396,81.59573662967165,75.2189471144582,0.32449046228490697,1.3165209843215346,1.1013379062631434
9,Backend,Mid,2.1356818667316144,19,2025,0.9442845548042934,0.8844468060510199,0.8639893423470318,0.22344729246807604,0.4073658347982563,0.9160215321759939,1.3321346927082898,0.9118393046020152,71.71624740583198,77.25485288574423,0.41731791822740893,82.10685397219626,80.11855768907469,0.2981440778187675,1.3165209843215346,1.1013379062631434
9,Backend,Mid,2.1356818667316144,20,2025,0.7928982758688993,0.7552786713059885,0.9023323782728588,0.2890552023566023,0.4776871801104924,0.5995466366954255,0.07368242654126655,0.7474441561951025,83.22432311772617,79.97859219393163,0.2149540903749977,82.99507470980002,72.01538643141174,0.2578632086573537,1.3165209843215346,1.1013379062631434
9,Backend,Mid,2.1356818667316144,21,2025,0.857225189928385,0.8767420877670168,0.9311995575354132,0.9179583502029798,0.2341498306024163,0.73498258245365,3.11908316938801,0.7776404819506346,71.24491019360501,67.9644240135768,0.6738387961515481,82.27821454620758,73.7333062889702,0.2698763085050637,1.3165209843215346,1.1013379062631434
9,Backend,Mid,2.1356818667316144,22,2025,0.7384185832750333,0.7359207099460349,0.947141235767236,0.379697135789365,0.6916984415684773,0.8266846157008404,1.969199521205115,0.9662341892980246,62.847274237731064,66.72716206976186,0.3988773886079344,80.25275701399153,71.83994773237276,0.3244738627430089,1.3165209843215346,1.1013379062631434
9,Backend,Mid,2.1356818667316144,23,2025,0.75025027923233,0.6740155520664801,0.7513048488274234,0.8093294262470079,0.3444070921761323,0.8739469945796484,0.38530640092626456,0.9742756599417641,70.76098927667404,71.07715000923955,0.26374539982809225,79.63783382383544,68.99340439347439,0.33120651678972424,1.3165209843215346,1.1013379062631434
9,Backend,Mid,2.1356818667316144,24,2025,1.0118777021832908,0.9945140835892329,0.9756197439413682,0.08652935751288793,0.08983199456345974,0.9186735213684689,2.6921142670786686,0.954587069505735,75.9440695340416,77.74502592454964,0.47179851892629926,79.21889643354878,87.49268502474435,0.33075994362157385,1.3165209843215346,1.1013379062631434
9,Backend,Mid,2.1356818667316144,25,2025,0.9761254545265459,0.9752855689463237,1.026361920775079,0.48246548326704214,0.0875514262448221,0.7953548623976918,3.206505463547253,1.0098606490070932,74.80877820146293,72.07896856588829,0.17329754663599803,78.18281287737675,80.89886125346037,0.35044868915661237,1.3165209843215346,1.1013379062631434
9,Backend,Mid,2.1356818667316144,26,2025,0.9603225454167357,0.9131314902397207,0.779333089592686,0.19842123041086043,0.2605300951477556,0.9149141902301212,1.780855510012774,1.035738225005852,74.02796329740221,81.10752510750133,0.7621211873506925,77.37310886811005,83.66598634757682,0.36237173776692,1.3165209843215346,1.1013379062631434
9,Backend,Mid,2.1356818667316144,27,2025,0.8500645010230212,0.8355016492416187,0.9892095244121183,0.3015071975464934,0.3652841055963151,0.5784131998001011,2.224104278559826,0.7277674255777891,62.75597792952728,65.58868286493556,0.6613687559431927,79.23419186225794,74.80617801328042,0.2852685529300749,1.3165209843215346,1.1013379062631434
9,Backend,Mid,2.1356818667316144,28,2025,0.9283141912413568,0.8647638647501422,1.023798498512352,0.2259509792479863,0.36978087696707534,0.9496556308803312,2.8095319303042383,0.792092718912164,82.01710057977093,78.5986720046255,0.6206911180014426,78.12569459542178,82.27023733798671,0.30737108882058467,1.3165209843215346,1.1013379062631434
9,Backend,Mid,2.1356818667316144,29,2025,0.773383459996828,0.6750176085532196,0.7432358236667425,0.3352461723300545,0.16374505251453175,0.6712147220852495,4.262979652537399,1.0240403286126365,69.92283230850286,61.34693245498576,0.6452480685870629,75.6936676040431,74.1848496951332,0.3740275023555015,1.3165209843215346,1.1013379062631434
9,Backend,Mid,2.1356818667316144,30,2025,0.951870437385606,0.9559220534935433,0.7381476515788368,0.1962678355775905,0.36132192426587106,0.7342064127013986,3.852942047770699,0.9588133000370557,79.76430166717125,78.99799890017472,0.4420736506753956,75.66489240764159,79.06705143557183,0.3612218899437312,1.3165209843215346,1.1013379062631434
9,Backend,Mid,2.1356818667316144,31,2025,0.7722578295143704,0.7281455395450909,0.8847397486434762,0.21339905254819844,0.2346703253290221,0.6538946517437563,3.5507742904721136,0.9781975866529172,71.01518354867646,65.39048343925154,0.28882968781942325,74.99311024127775,74.28349324662936,0.37069693198660214,1.3165209843215346,1.1013379062631434
9,Backend,Mid,2.1356818667316144,32,2025,0.8480684289548523,0.7575323517162508,0.8199555062268835,0.5934107496947276,0.2748023609718203,0.5348111296113274,2.080915148012924,0.9590468173876108,83.17467126698372,78.60737836882261,0.5668048151061356,74.67102683785201,73.49917063616826,0.36955080649542205,1.3165209843215346,1.1013379062631434
9,Backend,Mid,2.1356818667316144,33,2025,0.8701978186900913,0.7871409257224207,0.9869094582762852,0.20885078963644474,0.32507990379440815,0.7187936976060043,0.6867065279828415,0.9539130661507402,73.7022777560154,73.57872343067078,0.7802491547199853,74.28515639809545,80.3519722934816,0.37173964324601927,1.3165209843215346,1.1013379062631434
9,Backend,Mid,2.1356818667316144,34,2025,0.7582960540033505,0.6609875167283744,0.7719934047074885,0.08614398492874868,0.17286150294968017,0.6794850025219727,5.187976243807411,1.125337416450959,72.86073533648835,67.97600663957894,0.24907541324299337,72.54139600708092,72.76088649966533,0.4205558498978508,1.3165209843215346,1.1013379062631434
9,Backend,Mid,2.1356818667316144,35,2025,0.7670153247302495,0.6817729690479521,1.010806724717273,0.25927167613368246,0.29935381379562426,0.5843194927977614,1.3202232506254914,1.028294662235197,88.30157225136864,87.5559030960541,0.22115776431171444,73.00537724200925,75.3428102913809,0.39728078876362904,1.3165209843215346,1.1013379062631434
9,Backend,Mid,2.1356818667316144,36,2025,0.84992338822947,0.8019260025586898,0.5677365041755473,0.20996334643219344,0.2475432331289258,0.6422002913171055,2.217002652700139,0.880818128789295,73.16459677983535,72.58984212237614,0.09724277516966051,73.93738842441543,70.66567719377073,0.3600187222210637,1.3165209843215346,1.1013379062631434
9,Backend,Mid,2.1356818667316144,37,2025,0.9313305382065791,0.8960135240473064,0.7711923746096329,0.11346869160636774,0.23609894315790253,0.377928603258215,4.042806773769682,1.0600962457509755,58.02910019059439,52.757574977573995,0.8010546398913092,72.32353561501881,75.86208293464776,0.4093231190250383,1.3165209843215346,1.1013379062631434
9,Backend,Mid,2.1356818667316144,38,2025,0.906764770367554,0.7985805488047995,0.6835790727299467,0.1438664999144628,0.21232110230273166,0.8496875914585907,1.5327188897053765,0.8980095618558075,76.07229288419153,73.57293771166637,0.27306836061368783,73.51139380282014,76.47201962883085,0.36700696401432703,1.3165209843215346,1.1013379062631434
9,Backend,Mid,2.1356818667316144,39,2025,0.9646598561475239,0.8967367225070082,0.8156808431313288,0.6796383696100838,0.16728733581647298,0.6324296797401295,2.1764850532155426,0.8514065164934114,100.77054329570032,101.64298429313901,0.5513239455143675,73.84776253620959,78.41093169185567,0.3548832821636024,1.3165209843215346,1.1013379062631434
9,Backend,Mid,2.1356818667316144,40,2025,0.9173174715521124,0.9760764010723882,0.7436778759202178,0.26412688262082135,0.25313114927659486,0.6333991581369892,2.69683139890193,0.6,59.76827535826152,57.111218352569395,0.29457203074750954,75.8954702976666,71.14532720113243,0.2875377475194449,1.3165209843215346,1.1013379062631434
9,Backend,Mid,2.1356818667316144,41,2025,0.9084819612951892,0.8741282161853029,0.8322831884885238,0.17578109151628407,0.06070077890485981,0.6295814684791236,3.0755619258303653,0.999756742455493,79.4398582156053,78.03731529248294,0.42825277895612385,72.80625164138267,80.36343224118237,0.3932325848129097,1.3165209843215346,1.1013379062631434
9,Backend,Mid,2.1356818667316144,42,2025,0.849140657376993,0.7708455143713141,1.049434494971985,0.41207350772730283,0.19759775513690034,0.7733734849266181,3.699980217947944,0.9544768360752347,64.7337451711582,62.44306022194961,0.560323930316428,73.34811876612791,77.48599125504462,0.379661044163981,1.3165209843215346,1.1013379062631434
9,Backend,Mid,2.1356818667316144,43,2025,0.6928267426277669,0.627158821987348,0.8433887606047993,0.23312066255639247,0.3941844988423123,0.5456242152422358,3.9141103906067816,0.9743230945305401,76.70565383207999,76.53139407962496,0.2572598783078755,73.4371497836465,70.30940782991378,0.3828883707090538,1.3165209843215346,1.1013379062631434
9,Backend,Mid,2.1356818667316144,44,2025,0.8556181140685319,0.8074733335046148,0.7750157077291815,0.1654691324849811,0.33542019271149853,0.809265364884626,3.122627039812321,0.958487345383262,81.52228200116694,86.36288238737004,0.23002554023786648,73.8761965756225,77.0096893847554,0.37606249761313154,1.3165209843215346,1.1013379062631434
9,Backend,Mid,2.1356818667316144,45,2025,0.7674116301308331,0.690781227970521,0.7798622394777545,1.0033748611583515,0.20501431439389278,0.631196172500542,3.6770006367903374,0.9379826944792307,61.8753269655145,64.55727305975239,0.16997612944832816,74.41259937146752,64.34100699887931,0.3674915441336168,1.3165209843215346,1.1013379062631434
9,Backend,Mid,2.1356818667316144,46,2025,0.8738664480389013,0.8244065778226204,0.9281942535451918,0.09109144045136737,0.13242050788006507,0.7796876349386759,1.168893901258604,1.0369422719458747,70.8707785498947,67.23485413663035,0.6450410320397522,74.0478632013859,81.81120933590998,0.39032292771095917,1.3165209843215346,1.1013379062631434
9,Backend,Mid,2.1356818667316144,47,2025,1.0047700596838476,0.8844223462056531,0.8479807897026234,0.7971221807151571,0.3908682914634415,0.5205519148647358,4.287239964604669,0.8356193783801924,70.66009537784043,78.13795406025257,0.8537422895627604,76.13373590745955,73.86415004118452,0.3326760764472088,1.3165209843215346,1.1013379062631434
9,Backend,Mid,2.1356818667316144,48,2025,0.9248636503763142,0.8933731162961678,0.8075401833977858,0.19512970579338013,0.23699674469635426,0.8294893916241787,4.441206008265922,0.8228166328587426,75.92379149392069,76.73485608015181,0.11065031574665454,76.75286574506809,76.89180214375322,0.3249561120295144,1.3165209843215346,1.1013379062631434
9,Backend,Mid,2.1356818667316144,49,2025,0.8345213941802658,0.8141384334077509,0.8217416616883017,0.1825285028245315,0.2226625720202017,0.6916697544359867,2.720189314205133,0.8507715471298688,85.32389398126396,94.94146141928124,0.3211279684411641,77.07981785590525,77.98623552201886,0.3278224939600967,1.3165209843215346,1.1013379062631434
9,Backend,Mid,2.1356818667316144,50,2025,0.7118463756650731,0.6732379520456889,0.8370326947971399,0.10233923904865604,0.32799413186547915,0.7911132548368207,3.214743539167707,0.7994136376121732,67.2458446369344,69.76959807979105,0.24720388154305312,78.0671272458217,72.3809301121651,0.30932333380725385,1.3165209843215346,1.1013379062631434
9,Backend,Mid,2.1356818667316144,51,2025,0.7411773661477276,0.6934794249572539,0.7528266379228278,0.15457362988323206,0.23016177470033986,0.7839573873001106,2.5310634263989313,0.9535433782290141,73.38232718834331,75.03666233037507,0.7329827291419205,77.42798424104814,77.79913306022397,0.3454754736370684,1.3165209843215346,1.1013379062631434
9,Backend,Mid,2.1356818667316144,52,2025,0.8445207898023822,0.7815295260379777,0.9109238830889753,0.35493277196826095,0.3349091120741495,0.735524637003806,2.545629329987864,1.144925695892148,73.30180027822801,65.04107961878393,0.34594547956913413,76.49960910101969,73.97194452713147,0.3914883966699322,1.3165209843215346,1.1013379062631434
10,Backend,Senior,6.626651653816322,1,2025,0.6797359411508863,0.6707648769498706,0.8831038902817213,0.025438030191215186,0.40125078630176075,0.7520805674868847,2.866606247013805,0.91151269056251,91.86651353667898,88.4158093489345,0.5106205159118601,86.9951455210706,79.30166870767968,0.25734299210358036,1.2850394613728935,0.9453048441558697
10,Backend,Senior,6.626651653816322,2,2025,0.788178722805886,0.7238616148064907,0.8947892858557924,0.19536883455532514,0.2018623279937463,0.819708242327493,2.6213192322565577,0.8069529153578858,63.02042037659338,60.88756411244051,0.22822560972558784,88.42551864286875,75.37099854695055,0.22451126104767088,1.2850394613728935,0.9453048441558697
10,Backend,Senior,6.626651653816322,3,2025,0.6405019532618886,0.6262128855529346,0.8095361479959053,0.3320266976901028,0.2621956050837484,0.7454028055598397,1.5220611644473614,1.083804292438273,68.87577109099132,58.98067762354276,0.8142561246998214,86.78715374000055,74.82118160690897,0.29353457732098337,1.2850394613728935,0.9453048441558697
10,Backend,Senior,6.626651653816322,4,2025,0.6960396337050705,0.5843377452501058,0.8218155150602899,0.06352609516183566,0.14350344008052326,0.7403870679741814,2.259634968367294,0.9335998809035144,66.27885447491802,58.35104424558828,0.6822281025329284,88.53938045728478,77.60699485546765,0.24889180570332975,1.2850394613728935,0.9453048441558697
10,Backend,Senior,6.626651653816322,5,2025,0.6321953402886475,0.5872643939511577,0.9606171751792331,0.2120975554302718,0.333061624998694,0.77429514309298,3.036807469224904,1.1110188496157867,62.50435088075995,69.67251892484934,0.127758711377208,87.63673658102354,72.07574017027486,0.29189763174796113,1.2850394613728935,0.9453048441558697
10,Backend,Senior,6.626651653816322,6,2025,0.9052402278946284,0.9295718874236327,0.8912355969085948,0.16400999005083552,0.47944526509489127,0.5003242514843658,3.0221638703884173,1.0629983117831208,62.60588352944909,67.61722989254166,0.5144782348430702,88.49619044123307,77.49022666719749,0.2751314086796819,1.2850394613728935,0.9453048441558697
10,Backend,Senior,6.626651653816322,7,2025,0.684122722948952,0.5870647699343011,0.8001401964325826,0.07064162321428617,0.14161735356280764,0.8840948631633068,4.34804019177085,1.0403276179601488,84.90710846624086,84.30200331119303,0.6999939267856043,89.10449644146837,81.8882078633952,0.26552805324646006,1.2850394613728935,0.9453048441558697
10,Backend,Senior,6.626651653816322,8,2025,0.7326438163598272,0.6743421245642776,0.9479259744286963,0.06937533896343318,0.18911256921224737,0.9427504445910733,0.7885115146350599,0.7034330230818318,78.7138184160344,75.89155124671382,0.684679227796694,92.17201878910768,81.64965950233525,0.172586448040469,1.2850394613728935,0.9453048441558697
10,Backend,Senior,6.626651653816322,9,2025,0.8103111835053136,0.8005964383774768,0.8872166762366108,0.7543780075551756,0.3907088200806058,0.6473092223946162,3.2831556560131747,1.066264097447422,69.3112302480263,76.3543277152559,0.6258692614126021,89.58173099298072,74.15788055229335,0.26673839454797843,1.2850394613728935,0.9453048441558697
10,Backend,Senior,6.626651653816322,10,2025,0.7630773277960118,0.6908442866930067,0.8860755754663835,0.20864885584536136,0.6201882846958106,0.8959572741508876,2.8082213115839805,1.1850087898614072,85.71020472112836,86.1698349061645,0.2421450192301237,88.87957453882989,75.18079073186573,0.29633863681536576,1.2850394613728935,0.9453048441558697
10,Backend,Senior,6.626651653816322,11,2025,0.6083552821232359,0.6037549008336807,0.8056176520308668,0.24245112595725088,0.04160845463916804,0.6805106786719145,0.967401765402238,0.9428958064307361,77.69306189562339,83.44049871567523,0.14016202483487308,90.99610627997843,74.90272904646349,0.23027827561966033,1.2850394613728935,0.9453048441558697
10,Backend,Senior,6.626651653816322,12,2025,0.7267706340510123,0.626676779559092,0.9376605879842179,0.5409665067037417,0.08314408069698762,0.6024220497184578,3.4992846402345084,1.2382260892256431,85.54806433094623,86.63620483156049,0.9444734786672966,88.74229930097918,78.10153400676384,0.3081260570036355,1.2850394613728935,0.9453048441558697
10,Backend,Senior,6.626651653816322,13,2025,0.8314631475378895,0.7268485217522431,0.6808038780312424,0.20895257970551548,0.5031073637622971,0.8342942448783425,2.6821706277121016,1.0748665760198413,83.91877634570275,77.78370595926008,0.3157574769694699,90.08563103613533,75.72583554698403,0.26425972323617386,1.2850394613728935,0.9453048441558697
10,Backend,Senior,6.626651653816322,14,2025,0.9490987198406385,0.8189217876936317,0.7636810287833171,0.23162528426317158,0.16975568048400214,0.8473072458051296,2.5993940895614296,1.0007115039291383,66.74645343038094,70.42019640908597,0.5157347798617886,90.64241598335121,81.87165691857984,0.24478883425790088,1.2850394613728935,0.9453048441558697
10,Backend,Senior,6.626651653816322,15,2025,0.8624420009795468,0.7853622370845447,0.8714982817454547,0.2892381902450702,0.38316356865175155,0.5167468505759353,2.781348347489577,1.0472457807332998,76.87184027488584,75.51870654218456,0.43943443800127063,90.16130648555792,76.7032385020686,0.2581049354336773,1.2850394613728935,0.9453048441558697
10,Backend,Senior,6.626651653816322,16,2025,0.8936598319994283,0.870039660332133,0.9719493022566629,0.7252718894824176,0.5617862622593721,0.7490075582498975,2.2687257346374237,0.8496181551415717,56.170165533282734,48.5521764799419,0.44199576228480536,91.56269961658856,71.69811404346748,0.2069011342234097,1.2850394613728935,0.9453048441558697
10,Backend,Senior,6.626651653816322,17,2025,0.7344275485700161,0.7163070153225712,0.8272107441234166,0.2747702831224046,0.3370416195342156,0.6976986495145499,1.6910361070741997,1.3795554502962535,63.862544795781254,70.58763807713916,0.8603626598219218,82.52073476663504,73.44349493968302,0.388238300337292,1.2850394613728935,0.9453048441558697
10,Backend,Senior,6.626651653816322,18,2025,0.6314193832440048,0.5659872722390169,0.8948317562430157,0.39531373056894537,0.2806724363731547,0.6212095308660421,2.8523521103140537,0.9902292496406668,75.02183590837036,68.14640974253494,0.339002757145397,89.877648976637,72.32108675055845,0.2490654417894916,1.2850394613728935,0.9453048441558697
10,Backend,Senior,6.626651653816322,19,2025,0.8845803168890369,0.8403235804375223,0.7254849424039914,0.3401181708229905,0.11918743899084458,0.9328809322151626,2.6879417764327567,1.1904419893899765,69.75182803707135,71.7761565018894,0.7602902126373078,87.90358147002976,80.90193379743403,0.3055585522944139,1.2850394613728935,0.9453048441558697
10,Backend,Senior,6.626651653816322,20,2025,0.7829021323913262,0.7447544285027303,0.795894459407192,0.06984801200367183,0.22793408336511656,0.5449434745265865,4.3155774815950725,1.0196115018868195,82.03253828095947,73.16366261994688,0.4363552987600779,88.84328492040348,78.34768146698073,0.263561592707335,1.2850394613728935,0.9453048441558697
10,Backend,Senior,6.626651653816322,21,2025,0.7719226094726721,0.6884429632873251,0.8899996552943606,0.3283641056741012,0.5967470447746234,0.8901903931804082,2.2316287060410316,0.887064190685809,78.56629616101603,85.70134067451133,0.5780763650479072,89.42837385246337,76.9692288440564,0.2321763893666337,1.2850394613728935,0.9453048441558697
10,Backend,Senior,6.626651653816322,22,2025,0.7207742197380947,0.677014766115025,1.0473898578442582,0.5809952021716073,0.4906875589920008,0.6051669316064516,0.42786488390351307,1.056303954421671,72.95067525758392,70.13462658737082,0.24332570792403793,87.55774786913955,70.9626373359756,0.28161289197483796,1.2850394613728935,0.9453048441558697
10,Backend,Senior,6.626651653816322,23,2025,0.7564143616542142,0.7499880671626984,0.8614308753059248,0.5319424866048788,0.1126423388478905,0.626179628021011,1.7778607833711368,1.0313754716033128,84.83050148678952,80.95476326453411,0.1266349835788861,87.20658430668023,74.8554401998801,0.27955355843166063,1.2850394613728935,0.9453048441558697
10,Backend,Senior,6.626651653816322,24,2025,0.8520663159878243,0.7531979904070262,0.7331913047892151,0.08764063915703106,0.24921675838977983,0.7237258152308602,1.671819436126492,1.1581930942730978,81.85656392513711,78.66059625638631,0.36584292576938177,85.61559721154705,77.67563174877293,0.3181753087583941,1.2850394613728935,0.9453048441558697
10,Backend,Senior,6.626651653816322,25,2025,0.7198692989341491,0.6476396118124333,0.7642266823394981,0.8960341489556705,0.24778361633758764,0.3617520271536156,2.096502067055769,1.0854061235235568,83.22042003928942,90.51258355642331,0.4563789458852215,85.60399805738223,68.07807313201788,0.3037145742265261,1.2850394613728935,0.9453048441558697
10,Backend,Senior,6.626651653816322,26,2025,0.7690702869681267,0.7018564934412844,0.791922486631438,0.49609330971351207,0.2526161872584256,0.5218868230885771,2.3597244144495715,0.9968618443925384,71.64484167966934,72.9247274117632,0.457188721294186,85.70966888915375,72.91593524673567,0.2851251281355598,1.2850394613728935,0.9453048441558697
10,Backend,Senior,6.626651653816322,27,2025,0.6826699907841964,0.6504071675135978,0.8363577849722383,0.20122971508015827,0.26780944164593584,0.8091428080226719,4.463157986992217,1.1297009395890352,78.32655071477107,82.63710269071919,0.6998172025224306,84.04427272630517,77.90120295040946,0.32557124853193065,1.2850394613728935,0.9453048441558697
10,Backend,Senior,6.626651653816322,28,2025,0.8331572945938789,0.7541983848311041,0.8268837224632327,0.4675988684064116,0.09580540469684609,0.3514176228155025,1.6656263877048785,1.1193795718511839,72.65420970380812,76.09550825767019,0.7544138599662064,83.5329487480468,75.32472545738598,0.32776800813651336,1.2850394613728935,0.9453048441558697
10,Backend,Senior,6.626651653816322,29,2025,0.7679424616311935,0.705459976362124,0.8559909774079504,0.45575542883526227,0.13926181864202275,0.9824045782485398,0.021463284146180595,0.8987778633653295,54.565064975148786,60.44085410661949,0.28064925147322056,84.72131630215874,74.42286093802292,0.2737446034884097,1.2850394613728935,0.9453048441558697
10,Backend,Senior,6.626651653816322,30,2025,0.8073499597603081,0.7384888203932986,0.818151820112952,0.20381632177127448,0.38577555781543926,0.7625596750911925,4.089147301636457,1.034110761848743,80.01129276064576,77.57813681969941,0.24232840101994196,83.08806168928528,75.99155724559756,0.31442163829237124,1.2850394613728935,0.9453048441558697
10,Backend,Senior,6.626651653816322,31,2025,0.8133196301226919,0.7027069063497399,0.9345273297042096,0.1590776614098848,0.3172515670182059,0.6643499538621038,2.3099227527834016,1.0461602903242633,82.52130949127638,79.68044835166491,0.5340388211994873,82.47495758804418,79.02239477287318,0.32194074483115115,1.2850394613728935,0.9453048441558697
10,Backend,Senior,6.626651653816322,32,2025,0.7350492642515366,0.7117142064902585,0.8517872106467707,0.4498382739952562,0.28504049765274947,0.687626015501213,1.9026189389548571,0.8843779554078866,76.1041804694612,82.09007312677076,0.22836737701152166,83.29392670982699,72.66500182637424,0.2827595351663523,1.2850394613728935,0.9453048441558697
10,Backend,Senior,6.626651653816322,33,2025,0.8367280690831138,0.8393599654118394,0.9421936378007616,0.17018916156842534,0.21024532288465467,0.9632632857803738,3.091657083935445,1.125781221633889,83.36219569051354,78.09637494466287,0.8805460502017914,80.93576013036744,85.22315358092453,0.35069157657371575,1.2850394613728935,0.9453048441558697
10,Backend,Senior,6.626651653816322,34,2025,0.7971358081895428,0.7528656260153433,0.7799075367831473,0.2842362842244671,0.04106138534862683,0.5153489280797492,2.623529201841093,0.9875299711417759,72.83268210843538,71.53657304341492,0.4721693144677758,81.66940454569158,76.44763969728248,0.3169276230142587,1.2850394613728935,0.9453048441558697
10,Backend,Senior,6.626651653816322,35,2025,0.7972462469505156,0.8181221142403734,0.8957541934004781,0.39472117442788685,0.5538936511912327,0.5864992134513799,3.2996037853020774,1.0849207463068555,86.91955967642973,84.99140087170213,0.8562562725072752,80.57791754557317,77.16684813320722,0.3455015030482614,1.2850394613728935,0.9453048441558697
10,Backend,Senior,6.626651653816322,36,2025,0.8077998071516708,0.7694199439107497,0.7792379463131223,0.23503167302273265,0.3253769133714513,0.8439561075496564,4.34866306896655,1.0650624528941444,61.9235741890656,63.29187478512811,0.7605017949596546,80.48898280771382,77.43457110694393,0.3422709671812137,1.2850394613728935,0.9453048441558697
10,Backend,Senior,6.626651653816322,37,2025,0.8986207035963512,0.8661747032154781,0.9270050108917586,0.08793492602085877,0.0952563879397922,0.8811790567042875,2.7781254895361047,1.0558779500637507,58.74107972625504,58.58540203467866,0.7310215053198422,80.38283095665379,83.59512266228795,0.3413186653739686,1.2850394613728935,0.9453048441558697
10,Backend,Senior,6.626651653816322,38,2025,0.8073638361529474,0.6758889492811148,0.8397458228490026,0.2094639680205895,0.137992295638841,0.713030880504397,5.003171790905711,0.9180603986233803,70.16015660399447,73.6562187973544,0.15394057253749568,81.37653608481675,74.94422113250158,0.3054742790178698,1.2850394613728935,0.9453048441558697
10,Backend,Senior,6.626651653816322,39,2025,0.4988889665775071,0.4422433420543739,0.8972815069927832,0.08690840455862177,0.3037324697567041,0.7669088583880139,2.0681774505750576,0.9744573202261299,63.87295404993499,55.402180740812085,0.38768916777055484,80.88890508248502,70.60055042600659,0.3208172550245174,1.2850394613728935,0.9453048441558697
10,Backend,Senior,6.626651653816322,40,2025,0.713847768882511,0.7205584166076673,0.9192464341364327,0.9915499343887977,0.17375055597482794,0.6332661738700386,3.5556942488831496,1.1129336622240678,81.02900045248154,78.09694006834198,0.13426556727228503,79.81754997601125,68.11636924951736,0.35744048264471984,1.2850394613728935,0.9453048441558697
10,Backend,Senior,6.626651653816322,41,2025,0.8065750936188792,0.8552978037911071,0.9074842325770399,0.1426368961755284,0.284299595486137,0.5491190761232919,1.4456198047545838,1.0037671126039016,60.806156442039594,61.92613128654484,0.5194224761240335,80.79971765633259,77.10568171552721,0.327422442051342,1.2850394613728935,0.9453048441558697
10,Backend,Senior,6.626651653816322,42,2025,0.778325731513451,0.6436536093148968,0.741681155333395,0.12051656825881343,0.21532326902604765,0.74586109645274,3.5304387856367914,0.8084373156503322,80.46889703451684,83.45940593332261,0.9564459841371081,82.54198390566432,79.4906462891394,0.27383759724953044,1.2850394613728935,0.9453048441558697
10,Backend,Senior,6.626651653816322,43,2025,0.6911412569167995,0.6535801155762424,0.8510021151740569,0.3363285361720073,0.17086100032765936,0.8432991213119664,2.641479341483804,0.9994206581812208,88.32031811631234,94.55212419569845,0.34653031756621894,81.26191825057825,78.11000734074796,0.3227014795480921,1.2850394613728935,0.9453048441558697
10,Backend,Senior,6.626651653816322,44,2025,0.6630014073227609,0.6456894501028415,0.7501349309652192,0.46510906651386286,0.06054079146638639,0.8416990291198189,4.185701754034971,1.013014161319397,68.53757675853406,66.14480542494547,0.6726599518481798,81.4655310242706,75.44158084173776,0.32372340706162434,1.2850394613728935,0.9453048441558697
10,Backend,Senior,6.626651653816322,45,2025,0.8159321820446412,0.7339694591189493,0.7167550219001795,0.2511892309973653,0.1760053488076712,0.5518893285160201,2.271677915661637,0.7753676558259759,81.15854798150086,81.08720209352808,0.45332148858749344,83.73906865683075,74.52541965559882,0.25724795902493885,1.2850394613728935,0.9453048441558697
10,Backend,Senior,6.626651653816322,46,2025,0.6739522285050371,0.6175725875282998,0.8239792498641059,0.32731399733496386,0.17931147169617115,0.643901955496404,2.132977385278358,1.134239509234834,71.09590813578367,80.93969468295347,0.4903862638002183,81.29503427921141,73.22248670896896,0.34938928285353843,1.2850394613728935,0.9453048441558697
10,Backend,Senior,6.626651653816322,47,2025,0.750374600605766,0.6586869775264453,0.8845620344651446,0.29795118357255784,0.17484624561376041,0.7682322517128515,1.4484687664153049,1.0600754435294155,56.48235253729582,58.6156315902582,0.6226850221312641,82.36363636240296,75.64308308880634,0.32565145235252513,1.2850394613728935,0.9453048441558697
10,Backend,Senior,6.626651653816322,48,2025,0.7689597069220228,0.7292290900757255,0.8932346964207784,0.5546368034141588,0.3881917292183647,0.610551486037003,2.599014449487257,1.0668639776825692,69.7758527162249,66.9417861272132,0.7954604974704975,82.82603596261467,73.9847710694883,0.32315582918139163,1.2850394613728935,0.9453048441558697
10,Backend,Senior,6.626651653816322,49,2025,0.5984995455661111,0.5031824900740697,0.9722711792831931,0.8989081732351117,0.0642759523336871,0.7789366647228488,3.488638522139262,0.9070372514993379,79.47345559306338,79.28395728197056,0.24264445489969452,84.65524119708668,69.84091922774076,0.2759471069908119,1.2850394613728935,0.9453048441558697
10,Backend,Senior,6.626651653816322,50,2025,0.718032451873467,0.7100365946521336,0.7240628725034036,0.17142577156966782,0.35246514188505457,0.8671109744562694,3.2811753362875993,0.9774507439354435,72.84611711139924,73.5516895949272,0.060599268221599854,84.66837937137272,73.68676627892906,0.28992032069231605,1.2850394613728935,0.9453048441558697
10,Backend,Senior,6.626651653816322,51,2025,0.5680204325046871,0.5324696402212621,0.8999821635973809,0.27447837591962265,0.10770492555217608,0.7931599420542486,2.9224050828319217,0.7690510871570668,63.178507511982026,72.01729430178308,0.37973836167721386,86.9294715457609,72.37076850362095,0.2293979545500725,1.2850394613728935,0.9453048441558697
10,Backend,Senior,6.626651653816322,52,2025,0.8470511095292731,0.7653912120903548,0.9075356724520125,0.21818316363867465,0.1004071368241502,0.847027221629197,2.3646657660768904,1.0215108941606956,77.61730438193884,71.0052819784247,0.2755611117455964,85.5124764910085,80.62709665147536,0.2916982080737349,1.2850394613728935,0.9453048441558697
11,Backend,Junior,1.083015934534223,1,2025,0.6612972792623046,0.6138294081735581,0.8228269960130291,0.23508814121596777,0.13947785897934642,0.7074287598609563,0.3386389073746412,1.081283923071386,76.1389757199848,90.72413957602808,0.43815683621541357,71.39195326560751,74.36126685200016,0.42132384073421464,1.187374671623095,1.0787411623700596
11,Backend,Junior,1.083015934534223,2,2025,0.8849464301708814,0.8178812025691934,0.8289695505007957,0.4578649022746062,0.261840675627225,0.5302916623821161,2.7510035431501465,1.0014093031863773,76.79414171048842,69.21082897905882,0.5527640628501553,72.62484514484873,74.70458140791213,0.395074817763536,1.187374671623095,1.0787411623700596
11,Backend,Junior,1.083015934534223,3,2025,0.8000890698093183,0.7306194097229959,0.8412984776681862,0.29018926484607804,0.2945069484617757,0.9074769804581709,0.5565568476890828,1.0489238295873644,67.93733652095891,63.17506531238278,0.4095553476090083,72.82117504741574,74.98170969911253,0.4029416405223418,1.187374671623095,1.0787411623700596
11,Backend,Junior,1.083015934534223,4,2025,0.7824717673172364,0.6852317460770786,0.9087393386417555,0.07988377478618917,0.29280400068808515,0.8372272813227993,1.5060790708246068,0.8936832695917752,86.52913256204809,96.03237777065853,0.4969234323068729,74.6136909523866,79.91473431210042,0.3569558959818,1.187374671623095,1.0787411623700596
11,Backend,Junior,1.083015934534223,5,2025,0.929030402239905,0.8562588293091025,0.7162325813912316,0.26413695898554,0.07559097034161426,0.8784898108069045,1.6401745292121048,1.0803393095266072,87.99588477665206,88.18235517575538,0.1631771380011505,73.6371505063449,79.24681020592081,0.402424941019114,1.187374671623095,1.0787411623700596
11,Backend,Junior,1.083015934534223,6,2025,1.0957544535792394,1.123290096029728,0.9161728735021597,0.27540232239665224,0.41393537168040845,0.9125952827050539,1.3716584297342171,1.0203237058475143,87.72483330848759,79.92397918283787,0.7884986597953252,74.59256489332583,87.29821370992548,0.38246003372512094,1.187374671623095,1.0787411623700596
11,Backend,Junior,1.083015934534223,7,2025,0.8536982690631939,0.8262215121452888,0.8728482177718192,0.10784811700693699,0.13795577599221825,0.896975235968924,2.4169215590361164,0.9020944142296979,73.02405431277641,76.38601916218079,0.9245752264782335,75.96533967591989,84.16102601642143,0.34737438554660716,1.187374671623095,1.0787411623700596
11,Backend,Junior,1.083015934534223,8,2025,0.8634226444557921,0.7891765695943777,0.9438428857580184,0.18118137626964317,0.13879580025878765,0.8558675432326265,2.774038840649303,1.0276179097492255,72.34075805927567,71.82751519202252,0.8292602854077923,75.33351730037646,83.26030933765287,0.37774427111337466,1.187374671623095,1.0787411623700596
11,Backend,Junior,1.083015934534223,9,2025,0.9338022080404468,0.9029832078257182,0.9789131835437445,0.7168633181617821,0.5367335688243728,0.7437416890790189,2.694132152005644,1.3317105363895303,62.11408291622408,59.02942056475348,0.5946692541972772,69.23261064937742,69.68334083843129,0.4894036851997609,1.187374671623095,1.0787411623700596
11,Backend,Junior,1.083015934534223,10,2025,0.720117269830884,0.6745023038503926,0.9772540632585501,0.27662063664664416,0.21613309746403198,0.600099745947727,2.8360754125053464,0.6673586379771979,80.00112829620866,82.49892283745467,0.7514539241150249,78.77575335851147,75.61293208793344,0.27700711627451063,1.187374671623095,1.0787411623700596
11,Backend,Junior,1.083015934534223,11,2025,0.7350626854573887,0.6777461029125785,0.7644257420048493,0.03543024110314542,0.19436072206273589,0.706400168740098,1.710446314483679,1.1691181550683825,82.37639200059881,81.09426615495592,0.7237612447488931,74.94130509548518,77.68388840586853,0.4093127552179666,1.187374671623095,1.0787411623700596
11,Backend,Junior,1.083015934534223,12,2025,0.8865229035051398,0.848311345058907,0.9392209872809986,0.08046126944586529,0.4901157050231133,0.812183923061092,2.810539637914204,1.0671896099159421,63.84782772029081,59.882154402221126,0.37327458652809903,75.8655687400647,76.8657121935898,0.3812248491493159,1.187374671623095,1.0787411623700596
11,Backend,Junior,1.083015934534223,13,2025,0.8874040082362018,0.7588618948944492,0.771227756673448,0.3206822123708373,0.4068723696854509,0.8930832381683588,2.2563699442820697,1.2689671491411245,67.35250299794276,62.501005517472684,0.4004307234866224,71.06019826607948,71.51680570508077,0.4616251109442292,1.187374671623095,1.0787411623700596
11,Backend,Junior,1.083015934534223,14,2025,1.1425697075134302,1.1571367609120238,0.8358809417909663,0.11621255305699228,0.07810913138489241,0.8625736257249613,2.5953502743327785,1.0367853771841355,58.374754978639075,50.88981003431758,0.842466611717365,76.10880260191917,87.54052197694922,0.3731170537541674,1.187374671623095,1.0787411623700596
11,Backend,Junior,1.083015934534223,15,2025,0.8305612198076071,0.8565596565342848,0.893765562890825,0.20683175072133583,0.1952962720860136,0.5509627223503767,2.666590579699107,1.0731573139298023,70.78517002833637,77.14616279958686,0.736591103749305,75.70899182459382,79.11329206976703,0.38372319758101187,1.187374671623095,1.0787411623700596
11,Backend,Junior,1.083015934534223,16,2025,0.9897193208851809,0.855078838611941,0.7945406759567448,0.0626513923832924,0.035500202451028966,0.8192353000965396,0.5216150834269158,0.9726122682381337,65.92131191522591,68.17815207245324,0.5156139384566643,76.33372431642398,82.62265775045844,0.3584080843440936,1.187374671623095,1.0787411623700596
11,Backend,Junior,1.083015934534223,17,2025,0.9469122790611626,0.9026854977732863,0.7738354761064237,0.22794438965528094,0.3869954235811156,0.6414600324140294,1.474724569330299,0.8848392972055927,70.87579930150093,63.60133847505438,0.6370588137356031,76.78810699952328,76.70081132121446,0.3370669677784245,1.187374671623095,1.0787411623700596
11,Backend,Junior,1.083015934534223,18,2025,0.8433885851351072,0.8310438445806778,0.8427030568118722,0.03332321354060573,0.44620612510802327,0.6392402638402223,2.3783113143127306,1.2517269883187305,87.54744837337654,93.80509271944604,0.4704103785307514,70.51992081199565,76.45590274354507,0.46267939089711574,1.187374671623095,1.0787411623700596
11,Backend,Junior,1.083015934534223,19,2025,1.0983277665154705,1.06297145903178,1.046970267905112,0.8762527315473673,0.3133693286761515,0.7320525749117102,1.2251943847271234,1.0199860080962218,70.4742003005681,73.57775906609399,0.10884705759726442,75.02220692498771,76.31886452313708,0.37881214391101337,1.187374671623095,1.0787411623700596
11,Backend,Junior,1.083015934534223,20,2025,0.8298012038574033,0.7860031502114686,0.9066502455055219,0.28372551081199127,0.22885332556812119,0.8353646895210449,2.5437103969919836,0.9878776640254664,87.22807922133408,84.38904001041355,0.6009720347916057,74.85213322790221,81.13531291041892,0.3738077559059081,1.187374671623095,1.0787411623700596
11,Backend,Junior,1.083015934534223,21,2025,0.9177943068310992,0.8963219990057445,0.78598534949063,0.2964341758924545,0.1463254360805702,0.7001274082384397,2.6476381003869167,1.2181465152694735,65.37856471140685,63.426189726687404,0.766597186867642,72.53469286040196,77.20878517350933,0.43917352921721164,1.187374671623095,1.0787411623700596
11,Backend,Junior,1.083015934534223,22,2025,0.7087619988976338,0.6855522108892317,0.8781955198185499,0.5088825976122339,0.48471271117185943,0.7797026850288646,1.67067962563863,1.0421336689901757,80.91571018453098,79.00952374816661,0.608333857974407,73.42608775719943,72.91914322044796,0.3965426691547066,1.187374671623095,1.0787411623700596
11,Backend,Junior,1.083015934534223,23,2025,0.9377255038037354,0.8959137931446269,0.7635569686326462,0.18237605396937084,0.17492047043625256,0.6160148786224511,1.8148141215894924,1.0403001887655752,74.71742246701761,70.36119340794507,0.643960243428685,72.89016417399004,79.29011436058182,0.40064200296986463,1.187374671623095,1.0787411623700596
11,Backend,Junior,1.083015934534223,24,2025,0.9346702515145437,0.8739396231332557,0.9067256402057999,0.29383381660963226,0.6613329728078557,0.7529487569704756,2.0182829490644743,1.0892696778870652,77.42602813054941,81.75440138638626,0.5586862972064847,71.92196214724324,76.36707303719899,0.41850425101705274,1.187374671623095,1.0787411623700596
11,Backend,Junior,1.083015934534223,25,2025,0.9140537054541022,0.8652458567281599,0.8582864841868996,0.36596606798901027,0.268542247849995,0.7933259807113605,2.830693226656855,0.7966526045097972,62.907512455383966,58.62905145451533,0.4906328656082576,73.66900381410022,74.75620765288924,0.3454221557844577,1.187374671623095,1.0787411623700596
11,Backend,Junior,1.083015934534223,26,2025,0.6889553677419844,0.6413513487145549,1.0052829320198842,0.049035047842326686,0.2647684698002041,0.9526020643551955,4.192313019104875,1.050490214134325,72.40278828923468,72.57964537467787,0.3139324644372874,71.03561953582738,77.25470383691005,0.4181345466949702,1.187374671623095,1.0787411623700596
11,Backend,Junior,1.083015934534223,27,2025,1.0626443099844187,1.0592832774116372,0.8092984108193229,0.27041786025875514,0.2582143763633328,0.582764459604713,1.4496828656778595,0.82266303970174,64.02707730277307,65.74082232995019,0.7253920044781134,72.25555353001144,78.98213193889707,0.36240299519025265,1.187374671623095,1.0787411623700596
11,Backend,Junior,1.083015934534223,28,2025,0.8403655216418483,0.7490456784779927,0.9983563241625959,0.06698273991072119,0.15060958181112596,0.7475483930570324,1.7519090171513374,1.1189893743932546,77.91658933189046,79.36328386010538,0.29301446939883896,69.29104793231815,78.60316062532475,0.44637247544266634,1.187374671623095,1.0787411623700596
11,Backend,Junior,1.083015934534223,29,2025,0.8433554792732789,0.7201257262800285,0.887755473283791,0.358185284787911,0.21867010947506313,0.5544290782455231,3.063335503058906,1.1134071663971215,70.65173208732263,71.84473245365314,0.11442090289889524,68.75925948251233,70.43453506868887,0.4496876042584882,1.187374671623095,1.0787411623700596
11,Backend,Junior,1.083015934534223,30,2025,0.880236181242792,0.8809184653253946,0.8787479675014821,0.2121776325881256,0.1764069035165322,0.5936564178977962,1.321820312665723,0.9731939673154757,79.32850402519973,84.88226988727294,0.7189011520937035,69.33037365015933,80.6461801511077,0.4168856797117674,1.187374671623095,1.0787411623700596
11,Backend,Junior,1.083015934534223,31,2025,0.8490450809866501,0.804390190175721,0.8706677628539116,0.1277402356887338,0.155290636514307,0.7517665503046183,1.0573643289868193,0.9601217056829712,75.99557597599967,83.75276480544612,0.6695535686004144,68.91824386978243,80.86636113773886,0.41770564222174067,1.187374671623095,1.0787411623700596
11,Backend,Junior,1.083015934534223,32,2025,0.8436018959022487,0.8129406567013486,0.8268075997886377,0.4077949944663883,0.18394427328164845,0.8510960220246193,2.27532009837013,1.0860338255316138,85.7502121451091,85.72889745688973,0.6770825410690068,67.4356573534451,78.86230907118781,0.45524295382761365,1.187374671623095,1.0787411623700596
11,Backend,Junior,1.083015934534223,33,2025,1.0972084409632608,0.9894347044840629,0.8313426746944635,0.04585787290644038,0.17723291975733074,0.8090733123248891,2.918714558875794,1.0154493399642521,61.131205294729725,67.67357614073055,0.11554706031879694,67.57339278833246,80.06852721502386,0.4399782614234133,1.187374671623095,1.0787411623700596
11,Backend,Junior,1.083015934534223,34,2025,0.6983469323049915,0.6788950386721497,0.8944802998019574,0.48897799637749495,0.09337624466533435,0.637021947667688,1.322968368546929,0.950938985370432,90.6235450937323,95.06848383965053,0.7558169073369118,67.71711003647025,76.92465793331127,0.4258785467701676,1.187374671623095,1.0787411623700596
11,Backend,Junior,1.083015934534223,35,2025,0.8583732878498775,0.9262494566212381,0.8720841770290352,0.7072976525678768,0.44081776130432726,0.8511721812132912,3.720752603254738,1.1810504858128823,92.3879836095087,90.61447388784899,0.2597531327694045,65.56385723413287,72.71513405478822,0.4898446202114692,1.187374671623095,1.0787411623700596
11,Backend,Junior,1.083015934534223,36,2025,0.8038006395083,0.6886170948110226,0.7897713645331589,0.19688320082600194,0.26247231331680676,0.7833987443042698,2.9133720291303957,0.9185197749435494,75.54611782910071,78.8327233046984,0.7373398927224335,67.4163018359265,76.69408295843094,0.42190143968932237,1.187374671623095,1.0787411623700596
11,Backend,Junior,1.083015934534223,37,2025,0.9682930284117655,0.9813453882826153,0.7798750455595923,0.33450083387340906,0.0736849918867148,0.600496565847551,2.3274487424851324,1.1522341513094514,61.74718628047559,68.477703399788,0.5436765755841418,65.3669589512961,76.1532629354467,0.4857221723344228,1.187374671623095,1.0787411623700596
11,Backend,Junior,1.083015934534223,38,2025,0.8550118869728347,0.8213846955563021,0.9410907035033749,0.08001405736798542,0.01611184903443048,0.5168570094669485,1.527664996183812,0.8083943299674073,86.4079144755454,70.9171787029415,0.5302670706586109,68.00884223867244,78.65635503762769,0.39493851400454444,1.187374671623095,1.0787411623700596
11,Backend,Junior,1.083015934534223,39,2025,0.8368087677523799,0.7468072699193433,0.7485784991203172,0.3642568713524357,0.10045976490320886,0.724205489636209,1.9850676370187958,1.0617587660861862,41.244208998223996,38.99595802900993,0.7024101678013749,65.94547112021249,71.45733107375321,0.46280616054879986,1.187374671623095,1.0787411623700596
11,Backend,Junior,1.083015934534223,40,2025,0.9520338001653368,0.9710823586436523,0.904846327354057,0.2201984180127397,0.21417164655137189,0.7400145584838442,2.4576681043397874,1.150504883909372,63.342293828330334,72.62651214257619,0.6467202768193507,65.27195780713673,79.15512938646113,0.48616799505573494,1.187374671623095,1.0787411623700596
11,Backend,Junior,1.083015934534223,41,2025,0.731295050894172,0.5813670461752075,0.9424011057257172,0.307419975509103,0.34206010906544354,0.8914377119068048,3.457517777643326,1.1174210237488635,74.23721848260418,65.92931353671422,0.692346872832415,65.6454639717808,73.8663029008356,0.4764386716515994,1.187374671623095,1.0787411623700596
11,Backend,Junior,1.083015934534223,42,2025,0.933745835745882,0.8807129185066644,0.7555423280079091,0.04007519875399469,0.23986620608137726,0.6660029535404614,3.797297533925546,1.001413954084566,74.20623859979688,75.27855493713463,0.5070041326731569,66.75314840279837,78.92837023500421,0.4440065541269267,1.187374671623095,1.0787411623700596
11,Backend,Junior,1.083015934534223,43,2025,0.8518184773081435,0.8361968662460642,0.9783354577288206,0.40598680546125865,0.43217695117306465,0.7085610137250327,3.937169855304112,0.8794294828515447,74.4702172507047,79.14356804120737,0.3492527353404352,67.97682525782356,73.81024102750554,0.4094123527551126,1.187374671623095,1.0787411623700596
11,Backend,Junior,1.083015934534223,44,2025,0.8845678249694509,0.8194867516482378,0.8045477592981584,0.3569976649769399,0.263225023548537,0.8567175896604663,4.635321123975958,1.1854734268276266,71.63455078790889,70.09347114710474,0.5933309908758279,65.84083450481268,75.14894651090212,0.48842106449208633,1.187374671623095,1.0787411623700596
11,Backend,Junior,1.083015934534223,45,2025,1.073235603121985,0.9938093973763302,0.7714682079736761,0.47558136939247697,0.24995850829673819,0.5692864660353542,1.711784832698085,0.8904982715703271,64.42063337991091,64.85026642657294,0.7286340307912996,68.57300133548387,76.41624009600451,0.40665797651836655,1.187374671623095,1.0787411623700596
11,Backend,Junior,1.083015934534223,46,2025,0.8321564712544806,0.8335599900491416,0.8178336419450883,0.19410180797153548,0.3027222159162753,0.8477958723756266,3.4067842666754293,0.6736676834518645,79.05850266692899,78.70924332601078,0.26960985359542505,70.73458649008309,74.08904666808216,0.3452786492730138,1.187374671623095,1.0787411623700596
11,Backend,Junior,1.083015934534223,47,2025,1.0359908502621895,0.9676053575391969,0.864268841220163,0.471934754428476,0.03914199890649812,0.7104519120845079,2.5721380538516665,1.0463625426181686,98.1473230454092,102.09617818859273,0.5248090735047689,68.22831717430084,83.62569286872365,0.4407031987377934,1.187374671623095,1.0787411623700596
11,Backend,Junior,1.083015934534223,48,2025,1.0210749127012098,0.9220085193287886,0.8649830728582665,0.34801850490701497,0.39868662264743693,0.6826708260719537,2.553384272479022,0.9226796090374212,81.28102969833705,77.87715186671115,0.4212425653163709,69.73448851638376,77.31951111080596,0.40341518417095285,1.187374671623095,1.0787411623700596
11,Backend,Junior,1.083015934534223,49,2025,0.8735094630361123,0.8325759511850723,0.7638556570535713,0.3979537090488019,0.5830249031947551,0.6581974439027871,3.3820748152894806,1.14793500929134,72.76488940984311,88.28181143866746,0.3684309303059668,68.48303673935858,70.661992653172,0.4588950290302798,1.187374671623095,1.0787411623700596
11,Backend,Junior,1.083015934534223,50,2025,0.8091970331697286,0.7461166039707041,0.7315779106106188,0.16151654263155965,0.3389161171470548,0.8798718621709825,1.808945622606104,0.9959178801433215,72.22381300863482,72.40017397186134,0.3763092954579995,70.27561988631761,75.34842505024753,0.41355341030935083,1.187374671623095,1.0787411623700596
11,Backend,Junior,1.083015934534223,51,2025,0.951277689128399,0.9164663219369866,0.9023951873938,0.12343469189398065,0.22336106714495166,0.42763526654030176,2.1822962689331926,0.9319473595508647,75.34393795307584,72.13277556085589,0.5981622931977346,71.38127897121844,78.88791617720837,0.39154548048335264,1.187374671623095,1.0787411623700596
11,Backend,Junior,1.083015934534223,52,2025,0.8379803196605963,0.8016610134927873,0.9109951387331977,0.08655072301083834,0.18385503379131407,0.8169035611537532,2.8476735422449995,1.027632584429514,63.959066888294544,55.56545307655191,0.75311583735586,71.21848057346587,80.12269957688272,0.41203917877368723,1.187374671623095,1.0787411623700596
12,Backend,Lead,9.899443222417272,1,2025,0.8876443448088039,0.7992006065195206,0.8111492932881147,0.045815406542070905,0.2731264624914625,0.5859371497648954,2.8490980024055044,0.9897965663942683,69.9996132345072,67.732751131358,0.20175563174343622,88.06890605847533,77.50706652765366,0.2640517627915592,0.7209295665505812,1.005765797307387
12,Backend,Lead,9.899443222417272,2,2025,0.7323560855993314,0.6899145057459887,0.8447989219182954,0.5851167952448859,0.10410804018631037,0.8093524203497592,2.5151232615845536,0.9788275491485792,78.3632296932128,76.49011559658253,0.4109807612409895,88.750553116602,76.50271156019323,0.2561775671913658,0.7209295665505812,1.005765797307387
12,Backend,Lead,9.899443222417272,3,2025,0.9260591792081133,0.9086117248852705,0.7872949154552649,0.2866012361596585,0.14898875755976715,0.6531032123056374,3.0103204124441802,0.9126093219150794,93.62869121400178,94.25200818103956,0.7379277784361506,89.8567450482449,84.74843847600286,0.23371565564764168,0.7209295665505812,1.005765797307387
12,Backend,Lead,9.899443222417272,4,2025,0.7373914596765899,0.743172597191209,0.8594069841191524,0.24232670081999155,0.36391236366101476,0.8842666498373569,1.5843677036415402,1.1512623954914487,68.66033374369998,71.52216845158823,0.39047309350738707,88.49811188464011,76.09402055202243,0.29276821339295556,0.7209295665505812,1.005765797307387
12,Backend,Lead,9.899443222417272,5,2025,0.8556336791473536,0.7183090848900686,0.7745058133820247,0.42592513279488997,0.2718516518810722,0.9095965497722706,2.7429439123508157,1.2479028197022917,89.51926632314722,84.78161261828666,0.7133387058490546,88.24169636439031,79.0491933760553,0.31423309423720575,0.7209295665505812,1.005765797307387
12,Backend,Lead,9.899443222417272,6,2025,0.8471191786594696,0.8776721689107128,0.9008535317627131,0.27362178040226715,0.1545687093547244,0.8254309032384362,2.2520839742569914,1.0645214461473056,69.89142324397616,77.02717448379336,0.3357846801818771,90.1840369103784,81.14898103048851,0.26137064830964113,0.7209295665505812,1.005765797307387
12,Backend,Lead,9.899443222417272,7,2025,0.7572082301803518,0.7476943917132429,0.822401785689325,0.5281612227364361,0.25318397997824504,0.9201085300930499,2.0068767484205314,1.0307351286965687,98.33016418252689,104.80980349039564,0.3551334260815879,90.88126789963582,80.33113138736738,0.248803126575682,0.7209295665505812,1.005765797307387
12,Backend,Lead,9.899443222417272,8,2025,0.6179492156120698,0.5484977234224341,0.837950258610064,0.09112985793184201,0.2873631015661369,0.844138634671576,1.751188328976423,0.9114678081699266,77.5165066567964,83.07246871406778,0.6260033245608928,92.20777205246173,78.41615034759108,0.21389546119680417,0.7209295665505812,1.005765797307387
12,Backend,Lead,9.899443222417272,9,2025,0.8855001748135751,0.8472416921850638,1.0460007518815593,0.5880838359441344,0.43969219771747203,0.4084524785144036,1.088424314874937,1.0689261649957993,89.93928143642198,88.28598812454032,0.7661351192814824,91.26046599665251,79.28212357805586,0.25328134969372224,0.7209295665505812,1.005765797307387
12,Backend,Lead,9.899443222417272,10,2025,0.7996374592912104,0.7597086062482656,0.8679695381106207,0.2115611877936907,0.2040349700262731,0.17011492936099892,2.435128558946639,1.1465895055454682,60.440850805341945,70.95965819007091,0.48266807720173865,90.88696035741619,73.03911591187313,0.2719265647972921,0.7209295665505812,1.005765797307387
12,Backend,Lead,9.899443222417272,11,2025,0.9413684695617147,0.9487370934559934,0.9282094611019561,0.09429498893033807,0.3542966457823459,0.900637284305632,2.9841279200392297,0.9877759201060762,74.02406109845586,65.60715043324173,0.16487007511977841,92.33709691463451,82.75306899563884,0.2280793763992609,0.7209295665505812,1.005765797307387
12,Backend,Lead,9.899443222417272,12,2025,0.806292353954217,0.7708976714660483,0.7699824701335896,0.09134729850186825,0.05726593376877515,0.5761886458279217,-0.29996430259358586,0.6907715331831625,92.33453466604801,89.22622464081043,0.36135826731310006,94.82196729337782,79.34563623023206,0.14797124585848404,0.7209295665505812,1.005765797307387
12,Backend,Lead,9.899443222417272,13,2025,0.6789445661743918,0.6550606455815298,0.7824199146571504,0.6105751545324912,0.2749581670719971,0.6115496483674646,3.344928641765585,0.8267765698410576,86.26393449722066,85.77089250219727,0.7713685873360641,93.77038262962441,74.49248946221138,0.18393545872134145,0.7209295665505812,1.005765797307387
12,Backend,Lead,9.899443222417272,14,2025,0.8419319537319158,0.8213309577822064,0.6828667732365228,0.11930585667455665,0.5115928355868457,0.4933513119589556,3.856106714210325,1.0878282299285302,76.98895672349175,79.29059867354766,0.8222945453852046,91.6455137194149,77.75088076598367,0.25385303165724854,0.7209295665505812,1.005765797307387
12,Backend,Lead,9.899443222417272,15,2025,0.8281837339661844,0.7568086714525825,0.9460183669374349,0.11343483266696151,0.21308115550443227,0.8357894690614701,2.273322222903962,0.9768504436180434,83.730660663321,86.77558289578317,0.9925852399658426,92.42450072653878,87.83721744651979,0.2251659160024522,0.7209295665505812,1.005765797307387
12,Backend,Lead,9.899443222417272,16,2025,0.869617309265124,0.7606374145623035,0.6844360639829917,0.11011093416259247,0.18642871574304837,0.8437581823316435,3.317992099257337,1.0449692311244745,76.80091538811085,76.31675588790998,0.2948452327741862,91.69992255278414,79.85250469022306,0.2448278249516937,0.7209295665505812,1.005765797307387
12,Backend,Lead,9.899443222417272,17,2025,0.7489246412546545,0.7073133643275678,0.8619597954574859,0.17842268040781803,0.4087189098889999,0.9365125581053833,0.37018981614013313,1.434202619571,63.63624833296143,64.79448869101604,0.21185690464569693,83.12782292519891,70.86164515110809,0.3941086662042091,0.7209295665505812,1.005765797307387
12,Backend,Lead,9.899443222417272,18,2025,0.9630932113562821,0.9123415909039645,1.000519599887904,0.6036536849601938,0.2724579061377293,0.7589805486228591,1.077941502832069,0.767346072702502,77.15031942943456,82.51715234165943,0.4307208366225506,93.36074593620113,79.6436616472011,0.17546299840549098,0.7209295665505812,1.005765797307387
12,Backend,Lead,9.899443222417272,19,2025,0.8754149972891285,0.7898207192177087,0.9145598078959545,0.34065389235133864,0.05445768390581495,0.5337043409670176,2.497787290040244,0.9037004508319997,58.29705994244149,60.3194365566942,0.8165737526366814,91.89754532255238,79.79278937416655,0.21492721247846344,0.7209295665505812,1.005765797307387
12,Backend,Lead,9.899443222417272,20,2025,1.090841258128813,0.9968459271866742,0.8672561743990884,0.23220298161984745,0.4793187076594275,0.8586132796082587,3.5329742349140307,0.9074904835065397,61.900234456250004,50.484041283174804,0.4219419782291724,91.44028461150452,80.53804261416782,0.21949572493877023,0.7209295665505812,1.005765797307387
12,Backend,Lead,9.899443222417272,21,2025,0.5707298323056135,0.5302223216734222,0.793615166814014,0.5065728401593512,0.3377508274287819,0.6372533137313041,2.431797027476448,1.1102732847983876,75.45226190646558,75.09511367527806,0.5939982757313318,89.34273264362155,70.1819108513414,0.27753188492949793,0.7209295665505812,1.005765797307387
12,Backend,Lead,9.899443222417272,22,2025,0.800490251980797,0.7649770895351351,0.8178628898147808,0.20708622645371363,0.2657137615741591,0.6922138558206115,2.379356965870165,0.8708067846421148,71.50114650876996,70.59710928333384,0.8923075602803181,90.7417567714348,80.06968336172537,0.2179800504997997,0.7209295665505812,1.005765797307387
12,Backend,Lead,9.899443222417272,23,2025,0.7797529624798356,0.7430025348349714,0.8112511336730309,0.30806706411650736,0.11805076709266073,0.9666201478251413,4.411595012004359,0.9101890281540528,81.66089741826487,81.4964689222509,0.36211388152079366,89.87610739833312,80.38547563914166,0.23307024397803455,0.7209295665505812,1.005765797307387
12,Backend,Lead,9.899443222417272,24,2025,0.6348690551881843,0.5679232236468568,1.0231758383180352,0.1560139283346208,0.3560974590056634,0.8329523104316812,4.9398744669855015,0.8027876709534365,78.0124248009139,74.95648228966247,0.18201937458137885,90.15887214216315,74.56311936473217,0.20923359967266103,0.7209295665505812,1.005765797307387
12,Backend,Lead,9.899443222417272,25,2025,0.8308816856863567,0.7492118747260078,0.8124071754528643,0.15480018098438467,0.1233727575205783,0.6678616500637351,1.0196196126743418,0.9847974534424282,80.77262367200919,73.51805902903912,0.5974407763283281,88.10889896209005,81.17237335597193,0.26271866600440186,0.7209295665505812,1.005765797307387
12,Backend,Lead,9.899443222417272,26,2025,0.7210045445467773,0.690642502536052,0.5506293397339377,0.6255021351395761,0.3637473108218227,0.9309861643886695,1.5099862860968607,0.9396534965870916,80.21674649171746,77.13916724174929,0.440444843499589,87.86736721565613,71.80723644217596,0.25570263918695063,0.7209295665505812,1.005765797307387
12,Backend,Lead,9.899443222417272,27,2025,0.8429676755533804,0.7913191645522603,0.8556687477298438,0.21480955791279208,0.12110196843688648,0.37802038474089855,3.168940318795768,0.7760023412097369,61.70640941065936,60.283857888963254,0.42507035496698925,88.57389305739837,73.9297239220769,0.21708469276362763,0.7209295665505812,1.005765797307387
12,Backend,Lead,9.899443222417272,28,2025,0.7345242375816099,0.6394939636203258,0.8541819347895339,0.2745937749776367,0.2734638170145598,0.8424569654797727,2.9513475478646325,1.1333895137138463,63.18806460570502,62.82395244275331,0.9564396268973633,85.12090075720431,77.61330143129965,0.3173370630994,0.7209295665505812,1.005765797307387
12,Backend,Lead,9.899443222417272,29,2025,0.8004226151827124,0.7497862688467272,0.8172204944122536,0.2866071572711695,0.34899897447651435,0.5580401421475297,2.997730109558992,0.8883940238452223,69.7065447633067,76.63792517371081,0.8605709249479091,86.5044185623784,77.04761772267852,0.2568086500825577,0.7209295665505812,1.005765797307387
12,Backend,Lead,9.899443222417272,30,2025,0.7470135178238992,0.7509995190225329,0.7600322317716997,0.38285427774766256,0.49085779629098775,0.9377139588640079,2.40199903321666,1.3672880482261085,83.09861984870875,91.45493215022692,0.48663213119110776,77.71521836361185,72.64598833987641,0.4258307899484562,0.7209295665505812,1.005765797307387
12,Backend,Lead,9.899443222417272,31,2025,0.7580540916958383,0.6650384695191817,0.9517531423930626,0.5326011732394654,0.24454273821625475,0.5751109340441234,2.675154440666474,1.0882244964118033,67.83316092063923,63.578268774374465,0.5268622132688715,83.83847548340266,72.69821865083661,0.3189909369206718,0.7209295665505812,1.005765797307387
12,Backend,Lead,9.899443222417272,32,2025,0.7254034047356699,0.6199133944969986,0.9259375499389452,0.3410675007636262,0.4267173465531182,0.668597006816296,4.176423417844074,0.9494460437977935,82.26035999229333,88.55479102100745,0.5630123802703214,84.47341354676654,75.85920989356086,0.28594409586983754,0.7209295665505812,1.005765797307387
12,Backend,Lead,9.899443222417272,33,2025,0.9613406148097418,0.879724971748323,0.7695248186280862,0.3649503458076609,0.05647859763650264,0.8861601797036359,3.022181595913607,0.7405141453859811,89.1756222390402,88.34006659954682,0.6498230343793203,85.71792828440951,83.07469453564627,0.2337867600404503,0.7209295665505812,1.005765797307387
12,Backend,Lead,9.899443222417272,34,2025,0.7655206944171042,0.6556741133464291,0.7262300185359584,0.5096045773349009,0.2693189112427246,0.6093611264303768,2.6696931579712837,1.1668438674837591,79.81967827052893,76.02376053969141,0.4355082572395722,81.9349249190145,70.64264627706093,0.35057773250496427,0.7209295665505812,1.005765797307387
12,Backend,Lead,9.899443222417272,35,2025,0.8836651066405337,0.786746398673963,0.8364398760099117,0.1616723404587132,0.24837849703798193,0.8992884498245037,3.588884620965061,1.1278434534179218,66.65419422522841,71.65721126780974,0.34954988046166574,81.93456743274344,78.37500406598843,0.3427806287440557,0.7209295665505812,1.005765797307387
12,Backend,Lead,9.899443222417272,36,2025,0.5538400178980497,0.5587303959944414,0.8069040093299846,0.0904484905515238,0.42631528824121395,0.6407048393561029,2.735317168484637,1.1222026655941104,75.56507674429267,83.35682654500256,0.6068735092566958,81.7318926501729,72.57262725950196,0.34334142770071463,0.7209295665505812,1.005765797307387
12,Backend,Lead,9.899443222417272,37,2025,0.7500197737892554,0.7773146572890878,0.6464097429895224,0.19141882189080997,0.5174158231355739,0.9010869495423072,2.6825629906953425,0.8157476852143144,60.71932823894555,56.17899338514572,0.400867203842835,84.00390461950809,71.22994295727236,0.26311699854696213,0.7209295665505812,1.005765797307387
12,Backend,Lead,9.899443222417272,38,2025,0.7383856157915297,0.6814286753125236,0.9006534391385917,0.11907191847036244,0.3537740690198026,0.6593116464724273,3.0876949018678124,1.1061517366040865,72.7634392938708,69.74729593571892,0.22239209227645093,81.5718369250299,73.58281226380792,0.34146503961223484,0.7209295665505812,1.005765797307387
12,Backend,Lead,9.899443222417272,39,2025,0.7666352652844847,0.6660033019098308,0.7061925648509793,0.09956550543982423,0.384279841839164,0.856388156155769,1.6121208144638226,0.743746155064129,78.09555646767151,80.81225445266675,0.33244844895081205,84.43462594783983,74.07233389160469,0.24512734811416056,0.7209295665505812,1.005765797307387
12,Backend,Lead,9.899443222417272,40,2025,0.9056850896910628,0.8713971303663084,0.7736893646554523,0.09309123580172095,0.1494808563370166,0.8607784201291496,2.2337870495935084,1.345251227807616,79.73772361858848,90.2113165378312,0.06665570950066133,75.51602626171027,76.97530098199444,0.43975002671393765,0.7209295665505812,1.005765797307387
12,Backend,Lead,9.899443222417272,41,2025,0.9209413237519732,0.8159502321951352,0.9352408410159975,0.24236581440344795,0.44333092202366303,0.6746628089208773,3.3964247219074126,1.1288099702739003,68.95281133364522,72.1006031639744,0.4722601940741341,81.4994063390314,76.78481474886368,0.3466002745628518,0.7209295665505812,1.005765797307387
12,Backend,Lead,9.899443222417272,42,2025,0.8241042496328201,0.7330214376070545,0.7311615329259928,0.21053581638983773,0.14403732011494055,0.7137079677526885,3.106795025059635,0.9758642592585102,65.24666322309778,65.88450438836735,0.4375870412420889,82.90259990085771,76.39568648881661,0.3043178526778878,0.7209295665505812,1.005765797307387
12,Backend,Lead,9.899443222417272,43,2025,0.9587871271841469,0.8763428510060214,0.8286738055987019,0.12695730851524872,0.23569251441330472,0.7782953892126471,2.9346224085819435,1.0107137470655208,66.61342362479415,63.20887947911568,0.4432355736443,82.87160508356264,80.70174488002466,0.31154604038341543,0.7209295665505812,1.005765797307387
12,Backend,Lead,9.899443222417272,44,2025,0.7202710632869129,0.7226705637561837,0.8941035834850762,0.18223691690687202,0.24134120816965374,0.9552477632078644,2.0865611976234897,1.2452510748597128,73.28025794114578,68.58183136023926,0.5813826895112753,81.30766726000688,77.54469564694763,0.3714863211385519,0.7209295665505812,1.005765797307387
12,Backend,Lead,9.899443222417272,45,2025,0.77915268753598,0.6644059656876349,0.8083960460529759,0.4712451478342764,0.2418539182468403,0.672689989202314,1.7744588410249573,1.0086095361938117,65.79511212260422,70.04529409855208,0.5478348854043296,83.57316515794687,74.00761041463575,0.3052788642558717,0.7209295665505812,1.005765797307387
12,Backend,Lead,9.899443222417272,46,2025,0.5663442752880996,0.5242384815014862,0.8169993131375114,0.475121640147923,0.3611176792220882,0.6724332478023911,2.0071150876162815,0.9028520865432932,69.16888522913557,73.8526515467877,0.6070142176514935,84.84616520480255,69.71441298509896,0.2735190406019708,0.7209295665505812,1.005765797307387
12,Backend,Lead,9.899443222417272,47,2025,0.7742966954003101,0.7414854709642767,0.927857289727785,0.31928237960031663,0.3895480734766962,0.9566913371144183,2.462420408551076,1.1175665358482518,71.0493309387279,70.66839288227281,0.7480020019494426,83.60373916791107,78.96799237900257,0.32681548077039146,0.7209295665505812,1.005765797307387
12,Backend,Lead,9.899443222417272,48,2025,0.9389300348114064,0.9199451959983106,1.0702243273372913,0.13801491152480322,0.11722619870497694,0.6026281580157783,3.189940276896087,1.1842858123092996,76.1907656822461,64.39737163884439,0.35024365964078685,83.58669282965963,81.25520033338731,0.340301388881363,0.7209295665505812,1.005765797307387
12,Backend,Lead,9.899443222417272,49,2025,0.8501129276643099,0.7909020351341072,0.7072193470915626,0.18820000836708148,0.5183285403885483,0.5550350211402187,2.281391867515879,0.7128719990888793,62.78702615394775,67.10898364098108,0.5628240713906371,87.90859476042915,71.61346736932404,0.2100027768141996,0.7209295665505812,1.005765797307387
12,Backend,Lead,9.899443222417272,50,2025,0.94032302345396,0.8288023721794947,0.8226867856280747,0.0498694657688652,0.24836078779402185,0.6805048625722124,3.1729702060319176,0.9640817359351624,63.778475848914745,67.92455106585608,0.8963229120582209,86.47536297943378,83.13821990199922,0.2721883223584176,0.7209295665505812,1.005765797307387
12,Backend,Lead,9.899443222417272,51,2025,0.6636024128344107,0.6213465086747066,0.7223782316898848,0.1784921172922605,0.28076942394730997,0.9502892929536751,0.8902272996646112,0.8167794284315013,77.58202734701138,76.13873654361522,0.3673364736993786,88.24767635962424,74.93374261857049,0.2279585826894316,0.7209295665505812,1.005765797307387
12,Backend,Lead,9.899443222417272,52,2025,0.9533165068372653,0.9451812711610054,0.9267509081817298,0.3166305148496753,0.22272663045989136,0.7720347346239362,0.7217972724341526,1.2289323938194419,76.6367176222972,75.1222932328963,0.82672887989042,85.55313603779733,83.03057316317731,0.33284367844891066,0.7209295665505812,1.005765797307387
13,Backend,Senior,9.143687545759647,1,2025,0.9510236032968683,0.9446041396278065,0.9200595397277127,0.06239061936861872,0.3899297099694381,0.6331956738631548,2.3110684283318057,1.021931703384638,77.83478475576509,81.70568234848122,0.40718950543701043,82.5952074575086,81.85142595887609,0.3160929451976893,0.9963772504522665,1.1707128359089398
13,Backend,Senior,9.143687545759647,2,2025,0.963372593582041,0.8965905759054844,0.8541562792633555,0.05032738960874035,0.13652593510131908,0.4858289355455861,2.5031979906152886,0.9335171961358456,69.75140539675566,65.00142687915718,0.2848063211794506,83.8964184356601,79.10119026410285,0.2875666189300016,0.9963772504522665,1.1707128359089398
13,Backend,Senior,9.143687545759647,3,2025,0.938970432500058,0.8889576880414553,0.9252046383618829,0.15686628382880458,0.044415149547306694,0.7955309631477336,1.8535417904796907,0.8487733780922775,69.07619539512625,67.29387832611103,0.45770375351884585,85.15081509378354,82.55312632032926,0.26016454983692605,0.9963772504522665,1.1707128359089398
13,Backend,Senior,9.143687545759647,4,2025,0.8670778834261185,0.7670555935657025,0.6966499389188023,0.31136960692347077,0.2939678264130185,0.7387203851647103,2.4124464535465604,1.0251537302289342,72.66922807949177,70.58290125287981,0.5942177879342548,84.29036370169644,76.98963655235967,0.30261104853164994,0.9963772504522665,1.1707128359089398
13,Backend,Senior,9.143687545759647,5,2025,0.88123157703055,0.8740379155708244,0.6828027528207448,0.305380846911178,0.05281406347121208,0.8237307104556755,3.090326624441679,0.8938070604046147,82.0486808179707,96.67946751056218,0.11336022469337648,85.85784493372793,79.41454618546194,0.26327937096652354,0.9963772504522665,1.1707128359089398
13,Backend,Senior,9.143687545759647,6,2025,0.7951944589561969,0.7178081573160751,0.9362111379033735,0.023446017423961647,0.5236953130267292,0.6237416727149172,3.75215903696611,1.04057702131996,73.7703105336563,71.93672219077614,0.3618068070807404,85.15897480395337,76.29106396351885,0.29845728089771395,0.9963772504522665,1.1707128359089398
13,Backend,Senior,9.143687545759647,7,2025,1.1319397728718825,1.1430832921624292,0.8718568888873716,0.6890383483150058,0.31360573922382645,0.6997519693904738,2.3506057863975753,1.3277540392966645,59.810154164445855,59.99048446635747,0.3730400184187825,79.35545063823129,74.71078512226067,0.40425538587407217,0.9963772504522665,1.1707128359089398
13,Backend,Senior,9.143687545759647,8,2025,0.9397112363506616,0.8901675995048682,0.8791973200066785,0.36252706696875375,0.2883897088196949,0.7060788192538764,1.049836832963298,0.9495694394999854,72.98961228133365,71.81025495866527,0.5260578885235151,86.68634149677747,79.8761346131738,0.2675277087601848,0.9963772504522665,1.1707128359089398
13,Backend,Senior,9.143687545759647,9,2025,0.8944197161182447,0.8070692331082479,0.8252848342588208,0.3984033344129562,0.2028576569978056,0.7151529536916762,2.9776011276622936,0.8677489212462725,70.99942566117474,70.72391841251313,0.37145645750664524,87.65326644160494,76.63358268752106,0.24310589723588,0.9963772504522665,1.1707128359089398
13,Backend,Senior,9.143687545759647,10,2025,0.9953675321026711,1.0102603566344217,0.8176019149299423,0.22868513606718105,0.40840482883710255,0.6740160711265691,2.993537294203767,1.0205119753972696,78.47760648226891,82.91171504440582,0.45942065355000344,86.678963093558,81.82549942402873,0.28177770263313734,0.9963772504522665,1.1707128359089398
13,Backend,Senior,9.143687545759647,11,2025,0.9359535633527755,0.8697269850647799,0.8235795369666831,0.14999737126421234,0.016741014997946096,0.7326300623008363,0.471726959421209,1.1405540097113267,61.13510579308757,58.51588994152059,0.3742394651640198,85.89825469274872,79.62589241103107,0.31229201283602603,0.9963772504522665,1.1707128359089398
13,Backend,Senior,9.143687545759647,12,2025,0.8637994559865638,0.8671281381446037,0.9438908832039558,0.43443269924401307,0.15901623980882681,0.9153213027430539,1.1399764236894054,1.076601420678821,72.87140117243632,68.06404210488378,0.7023211193489091,86.51871068836877,82.38675054805084,0.2943310283993578,0.9963772504522665,1.1707128359089398
13,Backend,Senior,9.143687545759647,13,2025,0.9843211927655567,1.0046326897232396,0.8549591827661586,0.37757099584867465,0.05440699440422992,0.9209004554722512,1.1886461080801143,1.203999290584367,56.38456471838353,55.935838038307956,0.4040143496187958,85.53598335863414,80.1520116419003,0.32799999679492226,0.9963772504522665,1.1707128359089398
13,Backend,Senior,9.143687545759647,14,2025,0.9848164223521914,0.911796073241924,0.9444477132198502,0.04643354909751086,0.0826614148127455,0.6028806456828334,3.086801850735655,0.8805564716511864,72.30958908111917,78.11000164311224,0.43778918162355895,88.08707028058986,83.99067528728395,0.2420523753253218,0.9963772504522665,1.1707128359089398
13,Backend,Senior,9.143687545759647,15,2025,1.0122080630823889,0.9341578375046541,0.9797940193535133,0.4177903404513323,0.49574826848788434,0.8669331486024409,1.6045416862805988,1.0484562435681068,78.53223067546855,80.37979625705067,0.5207972430760335,86.63503682189449,82.11669686687702,0.28773260853116733,0.9963772504522665,1.1707128359089398
13,Backend,Senior,9.143687545759647,16,2025,0.9729371868467213,0.8839183741772209,0.8164892454671973,0.10212278759121698,0.5014790462243641,0.7470922574371871,4.094761989043864,0.6948466198173455,64.84492561186678,63.70550416995726,0.6947789370815656,89.28428593819739,78.13886558332653,0.19493360781182423,0.9963772504522665,1.1707128359089398
13,Backend,Senior,9.143687545759647,17,2025,0.9626439240521568,0.8554631377111171,0.8111588759011225,0.1957797869623678,0.07323254957243326,0.7689449879621335,2.7744012050523574,0.9718916020965239,76.50523205568696,82.66727754192037,0.5679397756004502,86.82012499480294,84.26513205256757,0.270877278795947,0.9963772504522665,1.1707128359089398
13,Backend,Senior,9.143687545759647,18,2025,1.0431040067753665,0.9695377983266119,0.7095551749166736,0.3742342280511785,0.40845499176990485,0.7355546663976279,1.6568976953371308,0.7798122733541799,63.32790514385641,64.73582216928558,0.6724549867189673,88.04439882594392,77.52124614476035,0.22225913112130338,0.9963772504522665,1.1707128359089398
13,Backend,Senior,9.143687545759647,19,2025,0.805440464531311,0.7078752732731723,0.6926787060438293,0.7675674069658543,0.25437957629244135,0.7659128534390862,1.5884414446608204,1.2684548484394575,83.10536114829738,87.81167476309618,0.5807029254488472,80.54143445537544,71.25548193765333,0.38251234922642957,0.9963772504522665,1.1707128359089398
13,Backend,Senior,9.143687545759647,20,2025,1.0226459283593607,0.9644024489791607,0.9823226947774912,0.3851358902200758,0.14092682274541912,0.6897691498025122,1.473289508214734,1.0437061684357876,76.70415417593112,77.3817441898901,0.45198218563157977,85.13394162702674,83.34323504976335,0.2992917201286013,0.9963772504522665,1.1707128359089398
13,Backend,Senior,9.143687545759647,21,2025,0.8617540699140659,0.7724736304692023,0.8620770465551362,0.17551565679360978,0.3598865535051679,0.9393615997132185,2.6239082456360694,1.0874095837491344,68.76490986509667,66.25405233083379,0.7357018684935555,84.30902474697179,80.6742435254112,0.31490671052506203,0.9963772504522665,1.1707128359089398
13,Backend,Senior,9.143687545759647,22,2025,1.220745986590854,1.1275825557369665,0.9144068542994956,0.2592009347317016,0.2615116505433323,0.8325015193356489,1.9803255217963647,0.8180889077687793,49.2170714985947,51.44136260158631,0.4724366396366478,85.9468822813777,82.8253230409291,0.24739376254227505,0.9963772504522665,1.1707128359089398
13,Backend,Senior,9.143687545759647,23,2025,0.6755391624042605,0.654318057777778,0.7021326403689703,0.14743527709151738,0.15070334894104895,0.5553556761487614,3.978711568033473,1.0870478765889326,82.20258658832775,88.71260205712119,0.15774128587144215,83.24461910581029,73.1922092719668,0.32370441610270084,0.9963772504522665,1.1707128359089398
13,Backend,Senior,9.143687545759647,24,2025,1.0425625120747923,1.040665253844719,0.7361053127942867,0.9251090622064244,0.4826479465388206,0.9349125164370914,1.5620465911551076,0.8538748857741667,90.9864759359111,83.7021877946709,0.49114762904561826,84.53355691855353,77.05863752243766,0.26632866950022066,0.9963772504522665,1.1707128359089398
13,Backend,Senior,9.143687545759647,25,2025,0.9647933547157131,0.922276325512622,0.8763819085679341,0.448320194858212,0.09480622539276452,0.6500386916450699,2.467223298042303,1.0416246958650799,67.35683769772176,70.01150262946864,0.22564810133324598,82.43766351766506,77.80373074928009,0.32134440985914053,0.9963772504522665,1.1707128359089398
13,Backend,Senior,9.143687545759647,26,2025,0.8838179805726888,0.8657568810201924,0.9665616649111161,0.037656521929989965,0.4614497144479464,0.9436274198528828,0.8889972321148325,0.7146060645352837,65.80101829553847,65.06012562804733,0.38300319278190176,84.4511291670268,78.62353602785646,0.2391618031818333,0.9963772504522665,1.1707128359089398
13,Backend,Senior,9.143687545759647,27,2025,0.8197614843984171,0.8198383748173552,0.9578426194472947,0.8393368799933402,0.609006391103298,0.9382946310074648,1.3535459838971213,0.8966552866219752,102.99824146337832,103.97148148290735,0.4767481895484659,82.39205198905667,76.69234957720796,0.29273062408225614,0.9963772504522665,1.1707128359089398
13,Backend,Senior,9.143687545759647,28,2025,1.1456530074653337,1.132916933206486,1.065207335586206,0.880089462402902,0.22452420479037802,0.9316594187925803,3.6967632249804385,0.9141120927810209,79.32120243983769,79.09264866660855,0.16305045448594066,81.65850261962312,81.70097678366412,0.3023348967260115,0.9963772504522665,1.1707128359089398
13,Backend,Senior,9.143687545759647,29,2025,0.9342662175559043,0.899188564262461,0.7602058014359769,0.09324112351407654,0.5580852575104294,0.6871090945672284,2.552343124651491,1.0937430547096234,83.94096675953706,78.73449295238156,0.2113046403664603,79.64500881041941,76.16451080310377,0.35504020418842963,0.9963772504522665,1.1707128359089398
13,Backend,Senior,9.143687545759647,30,2025,0.9421876674000198,0.8121815669003034,1.0420871149939785,0.36369214801150346,0.4118045568936779,0.7887084538479591,1.6972782837750837,1.068474705287597,94.42577178830632,92.1688956328996,0.30045406814345654,79.29656418078946,80.39373725741206,0.3528902395509405,0.9963772504522665,1.1707128359089398
13,Backend,Senior,9.143687545759647,31,2025,0.8570528846939353,0.8030878529948888,1.005838401188078,0.2576989152739176,0.6441256419771992,0.7509485788839196,1.9163050972380762,1.1971670349965495,69.53161544805218,64.59232507989097,0.6474169362966288,77.7503176696809,75.01774448003609,0.39151409308530244,0.9963772504522665,1.1707128359089398
13,Backend,Senior,9.143687545759647,32,2025,1.1408006019093158,1.0932552435133123,0.7895486139440204,0.0469856818814653,0.38781797587487105,0.5736097717203191,2.0055020261850225,1.4019443040850004,82.88085440768137,80.48418552020446,0.3181018217879845,70.8134783104051,77.67368905618939,0.49027654156362427,0.9963772504522665,1.1707128359089398
13,Backend,Senior,9.143687545759647,33,2025,0.9048660454092481,0.7428309675048724,0.8440960168409313,0.3577349585463992,0.12964246130191798,0.7551347570738752,1.5937818738073055,1.0724069140834207,88.06554067734501,79.57328783534376,0.3852842920162091,77.8461686297862,78.51324810901788,0.3657633109017991,0.9963772504522665,1.1707128359089398
13,Backend,Senior,9.143687545759647,34,2025,1.0156541143085391,0.9722392782096666,0.8450934471532655,0.1354784568450185,0.3320023047749003,0.34474365380102034,2.428074407051475,0.9781071591049709,69.14049231286188,71.6857180368476,0.42578374812273606,78.22820108100103,77.71599992888929,0.3437197561459856,0.9963772504522665,1.1707128359089398
13,Backend,Senior,9.143687545759647,35,2025,0.9652851540171039,0.9601638788150805,0.8734220413599559,0.1986266877439011,0.2861912719637135,0.8004669778746737,2.4861378654957287,0.9115995153122229,73.52951935301954,74.85132899281045,0.5613735510007896,78.44790143254524,81.8035131577115,0.32858739112456764,0.9963772504522665,1.1707128359089398
13,Backend,Senior,9.143687545759647,36,2025,1.0289415311721615,0.9437676692910777,0.7018147696890981,1.0893282145655876,0.291608235928719,0.5882660262705582,2.6704963074522854,1.2131768645195673,84.14955333010224,84.33994342708453,0.8283562458444859,75.78748155372546,72.7976811769643,0.411073026622868,0.9963772504522665,1.1707128359089398
13,Backend,Senior,9.143687545759647,37,2025,0.9885373731707088,0.8896907431705453,0.901721021615896,0.22738356600084877,0.05168013375696463,0.7037048111512259,1.1882633077548754,0.9165301333225035,76.43202192496382,68.9890520351518,0.7747552468502497,77.98102752959879,83.72706268019084,0.33346413058451085,0.9963772504522665,1.1707128359089398
13,Backend,Senior,9.143687545759647,38,2025,0.9805035448190984,0.8617654081963213,0.9272541819051319,0.6901245831227375,0.12663745947902766,0.7713486895117926,3.7937531558659603,1.0436828682643324,59.309009753067755,56.65856182304341,0.7248039928985143,76.85497036670415,77.63806833688223,0.3682784872636653,0.9963772504522665,1.1707128359089398
13,Backend,Senior,9.143687545759647,39,2025,0.909186360628958,0.7849816177075442,0.8282049093756461,0.3306288017278786,0.2517664120317905,0.821530190692626,3.7097881878438104,1.1879333493120487,56.89583216642255,57.076935018748884,0.3263594127761085,75.66451088881269,73.12744405594968,0.40704907912230404,0.9963772504522665,1.1707128359089398
13,Backend,Senior,9.143687545759647,40,2025,0.813651323933096,0.7573284080494463,0.8530439562394779,0.12962336635716393,0.33179554626774305,0.79258586652832,4.20754888932176,0.7829173331113063,84.16706472589019,86.90469737806829,0.45472303418491206,78.94109464792835,77.77323672788094,0.29874101122285834,0.9963772504522665,1.1707128359089398
13,Backend,Senior,9.143687545759647,41,2025,0.760698147341677,0.7044142013159238,0.7418348903735938,0.2635372083714002,0.32268814809629204,0.7232484662726824,1.5290151347843097,1.0885479768560773,68.1177644217203,74.2636825514243,0.3538563038225856,76.6048847813302,72.33438974435249,0.37933555552679715,0.9963772504522665,1.1707128359089398
13,Backend,Senior,9.143687545759647,42,2025,0.8939188396243803,0.8427957782445984,0.7025649143975305,0.045071299927076376,0.19909011065071877,0.6760737191762829,2.9888458898129877,1.0605910624102457,98.8459780033147,103.86254456738921,0.6067778051699113,77.00816797060003,83.16313267165303,0.37038347939371563,0.9963772504522665,1.1707128359089398
13,Backend,Senior,9.143687545759647,43,2025,0.8794074370332038,0.9115187343600248,0.7719195048421006,0.13425602368169123,0.19308326027711192,0.751135906832212,-0.44212581068061674,0.9727331150829839,67.97486310176662,69.4563148441838,0.6860411883400376,77.95883263437916,80.9836044509487,0.3448896843967705,0.9963772504522665,1.1707128359089398
13,Backend,Senior,9.143687545759647,44,2025,1.1275650906677186,1.0847294567018708,0.7961497347777337,0.23197568378633227,0.043394539392084444,0.8921207753076481,2.5430244850151267,1.0699100122417906,85.67467851070685,83.93473076272893,0.05317801337126869,77.49377825590648,84.47747807922241,0.3682005169824708,0.9963772504522665,1.1707128359089398
13,Backend,Senior,9.143687545759647,45,2025,0.9443134939757787,0.8953067065408445,0.8717439080725842,0.3387236586506089,0.2717288504837895,0.6830172944534124,2.85632582957306,0.9822895366116782,94.42961434844483,98.34771350114897,0.2005731959133102,78.56710764956016,80.18195230649631,0.34173201024266764,0.9963772504522665,1.1707128359089398
13,Backend,Senior,9.143687545759647,46,2025,1.0219646313291837,0.9265771905320812,0.7249525856396513,0.3873801390447969,0.15028165753130737,0.8419032406413698,0.9949341430962952,0.905433221381023,64.92037765086363,75.19085556548184,0.5339659322565637,79.60889862105692,79.83314487865528,0.3176791557673969,0.9963772504522665,1.1707128359089398
13,Backend,Senior,9.143687545759647,47,2025,1.0508901082143334,1.0824279692096204,0.8372843970543269,0.09616420315161933,0.26342747912591674,0.8036416559658791,2.7737919252862,0.9534514126291904,69.63446245862973,65.07987214089454,0.7353175206171232,79.70004264861977,85.44570082651964,0.32652326045400665,0.9963772504522665,1.1707128359089398
13,Backend,Senior,9.143687545759647,48,2025,0.8852753095568436,0.8121620180112467,0.9347415713150099,0.5239726814300827,0.004223628901886617,0.834364961674703,2.562431703327443,0.9959880548240613,78.39528787404217,94.32816243309745,0.7791127185190082,79.87645738449775,84.19019171653844,0.33356046609399764,0.9963772504522665,1.1707128359089398
13,Backend,Senior,9.143687545759647,49,2025,0.9530149178785625,0.9479957850631183,0.9322110847282813,0.26604106545579276,0.27039148888240344,0.7053102644208985,3.2042530950209205,1.0351956993912002,78.0985994436768,86.27164368782313,0.5317401569632528,80.1133876529668,82.57420053661018,0.3394275761035167,0.9963772504522665,1.1707128359089398
13,Backend,Senior,9.143687545759647,50,2025,0.7603453034112887,0.6942837579825205,0.9504829149483237,0.18783506016433535,0.052524181860379146,0.44448773736217345,2.8524229143843147,0.7669815799505102,77.00785170391659,68.62807184958734,0.5159299727822643,82.83554672226721,75.66259975452736,0.2631000933045419,0.9963772504522665,1.1707128359089398
13,Backend,Senior,9.143687545759647,51,2025,0.853150580756478,0.8492816868929343,0.8573360988168875,0.33163648513817573,0.2974147226166623,0.7396991224800279,3.2110339802617265,1.0062698627094246,83.83624548970973,83.03381438806692,0.10894974070480909,81.51513538035705,77.20199023054941,0.32196117770557614,0.9963772504522665,1.1707128359089398
13,Backend,Senior,9.143687545759647,52,2025,0.9540006145615089,0.9646052120114881,0.8838473105312111,0.34844976988441406,0.19027491650555392,0.7714145326323363,3.2069550099205424,0.7394909773353342,75.83587365384477,78.82267605250976,0.5519214927227973,84.2520498646264,80.65304394135141,0.24579777992851354,0.9963772504522665,1.1707128359089398
14,Backend,Junior,1.0351299900403839,1,2025,0.9870121459169424,0.9772343847642924,0.7614065074534889,0.18544893148637878,0.239220750497696,0.8649107761847395,2.927438228083386,1.0747795288233508,56.93440593765451,62.82810481768077,0.827446890553432,75.84336743531873,81.7210626474623,0.3829278438036808,1.1090421374552446,1.1246343752190906
14,Backend,Junior,1.0351299900403839,2,2025,1.0863315213077505,0.993171066811209,0.7937906189851813,0.12823413390305602,0.22177766486338812,0.7783316720300242,3.099578627813753,1.1141788559052264,66.39492673494689,63.371522484309835,0.17479395869816178,76.12206773882488,79.0618422892809,0.38848520669083797,1.1090421374552446,1.1246343752190906
14,Backend,Junior,1.0351299900403839,3,2025,0.8834356421617161,0.7665539712400233,0.8604542245549216,0.3591761191814211,0.13907043464556865,0.8700832784914583,2.8454238190404713,0.9685039057939713,64.92153450932858,66.09444684470532,0.7576578292908135,77.86391345348981,80.01982144660803,0.34483483571304574,1.1090421374552446,1.1246343752190906
14,Backend,Junior,1.0351299900403839,4,2025,0.9076779943525393,0.8424159313169688,0.9303929279584875,0.2654045235209678,0.3903634548059425,0.7058251114520528,3.199450090606542,1.1848425744266247,86.5875483450987,84.30440441648918,0.684700592344064,76.68379552943475,79.50028903053806,0.3979368854733687,1.1090421374552446,1.1246343752190906
14,Backend,Junior,1.0351299900403839,5,2025,0.9150165444548539,0.8505402310004144,1.0985313924533686,0.08013934653861202,0.5573426470645979,0.6963118925379513,3.3333030533402974,1.0548357331957208,72.63348094636687,69.85105709567299,0.4714125545002551,78.24055813271893,79.62724345763087,0.3589624955331531,1.1090421374552446,1.1246343752190906
14,Backend,Junior,1.0351299900403839,6,2025,1.0299229372143355,1.0322023555797726,0.8575355199855663,0.13583847345753244,0.4529699829510586,0.8121478697927976,2.5220677009368635,0.7322592200691843,54.55669523798925,47.96623505901172,0.9409584487823789,81.2964597952794,80.34941608766482,0.2689813457198418,1.1090421374552446,1.1246343752190906
14,Backend,Junior,1.0351299900403839,7,2025,0.8641011886551214,0.7319087959095755,0.8972953564713271,0.5450454735650604,0.19655088449442665,0.6511029419180597,3.1291798578745547,1.2777413615559174,58.70906711369347,65.61830729265888,0.3125027009920768,74.02664677436606,69.54403464348141,0.4386595491914664,1.1090421374552446,1.1246343752190906
14,Backend,Junior,1.0351299900403839,8,2025,0.9256986067822512,0.942073105151442,0.9347336325354243,0.06324233577345079,0.17554989486997502,0.46212210156095523,3.196189715826246,1.011161000788922,89.71400348166522,94.25166498562871,0.740173519612964,79.86455158778581,85.61974312785526,0.3366942702595693,1.1090421374552446,1.1246343752190906
14,Backend,Junior,1.0351299900403839,9,2025,0.8379257005157966,0.8220045503177956,1.0299738291727099,0.311857534836092,0.2518199850807709,0.7030008386789222,3.431730050970849,0.7562351546923206,94.67174962803145,94.79585240115546,0.7453229565116342,82.21631915535639,82.22152772199686,0.2661110379771609,1.1090421374552446,1.1246343752190906
14,Backend,Junior,1.0351299900403839,10,2025,1.0009006224490946,0.9707638205986913,0.7354422464565245,0.5328856328207112,0.29023402035169943,0.8917989573493722,1.7963635558907702,1.0943628113521,82.422099624265,85.23256093467809,0.6576384884147842,79.75909898723918,80.89153179111076,0.3542134040434268,1.1090421374552446,1.1246343752190906
14,Backend,Junior,1.0351299900403839,11,2025,0.7520811812083488,0.6612228570477336,1.0011283124110741,0.4454513450882771,0.273006868424198,0.6337657580606242,1.4964135318385583,1.2051490770476743,70.51142840325292,70.81098060167534,0.5360556207545334,79.05243673537778,72.90679252309484,0.38225950928138674,1.1090421374552446,1.1246343752190906
14,Backend,Junior,1.0351299900403839,12,2025,0.8523619823103661,0.7987603189556878,0.8445253604323785,0.24290167523143147,0.09571431339770707,0.7815978314541789,2.2522928015655026,0.9695614065198659,54.79406499667661,55.50503067238316,0.564973453058385,81.04597338296026,78.28693144482892,0.3185291697793044,1.1090421374552446,1.1246343752190906
14,Backend,Junior,1.0351299900403839,13,2025,0.9744963514199905,0.9228569782905804,0.7850146206218211,0.14544172814445017,0.1700027969326149,0.8324550613525685,4.365293599288979,0.9558929029050657,68.12645565641706,73.61763467403419,0.08324502347155746,81.19177704138839,79.54103573605249,0.3145804385694432,1.1090421374552446,1.1246343752190906
14,Backend,Junior,1.0351299900403839,14,2025,0.8073931292110639,0.7397628590335132,0.8205905691611366,0.46978943252742156,0.2908900911471525,0.7809685984529724,0.7642660630523728,1.1227470604479943,70.21237480915165,82.40749074503823,0.6083017235694733,79.82048815153523,75.4888130095366,0.3593786774934719,1.1090421374552446,1.1246343752190906
14,Backend,Junior,1.0351299900403839,15,2025,0.7986453326349809,0.7273107442775737,1.051062063320819,0.13491734852398266,0.1604575188040466,0.933013552111033,4.1860125838610305,1.0091965596334056,77.29643055567797,70.70504909552827,0.5394466442727872,80.62005687469193,83.21462298229416,0.33000550463758177,1.1090421374552446,1.1246343752190906
14,Backend,Junior,1.0351299900403839,16,2025,1.0011230568169085,0.9539484160029874,1.0134862851160347,0.22229050589663554,0.28236749053161936,0.74286993751308,3.9634356542609943,0.8188337766363405,52.48864775989905,58.368736218819365,0.6412950674883718,81.96333126496526,80.48597392634474,0.2807389947858909,1.1090421374552446,1.1246343752190906
14,Backend,Junior,1.0351299900403839,17,2025,0.9523871015452389,0.9363819684015,0.7214415564786542,0.2728108837888325,0.2600623785973573,0.6678069302135656,2.7364869461465817,0.8875806304925214,65.72285707715632,66.68685103968767,0.7547785227671605,81.16555534895478,78.80303046298782,0.30113649819054783,1.1090421374552446,1.1246343752190906
14,Backend,Junior,1.0351299900403839,18,2025,0.6394829073566127,0.5886593002672256,0.8257483550473977,0.31311395853890683,0.12405566915836579,0.7735715113308831,1.8368376241907098,1.0194169963821167,79.44116426168415,76.75889368656948,0.2336047274574363,79.79850362304026,73.75522894956046,0.33889586908442115,1.1090421374552446,1.1246343752190906
14,Backend,Junior,1.0351299900403839,19,2025,0.8060985675596288,0.742084554727409,0.9608980238527103,0.18179453005224244,0.5283447173780208,0.44107638828908013,1.8022694840036166,0.8961121420134252,66.4056181320469,73.48978854274091,0.9589986551913632,80.41257686937702,76.25798039869004,0.30911762115787655,1.1090421374552446,1.1246343752190906
14,Backend,Junior,1.0351299900403839,20,2025,0.5722360191625139,0.5800216692852505,0.8100303509164009,0.4320946607920791,0.5109991097341888,0.9801899062853776,0.40181253672879835,1.0138572188498454,74.53956265628291,68.0068994479719,0.2605956034080681,79.04367580503413,69.55706220356167,0.3440741453946847,1.1090421374552446,1.1246343752190906
14,Backend,Junior,1.0351299900403839,21,2025,0.9441217596677143,0.9549124749801159,0.9799918978061811,0.17776254164417463,0.29246295211755724,0.800970898108685,1.4171659374169547,0.8647780316712352,102.35960159383488,105.20345007053213,0.312048781754705,79.7610197449148,84.74293496187012,0.3082804417932904,1.1090421374552446,1.1246343752190906
14,Backend,Junior,1.0351299900403839,22,2025,0.7389672337512428,0.6559804887635856,0.8753183695699299,0.6875806667538907,0.2036659130685116,0.5939686350379272,3.236227445165127,0.9136993947935381,80.24517434594176,78.87509277684627,0.4195676506632306,78.85294096649946,71.26208195316133,0.3256320375712122,1.1090421374552446,1.1246343752190906
14,Backend,Junior,1.0351299900403839,23,2025,0.933159592804855,0.8675068821564336,0.9668596592795489,0.20160909036965946,0.09566626398002871,0.9223135522874741,1.241631405695117,1.083772678116885,80.95323287892664,73.92393444959932,0.33527130004139727,76.9417632749065,82.8144038574681,0.3755731749991561,1.1090421374552446,1.1246343752190906
14,Backend,Junior,1.0351299900403839,24,2025,0.8744885914811259,0.8329219802273091,0.8607145329737568,0.9808166395459239,0.3501047164062994,0.6843083498707474,4.419281300144459,1.028638559763266,67.42294998627393,59.072059024192804,0.2639303573576838,76.80639010796057,68.38658523112005,0.36567446105298185,1.1090421374552446,1.1246343752190906
14,Backend,Junior,1.0351299900403839,25,2025,1.053839614457346,1.0337704543763087,0.8123996842937026,0.3900286743516479,0.031156803388561617,0.5637680155866581,1.464402025220074,0.9108819717182647,85.86863489721836,77.28614701149903,0.5915817693391587,77.15454789215941,82.35781783717609,0.3392218285756578,1.1090421374552446,1.1246343752190906
14,Backend,Junior,1.0351299900403839,26,2025,0.9947848276545435,0.9233505499549979,0.8116521981076112,0.11743440702047282,0.09829334219243754,0.7111323327864391,2.453838056030028,1.1836958096822763,68.96077406256283,67.28652041450694,0.1508065484005283,74.3693537871707,77.49988887934528,0.4169945470433662,1.1090421374552446,1.1246343752190906
14,Backend,Junior,1.0351299900403839,27,2025,0.9514432342197872,0.8913863699236013,0.7788444505970502,0.2411594279925984,0.28989074213330374,0.6256348619227968,2.1427977087393084,0.6497991327526437,73.88645597614489,72.83567795519052,0.25993100850291323,78.03784380133115,73.38962986221307,0.27964446153943584,1.1090421374552446,1.1246343752190906
14,Backend,Junior,1.0351299900403839,28,2025,0.8368610990633066,0.7601025197945793,0.9059661570324369,0.13507351380544577,0.548923577690739,0.7940835511598255,1.938339443074574,0.9349732268194699,49.55924481265939,44.504050498988384,0.7697181651888352,75.16255612863537,74.63980806562567,0.36064001095859916,1.1090421374552446,1.1246343752190906
14,Backend,Junior,1.0351299900403839,29,2025,0.7505955922898389,0.7543043788833507,0.6841089417116717,0.35544940545187204,0.4130355852661062,0.8389150462263797,4.13805559837094,0.9713688546469331,67.12448559371293,64.77469622784717,0.5540768170213953,74.29494499224077,72.48872745497073,0.37514922932738015,1.1090421374552446,1.1246343752190906
14,Backend,Junior,1.0351299900403839,30,2025,0.8110515304283114,0.7958580567395075,1.010189879158998,0.007306732471033734,0.09555041846421822,0.6668132427991478,0.5206802051473047,1.081548119242091,68.31835409226473,74.48103486726757,0.5354604747872178,72.86291945047334,80.740947916501,0.40911862842780705,1.1090421374552446,1.1246343752190906
14,Backend,Junior,1.0351299900403839,31,2025,0.9051663786940827,0.8118017168578864,0.8811442084629,0.15422367252303845,0.20871443227448838,0.4185253649952114,0.8214988114517625,0.8972925768477898,82.22776773932773,83.17082944920278,0.5134724585544033,73.82025591619082,77.60670390063397,0.3642897160679678,1.1090421374552446,1.1246343752190906
14,Backend,Junior,1.0351299900403839,32,2025,1.1179041843223727,1.0382126440192405,0.8151572049708405,0.5770872319196975,0.10631055994770235,0.8608469931272166,2.7032477313054004,1.0865380616026439,81.24269154340826,86.96709966189896,0.6025673445388614,71.83100248060379,82.99852181030003,0.4187159249821639,1.1090421374552446,1.1246343752190906
14,Backend,Junior,1.0351299900403839,33,2025,0.6871245373427296,0.5831895194092077,0.6989315296585941,0.1251872164270737,0.03740805677862178,0.5089352250442154,2.205992238867622,1.2086144758050221,79.41239822170272,78.52246718194598,0.21463988328085218,70.42745071733323,69.68318522775834,0.4548274725165608,1.1090421374552446,1.1246343752190906
14,Backend,Junior,1.0351299900403839,34,2025,0.7726106988983771,0.7316246242468973,0.9618168548373974,0.2776369194891225,0.2824188772135405,0.5502078056421621,2.2189768027239456,0.9516216821339415,79.59242806379311,75.98850407974317,0.7501601654409091,72.1110274780891,76.9511227098838,0.38939910744271244,1.1090421374552446,1.1246343752190906
14,Backend,Junior,1.0351299900403839,35,2025,1.092880063470951,1.0292328783108167,0.9272336040294309,0.6121392550519534,0.2749837440927189,0.7357601765513179,2.874778530858673,1.0687660602779947,80.50812835183505,79.49839800806996,0.1982795993450558,70.86151165413891,77.82930716813563,0.4232406149377747,1.1090421374552446,1.1246343752190906
14,Backend,Junior,1.0351299900403839,36,2025,0.9389901660557843,0.8998347719902607,0.9225821148038797,0.4961160149879689,0.41772173497555953,0.6114051235021456,2.83978302213923,1.0827154807263317,80.72615392056827,82.99329636668001,0.24561407456468173,70.50211520539118,74.06068496444753,0.4290254694336732,1.1090421374552446,1.1246343752190906
14,Backend,Junior,1.0351299900403839,37,2025,0.8941878841570847,0.81875504803118,0.7897741822717954,0.5139330906494695,0.36715708645801304,0.6992945881593824,2.9440659779233607,1.1132654096190093,78.33945047999039,76.4399106472875,0.4502573019782979,70.07808790054658,72.87827308059885,0.4386690160859137,1.1090421374552446,1.1246343752190906
14,Backend,Junior,1.0351299900403839,38,2025,0.7441685632498509,0.7778956841454973,0.9447820776412467,0.6705144228688613,0.24112139694538676,0.9389222276004454,3.9242834142738574,0.9727890947924215,63.33011817859337,69.36461492345202,0.8197306775494958,71.09306313579927,76.26555379067803,0.40211562616015706,1.1090421374552446,1.1246343752190906
14,Backend,Junior,1.0351299900403839,39,2025,0.8265868914750333,0.8296350030495809,0.7544598134893448,0.09885191094098252,0.30216623245814267,0.8822149379798216,2.7361841552978903,0.6744758592159767,89.75454131042294,82.52075577878061,0.5800983302089678,73.44311339090109,77.89702464311368,0.32286922691901965,1.1090421374552446,1.1246343752190906
14,Backend,Junior,1.0351299900403839,40,2025,0.9027639378738271,0.8776172068147063,0.8512654464148655,0.1848955200317435,0.14982183301591123,0.706054363398523,3.8878459703459733,0.8703741881239053,80.57470528091869,75.82075068825482,0.4640270822201417,71.9123823891474,79.08808451631491,0.37480498438188614,1.1090421374552446,1.1246343752190906
14,Backend,Junior,1.0351299900403839,41,2025,0.6411612730607186,0.5879662308899095,0.702380255929409,0.37083849667892693,0.3038979574615534,0.8300243062557543,2.3743346147274784,0.7082122454558124,65.65391087409769,71.63466198172833,0.5402485273826281,73.31851321385216,68.10993750933619,0.3306548389757278,1.1090421374552446,1.1246343752190906
14,Backend,Junior,1.0351299900403839,42,2025,0.8227982309225005,0.8458187152818889,0.8254180873288942,0.5156451667380214,0.11475204729299811,0.7803117749022341,2.8019316851187037,0.8176093273036148,85.28338376957882,79.77977277126136,0.3785957886467201,72.62296443277292,75.45402530757919,0.3583304951876153,1.1090421374552446,1.1246343752190906
14,Backend,Junior,1.0351299900403839,43,2025,0.8239484650031567,0.8106687956077446,0.8142213091519188,0.1433292467725999,0.41400305488618294,0.5867424214318857,2.8399049296657206,1.1190178733251652,69.19644997147269,78.9330924059941,0.4021013296890059,70.45949714976155,73.33486089137446,0.43664109841702015,1.1090421374552446,1.1246343752190906
14,Backend,Junior,1.0351299900403839,44,2025,1.0867389494336548,1.0151500022441224,0.823196741267239,0.6495387488956598,0.2544172553805652,0.7648529293796138,2.6381927477913205,0.9841712591843569,65.65075918561156,72.79943551656191,0.5751766332408385,71.85063086168577,78.44216239482532,0.3980789946561566,1.1090421374552446,1.1246343752190906
14,Backend,Junior,1.0351299900403839,45,2025,0.9783476813158931,0.9014284828971054,0.8398097628224572,0.14195601439846417,0.19496824765400786,0.7471736718526095,2.2615543328504377,1.2607220137489208,57.58235887616698,63.28242530817091,0.8660835087211581,66.881926248795,78.53788215561599,0.4947950173431592,1.1090421374552446,1.1246343752190906
14,Backend,Junior,1.0351299900403839,46,2025,0.8515917935861506,0.7214739102230991,0.8155233420126343,0.1740582450683289,0.24293400445694235,0.42599726212851996,2.743986187997647,0.9607649165160197,66.12698632963802,66.28110735177584,0.23129097566459034,72.83718764129678,71.52997229112547,0.38517641962573074,1.1090421374552446,1.1246343752190906
14,Backend,Junior,1.0351299900403839,47,2025,0.7993082437804606,0.7318551159843318,0.9548640709120644,0.1865761717872615,0.24061750488375847,0.8069283233351554,2.5689975611624845,1.1031321571931836,73.31860353950833,74.06857898904703,0.3455504046259022,72.17353927342766,76.61558721412838,0.4191802708267396,1.1090421374552446,1.1246343752190906
14,Backend,Junior,1.0351299900403839,48,2025,0.9499082821620635,0.925517501980784,0.9487834421307993,0.08832624540306303,0.17578546136742965,0.922930642971344,2.3207973456808593,1.070630328906307,73.98571106819844,79.68264572077925,0.5314306678424137,72.95026177315961,84.42258094620236,0.40620721767159795,1.1090421374552446,1.1246343752190906
14,Backend,Junior,1.0351299900403839,49,2025,0.9929725417265823,1.0082473650519015,0.764911369997221,0.5227311465842197,0.5603843092130194,0.6963015653170591,1.232211435738346,0.8811377272450178,68.47402090668511,80.06160206266938,0.48456396761963955,75.01679401145608,74.30122803667871,0.3510875953535362,1.1090421374552446,1.1246343752190906
14,Backend,Junior,1.0351299900403839,50,2025,0.9603299598670428,0.923210438691739,0.9218062043837202,0.284821200388373,0.20325032196833018,0.7360900364621085,2.9022623446643774,1.119502624013743,79.36410238687375,84.38311183505142,0.4268807365038121,73.68632095108119,80.40722807431524,0.4098478502104053,1.1090421374552446,1.1246343752190906
14,Backend,Junior,1.0351299900403839,51,2025,0.8431504405735283,0.7863711986767037,0.9457926865336238,0.3949076248420452,0.11182710378986012,0.6482761574776584,3.552649388647761,1.262227068710389,70.27315611563009,71.58233271848778,0.3164973151777094,69.9916954891445,73.04282015794686,0.4691812846658736,1.1090421374552446,1.1246343752190906
14,Backend,Junior,1.0351299900403839,52,2025,0.9123900858194463,0.8412637449509789,0.8422152218455676,0.4496507721021517,0.11984285611668334,0.886946187613258,1.5449177118641724,0.7683317636374669,71.74486587005063,78.35092150043852,0.21363963508689982,77.69226615552918,76.03860280609611,0.30623080143141684,1.1090421374552446,1.1246343752190906
15,Backend,Junior,0.9214017645310711,1,2025,0.5464446946238875,0.5065735456885512,0.762758284738062,0.08231406010110677,0.24623948691509567,0.8465864345516566,2.4982309771407585,0.9372950957972292,65.16550236522029,66.74409947670291,0.7661951586483552,87.58948039569255,75.55468684441054,0.2575466825286746,1.3811324994190628,0.8210199963880233
15,Backend,Junior,0.9214017645310711,2,2025,0.7571776589447193,0.7046904897522278,0.7839618629464461,0.0385017046265208,0.04612723659670462,0.6921589256479078,1.9245097869038785,0.7996590000030459,65.66528841574959,64.38925774355147,0.7245067517134968,89.28446408220717,79.07732435437786,0.21589459931554944,1.3811324994190628,0.8210199963880233
15,Backend,Junior,0.9214017645310711,3,2025,0.6603631358999906,0.651874954820718,0.9498084172603655,0.6588673473892274,0.6152083618893853,0.6306787608753677,3.4268837505549765,0.8224550655078254,74.12073509082859,81.33050585864076,0.4693076213862187,89.67854167194383,69.09395595485961,0.2171698325020332,1.3811324994190628,0.8210199963880233
15,Backend,Junior,0.9214017645310711,4,2025,0.4919635091324895,0.4457617639126143,0.8031420290449683,0.29762732059161545,0.17751402725240004,0.5905024775158025,3.5286987158898997,0.8212421299573985,65.78282163518085,77.8746004030431,0.576146435865481,90.2388365813534,70.20306692992742,0.2122581211468681,1.3811324994190628,0.8210199963880233
15,Backend,Junior,0.9214017645310711,5,2025,0.8302227542936552,0.7716414375381986,0.5249666523804294,0.11028984252673969,0.11063906895042772,0.691963227633484,1.3062737557242419,1.2954906868097373,75.24021027749845,70.9884747876273,0.33464969374373515,83.41566775825478,73.39728133503293,0.36396757270982427,1.3811324994190628,0.8210199963880233
15,Backend,Junior,0.9214017645310711,6,2025,0.646692980947861,0.6420090566575343,0.7394826918980945,0.08533948546883909,0.11424525781689936,0.5579114370212834,3.7032127822922853,0.8750487616240841,69.50445604140414,70.89547902150903,0.7186826154279714,90.80038095900505,76.45632760997006,0.2183399109997747,1.3811324994190628,0.8210199963880233
15,Backend,Junior,0.9214017645310711,7,2025,0.5933533324976669,0.4994703202411618,0.8777421111237343,0.06156383366050898,0.33653027289879495,0.8824884623474119,2.279992550894124,0.8152211933392034,82.39401815023204,84.96668048194108,0.3224796209688083,91.70594195493562,75.62429121209584,0.19882805571004375,1.3811324994190628,0.8210199963880233
15,Backend,Junior,0.9214017645310711,8,2025,0.6830950050046691,0.6164890956874757,0.7964351927472275,0.2964813266675596,0.26864530074341625,0.36979568139060953,2.859485939773858,0.6,79.15379622505989,67.23823531963028,0.8127595758663467,93.80007709026204,71.24697922318497,0.13833269091448303,1.3811324994190628,0.8210199963880233
15,Backend,Junior,0.9214017645310711,9,2025,0.5908203861307323,0.589491811773989,0.8930089156171752,0.12075910667459806,0.2687797233234271,0.5810866625411533,2.3654848721767174,0.9904638584192098,81.05115334538944,75.78546079589155,0.32587416373353095,90.98872702170613,75.17732607816868,0.2398533798362909,1.3811324994190628,0.8210199963880233
15,Backend,Junior,0.9214017645310711,10,2025,0.6573609910363305,0.6017586187916806,0.903030993624796,0.3219657928379683,0.387435450855231,0.5915325283110432,4.296753465426491,0.977926704217471,79.39485827995765,80.22882660261261,0.630802621188539,91.33682534048107,75.63265404968526,0.23444512967281866,1.3811324994190628,0.8210199963880233
15,Backend,Junior,0.9214017645310711,11,2025,0.5857151146023267,0.49579694171662475,0.9375656363228236,0.1797492552212804,0.20677218372636177,0.8453414935398864,2.800659448885967,0.9564922325073675,93.06357159372557,92.42544070047315,0.34906488976882344,91.68792898786508,78.6920891393453,0.22723237160259782,1.3811324994190628,0.8210199963880233
15,Backend,Junior,0.9214017645310711,12,2025,0.7373694835425758,0.6705164007619517,0.8384153727651746,0.2088417703673138,0.028326365374437293,0.8606040991009459,1.7704270667796096,1.0271668433334145,70.91580149868683,67.36234153635178,0.5114119351224702,91.2313673846167,80.36597137620106,0.245171973794877,1.3811324994190628,0.8210199963880233
15,Backend,Junior,0.9214017645310711,13,2025,0.5940269912531785,0.5343284723842701,0.6638486639340799,0.3180817999772817,0.5220722368377483,0.6847163120468697,1.707068703631165,0.7609411216067345,81.64686050262168,84.86090044683654,0.8520954910077516,93.39762878793988,71.69360310692116,0.17387465108851458,1.3811324994190628,0.8210199963880233
15,Backend,Junior,0.9214017645310711,14,2025,0.6832130992114627,0.6705895332529939,0.9010308006263434,0.33481451388998273,0.20743373522455377,0.8780118719977579,3.783739433701408,0.9817231583033447,75.46878543303312,66.38745293236315,0.11294239116739839,91.59491686485727,75.77953213317262,0.23305365778685833,1.3811324994190628,0.8210199963880233
15,Backend,Junior,0.9214017645310711,15,2025,0.6489045428758597,0.6335201230776688,0.8333160332306079,0.24695709355403472,0.21505961035895474,0.9293772973323613,3.99839495741885,1.1756396167893122,83.60400956755554,87.65080992760804,0.4450757067051906,89.93474991360952,77.83672093386329,0.28567167407778304,1.3811324994190628,0.8210199963880233
15,Backend,Junior,0.9214017645310711,16,2025,0.6461531934121043,0.5178271043355958,0.9067478634137277,0.4529252062671949,0.21694424158247838,0.8785121698654462,1.8096618766560955,0.9460239308829418,57.03802244665449,59.89443771247597,0.12355658779844632,91.59204752715729,70.9308919955804,0.22593772345027763,1.3811324994190628,0.8210199963880233
15,Backend,Junior,0.9214017645310711,17,2025,0.6033097833687993,0.5586759164484955,0.9221921252408372,0.11623468302013328,0.5279539770428877,0.9477344310580539,1.589041824556722,0.9031281320862999,88.16879838468482,88.57756211700726,0.5804947625704753,91.6874128323694,78.47544203850765,0.2165638528141816,1.3811324994190628,0.8210199963880233
15,Backend,Junior,0.9214017645310711,18,2025,0.6890261073854245,0.5917150125665411,0.6646308768230319,0.6179258572311453,0.3072623642257956,0.6071341275348259,3.027568116112033,0.7157748448626684,81.04024846949552,72.74072065696961,0.3016062297589985,92.87387833136069,66.82153885688747,0.16920598287786134,1.3811324994190628,0.8210199963880233
15,Backend,Junior,0.9214017645310711,19,2025,0.6146651030107801,0.556419687825876,0.9604175156543675,0.2495912978484092,0.2947415680197297,0.9058164662004089,1.1619470994650816,1.1523392214626658,92.6540921347318,92.6498141368816,0.5200706503310225,89.00899772994794,78.64274193285907,0.28872619654296705,1.3811324994190628,0.8210199963880233
15,Backend,Junior,0.9214017645310711,20,2025,0.6109836285909265,0.5684495461005901,1.0404999840410247,0.11944182233975828,0.2702894500044916,0.36632714203284855,2.8116342988074248,0.8868093426410091,81.45296958431042,83.64308761095091,0.534369324690393,90.70629631086966,75.713867685391,0.22147606593762134,1.3811324994190628,0.8210199963880233
15,Backend,Junior,0.9214017645310711,21,2025,0.6868157564670463,0.6810024907111305,0.7540027480855959,0.3687331428576178,0.4021457030492071,0.9159984310516592,2.819783540559672,1.180106162677553,83.46335217995885,78.43667765066009,0.6237264476664923,87.8846321930291,75.42735133750807,0.3036492975936014,1.3811324994190628,0.8210199963880233
15,Backend,Junior,0.9214017645310711,22,2025,0.5613399662758768,0.4748185268900263,0.9990296891669298,0.33230777145506113,0.12610427486110462,0.599428784009632,1.7527826915132563,1.0360871136589889,66.5365300848734,72.71962879558828,0.3853887799392035,88.5200767117407,72.96383079923726,0.2695501168006253,1.3811324994190628,0.8210199963880233
15,Backend,Junior,0.9214017645310711,23,2025,0.7510297343626773,0.6682307886688058,0.9424826212376737,0.48165411493272703,0.2895447461241681,0.6210859375135049,1.4526641056634213,0.9729713215504149,81.2825946788741,76.50651732639274,0.5387866920403903,88.47441162360312,76.14521745282832,0.257307500780057,1.3811324994190628,0.8210199963880233
15,Backend,Junior,0.9214017645310711,24,2025,0.5589439878627908,0.44521914560238945,0.7264552167877146,0.1288017055959565,0.06981028332073269,0.6086816362612562,0.805960718774595,1.1110500133834718,66.53280672073494,67.50185176239053,0.4572666679608298,86.79333597516376,71.28268584478742,0.29893220288366307,1.3811324994190628,0.8210199963880233
15,Backend,Junior,0.9214017645310711,25,2025,0.733012564666057,0.7214065767547089,0.8378691328610419,0.20892499353889168,0.044499253007368796,0.7568570504408647,2.5214040454008084,1.1060062705303464,86.80526291231722,83.16289283289346,0.5816798123050354,86.2397909978276,80.86980451802475,0.30253632912417266,1.3811324994190628,0.8210199963880233
15,Backend,Junior,0.9214017645310711,26,2025,0.6738537743312321,0.6393219559822498,0.8653548554260171,0.31707485715500855,0.04622038843302167,0.8616715759518685,0.8029038567105446,1.0975734459982653,85.4166673308335,76.43528449694583,0.42887048254419646,85.70457019280764,78.13432635151207,0.3053099375929227,1.3811324994190628,0.8210199963880233
15,Backend,Junior,0.9214017645310711,27,2025,0.71693256508286,0.6891375713150044,0.6270424425888123,0.02174274846416604,0.38878845357933545,0.7717729313903715,1.4858019298199525,1.3534193444016103,67.04487306305134,60.43088930185538,0.5850669915044265,78.81408747148494,70.69489064548729,0.41389980661794756,1.3811324994190628,0.8210199963880233
15,Backend,Junior,0.9214017645310711,28,2025,0.751396315621532,0.7430549734191972,0.9472128131900094,0.28318090018020636,0.3445635128275823,0.8356527467353801,1.5670515298269794,0.7724390444641551,68.72245013242511,66.96908316413213,0.15024520014664153,87.10906708364273,73.6543645313067,0.22857891652914164,1.3811324994190628,0.8210199963880233
15,Backend,Junior,0.9214017645310711,29,2025,0.7085491235362408,0.6608934065675397,0.9092521009760872,0.2062250208005029,0.25491181267306556,0.6193070469124792,2.5809152255271206,0.731160069132421,73.31794709367885,79.66701676272758,0.47467992581763835,86.8628527725217,74.47625712587008,0.22237490738880333,1.3811324994190628,0.8210199963880233
15,Backend,Junior,0.9214017645310711,30,2025,0.7375872671739375,0.6864923680262092,0.9682240389858449,0.31761233733173766,0.2277772618206187,0.8799163890929362,3.0902703110753222,1.1943996505959684,73.97733649782407,67.5304260523071,0.4132918850797834,82.60634469580717,76.01351192698344,0.3504937243208006,1.3811324994190628,0.8210199963880233
15,Backend,Junior,0.9214017645310711,31,2025,0.6148532371524107,0.7102612462540148,0.7660202592651298,0.9133818062272043,0.08063126905252312,0.7981145765645601,2.7077658789919035,0.7792031084455856,79.8561258014952,79.99524022963402,0.4036269472124067,85.41120915957329,69.89684311263899,0.24408054535933968,1.3811324994190628,0.8210199963880233
15,Backend,Junior,0.9214017645310711,32,2025,0.5854391253439454,0.5819993217440795,0.6810759077017299,0.22726415480810702,0.20766816872260235,0.739413780337032,1.4411419911420056,1.0759954682363504,53.18824762334323,53.754047680307146,0.9137852414670199,82.56158072369898,72.5348260774984,0.32718592094977855,1.3811324994190628,0.8210199963880233
15,Backend,Junior,0.9214017645310711,33,2025,0.7089806898720211,0.6081633556454302,0.9386638721113738,0.35737359580946637,0.18246915314057582,0.5164512967514832,3.1190988310119043,1.2090787709454023,78.64426077135347,86.99049548323597,0.4075230519640022,81.06997385237504,72.85866287310179,0.3662326387526218,1.3811324994190628,0.8210199963880233
15,Backend,Junior,0.9214017645310711,34,2025,0.6024899355633427,0.5981130751428849,0.9785759036510566,0.3145418413563504,0.18183578412749676,0.7300042790381552,2.1950187001516697,1.02691442819424,70.1464868921443,68.88803943829903,0.3717975315378117,82.15492300577155,74.20705739106373,0.32075852725741844,1.3811324994190628,0.8210199963880233
15,Backend,Junior,0.9214017645310711,35,2025,0.7416928137547019,0.6165252983517766,0.8987615367277906,0.5654027924561583,0.26890803517684664,0.6685537262831482,3.6966177360048205,1.001533821137912,71.21806314892709,73.62247641859622,0.7327166752647584,82.04560706342441,74.68747063149503,0.3165933720323789,1.3811324994190628,0.8210199963880233
15,Backend,Junior,0.9214017645310711,36,2025,0.7138617918257245,0.705064827124968,0.8954688951953637,0.5874793269696199,0.094735662008548,0.9140004482480457,2.915311477240334,0.9608494765972481,89.21503285233094,94.20866570274643,0.17612227212685866,82.12328073458869,77.07154922938788,0.3078092225312105,1.3811324994190628,0.8210199963880233
15,Backend,Junior,0.9214017645310711,37,2025,0.41574802828489676,0.4182616392086058,0.8908684762275408,0.18305750275344707,0.17903426359050606,0.5742308835953102,1.6926705970786,1.0200976335914984,91.99742742198643,94.81444922422669,0.22354728498159726,81.4696676049315,71.64718822875467,0.3251056300105372,1.3811324994190628,0.8210199963880233
15,Backend,Junior,0.9214017645310711,38,2025,0.6051026282390485,0.5512454130579083,0.8602382198347652,0.016769009002894616,0.2130516345943965,0.6989331422363896,3.2947740384603357,0.678404975256701,74.82258165485622,69.46468695226773,0.45932580848172405,84.09437358824988,72.82132918780061,0.23489454848259117,1.3811324994190628,0.8210199963880233
15,Backend,Junior,0.9214017645310711,39,2025,0.636043587949058,0.6103412237603866,0.8679493362791246,0.041591086591259256,0.023807380028376,0.8879754870022452,1.757720314491263,1.0695034235527445,75.39864207491586,79.31598260596044,0.5458950723154731,80.9291303723718,80.06276076423069,0.3394912649407839,1.3811324994190628,0.8210199963880233
15,Backend,Junior,0.9214017645310711,40,2025,0.5303433907254804,0.46489434816129716,0.7347098056352617,0.1864533041902068,0.1534132985081063,0.8643472507145281,3.424098128840789,0.6898272435284047,66.4830717557875,65.48020759132885,0.45698216616592036,84.00299544207624,69.67963566119822,0.23794048668837892,1.3811324994190628,0.8210199963880233
15,Backend,Junior,0.9214017645310711,41,2025,0.6842650152612695,0.6688060577830564,0.9364114392049973,0.2590901385225637,0.10932949945068801,0.5666958930474066,3.3059371244868503,0.9432410960959298,72.63466747903875,66.55544756491192,0.09176643841843046,82.08451990489606,72.85000012052447,0.3046105533450521,1.3811324994190628,0.8210199963880233
15,Backend,Junior,0.9214017645310711,42,2025,0.5175450421876121,0.45319538666327996,0.8633678838237623,0.547787415506583,0.32905200587252553,0.9106979524647127,1.3787204085182152,1.025655923895572,81.48479326697246,88.79100440320343,0.6157125521276855,81.6048291562021,72.73053954579747,0.32509094181076353,1.3811324994190628,0.8210199963880233
15,Backend,Junior,0.9214017645310711,43,2025,0.41616709167479704,0.28724210504333547,0.7349831159833207,0.12043839917617524,0.46429013762332244,0.684893871817288,1.2608719760977318,0.9058183691469213,78.08675294055617,80.41903280540323,0.47723466395783115,82.81133067935234,67.11380102165101,0.2910692515014481,1.3811324994190628,0.8210199963880233
15,Backend,Junior,0.9214017645310711,44,2025,0.6211962479048305,0.5633706267723378,0.926705021849271,0.12440004325214485,0.4331553322367893,0.48472287688994414,1.6815249138698318,0.9988107118819944,69.94093664569289,82.6661142627109,0.7658223480206154,82.37975273626952,74.79680388689754,0.3132642029074862,1.3811324994190628,0.8210199963880233
15,Backend,Junior,0.9214017645310711,45,2025,0.7178087786780778,0.7050212415239044,0.7899618609487664,0.7280296297284404,0.17229479151683458,0.665399261034719,3.3214824391716364,0.9678389972876862,72.0740525009239,62.12888152006742,0.475628877463538,82.99989204163677,71.08297104003158,0.30190203244389746,1.3811324994190628,0.8210199963880233
15,Backend,Junior,0.9214017645310711,46,2025,0.6363953066362328,0.5529957295410893,0.8922143692195262,0.4533178368156532,0.4634000120886045,0.9229591671912667,3.2760873728625644,1.2756913044988414,81.18772739584807,84.53975484114532,0.11343057730825283,77.65571837961295,68.230879082835,0.40800727440299367,1.3811324994190628,0.8210199963880233
15,Backend,Junior,0.9214017645310711,47,2025,0.7552123843428092,0.6603693296048487,0.7918568296282856,0.10267689506320249,0.7799818203978289,0.7920258003636307,1.4823607481662209,0.8688909276400427,79.2776894435061,77.88429492930833,0.37132924230631775,84.69370660601763,72.33173698414724,0.26799729714452836,1.3811324994190628,0.8210199963880233
15,Backend,Junior,0.9214017645310711,48,2025,0.6420567148617327,0.5833632409544308,1.0448425334132414,0.0502774727379297,0.39992512084550835,0.6997005779357129,2.7775246844762953,1.0391059242956913,72.4032203649247,74.34250808200268,0.8587782698457335,83.84869450620938,79.14292339030422,0.3090820639740601,1.3811324994190628,0.8210199963880233
15,Backend,Junior,0.9214017645310711,49,2025,0.8114806497123251,0.7805596841104875,0.8858234594014452,0.40798966992975894,0.3114630696031404,0.47882890698794656,1.8354385925352026,1.0641950010034709,88.58357166430605,93.90075027364335,0.8670554576701514,84.19857331755331,79.37393316229723,0.3111842225544166,1.3811324994190628,0.8210199963880233
15,Backend,Junior,0.9214017645310711,50,2025,0.6522519039947913,0.5877279666883497,0.6962496781765275,0.12954773153674107,0.026707447728582263,0.8372674901014653,2.2797904703659224,1.1682925737872838,76.93586995065698,69.73575716140607,0.862418978608572,83.9422388490577,78.14004316657838,0.33413985768197585,1.3811324994190628,0.8210199963880233
15,Backend,Junior,0.9214017645310711,51,2025,0.6552842370344267,0.5212684125961999,0.8884288680665826,0.2020869520494283,0.33928281265065263,0.35037964613601374,2.382944676914736,0.8925599587166398,78.01001233918475,80.87885114490769,0.4643199951197283,86.74199468978401,71.34985384597655,0.2556620359951279,1.3811324994190628,0.8210199963880233
15,Backend,Junior,0.9214017645310711,52,2025,0.6529880106536047,0.5920442277231376,0.7891408194430721,0.2720246142589521,0.07353470297311025,0.8834759753327273,2.277434929228587,1.0161405154334426,83.75494883261722,82.20296640784188,0.03797397421772266,86.35603363732622,75.60005679778361,0.28359448944230337,1.3811324994190628,0.8210199963880233
16,Backend,Junior,1.3140441247373726,1,2025,0.7907290887548803,0.7704019144229507,1.0642711034464187,0.22613940287707474,0.10597907409934425,0.8343070841675858,2.894598935358264,1.0348765050486188,71.7648255655761,73.96736142859422,0.1638820915059126,69.15281107596054,77.93777581339421,0.4307018753767192,1.096898082329448,0.837672425069222
16,Backend,Junior,1.3140441247373726,2,2025,0.7787537943390863,0.7268132078503039,0.9106300183347096,0.2105071914614084,0.15340909760032462,0.8760856712256287,2.517183850385528,0.9461760443584676,82.24075050744304,92.29526568451021,0.3390846787319627,70.4563096816429,79.02322089011454,0.4020992948580026,1.096898082329448,0.837672425069222
16,Backend,Junior,1.3140441247373726,3,2025,0.7353660464525459,0.6667506833797788,0.7954344605637416,0.2584655773546807,0.34990093539618394,0.797373947170571,1.6253196986607243,0.9701821028157201,59.2359019219032,50.4659878181923,0.5027032070486398,70.84070732775979,71.20998168111002,0.4036971928318125,1.096898082329448,0.837672425069222
16,Backend,Junior,1.3140441247373726,4,2025,0.7836840630747681,0.6519623733359554,0.7668952151688901,0.3870936402598343,0.1518195431332735,0.7534593291514167,1.766574833182761,1.0174848485223005,74.88993678371592,71.03880186816521,0.5305568352686466,71.0128767871133,74.22267890854242,0.41172299647851596,1.096898082329448,0.837672425069222
16,Backend,Junior,1.3140441247373726,5,2025,0.6905020128965484,0.6653125847632556,0.9625679932123462,0.31130738032630684,0.08741917533171872,0.7464797989951013,0.6687413621882663,1.0033915035721832,68.04897337923472,71.59581035215179,0.7567109832825721,71.64233142015118,77.81526308447422,0.40365887221317676,1.096898082329448,0.837672425069222
16,Backend,Junior,1.3140441247373726,6,2025,0.6507278162296259,0.6187356163616473,0.7800064790733507,0.4836771612233717,0.15046155361080918,0.8390465348162455,3.4076118110467686,1.0109656381571115,66.75777560632547,70.72597207797598,0.20617317762257686,72.05702790101995,70.1078997831826,0.4017178951229228,1.096898082329448,0.837672425069222
16,Backend,Junior,1.3140441247373726,7,2025,0.6327168623600162,0.5764409127120756,0.7450325884243205,0.11896528441639372,0.12832942787174878,0.8975820251926483,2.6212547500986942,0.85424086596173,80.2846189182371,75.40931529113504,0.4723911654339735,73.73776652823453,74.7595749315388,0.3563667854570583,1.096898082329448,0.837672425069222
16,Backend,Junior,1.3140441247373726,8,2025,0.698501004805299,0.6243390984301568,1.201367631306546,0.10471783713943868,0.0847444157509331,0.8725575335532237,3.011555528522005,1.0469857373501068,78.6543184282471,78.04688290104504,0.17461807652177344,72.56817314574029,79.62744054806838,0.4046623712555189,1.096898082329448,0.837672425069222
16,Backend,Junior,1.3140441247373726,9,2025,0.6450967786248294,0.5395447744800463,0.9237070670617672,0.187275938698348,0.19922112754112964,0.8098096781324879,1.9751452200656723,0.9835219543292351,56.82254612501478,59.53020860729201,0.1767538973936399,73.38824420870503,71.05642377348434,0.38513568912663837,1.096898082329448,0.837672425069222
16,Backend,Junior,1.3140441247373726,10,2025,0.6161802627785001,0.5844323984783496,0.8852039110007618,0.06207269206451569,0.23323183765965613,0.46970693547201603,3.692606204977316,0.8159626485557139,63.03660100789788,51.454376723260424,0.5730248294837067,74.97651974005423,69.83718759567536,0.33838819854402424,1.096898082329448,0.837672425069222
16,Backend,Junior,1.3140441247373726,11,2025,0.7937880127212031,0.802837231933579,0.7747280758096932,0.34642423500558245,0.2623192587920174,0.561779083966543,2.906158830130564,0.9581487967737954,89.89635283388344,97.73936336607306,0.5113322820050853,74.01865842801277,76.5910461480235,0.374807605787986,1.096898082329448,0.837672425069222
16,Backend,Junior,1.3140441247373726,12,2025,0.8291171154069886,0.7164489665492269,0.7803390315807757,0.3518505046608293,0.16169372068526788,0.9641365307349773,4.424940513187057,0.9395864065140374,71.91743370246614,71.75776425221208,0.5080312621990404,74.27599283345084,77.18313828207405,0.36895067435738377,1.096898082329448,0.837672425069222
16,Backend,Junior,1.3140441247373726,13,2025,0.8318638586397356,0.7523464615892493,0.8570864997055136,0.14476850566172927,0.06320577697191998,0.8577057986487059,4.261011230334019,0.9385144715808245,62.90581332284911,54.11845021238757,0.8926008336898978,74.32102394242628,80.7796522669244,0.3683610281292792,1.096898082329448,0.837672425069222
16,Backend,Junior,1.3140441247373726,14,2025,0.7565284427166444,0.6767983584917224,0.8977331456423191,0.23642852821735713,0.49471591009567617,0.952918425153168,2.70650562514583,0.8494318276804546,75.89228286874749,76.20737116324364,0.49058822095693777,74.9972294641195,74.9798504637761,0.3449094533350951,1.096898082329448,0.837672425069222
16,Backend,Junior,1.3140441247373726,15,2025,0.5675733473265511,0.5288250934333338,0.945740984523219,0.22774129556209555,0.18544016916729988,0.8571068221074568,2.4714735418902554,0.860194470161897,61.9340639354369,67.29238383316066,0.5442521947749496,74.80229304090795,72.85317203847622,0.3486864520248131,1.096898082329448,0.837672425069222
16,Backend,Junior,1.3140441247373726,16,2025,0.7330049232124438,0.6902359269219408,0.7145258340707723,0.06835555474484042,0.18682853324784104,0.7340355815520114,3.8653287482758216,0.9974798026033389,72.96701755423194,78.904976644322,0.5404217200964958,73.52438250767324,76.76582910444392,0.3867927729567242,1.096898082329448,0.837672425069222
16,Backend,Junior,1.3140441247373726,17,2025,0.6227631446567541,0.5647261163941443,0.7531950204450304,0.3627351338574471,0.19465097923814764,0.901137375976632,4.114905925971822,0.8429682245835252,87.29369183582172,81.57311089270402,0.8612431898112339,74.51267404667071,75.54409480578039,0.34765469452778247,1.096898082329448,0.837672425069222
16,Backend,Junior,1.3140441247373726,18,2025,0.46494236977430026,0.37785825114103616,0.8218536824950654,0.13654871070930052,0.07126080081655485,0.8591093426508065,2.1276816464295156,1.0123044894082174,90.65454659959113,93.3989391771928,0.33312715311848756,72.84562312927541,74.03558694136326,0.3954140384710151,1.096898082329448,0.837672425069222
16,Backend,Junior,1.3140441247373726,19,2025,0.671712445227633,0.6559337520238576,0.8759478823086476,0.5550443167759541,0.09504007544755012,0.8013015754362532,3.0082764311900974,1.1605990042431535,88.43821429548126,89.24660885049622,0.22241353172859313,71.28690142198316,72.37820758116268,0.43806228899877103,1.096898082329448,0.837672425069222
16,Backend,Junior,1.3140441247373726,20,2025,0.6351392136693006,0.6126885063727706,0.9643945570389135,0.03217528707784595,0.12104342629645687,0.7928870635308004,0.7927740054294474,1.1827997816183382,86.32287374838938,76.30813167906342,0.35392405997953325,70.68235475333013,76.09537518062388,0.44754033337924987,1.096898082329448,0.837672425069222
16,Backend,Junior,1.3140441247373726,21,2025,0.7437914528270484,0.7278360443004238,0.7806303507535596,0.08015178135945203,0.20945798263430776,0.9108176349222776,2.579688781444731,1.1817295318454808,88.59676736501949,87.29084077102952,0.5472081637951838,70.2156271939648,78.45492113155905,0.4512156797527228,1.096898082329448,0.837672425069222
16,Backend,Junior,1.3140441247373726,22,2025,0.5611623338752024,0.5067721978241796,0.9474609111422171,0.17099328449414777,0.10599647056447978,0.7607738107356278,3.203493522711172,1.272769656757239,84.9441028121763,85.03337931958717,0.8433328644258601,65.69736244014693,74.93311392913058,0.5070759110168901,1.096898082329448,0.837672425069222
16,Backend,Junior,1.3140441247373726,23,2025,0.6291944348022995,0.5122446846429626,0.8835421320480369,0.65502052128568,0.3360834431262677,0.8979698367782615,2.0378048167370433,1.0585523123343927,57.786460328059555,47.927384489399856,0.6816642027936666,70.13374565161041,67.66691784883831,0.4272625820367918,1.096898082329448,0.837672425069222
16,Backend,Junior,1.3140441247373726,24,2025,0.5990568896602189,0.5216847862946802,0.7200964363734438,0.28270880587649466,0.4260470192668923,0.8380903367684954,2.2978096646123802,1.0994017536529248,65.62942323533866,64.13450324847946,0.4112514289357327,69.23050400728725,66.93599807654927,0.44295948400319124,1.096898082329448,0.837672425069222
16,Backend,Junior,1.3140441247373726,25,2025,0.6240250564603254,0.6447555968403847,0.942398267912015,0.3811263984355416,0.5889061039534121,0.7800370564552792,1.5051939063902142,1.217586355122899,73.33902236982898,79.16451943515493,0.6178202380259233,67.6911322753663,69.45867115992768,0.479424502063194,1.096898082329448,0.837672425069222
16,Backend,Junior,1.3140441247373726,26,2025,0.8109999613383055,0.7292565966315399,0.7871590936037826,0.22396879486061747,0.0812608289837114,0.39188821391814654,2.1772554472766577,1.1921904468102014,82.06896290918512,88.40533114077702,0.29672087914120615,67.29161614059126,72.17790818361028,0.4776746215237798,1.096898082329448,0.837672425069222
16,Backend,Junior,1.3140441247373726,27,2025,0.671751239265511,0.6288182429738407,0.7909559229796725,0.43825939941805353,0.19892304902263033,0.6500309410412022,1.580980208931058,1.0130704128324712,65.19453672883697,59.671381766744524,0.4746803841858746,68.12189301113649,69.26550177481826,0.43493164080702346,1.096898082329448,0.837672425069222
16,Backend,Junior,1.3140441247373726,28,2025,0.6899911925074804,0.5974859255603207,0.8576083250814862,0.6653889407220163,0.3581557160991491,0.6053586921517637,2.992715419461401,1.002582937409584,71.95934741934242,66.3502034172795,0.5288711931350026,67.6118978943584,67.4950380459806,0.4370841050289301,1.096898082329448,0.837672425069222
16,Backend,Junior,1.3140441247373726,29,2025,0.6474784566477446,0.5266401545138348,0.9842776964423003,0.6423412188044201,0.4081653176784797,0.8329772665970461,3.2848093094573922,0.9620131079238696,81.92857874596972,89.75003006360478,0.6824727367861797,67.36001041646924,72.15707730124528,0.4310692014475303,1.096898082329448,0.837672425069222
16,Backend,Junior,1.3140441247373726,30,2025,0.525805622583944,0.5054914795353169,0.7950637129887927,0.24621406499788692,0.5295957887614708,0.7992007546034653,1.042726341800547,0.9894220670908871,92.25998002094337,95.1574737089466,0.8527620834578898,66.59014731812694,73.18751923178795,0.44296651910045287,1.096898082329448,0.837672425069222
16,Backend,Junior,1.3140441247373726,31,2025,0.6276927284475043,0.5852519782280093,0.8866146525965682,0.2824270062195304,0.053504111830226436,0.8971693511707948,3.2332484725630035,0.9957048212506251,88.00309545788696,88.31764411086088,0.6051960937808498,66.02317741141209,77.98912695606971,0.44894781915502424,1.096898082329448,0.837672425069222
16,Backend,Junior,1.3140441247373726,32,2025,0.7865633670092997,0.7562310313596882,0.6467026451762801,0.6293261086310443,0.40991547636747344,0.40111250583290947,1.696590540207563,1.412984426620481,80.03636636177862,80.20144574645292,0.2666983286881136,57.25383789145928,60.16263585838955,0.4908192396669995,1.096898082329448,0.837672425069222
16,Backend,Junior,1.3140441247373726,33,2025,0.6683484730225493,0.6391920315077859,1.032003481276744,0.3886259458105347,0.3262696152055841,0.8494314048223629,2.4700305759304904,1.0764927500114032,86.4142342469836,83.51676890797786,0.5743947880807291,64.47464397412614,75.24753978333,0.4780098502178961,1.096898082329448,0.837672425069222
16,Backend,Junior,1.3140441247373726,34,2025,0.6678648964440881,0.6537889446360777,0.8568283275938638,0.7009649519370602,0.21485483461213178,0.6464585807464202,1.3445039578712359,0.61488461353915,49.29852451419647,54.433546573134755,0.6859936628168588,67.79514347729139,64.01369178663687,0.3580173937304017,1.096898082329448,0.837672425069222
16,Backend,Junior,1.3140441247373726,35,2025,0.7511310977026776,0.6882242724729971,0.9066177390770173,0.5310295298634895,0.28371425640861464,0.8126922603742567,2.3138904852440367,1.2340829439875431,72.68963064338601,77.31012034821715,0.8945694004283736,62.52919603490648,73.11163107770145,0.525739955173288,1.096898082329448,0.837672425069222
16,Backend,Junior,1.3140441247373726,36,2025,0.6939268166182505,0.7101274923811407,0.8170116114839817,0.23357543113096604,0.1599751249266114,0.5671929753407187,2.3279686378843305,0.920081018037933,67.65679997686627,59.65585354305547,0.6935020141055288,64.79341035734232,72.35502476153889,0.4440711172964006,1.096898082329448,0.837672425069222
16,Backend,Junior,1.3140441247373726,37,2025,0.661711533002637,0.6384936260576694,0.8013418753645262,0.05505334410970206,0.04136979546632548,0.8650033911660719,1.0474745536877192,0.8484749920575637,66.92822548787497,71.35836242293189,0.40999842899415534,65.1866306914821,74.30214568581148,0.4264730759824953,1.096898082329448,0.837672425069222
16,Backend,Junior,1.3140441247373726,38,2025,0.46137986090461314,0.40665114605266284,1.0003861686107505,0.4728703658394142,0.6759572603759887,0.8489559615507615,2.0536015011844846,0.9714271453292341,84.65573558793184,80.6240794935338,0.5191702920856657,64.09417818194873,66.66009568339504,0.4601672775496074,1.096898082329448,0.837672425069222
16,Backend,Junior,1.3140441247373726,39,2025,0.5512030887055106,0.48451986878516484,0.5932414882066241,0.026348820998596586,0.315031296433664,0.6889673311887118,2.1179385126452814,1.00048665161173,62.60315564131988,67.40761401639719,0.3197860697067007,63.82524650217903,66.22108347271211,0.46822027613752076,1.096898082329448,0.837672425069222
16,Backend,Junior,1.3140441247373726,40,2025,0.5712041126003767,0.5928102072482441,0.8768532318928719,0.5834482033554989,0.4791041537572821,0.5734278833888138,1.6040529964112211,0.8693850435338892,77.71034252861244,74.03001643590919,0.04973397171182628,64.91051499631149,61.87731633021444,0.43295605040418206,1.096898082329448,0.837672425069222
16,Backend,Junior,1.3140441247373726,41,2025,0.6710734534160139,0.604090049574128,1.001901957253098,0.1927526242968363,0.20778088717150614,0.9280042536566204,2.812484998197304,1.1626322806212044,57.21218270084817,55.582694611418795,0.5092136541124092,62.67337238297297,72.52201002013582,0.5102483529327995,1.096898082329448,0.837672425069222
16,Backend,Junior,1.3140441247373726,42,2025,0.6403438294542318,0.5989719885633763,0.7543376367892304,0.8500496492566132,0.07101809517567376,0.5706546137846504,2.598080450279794,0.7361069469939134,85.28849153609595,83.12973566094031,0.11090959742088523,66.26520292569448,62.95122083073969,0.39501136501799533,1.096898082329448,0.837672425069222
16,Backend,Junior,1.3140441247373726,43,2025,0.7228388691542023,0.7337765514796271,0.7935048473344779,0.2865700789416496,0.16073594661550153,0.8995837590350615,3.4523204023308187,0.8911248543793813,80.34062956316951,79.92767793608695,0.3278941492786296,65.27286075177177,74.50954294369987,0.4342844646111115,1.096898082329448,0.837672425069222
16,Backend,Junior,1.3140441247373726,44,2025,0.6543547803479847,0.5877282454464404,0.7808787562208883,0.5028292770712746,0.0724686216712903,0.8943521647249918,1.6945983299344194,1.023078134331025,72.81077726587988,71.25872207457999,0.7004689286746629,64.5295953109564,73.27815413720164,0.46686899927490166,1.096898082329448,0.837672425069222
16,Backend,Junior,1.3140441247373726,45,2025,0.6001723253728624,0.4732525871797227,0.8928107393451634,0.3211474079954007,0.148139778386388,0.6274747553079201,4.216845930552196,1.1096191885470548,76.46747472205226,78.11726866125443,0.5917012098331843,64.20963246584094,70.43283020220919,0.4868435671607365,1.096898082329448,0.837672425069222
16,Backend,Junior,1.3140441247373726,46,2025,0.7694008196444445,0.6467083868554202,0.8402205002915797,0.6296967057451747,0.45825270373220367,0.6028460560020705,3.2204861082542875,0.9285984999968723,87.1454744200496,91.42515671354997,0.5132717591087307,66.08473842389392,69.71265202213786,0.43501354646692514,1.096898082329448,0.837672425069222
16,Backend,Junior,1.3140441247373726,47,2025,0.6575907616816835,0.5930658810342656,1.0789746384473335,0.46633348337715136,0.13181110597398152,0.4087513531589701,2.187508652160366,1.0533926822266488,78.52011591090864,77.45173005796757,0.646905395933901,65.5616745236039,72.39585257045665,0.46433124874863063,1.096898082329448,0.837672425069222
16,Backend,Junior,1.3140441247373726,48,2025,0.7032109244518324,0.6742575392942399,0.7620393690836009,0.2879734615539141,0.5433233645030826,0.9135407360800112,2.725841834037307,0.8512836573405764,61.48452545735766,55.49869249390651,0.6068776066771556,67.69525459612942,69.25896758257902,0.4061296098337035,1.096898082329448,0.837672425069222
16,Backend,Junior,1.3140441247373726,49,2025,0.5905555514794186,0.6015597771199931,0.9774059643266796,0.276684407678674,0.11790493895805046,0.4273273313965947,2.5371932786206695,0.7808994426223014,61.133042257324384,64.33464203479687,0.2541329886427986,68.80891973888178,66.82376073307519,0.3827722240337788,1.096898082329448,0.837672425069222
16,Backend,Junior,1.3140441247373726,50,2025,0.7857157982551609,0.7343741145021688,0.7897416186819293,0.1769139352946741,0.0297922773373857,0.6591775687524295,1.284456787948943,1.2532235579354185,49.569068105252214,45.61551500780938,0.07011489985776573,62.56809023492671,67.20162611120303,0.5292439596293612,1.096898082329448,0.837672425069222
16,Backend,Junior,1.3140441247373726,51,2025,0.5386420758248192,0.5042527770620839,0.945138498350077,0.15364093593701658,0.2265232065871056,0.657343918573259,1.8373259480654902,1.1630406850049049,84.9210742115151,83.81433336957171,0.2957405336001509,66.92213083375701,70.4853751505339,0.4749237133863392,1.096898082329448,0.837672425069222
16,Backend,Junior,1.3140441247373726,52,2025,0.6230508994025453,0.538101346678892,0.7948123948814203,0.237701903770157,0.5727469902476169,0.9690944222269677,2.7759858494205396,0.9374650545820916,95.87272161793628,96.51636502163451,0.27833161469005313,69.32941927841614,72.00390578952694,0.4097478502629505,1.096898082329448,0.837672425069222
17,Backend,Mid,2.422772674924288,1,2025,0.861239011380811,0.7932301460519011,0.6913664924868109,0.17447045844164868,0.3640827334491619,0.8705433747498088,2.8803018024448286,1.012760670879795,77.27313795492319,71.82117696088599,0.6039455666435655,66.46059502549862,76.69901534005812,0.4487138422968039,0.8254283972836469,1.0128366061943792
17,Backend,Mid,2.422772674924288,2,2025,0.9245175201255316,0.8281075948523469,0.8697368462234691,0.2892785190798574,0.07950849672010361,0.9337393005982574,2.2791655079629174,1.0624785317072758,81.18051462838173,81.77936453608547,0.2575505082235362,66.65674705903993,79.55294405957058,0.457022814182789,0.8254283972836469,1.0128366061943792
17,Backend,Mid,2.422772674924288,3,2025,0.7248379862131578,0.693640935005476,1.015543308090312,0.10060542184223424,0.10467430287573394,0.5828418717402148,2.7665833354284186,0.8929794926066099,78.60860609565681,81.21293455846467,0.3673783415968844,68.58918548562015,76.47537125477129,0.40701935280782076,0.8254283972836469,1.0128366061943792
17,Backend,Mid,2.422772674924288,4,2025,0.8080207650594043,0.7586426512051473,0.9555365546750707,0.5191415061752681,0.2387437918709595,0.7027319261588322,2.7515879179988447,1.036811461265701,71.10405629466352,74.76376986195118,0.5303382160852069,67.98912116135358,74.51941835622297,0.44078628257519364,0.8254283972836469,1.0128366061943792
17,Backend,Mid,2.422772674924288,5,2025,0.7261872237355227,0.5975458524369384,0.9099941608940849,0.30105532581000277,0.1392897555192166,0.43882407456502254,2.155139746907218,0.9902479265832915,81.55960552141373,81.55174648454776,0.4941763236485421,68.8783373122498,73.39409280168859,0.42406344104791005,0.8254283972836469,1.0128366061943792
17,Backend,Mid,2.422772674924288,6,2025,0.7750116987450016,0.7336344771993923,0.7431562514154171,0.06902259715197907,0.13906438780432082,0.3894203406804942,1.6620207853206814,1.0163177358791193,73.70483076936999,89.78456698492832,0.8027839317913181,69.14506839543138,77.15557120071858,0.42705464388056236,0.8254283972836469,1.0128366061943792
17,Backend,Mid,2.422772674924288,7,2025,0.6759290028706378,0.6087074871427126,0.8062672315152746,0.14072394562579257,0.14307905185401867,0.8902798713407013,2.2876510859656527,1.0067442642637527,74.1986293212019,75.16373998479162,0.388067742522579,69.64859661800583,75.5541342514071,0.4209438810360353,0.8254283972836469,1.0128366061943792
17,Backend,Mid,2.422772674924288,8,2025,0.6110347468397749,0.6198499522268036,0.6744232142241946,0.6172116233648013,0.22534980985720238,0.5691709994771397,2.64599591431264,0.8671056148000166,90.32829097662538,97.83926206236634,0.2265366449875518,71.1380714023285,66.83800687923309,0.3806038612739325,0.8254283972836469,1.0128366061943792
17,Backend,Mid,2.422772674924288,9,2025,0.7028191285292008,0.7083903792741316,0.812329951362777,0.35921658316763017,0.24692237352396135,0.7990686774839519,4.621315929734298,0.8670469784033893,75.48848393209485,72.15525796730496,0.8065492644874974,71.45090129229929,75.11782513268619,0.37798521824485043,0.8254283972836469,1.0128366061943792
17,Backend,Mid,2.422772674924288,10,2025,0.831074292927275,0.7327108370067148,0.710957099421019,0.38334090704338425,0.1375645583595722,0.9462579187551345,3.1559191396588364,1.147644466779557,71.17905406165423,62.178134793134,0.9303626244002767,69.45392247045098,76.99323319391138,0.4507462061021532,0.8254283972836469,1.0128366061943792
17,Backend,Mid,2.422772674924288,11,2025,0.8210179533991222,0.802887562331447,0.6642681049480228,0.08200022268044128,0.33549773781033737,0.5914724605606965,2.1500417217639796,1.0389562263399679,59.97611018310483,60.51204250701691,0.5011490831812286,70.50305626767087,72.55762395133581,0.42026577637073637,0.8254283972836469,1.0128366061943792
17,Backend,Mid,2.422772674924288,12,2025,0.985838569277403,0.9264708032174748,0.9234964815751985,0.2626092489052905,0.09959679618371606,0.8262471705339864,3.170992652088924,1.0706450604677744,89.43283532448618,90.49611073308563,0.7906114918118974,70.35838087800843,86.00504746234988,0.4278091714434846,0.8254283972836469,1.0128366061943792
17,Backend,Mid,2.422772674924288,13,2025,0.8393818300801825,0.8463824035027379,0.9495052746657046,0.4282435945928765,0.33166701227608625,0.7249909286201075,3.4784597999849343,0.8924787852887183,67.34518779557914,67.12745943518473,0.2565128129109143,71.82016670895061,73.10110585776592,0.3799943678164886,0.8254283972836469,1.0128366061943792
17,Backend,Mid,2.422772674924288,14,2025,0.8462065628187114,0.7725920744941136,0.9446548527716783,0.3229567185345011,0.08230150388061883,0.7833090345809971,2.2809414119753915,0.9526648461198217,88.76977125548827,84.7556753909033,0.43210748279075395,71.30222259279205,80.12268651404216,0.3963477809506973,0.8254283972836469,1.0128366061943792
17,Backend,Mid,2.422772674924288,15,2025,0.6066613482840869,0.5536702744192248,0.9013252289694246,0.18299150097460504,0.03934769799749241,0.7173408333260319,1.7621016648816905,1.0085893171510518,83.81013347165202,89.23972552918562,0.5834417392629321,70.7459915411822,77.36052322448568,0.4121679339203586,0.8254283972836469,1.0128366061943792
17,Backend,Mid,2.422772674924288,16,2025,0.7572284971925473,0.6779616041277108,0.8108821836364278,0.32334652291095534,0.3675998285831848,0.687407235231177,2.1749035285290743,0.8841620393675207,76.85930295057166,72.15283726988875,0.6843567402927234,71.56178188974727,73.17030550782832,0.38048422545894356,0.8254283972836469,1.0128366061943792
17,Backend,Mid,2.422772674924288,17,2025,0.7755155071850736,0.7399444999834182,0.9769629220583405,0.27639348118775964,0.32907644900879185,0.738246377014639,3.2903916101860036,0.932983385554579,94.58131615301775,97.03037242698782,0.060529189033168465,70.92341003508977,75.84335220878313,0.39556826015183433,0.8254283972836469,1.0128366061943792
17,Backend,Mid,2.422772674924288,18,2025,0.7734238561198954,0.7542286204091655,0.8033144589600081,0.18834729198477354,0.4802805754932367,0.898545234300297,2.9918781505788883,0.742938463880614,72.91812856218785,74.07890240300551,0.12344763730315823,72.13140860968372,70.76419632170239,0.3474926210287585,0.8254283972836469,1.0128366061943792
17,Backend,Mid,2.422772674924288,19,2025,0.7017055209085774,0.6443893145302473,0.8958722845202066,0.2520786183638852,0.1952080661128545,0.30224722622636424,3.193161517802937,0.8269294460146139,71.60178831691702,72.51246267197291,0.7186088008494829,71.08711516399896,71.20837952050572,0.37299326283626477,0.8254283972836469,1.0128366061943792
17,Backend,Mid,2.422772674924288,20,2025,0.7448493407434839,0.6538087757151919,0.8747288125627739,0.17689515997632163,0.1935028062402455,0.8005588248286122,2.6537638295447064,1.0769571801115376,84.20013805542251,88.74612980056921,0.5473978429719679,68.65995284157202,77.69370104731453,0.4432251623425407,0.8254283972836469,1.0128366061943792
17,Backend,Mid,2.422772674924288,21,2025,0.656467636236948,0.6070880510294829,0.9028545093788963,0.17712803774214778,0.2078952266651174,0.769990004906908,2.982418224724753,0.7858937549387404,79.73731660768657,76.72171616655596,0.45566308890085644,70.51317068540621,73.44309406710386,0.3695689952760297,0.8254283972836469,1.0128366061943792
17,Backend,Mid,2.422772674924288,22,2025,0.8734112568715975,0.7458327148887925,0.7972228124054573,0.4362836486915998,0.14000297142236645,0.8466372642832272,1.4578251929015555,1.363912842077958,76.01647082948473,77.5675634557588,0.6113644865138941,61.005356009920035,72.9106303862196,0.5644046016662579,0.8254283972836469,1.0128366061943792
17,Backend,Mid,2.422772674924288,23,2025,0.8120734429709491,0.7426678829976702,0.8007723626601955,0.19763193912083263,0.23596851417781006,0.7316468943325547,0.5937793184068978,0.8167528209559377,69.86511636225947,76.5788543788433,0.267549661583548,69.19899885882553,72.79949772658445,0.38669224036764144,0.8254283972836469,1.0128366061943792
17,Backend,Mid,2.422772674924288,24,2025,0.6093095312165243,0.5382163280372975,0.5742146370452632,0.36658720333186445,0.1143982169456549,0.6864164208339919,2.471098476502139,1.169289110121787,54.98263868645963,52.585236409307825,0.16997183192602683,65.80226243172385,62.077782117060174,0.48550563509332534,0.8254283972836469,1.0128366061943792
17,Backend,Mid,2.422772674924288,25,2025,0.6291347077969778,0.5611596422359854,0.6935105080964221,0.10982896699885293,0.1263783938606973,0.7066438378376666,2.3708972915262767,0.8821589078313304,53.232202990281515,55.2027626421358,0.5455287837737587,67.50540912988633,69.23827593789397,0.41388670548387996,0.8254283972836469,1.0128366061943792
17,Backend,Mid,2.422772674924288,26,2025,0.7657193363332896,0.6441417878901947,0.5933880614067586,0.2525066565560566,0.14975760925459042,0.6478144064699712,4.17665080276136,0.9776029867192487,93.27156757579307,94.99203973411471,0.8683686484411458,66.13917309750636,76.7823470038834,0.4443608215312968,0.8254283972836469,1.0128366061943792
17,Backend,Mid,2.422772674924288,27,2025,0.8309276676562376,0.7636880188851021,0.8541301417864864,0.7628944656772844,0.08719631837711489,0.8042688943682292,1.3610517933000323,0.9256152765556037,87.55226246634581,97.39553296826872,0.7088081761794226,65.95239137753892,76.97652821158417,0.43551979383162975,0.8254283972836469,1.0128366061943792
17,Backend,Mid,2.422772674924288,28,2025,0.7059347472460439,0.7030924033303391,0.8316909215388715,0.9156937319358677,0.38767332418212,0.3930816264974122,3.710065933175593,0.9181410939045709,71.93618635837643,62.68914632898441,0.485585952051817,65.418289918586,62.69455176065085,0.43847580279269754,0.8254283972836469,1.0128366061943792
17,Backend,Mid,2.422772674924288,29,2025,0.7394143475641815,0.7511020633316704,0.8546720120264972,0.4636777707037057,0.14129875538257008,0.4315241344461544,2.5051824843536563,1.1654638350338316,77.75451098363314,77.36323490596577,0.1221692642865444,62.86326187577703,67.60361005113428,0.5092322513752912,0.8254283972836469,1.0128366061943792
17,Backend,Mid,2.422772674924288,30,2025,0.7167599855002877,0.6571245614924677,0.8428034347030413,0.15739191270099534,0.4176948155636303,0.6567856235137847,2.773935736931338,1.1234288834175028,79.03298743051786,83.53428254662069,0.4162077497169026,62.64895006370149,71.28996061600309,0.5026111928193215,0.8254283972836469,1.0128366061943792
17,Backend,Mid,2.422772674924288,31,2025,0.8567379751649511,0.8212356480085747,0.7644268411357125,0.7982874953596314,0.2116028198721173,0.4712641173021975,1.928253110581918,1.014738852260229,69.52781559734026,78.47676944888227,0.524838883276235,63.00176243952275,69.27089372859531,0.47793308345602287,0.8254283972836469,1.0128366061943792
17,Backend,Mid,2.422772674924288,32,2025,0.729841580312252,0.6827805024948207,0.8091500481843793,0.10444803166456841,0.5887842954749656,0.8290310438572759,3.160258706706549,1.0537831689834731,77.12642482326825,75.35671241063339,0.4846276805125568,62.21411834818859,72.20672369729975,0.4923056475617897,0.8254283972836469,1.0128366061943792
17,Backend,Mid,2.422772674924288,33,2025,0.8826112252286741,0.755954872732731,0.9395287326900595,0.3167382024766633,0.27563590018148265,0.9511292887610993,2.086182363945804,1.3207550862967827,89.5881913585647,88.43110105253973,0.44527830975246324,55.80234152446919,75.4365167821652,0.4628482740925265,0.8254283972836469,1.0128366061943792
17,Backend,Mid,2.422772674924288,34,2025,0.7459276864772351,0.7259143645150716,0.8803153828376273,0.1907300552071002,0.06703339698800041,0.4505860407843703,1.929603260403257,1.1236129870816396,61.91964222639195,52.94300111113582,0.36919669874964955,60.85617376513896,69.80621298466389,0.5175878160401699,0.8254283972836469,1.0128366061943792
17,Backend,Mid,2.422772674924288,35,2025,0.9442089431596647,0.9192481732608736,0.9221767255861155,0.2480311070839042,0.09999680944344097,0.5994419017854966,4.215088195332523,1.1247786555420392,85.38654287319736,75.4256150414513,0.24087316966178363,60.53448761865799,76.77713987665125,0.5205016676195913,0.8254283972836469,1.0128366061943792
17,Backend,Mid,2.422772674924288,36,2025,0.9535597178189901,0.9061808824385481,1.004610856043141,0.15527385141420622,0.1813436669368762,0.6558115385225279,2.7438269266167645,0.9232197398359724,71.25338437492748,65.77893244654202,0.6460936326232966,61.899157859145504,79.92998114725366,0.4688176324743153,0.8254283972836469,1.0128366061943792
17,Backend,Mid,2.422772674924288,37,2025,0.7911636756808378,0.7491304832832535,0.7988478831624193,0.21573873801149346,0.0773462478194083,0.8248908545523788,4.835277786576755,1.2465214406465384,82.10424534091449,76.82502215374528,0.17726979570349685,59.13311637895779,72.67163884865633,0.3840967655862968,0.8254283972836469,1.0128366061943792
17,Backend,Mid,2.422772674924288,38,2025,0.7718843906184216,0.6894932197159647,0.8074807046727115,0.06953189985047575,0.023055851626561243,0.7179518812296896,1.1492025773893153,1.1172143379198292,74.81924086644275,79.25662866949155,0.45155995007626193,60.05873791741145,75.68540917599388,0.5229533849388704,0.8254283972836469,1.0128366061943792
17,Backend,Mid,2.422772674924288,39,2025,0.9542838219889583,0.9428991028171381,1.0221964288132175,0.538931018519795,0.17616117600400427,0.7058475311966305,2.070127265787907,0.9370432995229897,63.997482771990356,63.4984492162207,0.6840042272888001,61.46365059507643,77.43315890743084,0.4752115716122943,0.8254283972836469,1.0128366061943792
17,Backend,Mid,2.422772674924288,40,2025,0.8502043735144247,0.7719930339153585,0.8925566045882583,0.4202100590178928,0.41963081288460113,0.7030449764629945,2.0135073844545146,1.0990733473518546,75.1768327004314,79.36603822236088,0.4216630498177893,60.20386584195525,71.8280324545974,0.5181157874540772,0.8254283972836469,1.0128366061943792
17,Backend,Mid,2.422772674924288,41,2025,0.949021490760747,0.8788218121643621,0.7547480938723757,0.9400303186144024,0.08077139244081463,0.8022257761260041,4.086668381205991,0.8019912151138311,105.96695513772053,98.12017342409456,0.7256457533826087,62.68935818321944,76.53787731552437,0.43798692482927093,0.8254283972836469,1.0128366061943792
17,Backend,Mid,2.422772674924288,42,2025,0.8728241667894887,0.7739303565307697,0.6549904839981241,0.18277671280436344,0.21177839120983427,0.8341544961665129,3.4016194489247447,0.9836873465749573,82.81391501182345,82.19555428173302,0.17558027467151902,61.41541700523362,74.56779747503495,0.4849423276047113,0.8254283972836469,1.0128366061943792
17,Backend,Mid,2.422772674924288,43,2025,0.7296981932370175,0.666565906212164,0.7740542680016336,0.6865478017754408,0.059822865566793205,0.7384787062857038,0.8599023780916968,0.8699982067970073,55.237839356096885,54.23230037964975,0.6949224935608298,62.57273120861825,68.32080168775518,0.45256021462091606,0.8254283972836469,1.0128366061943792
17,Backend,Mid,2.422772674924288,44,2025,0.8258515391599803,0.7967344153399147,0.7633267329339687,0.5682956610003811,0.2086180596643386,0.6854617675410429,1.5093024904637677,1.1274282980491186,79.37474664421613,77.14308265845564,0.6074153442519485,60.825651277399125,72.09721622461778,0.5186052322981644,0.8254283972836469,1.0128366061943792
17,Backend,Mid,2.422772674924288,45,2025,0.8379187017944469,0.7782205936587923,0.7698706749366376,0.27382827025186646,0.22561816432046258,0.8782173814461667,2.7985247053435756,1.0239726434090723,79.55045094242222,88.6624151051792,0.5894616322950772,62.02566210313227,77.89124909436713,0.48791401115571226,0.8254283972836469,1.0128366061943792
17,Backend,Mid,2.422772674924288,46,2025,0.8748207084092704,0.8180390920005389,0.9196631501217747,0.2740373673735095,0.41880232397111605,0.8534630391524332,3.502579814271594,1.0107496209626277,78.43225718717004,80.23222038427342,0.5448573799323126,62.55838673235535,77.61670024158624,0.48083003475623093,0.8254283972836469,1.0128366061943792
17,Backend,Mid,2.422772674924288,47,2025,0.8593235382171449,0.8356271495087371,0.9730357722628503,0.11084612983499238,0.3248302695204612,0.723186025095087,2.0596033568880006,0.9990129320030473,75.43643636879588,76.13556272542614,0.897520071616355,63.127569801580194,81.2899766883756,0.47373950472077453,0.8254283972836469,1.0128366061943792
17,Backend,Mid,2.422772674924288,48,2025,0.6951769925797981,0.6216952956170848,1.0183972030069337,0.3340660124358332,0.13373772681869045,0.8943531048778754,2.90043199385628,0.9261017720179895,72.0451926547339,76.58900005530604,0.8706663900147548,64.2275669548976,78.18248116974833,0.44999062977945126,0.8254283972836469,1.0128366061943792
17,Backend,Mid,2.422772674924288,49,2025,0.7714146513882864,0.7110946114815065,0.8028007827376665,0.2982385703174283,0.21663829646696534,0.3835242252070531,3.6440926945412944,0.7422694156680816,66.87842869465933,67.93305950447899,0.35282775753059376,66.24881723070303,67.12479611436288,0.39638040621109116,0.8254283972836469,1.0128366061943792
17,Backend,Mid,2.422772674924288,50,2025,0.8397090513974077,0.7765676612408497,0.8467981195512929,0.017654209595432888,0.18427048406144123,0.7688250587890285,-0.12668475599861173,1.165476090819046,73.3704368919416,73.68635523598037,0.5354647438794923,63.43960994327019,77.25631638235494,0.504431801969891,0.8254283972836469,1.0128366061943792
17,Backend,Mid,2.422772674924288,51,2025,0.727979366198075,0.6492621107651684,0.7458568730135458,0.878024653449253,0.42066049189324106,0.7706687968591119,3.406436867932051,0.9080216778418899,94.37562720390903,92.18699932697479,0.6510031029571611,66.09314016724862,69.26923085435257,0.4308281675079728,0.8254283972836469,1.0128366061943792
17,Backend,Mid,2.422772674924288,52,2025,0.7551971948683647,0.7054810292512683,0.8632414976553634,1.0784182813068315,0.21926085630437542,0.8373047161608662,3.228741586465759,1.0378347219878947,66.51933073114583,65.50354889947693,0.7243757466637716,65.65731921535719,69.17035798788842,0.4604226176029356,0.8254283972836469,1.0128366061943792
18,Backend,Mid,4.406590942262119,1,2025,0.9211636865546191,0.8505371743571168,0.9126439750453939,0.2642945977785781,0.26660838287436367,0.741174447218979,2.730166203579393,0.7623368307734338,90.32783884768105,92.15139771372348,0.38193278003743714,85.3173207169021,80.39484463390113,0.2414896935138359,0.9074541083666974,1.1260475090235227
18,Backend,Mid,4.406590942262119,2,2025,0.788485909948724,0.715805036632595,0.7025049320289661,0.10796935571509632,0.3445756351343001,0.9368124347584528,3.4957835101574903,0.9434836795393217,70.26290861865388,78.02338365701415,0.5509704455925376,84.46204084693616,78.43321953010674,0.28484639551672963,0.9074541083666974,1.1260475090235227
18,Backend,Mid,4.406590942262119,3,2025,0.8678821310213619,0.835988495685275,0.6711752514115781,0.19459222381305535,0.4107610558422576,0.7906352037374591,3.7607253490553063,0.8797481444998324,86.62980880391842,83.53045345079566,0.7535672709704468,85.54837124102697,79.95867790313633,0.26304653522474175,0.9074541083666974,1.1260475090235227
18,Backend,Mid,4.406590942262119,4,2025,0.8803085057587442,0.8260510891014926,0.6957177850962787,0.584833970698763,0.32949717262007827,0.3636885397423764,3.1862885417318134,0.9002550233020006,80.06615659923101,81.2861947474786,0.7793453037805064,85.93490763561579,73.94399726310768,0.26392677436360196,0.9074541083666974,1.1260475090235227
18,Backend,Mid,4.406590942262119,5,2025,0.719851633681751,0.7170185624312033,0.7825881020986714,0.702076508525809,0.24009655625830578,0.7594931772164234,2.6230623665262844,1.2992100929062333,90.8371754563954,92.48100971360068,0.6492452073577023,79.66945383734407,72.84674812597586,0.3959299032700461,0.9074541083666974,1.1260475090235227
18,Backend,Mid,4.406590942262119,6,2025,0.7945839710466898,0.7914306777587392,0.902654777915368,0.5796300467168845,0.06273046158519942,0.5135647510331011,3.2070588584012034,1.3033318844458128,60.73262435955595,58.32814581548783,0.42441661219677534,80.06230756410066,70.22291900643818,0.39348048052165696,0.9074541083666974,1.1260475090235227
18,Backend,Mid,4.406590942262119,7,2025,0.9656009523006521,0.8831487320727418,0.697925247519111,0.8053834922721,0.1880998845988193,0.9202376877084214,2.500626831836419,1.00606597592665,74.37718176094351,76.7671786981782,0.7014762020456908,86.50735789525525,79.19127787850539,0.2803185460582029,0.9074541083666974,1.1260475090235227
18,Backend,Mid,4.406590942262119,8,2025,0.9090674023673168,0.8107371330611878,1.0744058511936747,0.09207794375919827,0.24179359672550438,0.8938564547084191,1.772050132525687,1.1295408260329431,71.45078646300766,82.0872735317555,0.08161173219458792,85.89192468301768,81.64364080782411,0.31014212618144127,0.9074541083666974,1.1260475090235227
18,Backend,Mid,4.406590942262119,9,2025,0.8213407235170574,0.7245899668366127,0.8455401328004777,0.26084857309135134,0.15670958971900756,0.8388431217213758,3.194118853851109,0.8291435667132867,67.22611231561841,68.23205761262062,0.39726968304496274,88.6074635563727,77.35364730523774,0.22743318370621818,0.9074541083666974,1.1260475090235227
18,Backend,Mid,4.406590942262119,10,2025,0.8835276548839468,0.7958811802540767,0.628124474535864,0.08326118603765649,0.12147283717142203,0.6163840537115093,2.867046792929968,0.7439706156710425,77.79811854302355,80.02333204249449,0.5838387495163997,89.53664824987169,78.45630844759418,0.2026553877186111,0.9074541083666974,1.1260475090235227
18,Backend,Mid,4.406590942262119,11,2025,0.8560505615875192,0.8294305302123972,0.8701785107370953,0.6090102308863955,0.11099567219397317,0.7914683502422221,2.3631480714701394,1.1021884347431266,72.74437521619035,70.74368702692534,0.22591560664908306,86.8505335709982,75.89645363380563,0.2966832405236403,0.9074541083666974,1.1260475090235227
18,Backend,Mid,4.406590942262119,12,2025,0.7893668172000123,0.758828068035714,0.9766843064300444,0.5082305089288054,0.1563193069195862,0.5980472783769691,1.2514183109002355,1.2695524774746931,77.06816361791404,73.67106581319959,0.6656179494303218,82.38582678280936,75.51035497201337,0.36736193897152736,0.9074541083666974,1.1260475090235227
18,Backend,Mid,4.406590942262119,13,2025,0.9526731065410884,0.9686872867072696,0.8196913922887986,0.10396765390796378,0.3034908244176563,0.742993082412669,2.2901578899909483,1.3539850319966265,75.1590761982389,75.28175413199271,0.6822431046723663,80.73363132188042,80.02117665424399,0.39801674538365506,0.9074541083666974,1.1260475090235227
18,Backend,Mid,4.406590942262119,14,2025,0.9900654532484866,0.9002847286073475,0.8471875676058165,0.13781691581830555,0.2692962996724839,0.5568451614228244,2.7140143897008366,0.6,69.01454683163965,76.95020908891156,0.7311179396292715,90.97687633230322,79.54144515279418,0.16185936389747319,0.9074541083666974,1.1260475090235227
18,Backend,Mid,4.406590942262119,15,2025,0.9645959093500097,0.9044805782648064,0.9901578138999445,0.30035024555154866,0.6602532091507499,0.974605987391757,2.5254406820750313,1.012004063252132,63.375810360709465,67.48605256256984,0.5873168664135376,87.57200854292616,81.03102807411958,0.27263407479270846,0.9074541083666974,1.1260475090235227
18,Backend,Mid,4.406590942262119,16,2025,0.981271511435189,0.9961651370683287,0.9338468052091572,0.06244568849573806,0.29951954056994684,0.6166494906723768,3.640962932365408,1.0547740948712754,79.51662473284193,77.91906248324676,0.6624691801104959,87.05022041626982,85.32383584605279,0.28553631550533987,0.9074541083666974,1.1260475090235227
18,Backend,Mid,4.406590942262119,17,2025,0.7275331111503363,0.6284000027285578,0.9297252298540033,0.14581816964499758,0.18099222578150825,0.8372443773983133,4.055953724066809,0.805364780568921,77.76839148130242,83.93614496814776,0.2601848183643449,88.79769384552763,77.66503638867137,0.22109217406772055,0.9074541083666974,1.1260475090235227
18,Backend,Mid,4.406590942262119,18,2025,1.0050159019628409,0.9834204821502288,0.9581948177713248,0.30490996932163744,0.2852064766653163,0.6303250069288919,2.070323872925405,0.821859832393398,78.1537289612739,71.60983743884412,0.5327078583905381,88.35337263213404,81.47527772805897,0.2280938612108959,0.9074541083666974,1.1260475090235227
18,Backend,Mid,4.406590942262119,19,2025,0.8128534185382359,0.7351991632950149,0.882183519002277,0.15221785940908455,0.2317816760131474,0.8864383961943292,2.8229322148383433,0.8354521461866954,75.69547836702846,75.13237811338281,0.6538969662123826,87.8722685331749,81.10588346340923,0.23482152479421486,0.9074541083666974,1.1260475090235227
18,Backend,Mid,4.406590942262119,20,2025,0.8733528046900908,0.7387390759236034,0.7268531829571315,0.24059792898891613,0.15090678191442103,0.770797909671284,2.2681220249387675,0.9383080113504192,65.39989477812172,69.63011982256876,0.3799050019492767,86.62248116221357,77.12804723298525,0.26580759258497066,0.9074541083666974,1.1260475090235227
18,Backend,Mid,4.406590942262119,21,2025,0.9660697868460809,0.87891908544305,0.7268131311866919,0.17440028732516027,0.46932400433941346,0.5862866387989488,1.4265790577210822,1.2117508095783014,63.26395900333821,63.73453607083436,0.5046164439290217,83.95964921884232,74.21315484572635,0.3426864184253076,0.9074541083666974,1.1260475090235227
18,Backend,Mid,4.406590942262119,22,2025,0.6383819186888295,0.5253546427998178,0.9446769546006935,0.41212585074999625,0.11101906340322276,0.7240545778302742,2.6315227300781565,1.1747735685841783,73.24620315679019,79.29782240649796,0.48491465621753727,83.73875927335837,73.64049330903363,0.3371317197721826,0.9074541083666974,1.1260475090235227
18,Backend,Mid,4.406590942262119,23,2025,0.9906799132837892,0.9946012833455904,0.7696061623272836,0.2697122644719314,0.45897092059175715,0.6080726825825746,0.6700961388366047,0.8812320796051332,77.301653220072,74.77867542632677,0.6422968252000162,85.53649976018455,79.27391590672971,0.263442251252822,0.9074541083666974,1.1260475090235227
18,Backend,Mid,4.406590942262119,24,2025,0.9949369838279423,0.9600418966918345,0.9787068178381173,0.14611395051879056,0.48497237588466924,0.8103921444052231,2.6210338785027423,1.2139351387119648,72.94348088146613,74.74638096089764,0.6132722439738159,82.29842917355501,81.63762420515691,0.35696678462943454,0.9074541083666974,1.1260475090235227
18,Backend,Mid,4.406590942262119,25,2025,0.950764249239542,0.83185914281136,0.6533951587032082,0.27119933597661156,0.32692619155629377,0.9311535922545044,2.839963790756913,0.8590317537497644,103.22000249838399,108.61326222818262,0.900241682395591,84.54376133309145,85.19779664875749,0.26727500630752404,0.9074541083666974,1.1260475090235227
18,Backend,Mid,4.406590942262119,26,2025,0.7881051618941716,0.6740892699385999,0.8574681639454239,0.6346260039414209,0.06935764839386784,0.5598578868658561,3.0107320661358936,0.893921698105981,86.78695984719263,77.3653097524284,0.5993793191287048,83.6619583769651,75.09010208397402,0.281601353146487,0.9074541083666974,1.1260475090235227
18,Backend,Mid,4.406590942262119,27,2025,0.8976904645549864,0.8628363712309878,0.8601562332191404,0.2159265515293082,0.30004495172331463,0.7645745476943799,1.6721911205418998,1.262846495456635,91.46283383583977,85.96234902295075,0.48965205345992535,76.95371865140365,78.95247478386219,0.41128831032963,0.9074541083666974,1.1260475090235227
18,Backend,Mid,4.406590942262119,28,2025,1.1386156876808884,1.0677050179862198,0.8116247019086991,0.47539895694372336,0.4737186498339482,0.7280467709818181,1.877935165055045,0.9568439416675785,69.16360573574828,67.19117568783614,0.19816238272488798,81.96200210703454,77.27800482326181,0.3083521041082279,0.9074541083666974,1.1260475090235227
18,Backend,Mid,4.406590942262119,29,2025,0.9137859059823565,0.9630464075017733,0.8958942158302545,0.06234728056241461,0.18955589271827858,0.5366395203982015,1.8928470336976222,0.9587314899492225,41.640984505309035,48.060428421660376,0.3770188106338757,81.37045560700649,77.05317102569008,0.3136591679314571,0.9074541083666974,1.1260475090235227
18,Backend,Mid,4.406590942262119,30,2025,0.9927069884940192,0.9325899003254942,0.9392840554319296,0.339502287960909,0.0725167262667783,0.9180809667597346,3.5773598098622728,1.0959142063288825,98.40643291183079,93.96407307848116,0.30121528277947535,79.72240245096305,85.36167963585443,0.3548294875077511,0.9074541083666974,1.1260475090235227
18,Backend,Mid,4.406590942262119,31,2025,1.0899578938391115,1.051977756464117,0.8855047671455093,0.16661551011329784,0.1723813671435103,0.5603060798517017,1.8261004515907608,1.1572547328453135,73.37472035323744,75.05081208432429,0.502994085123873,78.71497036539466,82.26834181913082,0.3754928601907738,0.9074541083666974,1.1260475090235227
18,Backend,Mid,4.406590942262119,32,2025,0.8511016030336152,0.8269355625653759,0.8400239724685733,0.042540406686091756,0.36371050197030924,0.9789891804079087,1.5988967130156428,1.3036042804568886,68.10501689793044,64.6150587952391,0.3575410637509907,73.4256330614712,75.82951127114124,0.44884058057911774,0.9074541083666974,1.1260475090235227
18,Backend,Mid,4.406590942262119,33,2025,0.9001295212044771,0.9048097323402724,0.7741471301285408,0.5562722077155248,0.19419433314152965,0.8365774787411373,-0.12015718784751295,1.0240196729140905,81.87177475098649,83.24284992663732,0.7691923695493518,78.87862083764473,80.90230882444334,0.347482094269112,0.9074541083666974,1.1260475090235227
18,Backend,Mid,4.406590942262119,34,2025,0.944039385613774,0.9291648383371902,0.9402325761130386,0.07167530967877876,0.26306121274245603,0.790995854014109,2.5176418087350196,0.9815842861469785,71.34348531151186,72.82222424386245,0.35917941615833504,78.84573834316885,82.25147612160629,0.33926903770298866,0.9074541083666974,1.1260475090235227
18,Backend,Mid,4.406590942262119,35,2025,0.9408621917253065,0.9000436291977157,0.8433240821822671,0.10217397996766113,0.18577153016957093,0.3887190659073529,2.2724206806481564,1.027808896077483,66.43899172562769,61.665442557163075,0.5482326937018398,78.16358066492704,77.9903737116331,0.3541986070077713,0.9074541083666974,1.1260475090235227
18,Backend,Mid,4.406590942262119,36,2025,1.1454147615355235,1.1095629632257467,1.0330468474998775,0.2681852368555423,0.14119063859425807,0.9434856552541419,4.258272157875278,0.8794987037064287,67.37082976029093,69.32331406269915,0.6817826687009988,79.10226111873445,88.3163141387281,0.31671423141849864,0.9074541083666974,1.1260475090235227
18,Backend,Mid,4.406590942262119,37,2025,1.0243924611652346,0.9395993017492332,0.7071122045471157,0.3605175669435707,0.2160987929223285,0.7231793010551828,2.6644181871250767,0.7282258086316604,69.75463260999902,71.96275794907011,0.35239482091408114,80.1328164056294,75.6983695750527,0.2778716916794204,0.9074541083666974,1.1260475090235227
18,Backend,Mid,4.406590942262119,38,2025,0.7058826342833308,0.6758417840055662,0.6488018634294297,0.30976707273637544,0.4097507956517567,0.6212586865130747,1.6291011795320656,1.1354751387992166,66.76082592715899,67.1546570753457,0.35053262794197615,76.76598648092894,67.57783260548513,0.3873784737521021,0.9074541083666974,1.1260475090235227
18,Backend,Mid,4.406590942262119,39,2025,0.8999407697641374,0.8374042876575835,0.8589879120402147,0.42980508237370213,0.1140685596584315,0.8149651163215677,-0.12987083525909915,1.1208851414666174,81.75164400988294,66.87148163983531,0.6860153766128273,76.84625083008001,79.68882241094387,0.3837916047093234,0.9074541083666974,1.1260475090235227
18,Backend,Mid,4.406590942262119,40,2025,1.024598855651193,1.0292487208270773,0.9099441015306259,0.17809288173275042,0.06364107807140722,0.4154927024531276,2.032390466582773,1.163878812201763,73.67442680359915,69.99959006021555,0.5047158238547391,76.53875709370858,80.53763836082162,0.3949527866594477,0.9074541083666974,1.1260475090235227
18,Backend,Mid,4.406590942262119,41,2025,0.9050421142767902,0.8561587912354893,0.8567539779069946,0.7147942932887742,0.2949988445452492,0.7419483509181974,2.5636894526073615,0.8535360112462691,77.39796833741988,82.91610288964381,0.7592246693389444,79.13033478471253,76.76818848412763,0.3112877457099827,0.9074541083666974,1.1260475090235227
18,Backend,Mid,4.406590942262119,42,2025,0.9804363824851767,0.9034017261676782,0.793374243107393,0.38551590123391616,0.08020270941440895,0.9223964301480275,3.451277388876531,1.1794391482460314,71.72184689760641,69.13819470999714,0.21525049290060788,76.70273756241762,77.78113055851328,0.3966983499623928,0.9074541083666974,1.1260475090235227
18,Backend,Mid,4.406590942262119,43,2025,0.7917438091897155,0.8216880318519358,0.7496566189241771,0.12109771525831711,0.34291066108537765,0.7670181833513575,3.834416899545589,1.2357951978081425,76.43207707772997,83.90719967591076,0.33030758192121945,76.49969025108176,74.83097021402048,0.4096616208026138,0.9074541083666974,1.1260475090235227
18,Backend,Mid,4.406590942262119,44,2025,1.1047509366034631,1.0722736933547028,0.9076003450012841,0.22604084285851342,0.06479517653507913,0.47522882957013746,3.650834649684363,1.1103164929306237,74.13615015648502,73.86439378448401,0.7478410093657785,77.81588068889968,84.47105000026421,0.37359762617862746,0.9074541083666974,1.1260475090235227
18,Backend,Mid,4.406590942262119,45,2025,0.8895723172782906,0.8505320162048122,0.8655751907831281,0.17886435191305536,0.3245651833906576,0.7314448620457951,2.3298819247687748,0.8836948623120138,64.24141438162133,62.184131832788914,0.814213208391376,80.00121932246134,79.31717895723887,0.3100621447752249,0.9074541083666974,1.1260475090235227
18,Backend,Mid,4.406590942262119,46,2025,0.9860340994674197,0.9442255097716491,0.7201196445948138,0.5906985738647198,0.14128782652093794,0.8179022164988171,2.885956736258633,0.7455312768330293,73.04397237572239,74.68975512993849,0.8966248414288277,81.53346845594474,79.39817148590673,0.2696606849003996,0.9074541083666974,1.1260475090235227
18,Backend,Mid,4.406590942262119,47,2025,0.8997124875583202,0.8848085681977609,0.7428350846331606,0.335305975472803,0.02897541977347308,0.6679177175393536,2.4367047411342013,1.3048710491705995,56.74098905887394,58.558910428104895,0.6884104202996347,73.87558724474518,74.77922111913668,0.4453443161279101,0.9074541083666974,1.1260475090235227
18,Backend,Mid,4.406590942262119,48,2025,0.8405759682225664,0.7229578614391329,0.8981495320567124,0.12040808359032686,0.2825961970195023,0.4731775464925154,3.1727204878601407,1.0199392697241252,72.93057340474888,69.98858666857018,0.5199692747918875,80.33020194380111,76.7128209307026,0.33456950441314903,0.9074541083666974,1.1260475090235227
18,Backend,Mid,4.406590942262119,49,2025,0.886084485006392,0.8832793522282896,1.0675266878879883,0.3917375580502484,0.39659373953234955,0.8136187054721298,2.460798807302247,1.0965570594523932,70.29954814845131,71.9020802114445,0.15158288394160135,80.26785105098112,76.81156849703311,0.3504126531323026,0.9074541083666974,1.1260475090235227
18,Backend,Mid,4.406590942262119,50,2025,1.0455914704102958,0.9934052255737879,0.7413890313674375,0.1504722978168664,0.09057029980081126,0.5735827376220133,2.8408707913462807,1.3476030648422292,74.0247677431805,84.87918976747265,0.450422413090545,74.66469234353058,78.56177823130581,0.44731484343902445,0.9074541083666974,1.1260475090235227
18,Backend,Mid,4.406590942262119,51,2025,1.022186963270712,0.9748619354325059,0.7923014732452902,0.08931062041924964,0.18226969578691604,0.7015014446221769,1.1044853136271198,0.7465546818329452,74.18057517608169,83.86749638197861,0.48048936364414474,84.23821110587276,81.98392546866053,0.24732584381764933,0.9074541083666974,1.1260475090235227
18,Backend,Mid,4.406590942262119,52,2025,0.8884064535181019,0.8295113435608796,0.9277549765524128,0.2824098736244446,0.28096422173635455,0.9107229017950697,2.9915579194025868,0.9353350015711461,71.71413219701479,75.39474385889793,0.046158615244159325,83.33065194924379,77.98589810338613,0.2926449007371976,0.9074541083666974,1.1260475090235227
19,Frontend,Mid,2.2236519310393126,1,2025,0.7683245363348961,0.6695802093615162,0.7733215837621593,0.188132679562757,0.17025705349520856,0.7860147075802664,1.7407573180734761,0.9752499868663898,80.11158911623572,77.97133019549281,0.40304379734566187,82.90276555174263,77.75620605344983,0.30419361777542264,0.8595605229170715,0.8896205598810338
19,Frontend,Mid,2.2236519310393126,2,2025,0.6426295083603262,0.5600456452967346,0.6234321382015757,0.341284843563359,0.1370979488243981,0.33326407068211633,1.5000529732066177,0.9805301752049805,93.17383917939821,104.20775280247372,0.10249163277487743,83.45441896519506,69.88393185182574,0.3006525436643706,0.8595605229170715,0.8896205598810338
19,Frontend,Mid,2.2236519310393126,3,2025,0.888511573216056,0.833789594548465,0.6426244449595624,0.08063015977936512,0.07069768303434083,0.5234998022520148,1.021552579729169,0.9408558612793715,89.65679956276048,81.94896870348614,0.1654928188833357,84.34825959037482,78.02182335088203,0.2852690090027508,0.8595605229170715,0.8896205598810338
19,Frontend,Mid,2.2236519310393126,4,2025,0.6383939237294807,0.6093863491029591,0.655874439048993,0.07053640201743779,0.45475076043987744,0.781787552222148,3.886780657285211,0.8914725852454456,73.17257155195765,74.65549073771166,0.4856438266223812,85.2939172236524,72.64236013298408,0.26751187351865247,0.8595605229170715,0.8896205598810338
19,Frontend,Mid,2.2236519310393126,5,2025,0.7015396261521425,0.6759456159753483,0.6282736094155652,0.23994952830241664,0.036828059556035006,0.8253414216701381,1.9859258886994677,1.0729469811059842,89.4890537039672,84.19513649934116,0.35777016885713536,84.35882993020503,77.18405561493365,0.3115991468028215,0.8595605229170715,0.8896205598810338
19,Frontend,Mid,2.2236519310393126,6,2025,0.6111367003961082,0.5269249318680157,0.69022577592065,0.60743371293075,0.10215658751336955,0.7779723311147724,2.223789618799674,1.1156741501265655,94.11546705492435,96.6568036622411,0.6052379108895146,84.49230213558857,73.78956561025028,0.3190323122287417,0.8595605229170715,0.8896205598810338
19,Frontend,Mid,2.2236519310393126,7,2025,0.7995994981173965,0.7108985783210294,0.8532813132323419,0.19585081742286495,0.14097315511143768,0.8698495824473301,1.4955488586155314,1.137040196569882,73.37129390370932,80.8473002758533,0.15244665803218227,84.74831421369356,77.38573647785684,0.3211720875331967,0.8595605229170715,0.8896205598810338
19,Frontend,Mid,2.2236519310393126,8,2025,0.6767266750217016,0.6235308369031797,0.6830618276541423,0.08955157075143809,0.40098414483340783,0.8265554133938464,4.651164041425769,1.0040725462161957,98.062822963826,101.79421491350297,0.30820159649156165,86.18442100513585,77.56544173457267,0.2826110008671071,0.8595605229170715,0.8896205598810338
19,Frontend,Mid,2.2236519310393126,9,2025,0.7372375108835382,0.7209140325169003,0.48469905613558784,0.12389813387334256,0.22169974079128868,0.9588387137181654,3.3635893559200984,0.9670588710852677,73.48050221144456,73.27509101507313,0.2970401027992438,86.79289120498103,75.65900894616902,0.27013768084221157,0.8595605229170715,0.8896205598810338
19,Frontend,Mid,2.2236519310393126,10,2025,0.842782380354685,0.7899180738639962,0.6873203625879294,0.030347302170382374,0.07489855940887692,0.46950805040598953,2.465686669250191,1.0323308142465881,90.69691681739607,85.31108268660343,0.9152735231568272,86.5185167448515,83.39255256552953,0.2854785233088885,0.8595605229170715,0.8896205598810338
19,Frontend,Mid,2.2236519310393126,11,2025,0.661085502512382,0.5672505643133089,0.7810594973148592,0.3205443925603781,0.498594318918818,0.7393801747718275,1.4973249243192603,1.0348954968675708,73.45720624036753,67.00694377812174,0.854277640875216,86.67762715758681,73.8081178808738,0.2846655397269574,0.8595605229170715,0.8896205598810338
19,Frontend,Mid,2.2236519310393126,12,2025,0.8043112685591576,0.7814234795890485,0.8422738467553319,0.24054142700786038,0.19739483468099994,0.7211290056730754,2.547888782675215,0.8637466966795453,77.1831167921087,75.80895490182257,0.7142840089308925,88.15565284245103,80.12887188120166,0.2381188989821505,0.8595605229170715,0.8896205598810338
19,Frontend,Mid,2.2236519310393126,13,2025,0.5702085022012596,0.5083218163122634,0.5598745985800231,0.47936467018111695,0.3091738740301859,0.7515388539972293,1.890521807490593,1.0995680657184843,82.23454286139017,82.11715747544628,0.5654574874518723,86.30553751964925,69.41903166204897,0.3007008004799532,0.8595605229170715,0.8896205598810338
19,Frontend,Mid,2.2236519310393126,14,2025,0.716700148775082,0.7228468410171032,0.5463540296453877,0.046094285949855755,0.21774964432525856,0.8393231104418573,2.5706970216648393,0.8313187830755198,80.41153126403164,80.03406940679996,0.4242162857405671,88.41507615128323,76.42126789887217,0.22947145535441033,0.8595605229170715,0.8896205598810338
19,Frontend,Mid,2.2236519310393126,15,2025,0.7526300508990283,0.7093018089942101,0.7416707819640971,0.36457779283306563,0.21539850946393796,0.535362316132373,1.6567997357113362,0.919890052352926,79.03250594669645,76.89039729669626,0.6307746336385726,87.59767071370398,75.26948543826963,0.2539974211897187,0.8595605229170715,0.8896205598810338
19,Frontend,Mid,2.2236519310393126,16,2025,0.6808377888326612,0.6980232087409264,0.5595234778332998,0.4241618339981824,0.4285944838092256,0.6319799367426131,1.9843659659196728,0.9775634184619262,87.56414548052445,90.60156328060847,0.5905438931613222,86.95665591112879,72.84451402163518,0.27087388443297866,0.8595605229170715,0.8896205598810338
19,Frontend,Mid,2.2236519310393126,17,2025,0.766745128195941,0.7135093511966724,0.6347762666927514,0.05287300565407781,0.47446793864396386,0.7597500985915965,2.129813547274723,0.9182545717994722,82.81165142894616,82.35791764225056,0.6406998666107077,87.18332559926739,77.29639868666926,0.2571232010326662,0.8595605229170715,0.8896205598810338
19,Frontend,Mid,2.2236519310393126,18,2025,0.7610965607266869,0.6580842008359773,0.8463900786174322,0.4386890075645832,0.2804162776903304,0.8704883437599915,2.992719346567025,1.2300711441404886,94.47145827870267,97.04029995071153,0.637227726548108,84.3764322217415,77.95528934014796,0.34287729364691855,0.8595605229170715,0.8896205598810338
19,Frontend,Mid,2.2236519310393126,19,2025,0.7321738056759778,0.6790108513574733,0.7168722577345876,0.3228471972380325,0.01381499871625082,0.6491214961435396,0.34410926077362314,0.9541006407924365,82.66184331137471,78.69151965965908,0.7681721159218827,86.21183065991315,78.90188262705034,0.27238820599254443,0.8595605229170715,0.8896205598810338
19,Frontend,Mid,2.2236519310393126,20,2025,0.8816516805531797,0.8550599738107398,0.7895934605368322,0.7525044578068699,0.1837003336048503,0.6280489646263111,4.854711397744092,0.9728820155977301,74.14793103096399,74.87367451181576,0.10344255322075234,85.63463921181926,72.5601593545363,0.28095440968771884,0.8595605229170715,0.8896205598810338
19,Frontend,Mid,2.2236519310393126,21,2025,0.786475078497561,0.7292884369426975,0.6064602740017706,0.483628238221084,0.27787900020883993,0.66970995862059,2.9790268713296206,1.2187649500727094,70.46255216488976,64.7294772562383,0.7378967369226885,83.19228617847124,71.34723419627925,0.3504839385272816,0.8595605229170715,0.8896205598810338
19,Frontend,Mid,2.2236519310393126,22,2025,0.6015174736443452,0.5391091481945386,0.6560375233465617,0.2267816057564304,0.14828363124124705,0.5943982437690091,1.6140299175258712,0.8460297476348269,78.9279528790185,81.0859954934015,0.5220515454503691,85.65745992453736,71.9179398344749,0.255393783489154,0.8595605229170715,0.8896205598810338
19,Frontend,Mid,2.2236519310393126,23,2025,0.64378664742864,0.6677540244792844,0.6057424568009003,0.4355430102910738,0.36810464757119044,0.7672754632911656,1.8516513209912446,1.0181961735289808,95.68533938709326,93.58967041914875,0.26212441185701724,83.72953709237795,72.27969522702556,0.30589309226931327,0.8595605229170715,0.8896205598810338
19,Frontend,Mid,2.2236519310393126,24,2025,0.6561205912166647,0.5999834960012491,0.6289717962848922,0.05512444154833098,0.07081092187908149,0.4919528021702671,4.891873389457285,1.0167002154079146,83.83342139705128,92.35329025571146,0.8183259877651411,83.1650586435716,78.07661482896023,0.31029788771848626,0.8595605229170715,0.8896205598810338
19,Frontend,Mid,2.2236519310393126,25,2025,0.7118985047862483,0.6633976019073267,0.7315090233469574,0.22296807130525995,0.12362289883570463,0.7877670882435979,1.0064214348740328,1.109453773252679,71.71794294340702,73.29449107725998,0.6853385222382341,81.82913526065231,76.82743725746435,0.3399812941450999,0.8595605229170715,0.8896205598810338
19,Frontend,Mid,2.2236519310393126,26,2025,0.7361548554432372,0.6779770486223102,0.588370982969886,0.19257539737024829,0.34077583907552533,0.426959308755581,3.555798238466572,0.9657082340756372,100.58985695794337,96.31318994401325,0.5995624059995266,82.37641617279203,74.9425934064052,0.30667151204186055,0.8595605229170715,0.8896205598810338
19,Frontend,Mid,2.2236519310393126,27,2025,0.7686894709374918,0.72121889386819,0.6330329540262936,0.3689873756736643,0.12519275014380832,0.6089751774065043,1.0053227090323984,1.2286221892268308,84.82039797219649,88.44086898472696,0.31402575801059895,79.67042113030587,72.16130274603815,0.3818042617594839,0.8595605229170715,0.8896205598810338
19,Frontend,Mid,2.2236519310393126,28,2025,0.7172961731075724,0.6823079798961093,0.6647695126650829,0.18343953959109519,0.3633856549138902,0.6902023226393298,2.101661377311247,1.0209418793854954,96.25647936627077,97.23709189321198,0.40777225547874857,80.73796868887538,76.02454235444071,0.3313719701364709,0.8595605229170715,0.8896205598810338
19,Frontend,Mid,2.2236519310393126,29,2025,0.6851782732162734,0.6558535786596382,0.8256770597473334,0.08821382228667114,0.20694038852163557,0.7337066448043315,2.8467709029008996,1.1197886926996408,72.01101101906869,77.15340606501924,0.31017580770282555,79.37074806858732,74.70821787311571,0.3625348379683672,0.8595605229170715,0.8896205598810338
19,Frontend,Mid,2.2236519310393126,30,2025,0.788350502236905,0.7106097956678887,0.7356032467127139,0.06335547601151835,0.40016844162811877,0.7768930164734585,1.2766929522134964,1.3407547497769494,79.25164234326702,74.67933238591091,0.3670547978524661,72.9633711896393,71.86976641809495,0.46012285670839564,0.8595605229170715,0.8896205598810338
19,Frontend,Mid,2.2236519310393126,31,2025,0.68758230332581,0.5832201370758942,0.670019880235068,0.4823472492383922,0.09584545944630923,0.2743348289295202,3.4811478261603,0.9683932374625435,83.92128125487683,73.45279400422633,0.8530313231858231,79.514612412041,71.33234561668516,0.33105687739216694,0.8595605229170715,0.8896205598810338
19,Frontend,Mid,2.2236519310393126,32,2025,0.7923210796588873,0.7547941617738695,0.8053287133952399,0.19177410093582997,0.21466947299067565,0.7985256818828076,2.6680256017595316,1.165387581600418,89.53354862922362,87.69853463554433,0.3158691956972765,77.4633681013898,77.34535336941981,0.38754944880850195,0.8595605229170715,0.8896205598810338
19,Frontend,Mid,2.2236519310393126,33,2025,0.6463591554972992,0.5680004259078193,0.663438868100593,0.26683483564862176,0.2435714767581905,0.7491081156975926,2.786016155397043,0.9611159906985794,94.2653615440664,88.00330562163867,0.4318809792707362,78.670600378953,73.87603382582762,0.33663486164844086,0.8595605229170715,0.8896205598810338
19,Frontend,Mid,2.2236519310393126,34,2025,0.664179888519203,0.5691215782340366,0.6978581705047663,0.27821838521085823,0.19486947216188455,0.43144829214695135,1.5252648180875794,1.0720139746293407,73.42203230403786,79.83896218524457,0.14430300627426815,77.41105091889412,67.70220422835314,0.3693107039350838,0.8595605229170715,0.8896205598810338
19,Frontend,Mid,2.2236519310393126,35,2025,0.7708028600574593,0.6717367054541625,0.7192504937018673,0.24029041158215164,0.02464042345710841,0.7706251469901503,3.2444454732331405,1.0606757261503734,76.74545671094994,78.72448141460097,0.5236806981661078,77.18939610792809,77.32620587588856,0.3688901776640073,0.8595605229170715,0.8896205598810338
19,Frontend,Mid,2.2236519310393126,36,2025,0.7919400781283318,0.7594295158146668,0.7243221573252225,0.1358154190385281,0.17683740888661914,0.4250938860460527,2.7076273980159082,1.0981439709939562,88.18408793431519,89.38394588707858,0.2857497327165135,76.6418490640184,74.61829778622263,0.3809467186653046,0.8595605229170715,0.8896205598810338
19,Frontend,Mid,2.2236519310393126,37,2025,0.7290290104200174,0.7205028142658819,0.8683817763331205,0.06144532443926638,0.08814260160541573,0.6849937305500099,3.9588275466785,0.995494605049121,93.27859927508216,87.12313397875332,0.7243303104873993,77.2834161178739,82.7106271360786,0.35507045336087506,0.8595605229170715,0.8896205598810338
19,Frontend,Mid,2.2236519310393126,38,2025,0.806373541590906,0.757479193495048,0.6473154166098373,0.1384407939283132,0.3443218618861722,0.9564447261941672,3.1590259520210964,0.77709142657997,64.38957424413222,69.4530352668869,0.37205880615121223,78.9218062622671,73.73811665033772,0.29773656646376817,0.8595605229170715,0.8896205598810338
19,Frontend,Mid,2.2236519310393126,39,2025,0.6621682010488815,0.5959540342757161,0.6267891225311629,0.08798132557424711,0.1281554976264378,0.6885296746542632,2.5003287236681313,0.9033570884019904,51.34170065773411,46.53918298290973,0.7289640934952412,77.8752253381812,71.55239489142903,0.33171120652888814,0.8595605229170715,0.8896205598810338
19,Frontend,Mid,2.2236519310393126,40,2025,0.7759110597286831,0.748957241782889,0.5489839821930926,0.42358707375121357,0.1329012674943792,0.8389527728112495,3.137931960055289,0.9455962414874988,64.43463065798375,61.508178001401895,0.36187188019644073,77.57376774300687,71.6597537883551,0.34267118377244254,0.8595605229170715,0.8896205598810338
19,Frontend,Mid,2.2236519310393126,41,2025,0.7376703313074223,0.6698445911278184,0.6660795234790116,0.3906355285834493,0.5139165682464528,0.49653689212483804,1.7900347259662692,0.894209510438352,65.56585563741449,65.3713301353118,0.5187971104304553,78.09369687476006,66.84642717658264,0.32806109479800327,0.8595605229170715,0.8896205598810338
19,Frontend,Mid,2.2236519310393126,42,2025,0.5468186648465867,0.4694800537192499,0.6800494794630708,0.2219213262134647,0.30842882521033904,0.6702613826463713,5.43032028549251,1.002636795515586,98.45801320371932,98.72112385380562,0.6339072987133959,77.40590646784536,73.7519180507557,0.35547813853773924,0.8595605229170715,0.8896205598810338
19,Frontend,Mid,2.2236519310393126,43,2025,0.8513389133396945,0.7880340819484529,0.7904149594851582,0.27022337965376264,0.21125456348111146,0.5270270645558564,2.3525510922194774,0.9569656060764338,82.27570282815097,75.85948999242109,0.21553813631034732,78.01907706851961,74.5959069440573,0.34123414564429,0.8595605229170715,0.8896205598810338
19,Frontend,Mid,2.2236519310393126,44,2025,0.8320443035183074,0.7817441845390398,0.5930039142144917,0.2069562350486319,0.24749528521283673,0.49665551673848785,1.425537233643998,1.0473428326194252,85.9317099099803,83.77288246501344,0.2373231101103901,77.60842005497345,73.1499189011475,0.36273173273243964,0.8595605229170715,0.8896205598810338
19,Frontend,Mid,2.2236519310393126,45,2025,0.6499836504708796,0.6088477860781856,0.6203775877226181,0.7572698412861322,0.37931327846330454,0.5682451473477379,2.729350427362737,1.1520405998346477,94.93794347868126,91.0215245846797,0.21048858162595785,77.14320350586445,64.57423674863297,0.38754809075139246,0.8595605229170715,0.8896205598810338
19,Frontend,Mid,2.2236519310393126,46,2025,0.6880647515647846,0.6261145390852572,0.7901588449222221,0.5195457670488143,0.017639522156564454,0.43033265464568826,1.8782343124111676,0.9264570406390712,79.0438697658808,79.06273904865684,0.365151370496988,79.37481242908058,70.96518472942711,0.32383463788547606,0.8595605229170715,0.8896205598810338
19,Frontend,Mid,2.2236519310393126,47,2025,0.7496270056878782,0.6519581935918104,0.6234865332890379,0.4131237918499929,0.15412416670437185,0.8517900883576949,2.9530515662619226,1.0143981260605759,77.60626057551262,77.82440043100941,0.849074198823012,79.14657330325674,77.039111868186,0.3433248476849756,0.8595605229170715,0.8896205598810338
19,Frontend,Mid,2.2236519310393126,48,2025,0.6248511637412045,0.6068117680377441,0.6968644712623974,0.30622699938204134,0.39922031387078805,0.7566705293486904,3.3321102172211274,0.9079272913168022,85.469684731272,84.14728298742888,0.36725890542009554,80.51504785464387,71.29152147329093,0.31062672614132814,0.8595605229170715,0.8896205598810338
19,Frontend,Mid,2.2236519310393126,49,2025,0.7131590667171609,0.6990763024523632,0.6869804467195237,0.3930980028653227,0.4676673042131248,0.770545290537229,1.4883791680869354,0.9962181928983433,82.60573206030486,89.4358811966948,0.07070144504137087,80.3593120669977,70.86385394415586,0.3295827046880212,0.8595605229170715,0.8896205598810338
19,Frontend,Mid,2.2236519310393126,50,2025,0.5621701008586508,0.48729086109780523,0.6916668525124591,0.07036511773484813,0.11988529526120308,0.45627519089926477,2.542249604426835,1.1030150611166836,75.95846094292678,76.14099205485438,0.08539092973680722,80.08138323502587,67.98611123273378,0.3532581519314545,0.8595605229170715,0.8896205598810338
19,Frontend,Mid,2.2236519310393126,51,2025,0.5833372114528437,0.5019561210338181,0.6279631145103346,0.15546341146353412,0.20414699150844284,0.90334931498358,2.4115949257618463,0.8137711074241077,60.74437982229797,68.42260999740233,0.12046674243779945,82.98922978472764,68.33072854958225,0.2711773066120912,0.8595605229170715,0.8896205598810338
19,Frontend,Mid,2.2236519310393126,52,2025,0.9027067422532496,0.8631270523845153,0.6224730538024636,0.4676301466259799,0.1838342818029285,0.8437816926997395,0.8159062706525946,1.0876096111045117,85.89228284886637,86.0483557972142,0.713516978087834,81.40120515656103,79.70595277942252,0.3391785459162271,0.8595605229170715,0.8896205598810338
20,Frontend,Mid,4.960660809801552,1,2025,0.952544600069841,0.8765624844918297,0.6092866350237645,0.2796758479900441,0.19605284665208908,0.29683967557445007,2.6875297603029304,1.143216211425665,81.18027713943819,78.13713570210787,0.3465732419586869,80.72300318223456,73.16779953586317,0.355951549099845,1.278094228183098,1.160129125055887
20,Frontend,Mid,4.960660809801552,2,2025,0.8528855891820442,0.8695969276039432,0.8968858851204876,0.4563086822566933,0.11791021779593472,0.7285385922082878,3.8986246105594144,0.9153606002868799,98.57934145361443,96.21944426462757,0.26816987759068944,83.13974299150601,80.545300470444,0.2902409284614925,1.278094228183098,1.160129125055887
20,Frontend,Mid,4.960660809801552,3,2025,0.9935451514024254,0.8566476065400723,0.598071588499013,0.13601678530700947,0.46093843727633793,0.8880058582259918,1.7467484153409585,0.7987421347000678,65.03128076759322,57.01631295403967,0.6190844780631375,84.64913682997539,76.52326006813057,0.25433895335688533,1.278094228183098,1.160129125055887
20,Frontend,Mid,4.960660809801552,4,2025,0.7800585641731436,0.715193378651822,0.556284621018879,0.27205359320084593,0.29805697898173733,0.5577220158040727,3.458707844961828,1.1398390719067937,81.53547976423916,75.6649578623583,0.381946258040488,82.47095275732775,71.0773840918585,0.3407098747369608,1.278094228183098,1.160129125055887
20,Frontend,Mid,4.960660809801552,5,2025,0.9672662120463549,0.9333899036365153,0.8021725268760073,0.26735534199803285,0.3258496543522951,0.5286470957028421,2.539990647464107,0.8239448404409786,60.496410071063735,53.037801628795584,0.17515179223648022,85.51481448249122,72.96026722521034,0.2521655140674356,1.278094228183098,1.160129125055887
20,Frontend,Mid,4.960660809801552,6,2025,0.8501292870130908,0.8020682541215097,0.5396356269127405,0.10953351830138047,0.42558488748988554,0.7934793429779279,2.7823777511995154,1.00715854780085,70.83706952995439,76.03427649110735,0.6665342069271303,84.52439438116043,77.58006428377946,0.29706175638383303,1.278094228183098,1.160129125055887
20,Frontend,Mid,4.960660809801552,7,2025,1.2056408031166503,1.1251080250593244,0.8982513063697877,0.26348598434727716,0.27584765816363416,0.3801337424849428,3.0548575935630105,0.9246464702267205,87.85916086903764,96.45016902613102,0.08533473334570309,85.611431451405,82.57436848053511,0.2715006986169691,1.278094228183098,1.160129125055887
20,Frontend,Mid,4.960660809801552,8,2025,0.9072278605354306,0.9531492529535506,0.8478487651148633,0.1855306061051268,0.31255894380687466,0.7686120199470278,2.488232162176366,0.9703377561574703,79.63439057370829,82.39443212528718,0.25084207428604244,85.61826675257178,81.02359895263078,0.28058199496006253,1.278094228183098,1.160129125055887
20,Frontend,Mid,4.960660809801552,9,2025,0.9298884562188694,0.9630292461744903,0.6711107585665952,0.19466977795404275,0.04558415560055467,0.6392370142247095,1.713749048814626,0.8955233527577667,91.26909684703219,94.65445729125884,0.3379340988015583,86.52914277856718,82.214212827443,0.25802848073016027,1.278094228183098,1.160129125055887
20,Frontend,Mid,4.960660809801552,10,2025,0.9794947868273154,0.9007676350201681,0.6979143888438856,0.42126461880106286,0.1084629421699064,0.6311564739621315,2.2052359257744674,0.9289400404019945,70.12750767967786,68.53381318179046,0.36714527709362327,86.50961036257438,77.25124091163484,0.26487458839227906,1.278094228183098,1.160129125055887
20,Frontend,Mid,4.960660809801552,11,2025,0.8439338084702867,0.7464487183739656,0.626639205391336,0.09039071987770554,0.21813290748301137,0.4675371241195563,4.182924864559872,0.8379738283705496,86.5222808160967,86.86741693355063,0.3436474631062849,87.41696793252913,75.50457620628279,0.2391200329030338,1.278094228183098,1.160129125055887
20,Frontend,Mid,4.960660809801552,12,2025,0.8296012261853343,0.7968721993026536,0.4989342674719123,0.5921104667073127,0.2768256069331788,0.6451315596117183,3.2466848560946793,0.8811223227889529,75.2637032548055,74.79299063376844,0.7567059691828425,87.18061526054191,72.99250755012058,0.24971933738660793,1.278094228183098,1.160129125055887
20,Frontend,Mid,4.960660809801552,13,2025,0.8553480068469703,0.8493518204856929,0.6422435153571164,0.41518343087140147,0.4247527442838277,0.6712147727225263,3.5756934280298593,1.0905220399625235,77.37117526964624,78.52820702603333,0.5420406114310148,85.54187315266307,74.66304520915158,0.30525546505364576,1.278094228183098,1.160129125055887
20,Frontend,Mid,4.960660809801552,14,2025,0.9318716378207994,0.920332545313968,0.6419022985925353,0.08828954931795555,0.2647643150187963,0.47377202072033964,3.1422919936033016,0.9550991698235876,81.58391955752468,88.10329028718158,0.5370751874730869,86.58880048426484,80.04600979747953,0.26944649659584385,1.278094228183098,1.160129125055887
20,Frontend,Mid,4.960660809801552,15,2025,1.0045637016054032,0.9842735244492864,0.5935503578827046,0.09856830012810551,0.21888379910916175,0.38583615894366363,1.4189021520628105,1.0843676075452893,95.65101440608592,98.81212124851342,0.47622512406152917,85.44581769913121,81.17264945372752,0.30482504068296445,1.278094228183098,1.160129125055887
20,Frontend,Mid,4.960660809801552,16,2025,1.0861646778112906,1.060668939421922,0.6597397452977034,0.2749465253903868,0.25309703208188633,0.6901602641047148,2.2684505060547044,1.046539281041075,101.66884034816312,105.68358998076059,0.7160983304011064,85.56881643746173,87.05078672705697,0.29623438589603385,1.278094228183098,1.160129125055887
20,Frontend,Mid,4.960660809801552,17,2025,0.7521281372869643,0.7404762864527076,0.5660729684514698,0.7944090780622549,0.17063555178508152,0.6875631457525168,2.3562736381919573,0.7736901672411423,88.13938574523824,86.88337168094145,0.600603612114764,87.50380826270018,71.47577570878144,0.22553963125906035,1.278094228183098,1.160129125055887
20,Frontend,Mid,4.960660809801552,18,2025,0.7697289103365631,0.7150609678075309,0.6607248562046477,0.4254509944844739,0.578155891262164,0.6039599554351379,1.7931566536853996,1.1423089906515835,71.81921012694023,75.90663903022119,0.36219896361652665,84.24249687661887,68.26775725045619,0.3264409908251594,1.278094228183098,1.160129125055887
20,Frontend,Mid,4.960660809801552,19,2025,1.0297275762596463,0.9481730076255612,0.7573433791687981,0.5320488704644468,0.048070566713981605,0.680495648590044,3.9995140293927776,0.8209417651224026,75.54455746632955,83.19454737173588,0.5515667634935084,86.44106909223956,80.29087148652457,0.2438461105891509,1.278094228183098,1.160129125055887
20,Frontend,Mid,4.960660809801552,20,2025,0.7207240709359409,0.6876943458518321,0.6262417557442548,0.44128012267553873,0.20505694516100875,0.17497930327629282,1.433346631081226,0.8587214750476274,78.62899477609778,77.69147535745392,0.34552842879933954,85.71189096318622,67.25417294983806,0.2574785369829737,1.278094228183098,1.160129125055887
20,Frontend,Mid,4.960660809801552,21,2025,1.0511419403887137,1.0398694104175574,0.759951124116425,0.3747339791892326,0.0608086649968252,0.9188147459359778,3.1401133507918124,1.051436452331351,81.00622110835442,83.57692606215804,0.771370631316356,83.69488158736823,87.35810733207788,0.3128299439048683,1.278094228183098,1.160129125055887
20,Frontend,Mid,4.960660809801552,22,2025,0.9626367378725263,0.9211612880362379,0.5699366295251552,0.31417724162680954,0.16219614692656747,0.5445853569995661,3.917077033343144,0.9451082994989927,102.52344795981425,104.140191241331,0.4639792415358263,84.02879893659018,80.69862001718441,0.288781668761547,1.278094228183098,1.160129125055887
20,Frontend,Mid,4.960660809801552,23,2025,0.9422112607834402,0.8843416103653361,0.6177098442975671,0.049738155575509264,0.2970516699551779,0.6769832538364617,3.0359553424434758,0.9181796946932252,68.45381432462273,62.657402328468514,0.9110399535050412,83.69363635003013,80.41109559002135,0.2861889693550606,1.278094228183098,1.160129125055887
20,Frontend,Mid,4.960660809801552,24,2025,1.119853407890705,1.0253125537523715,0.6230668845649595,0.14456567164148465,0.10779465009703586,0.6734807121166637,1.723456710469821,1.1642873559810958,74.01453848108349,72.66483734297833,0.6703070795508586,81.14832894595229,82.63504641592328,0.35662139664661674,1.278094228183098,1.160129125055887
20,Frontend,Mid,4.960660809801552,25,2025,0.7931247208725952,0.749841363259306,0.7087776751521199,0.1640699370567595,0.2216693036831361,0.678479820441131,2.9265228983224314,1.1223021824633976,71.40459178657886,65.91983280080571,0.42465822450349017,80.8903154139327,74.52015104698869,0.35037447470990707,1.278094228183098,1.160129125055887
20,Frontend,Mid,4.960660809801552,26,2025,0.9481392424143804,0.848357282783858,0.6725954011114263,0.015352624487206631,0.17149085344225684,0.8317374556783127,1.1006269538544988,1.206603113456217,92.89924850933633,81.36588744065249,0.790820540715418,79.61322456471353,83.49746762925065,0.3778770846519639,1.278094228183098,1.160129125055887
20,Frontend,Mid,4.960660809801552,27,2025,0.6004395288045946,0.5946844261483347,0.6781403453682463,0.22511557086347056,0.3217736974469807,0.8597523715997998,3.040868445211916,1.0275127544952103,72.76562776836911,56.76930454230822,0.39202527705930623,80.44326403512497,71.0470282587135,0.33514201727300064,1.278094228183098,1.160129125055887
20,Frontend,Mid,4.960660809801552,28,2025,0.7374628733139648,0.7020485554786501,0.7530451853089151,0.16710418024734924,0.21183332722688414,0.8042989700653261,3.667390678701151,1.0689887249098045,62.087206930735455,62.23194453563185,0.7833518198755277,79.51756135164705,76.88494751318474,0.35115140038490217,1.278094228183098,1.160129125055887
20,Frontend,Mid,4.960660809801552,29,2025,0.6573246589499169,0.5791300878773408,0.7927171697201257,1.0005293044466015,0.4678578655480552,0.6607896756606203,1.4318657679958056,1.0985163332691714,76.15369867928766,69.40783815857007,0.7816358910013974,78.70489437099721,65.96398593151457,0.36382914689552415,1.278094228183098,1.160129125055887
20,Frontend,Mid,4.960660809801552,30,2025,0.8391282104749376,0.8101663200667093,0.721309057486897,0.303464979804904,0.14970819667097063,0.6921149218394692,2.9155379938370025,0.869556360639847,91.70315725601516,83.70274990094194,0.2919628196874854,79.98598272702566,76.69749071548142,0.3073614160694223,1.278094228183098,1.160129125055887
20,Frontend,Mid,4.960660809801552,31,2025,0.9855460087733475,0.9575146744044658,0.7092716902438869,0.09264389137262663,0.6291796751282672,0.8918084681682692,2.240703631274004,1.0853768544859577,64.1610440891215,58.27644462846358,0.552211385637635,77.74271090281982,77.25807782409844,0.3692194467070263,1.278094228183098,1.160129125055887
20,Frontend,Mid,4.960660809801552,32,2025,0.7897119383040756,0.6806354464516648,0.8195185402403098,0.09503088128636826,0.38508776303591224,0.611058438559537,3.6184694114433436,0.9610025686997599,67.58470625631182,73.94215158073246,0.8299401482273394,78.26241563156121,76.97393707765464,0.34001371681027526,1.278094228183098,1.160129125055887
20,Frontend,Mid,4.960660809801552,33,2025,1.3234811883966306,1.2858283712726515,0.7536361202635354,0.26811436274027034,0.3742818059266211,0.5761130076129862,4.051702992997771,1.0638873666832294,72.16420694638381,74.35076583800742,0.3835640468069062,77.01239679804193,82.98150814109175,0.37100750001962973,1.278094228183098,1.160129125055887
20,Frontend,Mid,4.960660809801552,34,2025,0.9538649021597383,0.9366122171661928,0.5506574940119366,0.5146256639130284,0.5418232453761599,0.6966382309614819,1.485522508983697,0.789428989806849,91.80643231660447,92.41689279885989,0.6883125817405842,78.8356982244402,74.66954066501717,0.30092164609103483,1.278094228183098,1.160129125055887
20,Frontend,Mid,4.960660809801552,35,2025,0.9357808990755979,0.8895717259558031,0.6684936390400834,0.046829801709996954,0.09808261899267968,0.8204675134503802,2.1518240722276203,0.9008231538471401,74.88049635867013,73.27283256894879,0.336396029062471,77.6321841133201,80.00734302467285,0.3332297631584272,1.278094228183098,1.160129125055887
20,Frontend,Mid,4.960660809801552,36,2025,0.9266108656251739,0.8547553150528036,0.7427551801109357,0.4335633188435793,0.09340259227538157,0.7575922196850798,4.513320946097442,1.0114316877252059,74.7644625737255,69.56782607933512,0.230000841886322,76.49951475713453,76.3458680383711,0.3647903812355867,1.278094228183098,1.160129125055887
20,Frontend,Mid,4.960660809801552,37,2025,0.9532034517622611,0.864334399371841,0.8674019427437237,0.19650910087369267,0.2328228345051213,0.7826936471164223,3.0719357696010685,0.9955036132701963,67.78214988535328,65.92173884666889,0.147388985937684,76.44731147907143,77.77906421287372,0.3620397936617773,1.278094228183098,1.160129125055887
20,Frontend,Mid,4.960660809801552,38,2025,0.8913799110742178,0.849742470341118,0.6837165960448894,0.12972579395560874,0.24504127827142078,0.6948719836130531,1.5098249614295494,1.1001802885101595,63.61959713057113,63.04204997494533,0.2993590439171554,75.50106279379172,74.34579066993507,0.3908605344204342,1.278094228183098,1.160129125055887
20,Frontend,Mid,4.960660809801552,39,2025,0.9818530883783949,0.9042340909849016,0.695671439512039,0.31721324089848063,0.18862997250209668,0.890607061031988,1.3784082472652177,1.0386841922835317,82.02598524476073,71.32784742699293,0.4652653259025485,75.95657593409501,80.02262040376128,0.3747653723392479,1.278094228183098,1.160129125055887
20,Frontend,Mid,4.960660809801552,40,2025,0.9373473225878751,0.893086111800051,0.60208195637224,0.36473233378497794,0.2909341182781956,0.7907160809184376,0.48015014723615934,0.7842305968068544,68.59917398976556,63.49604878724646,0.5538400960401837,78.02866032741817,74.16245465731215,0.3066072832995528,1.278094228183098,1.160129125055887
20,Frontend,Mid,4.960660809801552,41,2025,0.8462638791371601,0.7926963712476183,0.6748719138675255,0.2913044804755237,0.3590238281329863,0.8211544670296035,4.3983007103622995,0.7800901281162642,85.8086735942176,86.16535916935952,0.39911659198065913,78.1706193603029,74.88074661201644,0.3045961976207287,1.278094228183098,1.160129125055887
20,Frontend,Mid,4.960660809801552,42,2025,0.9366155075079171,0.9029400213354748,0.6623550453759217,0.1485276315453416,0.3736876394980045,0.6330180259427977,1.4651948365546223,1.0052565467928658,64.11355831403344,60.25273487971018,0.6303720542055388,76.54891588459326,76.53246718873538,0.36314367698696265,1.278094228183098,1.160129125055887
20,Frontend,Mid,4.960660809801552,43,2025,1.1282857333962357,1.072639083420716,0.9331486092556837,0.047420142922900754,0.6868625472923029,0.957532388639184,3.0818812995760405,1.1868852398517094,66.61623465164232,68.00444128931443,0.6714088883399254,75.34368742528353,82.75128678119823,0.4095129860929791,1.278094228183098,1.160129125055887
20,Frontend,Mid,4.960660809801552,44,2025,0.8458339175825111,0.802587205509692,0.8410580398773224,0.3917694158161437,0.13999491679009032,0.6875672147618577,3.096695380910484,0.8905842542007187,80.33210179885373,90.4380697967575,0.48409832850336854,78.02645610928923,78.08162690245591,0.3278963832627335,1.278094228183098,1.160129125055887
20,Frontend,Mid,4.960660809801552,45,2025,0.8779051554445092,0.9167154080380937,0.7880471105428393,0.24396800612978572,0.5050425128420261,0.6090239827024464,1.061769586862853,1.072340438313341,77.43800719668802,82.05732005248366,0.7440415954714592,76.94477222500103,77.73839950838097,0.37326165245432624,1.278094228183098,1.160129125055887
20,Frontend,Mid,4.960660809801552,46,2025,0.8616612340285995,0.8356615195667855,0.7153585000034628,0.5315311850828034,0.12635703705375356,0.6072258539723779,0.9911513163705039,1.1644166685765467,75.85613283890964,78.40833272891462,0.6119209099130841,76.63510283254692,74.58616197767907,0.39425747677741835,1.278094228183098,1.160129125055887
20,Frontend,Mid,4.960660809801552,47,2025,0.6998435923082806,0.6528175729005975,0.7423234802518126,0.324081080766113,0.20406506773312752,0.7610091897995916,0.46942338817412477,0.9526056702324914,76.60930605384728,78.07693541690556,0.877985255436171,78.80488037684755,77.06947835858654,0.3338137975727687,1.278094228183098,1.160129125055887
20,Frontend,Mid,4.960660809801552,48,2025,0.8699739999819158,0.8519054866693453,0.65046328222353,0.7268920723594854,0.09427599936219241,0.6186120368314574,1.5781413200724217,0.9005079937460672,89.38391334059587,81.76656079407813,0.26079260368907087,79.73836966217588,72.81661175168854,0.31561518489774776,1.278094228183098,1.160129125055887
20,Frontend,Mid,4.960660809801552,49,2025,0.9870806308578352,0.9346097960027733,0.7298427899482818,0.23833575542409977,0.3122600780213131,0.8383363558290899,4.693810963941972,0.9639403132773512,70.56486631356044,68.3729374401311,0.6311430261447404,79.78150253093177,80.65660545824387,0.3279422082310388,1.278094228183098,1.160129125055887
20,Frontend,Mid,4.960660809801552,50,2025,0.7678531750452421,0.7185024661444747,0.5854476780496202,0.023517202575560715,0.10003564647451282,0.727978105270526,1.9915164259814628,1.1729678932386112,81.70737110620696,83.04432761019399,0.7755574724216422,78.68572800501659,78.64858699316785,0.3788791786059173,1.278094228183098,1.160129125055887
20,Frontend,Mid,4.960660809801552,51,2025,0.8203524362061776,0.7476289393817106,0.6786369691514614,0.4747639974954404,0.16871411198936953,0.48811238677170793,2.828652612407819,1.088199879851974,65.2604807498142,72.26374299388267,0.21751072925745946,79.95776703227085,69.56815512573472,0.351325250701471,1.278094228183098,1.160129125055887
20,Frontend,Mid,4.960660809801552,52,2025,0.8193239385394818,0.8171587135244042,0.6034826895195182,0.27675817948053855,0.14413150094830773,0.5698647484644348,-0.04953934473668076,0.84934383883691,71.60901777428953,74.38900303214675,0.7711391010331515,82.47129876166798,76.04604091273333,0.2826079447534822,1.278094228183098,1.160129125055887
21,Frontend,Mid,4.3167343078899725,1,2025,0.7972895896366133,0.6716113611645078,0.8765160901239377,0.29963442646401073,0.18361672471303803,0.8251359893634628,2.839570926802718,1.0649477384812962,63.11407799372593,67.03675918137509,0.5738242175960899,78.70046747175729,76.627687392402,0.35715231876494846,1.2193589276233492,0.8481560692235219
21,Frontend,Mid,4.3167343078899725,2,2025,0.6587057133196242,0.5656585639754277,0.6030720020261202,0.5167004294118621,0.171616724625234,0.5953443765293371,2.5883090132843574,0.8606383755139303,85.32303776838386,78.2563679363702,0.27752621306463837,80.92883729565737,67.66743413088282,0.2977206976389747,1.2193589276233492,0.8481560692235219
21,Frontend,Mid,4.3167343078899725,3,2025,0.6371070470940199,0.6076434840722775,0.6186448692690665,0.27426866623168883,0.1281527810153838,0.7634514981444274,2.1772941001315633,0.919376259085648,81.34387441879481,67.3002514570065,0.19396137604320898,81.03538034085852,70.86095830249167,0.30858041564330857,1.2193589276233492,0.8481560692235219
21,Frontend,Mid,4.3167343078899725,4,2025,0.7578502424903671,0.7291757331999575,0.7567241706806904,0.2073061895506725,0.17210425452859707,0.47129407722670985,1.731929644535632,0.9479973470595234,69.32711586597293,66.20366270491908,0.4402329094828844,81.35700306207369,73.52366030445715,0.31162444389462396,1.2193589276233492,0.8481560692235219
21,Frontend,Mid,4.3167343078899725,5,2025,0.7338189824601327,0.6769064912692813,0.5910196955833066,0.02320895771005377,0.022795078431078652,0.9873835348653791,3.181393780110112,1.1396069875269899,95.56089486811102,100.64652882863655,0.8740009517475247,80.34083381177089,84.09117063709166,0.35841444907397385,1.2193589276233492,0.8481560692235219
21,Frontend,Mid,4.3167343078899725,6,2025,0.7950316078700472,0.7706067592093406,0.6653347426088294,0.4526224489869032,0.4753451011862673,0.7721428194477379,1.642865289565459,0.9723212597358342,78.04818327085422,79.40454842140069,0.3055391947454536,82.15440919164834,72.25800906139584,0.30984417535009734,1.2193589276233492,0.8481560692235219
21,Frontend,Mid,4.3167343078899725,7,2025,0.5944968867761056,0.5904648441636281,0.8224981408055885,0.3643179673255084,0.17456907054853363,0.8313440987558383,1.5732609621996427,1.0640942574326269,75.73119432329295,73.07446687136816,0.8147034575568742,81.84716565972552,76.16627362945732,0.3307591376554794,1.2193589276233492,0.8481560692235219
21,Frontend,Mid,4.3167343078899725,8,2025,0.6401909280249154,0.5501985686797513,0.6444423233121794,0.2039028117034626,0.3657532758649287,0.7591162642961674,2.243110016075111,1.0106204168581459,76.001826689254,68.19743815684997,0.8026671896522115,82.64732197293415,73.8491127210136,0.31339640026384463,1.2193589276233492,0.8481560692235219
21,Frontend,Mid,4.3167343078899725,9,2025,0.719327130741234,0.662652755145527,0.4661991283208448,0.13329434945582944,0.06455322007994269,0.6303386246446825,3.758633340503174,0.7258268037104143,80.08479777436482,80.39284470625137,0.17283960532982356,85.23803167691376,70.64729525753141,0.23484843010113482,1.2193589276233492,0.8481560692235219
21,Frontend,Mid,4.3167343078899725,10,2025,0.7369553296605134,0.7217906384951931,0.5409922259875591,0.3385269800725728,0.25263264613099506,0.7603201302364478,2.722043548146072,0.8365564381598799,70.10857919919378,68.3612230096069,0.11839567266835449,84.59999568647908,69.14990784131973,0.26231132357798365,1.2193589276233492,0.8481560692235219
21,Frontend,Mid,4.3167343078899725,11,2025,0.6783291564784665,0.6027884933085319,0.607725143643563,0.21756515494115417,0.47892009893650206,0.6746597837181286,3.0007933512270393,0.9762590471477609,76.7948227633403,83.77336017267784,0.12698326441411326,83.66200268827922,69.23620718285768,0.298068453693892,1.2193589276233492,0.8481560692235219
21,Frontend,Mid,4.3167343078899725,12,2025,0.7574466907055446,0.6949903566579714,0.5691780802103629,0.6172417817190208,0.11012979144336332,0.8432091586327187,3.310530762789549,0.96049545240053,91.25839301729229,87.50355452827614,0.791354543451808,83.89694672961707,77.23078781415606,0.29295786773329713,1.2193589276233492,0.8481560692235219
21,Frontend,Mid,4.3167343078899725,13,2025,0.7321220775678962,0.7144247101569815,0.5904007565582197,0.24154594804128707,0.04972629540582798,0.6036427482997697,3.033786140920041,1.125559433883553,69.21339228969448,70.51366486699838,0.8873933534246691,82.61289050726262,76.0066617204676,0.3366711325495221,1.2193589276233492,0.8481560692235219
21,Frontend,Mid,4.3167343078899725,14,2025,0.6786396365487906,0.6617759608383413,0.8190885932866518,0.2176045501734958,0.2783673350622542,0.9239644296686572,2.0863992856747324,1.3016372161850684,83.59885566566068,78.67280627255687,0.5512382462712514,77.54816602511994,74.93719828995222,0.41409272636101413,1.2193589276233492,0.8481560692235219
21,Frontend,Mid,4.3167343078899725,15,2025,0.7182563645231196,0.6640518854383046,1.0806717366119594,0.42296677274147915,0.11821376128152804,0.7843154464616058,3.220314425174431,0.9714878941115649,90.31018217042444,94.68312039947348,0.38343079651586787,83.70017191256878,80.4815876788221,0.2967961462175731,1.2193589276233492,0.8481560692235219
21,Frontend,Mid,4.3167343078899725,16,2025,0.6120156164737952,0.663855819058654,0.8070882292171468,0.31198592461708824,0.3662115016686643,0.7241276372149342,1.62098311383525,1.2005991323978333,92.5925899684305,98.94458072161632,0.890187236914347,81.68765413257545,76.82989815991256,0.35938937537477134,1.2193589276233492,0.8481560692235219
21,Frontend,Mid,4.3167343078899725,17,2025,0.7088391933218404,0.69248166748195,0.6626395362090431,0.04245993579085101,0.09255268908031666,0.9576228226843428,2.3584217133145504,0.8075033269350843,79.71633495570404,73.97041811868571,0.8765349972304696,84.58461949111641,81.01343199808554,0.25662883629438005,1.2193589276233492,0.8481560692235219
21,Frontend,Mid,4.3167343078899725,18,2025,0.685342282991613,0.5805296229860405,0.6270438921852408,0.7812590206791792,0.24855281026090492,0.7221064550226628,3.7121067127178047,0.9372299203966409,65.16427751800788,72.50039326657306,0.468304300493422,83.23444594462619,67.18875266690564,0.2938256012074433,1.2193589276233492,0.8481560692235219
21,Frontend,Mid,4.3167343078899725,19,2025,0.6564466932757081,0.5471689781080229,0.869932269042553,0.22258279178003462,0.0927252923375536,0.48483760146081023,3.257482314450223,0.999195299225756,64.11870074004456,74.82861394078424,0.4077204026384887,82.3663573253805,73.14308896949949,0.3134527488003137,1.2193589276233492,0.8481560692235219
21,Frontend,Mid,4.3167343078899725,20,2025,0.7816157271015551,0.780562497983986,0.7788894630784486,0.2867008756521142,0.21994729147320957,0.656741270629239,4.9504557341315,1.2310135748724302,80.74864298942114,78.0399990590374,0.585384028398083,80.08487067055557,75.51918392191601,0.37882879271985626,1.2193589276233492,0.8481560692235219
21,Frontend,Mid,4.3167343078899725,21,2025,0.6195637887803613,0.5593099896742981,0.5952253714950623,0.0903262403841978,0.2257877683433168,0.5133862813783432,2.304504186078554,1.133522492513861,79.18449204910222,72.69843435327086,0.6482925855746574,80.38950977187592,71.22227430955282,0.3567919170704728,1.2193589276233492,0.8481560692235219
21,Frontend,Mid,4.3167343078899725,22,2025,0.7504177711142677,0.7384273199600769,0.7227753921258835,0.26826689030509315,0.024191981093519593,0.6250297440323278,1.3026023136996998,0.9265923956297746,73.06669997686244,76.67874581667468,0.34728780967466977,81.52824267351168,75.3477375786747,0.3059164568466909,1.2193589276233492,0.8481560692235219
21,Frontend,Mid,4.3167343078899725,23,2025,0.5847881259400295,0.5096529907243809,0.5314250822503903,0.5637344597670787,0.10042200101631997,0.7206041566859595,3.4005758955652867,0.9168265651049959,92.36318179706406,94.00422663920787,0.3118835762166605,81.05577789270374,69.22607619382073,0.3079004972484679,1.2193589276233492,0.8481560692235219
21,Frontend,Mid,4.3167343078899725,24,2025,0.7793366162632562,0.662840112350366,0.64459844667533,0.5830716368529687,0.44830551598980833,0.6585604286318316,1.068813234153113,1.0142874493891691,77.39613400887478,68.981407343848,0.3294879907529548,79.69964470465547,68.19477395813949,0.33869378400570493,1.2193589276233492,0.8481560692235219
21,Frontend,Mid,4.3167343078899725,25,2025,0.7416798779199334,0.7244828594536097,0.8193095155816584,0.16193803443153512,0.2795993074014994,0.7822533108251036,3.5709996607916192,0.9229482677814417,94.416461833422,95.85951008991447,0.2749489973875786,79.83646323735613,78.08369921204338,0.3192857932449873,1.2193589276233492,0.8481560692235219
21,Frontend,Mid,4.3167343078899725,26,2025,0.5993895217563849,0.5911206255208136,0.7488786473782398,0.09020015512897413,0.17336984535628402,0.7169471694289768,2.5716312767761695,0.943310542706999,90.34698342478032,94.85022641234747,0.2714644382673131,79.07088163667504,75.28867893791389,0.3297380949024411,1.2193589276233492,0.8481560692235219
21,Frontend,Mid,4.3167343078899725,27,2025,0.6253440682846568,0.5478403940186888,0.6606789767217477,0.3301608016192857,0.0828400716354754,0.8527224669017882,3.878234760003031,0.9310937655751731,64.38657016900112,62.980355637317764,0.4302330088179408,78.56593245245304,71.12482364013671,0.3315026493445926,1.2193589276233492,0.8481560692235219
21,Frontend,Mid,4.3167343078899725,28,2025,0.6312167994804537,0.626615766076424,0.6346400714818329,0.13324860697849086,0.22168624840794365,0.7037461720475443,2.1622037369426717,0.8686023258265261,79.03020000105529,78.80265663420398,0.2993828234448157,78.47196905028105,71.47304855701984,0.3197873897462965,1.2193589276233492,0.8481560692235219
21,Frontend,Mid,4.3167343078899725,29,2025,0.6153987441438908,0.5084612272061215,0.7881079326252991,0.20613126208102422,0.028840406602231482,0.44988406123014457,2.6267314856379,1.0470541498665025,74.27303848941688,69.5640248277921,0.2178590786571475,76.46790834418634,69.61845847613503,0.37217826043841434,1.2193589276233492,0.8481560692235219
21,Frontend,Mid,4.3167343078899725,30,2025,0.7051383281687996,0.6617434807355025,0.8056829609198713,0.14443539806713615,0.30923340213652667,0.7596664085903011,3.431469519553989,0.9346566259678365,88.24659562849253,87.7422910130974,0.3732424344434628,76.81649711036951,76.03221060009326,0.3467938492738214,1.2193589276233492,0.8481560692235219
21,Frontend,Mid,4.3167343078899725,31,2025,0.6639825469298642,0.6273938859105577,0.6293670293303708,0.07599437944266402,0.3020100819483535,0.4239029114883505,4.294329204058358,1.0987805212670259,79.23529378152537,86.02605723726705,0.25285952289986396,74.98679807453905,69.21995642494822,0.39486612029891305,1.2193589276233492,0.8481560692235219
21,Frontend,Mid,4.3167343078899725,32,2025,0.5593883656844576,0.5117750255971373,0.8537283297361951,0.17319754873166396,0.4258978398270092,0.6441133071341937,3.012583152688558,0.986875712030745,85.89023079641922,87.87725096085344,0.9866605514871136,75.4067469908811,75.63273816097912,0.36898558414880644,1.2193589276233492,0.8481560692235219
21,Frontend,Mid,4.3167343078899725,33,2025,0.7848778417954918,0.7389019088017392,0.686538456693677,0.21383385446990796,0.21143802510994034,0.7382013097124961,3.004653440534112,1.1002326889490377,81.97595382259999,87.23014654978354,0.6934243475553192,74.07295072588323,77.38944538526762,0.4027719484074473,1.2193589276233492,0.8481560692235219
21,Frontend,Mid,4.3167343078899725,34,2025,0.7420192633045012,0.585143828364769,0.625187052985215,0.11448899041903302,0.21628219034781668,0.5645839101687212,3.5774164988521733,0.9626993022070003,92.15325970476457,80.85640528560607,0.3994969231796726,74.80085223120676,73.18301886886734,0.36919942518134374,1.2193589276233492,0.8481560692235219
21,Frontend,Mid,4.3167343078899725,35,2025,0.7309145557338692,0.6760741860059167,0.917009499187626,0.3272447783377737,0.424990078312877,0.28922686074613546,2.182920665240921,0.8764339041439425,69.37670318425185,63.11981803362664,0.6513757932327636,75.17861461691345,69.26498704678993,0.3487983256878431,1.2193589276233492,0.8481560692235219
21,Frontend,Mid,4.3167343078899725,36,2025,0.8629064491042979,0.8707230189833469,0.4962475906977596,0.25273588457789764,0.24973275414468085,0.8510035526876026,3.4302917092896186,1.1849762074933845,78.8637306548077,74.5586151223664,0.14468437785651111,72.46247510495688,72.08222296589395,0.43314128229070287,1.2193589276233492,0.8481560692235219
21,Frontend,Mid,4.3167343078899725,37,2025,0.7072412307988365,0.5859120351290558,0.654221064714098,0.15608370426506077,0.2706189646665155,0.7685568499189266,2.2062009246900027,0.8388800484097814,81.56520467968478,81.40925049815459,0.3626236077171978,75.05161650392253,71.9181921709713,0.34234587214926854,1.2193589276233492,0.8481560692235219
21,Frontend,Mid,4.3167343078899725,38,2025,0.5024294469164835,0.358097809281838,0.7195783822321603,0.24829946899324712,0.1719908664007468,0.8266840425664579,1.5320816799759496,0.9638183626553566,63.876423690746265,63.14383229568856,0.6514280169468672,73.94327470659792,69.39488262202671,0.3765697166427554,1.2193589276233492,0.8481560692235219
21,Frontend,Mid,4.3167343078899725,39,2025,0.6648466848075354,0.6856776617111776,0.6898740311543489,0.5006403311699352,0.32113620967073225,0.9073035655320133,2.3245715514853025,0.8708069975508365,75.81629723930297,79.56967301181271,0.5722761549938137,74.65090999792434,71.86332117438867,0.35207048286079773,1.2193589276233492,0.8481560692235219
21,Frontend,Mid,4.3167343078899725,40,2025,0.6799321090897182,0.5913450107551562,0.642963068518086,0.30149770142861726,0.38783917033609183,0.9178133368842678,2.7897671443565355,1.1625145839501316,71.93077914190218,71.70073499833912,0.508750393386987,72.35370493623972,69.90805255915656,0.4295553756546953,1.2193589276233492,0.8481560692235219
21,Frontend,Mid,4.3167343078899725,41,2025,0.7295060526219769,0.6390162163158607,0.7234570019936534,0.14427965323024833,0.5237189805698228,0.6414655934806879,3.3469543083355964,1.1101071772543627,80.69236119628876,82.9061590982328,0.17502723032684767,72.88179947316587,69.26996507689837,0.41467310650782363,1.2193589276233492,0.8481560692235219
21,Frontend,Mid,4.3167343078899725,42,2025,0.5622345850098883,0.5043835347126968,0.6943063288651938,0.4129997151245161,0.1266994720530292,0.952638987148042,3.0047813609150706,0.9913755057027072,73.24121635647688,74.09223047954458,0.35719862549482767,74.0112807192823,70.93607727625162,0.3815144284798556,1.2193589276233492,0.8481560692235219
21,Frontend,Mid,4.3167343078899725,43,2025,0.7434749966041633,0.6671273640479385,0.8450709924134423,0.04994190136000864,0.17652591325105393,0.8560084509233369,2.6309059901553673,1.2103833470214376,101.49817020802585,102.10678016272718,0.32567283076762693,72.50701907389349,78.98660712062842,0.43785151045517506,1.2193589276233492,0.8481560692235219
21,Frontend,Mid,4.3167343078899725,44,2025,0.5493949892808709,0.5056112456531047,0.6593675772030988,0.3256717374583319,0.22145577027447313,0.5466632658193736,0.8893057050827546,1.1807555097864586,83.86211554662503,83.58888082280268,0.44724727617872784,73.0564025705711,67.10248965896659,0.4273477472025326,1.2193589276233492,0.8481560692235219
21,Frontend,Mid,4.3167343078899725,45,2025,0.8066932100106398,0.7423830066735647,0.7112332068387205,0.23121747391848427,0.02910244701478796,0.8464564534371315,2.2331594581793635,0.9423295964906523,74.61240374509039,70.07870892857221,0.6018483182561357,75.33617546555033,78.53635059078556,0.360664457085211,1.2193589276233492,0.8481560692235219
21,Frontend,Mid,4.3167343078899725,46,2025,0.7821974488066611,0.7163902240237269,0.7645099776200831,0.4114134620189407,0.0334565583542983,0.8138784833690753,2.973007954967405,0.9449172099406822,74.57884213317118,92.63559244724952,0.7575186075599358,75.74241500760161,79.38100106911136,0.3577966502581231,1.2193589276233492,0.8481560692235219
21,Frontend,Mid,4.3167343078899725,47,2025,0.5945061473098169,0.5872343005679895,0.8081406544392483,0.36971442286192235,0.30497076622111874,0.41356944515282384,2.3936420025702025,1.0972334944361573,80.84972061594387,80.32149121193547,0.4003650283028762,74.999174289186,68.08090199997953,0.39445357981068147,1.2193589276233492,0.8481560692235219
21,Frontend,Mid,4.3167343078899725,48,2025,0.7987176533670541,0.7346045894552901,0.7136311587162111,0.12721108866120812,0.17842603234462914,0.5895773330861634,1.5130873729966838,1.1711092398785632,80.23166080062099,86.82716593785092,0.8015692720772267,74.9248761990837,77.5110584102115,0.4098478796500152,1.2193589276233492,0.8481560692235219
21,Frontend,Mid,4.3167343078899725,49,2025,0.6265554344428742,0.5564189459548777,0.6925419769896486,0.1961378498563734,0.10163807263810012,0.5763149216101077,1.4593385613357799,0.8526215554682204,99.83953787614784,94.1427980053054,0.39540546196717813,78.0233690993726,73.54090162463712,0.32032956859887235,1.2193589276233492,0.8481560692235219
21,Frontend,Mid,4.3167343078899725,50,2025,0.5491759259644774,0.42799146301507696,0.5773201014060316,0.19579629690958478,0.7991844750129097,0.9703505718547962,1.548071152323747,1.0511958143172155,87.80222474601436,85.03699970742969,0.36877650950236573,77.01122114235552,67.02713995838494,0.3684789866771471,1.2193589276233492,0.8481560692235219
21,Frontend,Mid,4.3167343078899725,51,2025,0.6479668448839847,0.5558792293735833,0.5682780725034857,0.27643041319876255,0.048181333608574115,0.5788879127227187,2.041144391811756,1.066558007018722,76.19309310897589,76.32161751911542,0.48587368870179803,77.48221852090464,70.87043419140527,0.36762644706287234,1.2193589276233492,0.8481560692235219
21,Frontend,Mid,4.3167343078899725,52,2025,0.7268911862252945,0.6466900744845085,0.5901304184931467,0.4936277967086536,0.07287411258403648,0.6670278472346802,1.4745301556017396,1.1375894873578445,81.15774246055541,76.73965792218205,0.16168088373063152,77.51665007946828,68.9974681636079,0.381545813476,1.2193589276233492,0.8481560692235219
22,Frontend,Junior,0.7980735223012586,1,2025,0.5855114910686203,0.4839050901179806,0.6495021764992701,0.6053183224698419,0.49954519252246715,0.740092729097107,3.002751230664517,1.147004003413509,57.09018561625575,60.35652863479883,0.72177939333176,73.04824564512026,62.94493807931367,0.4206654203066996,1.1982857751351683,0.8508914858699248
22,Frontend,Junior,0.7980735223012586,2,2025,0.6505727149672575,0.62724390688211,0.6338144905636308,0.0623515361844013,0.4833244268150109,0.8971352137065978,1.3189949915690549,0.8263851215404162,74.99008730269583,75.63390598443799,0.7819820591942818,76.20709162026616,73.66153311890476,0.330217927472532,1.1982857751351683,0.8508914858699248
22,Frontend,Junior,0.7980735223012586,3,2025,0.5735001894718231,0.5477932658885311,0.7684493024696896,0.15188672869606215,0.23948448168170614,0.7641105437423573,2.5312411229779475,1.175497145967301,68.08918168315158,67.22579499800493,0.806127200166024,73.99064153862598,72.40905990731017,0.4185107497049104,1.1982857751351683,0.8508914858699248
22,Frontend,Junior,0.7980735223012586,4,2025,0.6018100029234196,0.5381189972649966,0.8180959498854198,0.5749584814675052,0.15446555462184908,0.7803825387079047,2.381612162655772,1.1230487884901543,98.05354459125924,100.98558964110875,0.2941614214983186,74.96081982344931,71.91555720332212,0.39993625916928655,1.1982857751351683,0.8508914858699248
22,Frontend,Junior,0.7980735223012586,5,2025,0.6012710481146605,0.593730953762908,0.6603865279634435,0.30213785060290677,0.3309159262488856,0.8727224635948461,1.374372887943168,0.9708533244608731,74.59199308294433,78.51184471413428,0.2768042476153096,76.69509140912051,70.48287214781968,0.35504490314950377,1.1982857751351683,0.8508914858699248
22,Frontend,Junior,0.7980735223012586,6,2025,0.8325958517043737,0.7426780771668018,0.48696372291482537,0.2870777041175448,0.28172488337061063,0.7338055458364344,1.3919466731705576,1.1310116189099972,97.75846894791195,91.87655967533439,0.582844552402011,75.8891146110757,75.2652844308869,0.3937930353563686,1.1982857751351683,0.8508914858699248
22,Frontend,Junior,0.7980735223012586,7,2025,0.8801978383315995,0.7803473270916522,0.7277842809471847,0.20496810471292815,0.11312517316034894,0.8522104830416787,2.680029286637717,1.1674433286139956,87.50672230433379,95.32271307061897,0.41723467406092013,76.02460138309524,79.70038828016837,0.39995032086367205,1.1982857751351683,0.8508914858699248
22,Frontend,Junior,0.7980735223012586,8,2025,0.6280729885333396,0.5651693511628152,0.7293566133894563,0.31207064676701896,0.23353909856930946,0.7911382068339124,1.5591464704178188,1.0244430734171752,74.92654804015964,82.7377690933511,0.5342976771661864,77.54096901328259,73.39838031783191,0.35871387290608014,1.1982857751351683,0.8508914858699248
22,Frontend,Junior,0.7980735223012586,9,2025,0.6716767745712011,0.5762153803402104,0.6777477919741938,0.6110656435855627,0.08715009234355821,0.6940293092172327,2.2478610508887433,1.149078264112572,64.0130087435149,70.44628444625414,0.12786882998351412,76.85624828651719,65.74224559398354,0.3893469171015379,1.1982857751351683,0.8508914858699248
22,Frontend,Junior,0.7980735223012586,10,2025,0.6147184907071795,0.5282719755919937,0.7466121619249863,0.6192979555690501,0.32017424491860724,0.6541847603301378,2.8831903853773273,0.8852239427512468,75.9986393669744,78.32261571419423,0.7722795800334854,79.2148839425688,69.35638383879453,0.31692075569550926,1.1982857751351683,0.8508914858699248
22,Frontend,Junior,0.7980735223012586,11,2025,0.5967494616774485,0.554169602838896,0.7047579417152787,0.07562368918967549,0.196148236316311,0.8078988556893593,2.311643773524099,0.6808451094468644,79.98774961691745,75.46146881803524,0.5268095191025539,81.02954248270706,72.52938830373292,0.26092283453348075,1.1982857751351683,0.8508914858699248
22,Frontend,Junior,0.7980735223012586,12,2025,0.5615675143685037,0.5499518068569773,0.668985500498932,0.45629025103399995,0.30094335797331606,0.6528762716760106,2.5291040671484115,0.930477100798576,92.0336198355819,82.5486832830868,0.6113348880218272,79.14132183525336,70.49242581748045,0.3265844048659371,1.1982857751351683,0.8508914858699248
22,Frontend,Junior,0.7980735223012586,13,2025,0.6556519410343922,0.6200804898155727,0.7814175103351564,0.45091942950989616,0.32835400465247117,0.6231222543659811,0.6874408571817294,1.142014243266677,91.53768539088567,91.88094267625709,0.7593388655205952,77.48548032501829,73.42975350424746,0.3826905126115163,1.1982857751351683,0.8508914858699248
22,Frontend,Junior,0.7980735223012586,14,2025,0.7121336786423557,0.7095575189533341,0.7848873830285047,0.12477487963281839,0.552327763951976,0.770958197447649,0.39901878950040137,0.9028099771852982,86.4216468498823,83.03600729579293,0.9017051717422105,79.3626588241596,77.75562543856907,0.31920650523572963,1.1982857751351683,0.8508914858699248
22,Frontend,Junior,0.7980735223012586,15,2025,0.6562934609662103,0.6080588920129366,0.5789328939115899,0.2444396557060956,0.09378000999293877,0.5052671699396749,3.275360502220585,1.0660663537498434,85.6363432544312,83.17413633482488,0.3228510806688608,77.94777252828322,70.92945652306625,0.3636484996809418,1.1982857751351683,0.8508914858699248
22,Frontend,Junior,0.7980735223012586,16,2025,0.6244306216508618,0.5349411321140916,0.8498050284536595,0.2856023779372664,0.04939369803106505,0.795571743948278,1.2270066677687284,0.8319373130763146,86.13415702248373,83.32636944861531,0.6512815312364177,79.64117697996826,76.50136003942679,0.302710987782194,1.1982857751351683,0.8508914858699248
22,Frontend,Junior,0.7980735223012586,17,2025,0.47143857784593346,0.4470789195874732,0.8305708903215325,0.22348327482500738,0.19193416053257376,0.8569995397777889,0.7093289878894793,0.8781739073064548,77.56819051922899,80.67851504417999,0.6767493723550768,79.02348314096612,73.53410581185503,0.3171057552865733,1.1982857751351683,0.8508914858699248
22,Frontend,Junior,0.7980735223012586,18,2025,0.7389673467334915,0.6987234646775252,0.5860688327932448,0.1991006054406775,0.15034818071815104,0.6576458866427525,1.8190331640870205,0.9066389305160136,75.54144201166845,73.4601406939202,0.20315728723003632,78.48340215649188,71.59929266994872,0.32729943479910373,1.1982857751351683,0.8508914858699248
22,Frontend,Junior,0.7980735223012586,19,2025,0.766026847749536,0.78178867319573,0.7594540007418948,0.10267932816095036,0.33722714477955573,0.32302840930991195,3.099031280255095,1.1961366277968797,86.91841804008857,84.48171840989274,0.38902209036188196,75.79505498963218,72.19342635617066,0.4076018673124411,1.1982857751351683,0.8508914858699248
22,Frontend,Junior,0.7980735223012586,20,2025,0.7346812259437444,0.7352671168352048,0.6495439467763889,0.4751036839775873,0.06627985824497742,0.7868722283768369,1.30037904835932,0.9755454916699898,83.90829218199372,76.74459214483937,0.35570529351491775,77.13284362899576,74.31427098644323,0.35233540142569997,1.1982857751351683,0.8508914858699248
22,Frontend,Junior,0.7980735223012586,21,2025,0.5903254308189488,0.45962589007505733,0.7288570475221992,0.06347077547518128,0.10883118439969289,0.8723319943925504,1.8313446388566514,0.9413433596071498,91.32423109988895,97.56171471773031,0.727208893716167,76.9311711279503,78.68189891635579,0.34717557918851083,1.1982857751351683,0.8508914858699248
22,Frontend,Junior,0.7980735223012586,22,2025,0.6830956461573682,0.6755310163853515,0.8947256738664282,0.07928023937983779,0.09768217190854583,0.787960534519423,2.0852721186536733,0.8361934668315499,83.17726701209597,84.01235690268076,0.91478074708259,77.25566239671817,81.48663832704241,0.3234415067269919,1.1982857751351683,0.8508914858699248
22,Frontend,Junior,0.7980735223012586,23,2025,0.6770444385821981,0.6149536180640174,0.5893082946984745,0.16064963400138177,0.3305665943077815,0.8584035113995556,2.3234419467837344,0.9510753476523732,75.70406875241696,80.3629550800426,0.43226857426347537,75.78601592514539,72.70453882174952,0.3586649368209297,1.1982857751351683,0.8508914858699248
22,Frontend,Junior,0.7980735223012586,24,2025,0.6507656604424046,0.545598181267013,0.672047650329605,0.17230042945794802,0.5356313253209417,0.46716716002580855,3.6165642691137982,0.9768501554690341,82.45602817057916,84.25364397198076,0.08557686068226628,75.00337134883722,66.04790776851624,0.37034193652016334,1.1982857751351683,0.8508914858699248
22,Frontend,Junior,0.7980735223012586,25,2025,0.6532075297862084,0.617487709364249,0.6298272653404112,0.13519007560199395,0.0625325784069033,0.9588408712133825,1.4596817022546749,1.0983726441701847,72.08758522602623,79.44169958951593,0.8207021318497749,73.43729651906685,77.61971142447221,0.40769705784181315,1.1982857751351683,0.8508914858699248
22,Frontend,Junior,0.7980735223012586,26,2025,0.8621086579544719,0.7681759152763241,0.4950768280465472,0.14384540713563526,0.09667483257755576,0.523758386311331,1.3383526143628588,0.9055348374657924,77.15740945429532,75.6787600999413,0.4465519326788099,74.37731557142537,73.6586351329375,0.36129600439794707,1.1982857751351683,0.8508914858699248
22,Frontend,Junior,0.7980735223012586,27,2025,0.6341353085405803,0.6641750351471974,0.5248931414437723,0.166216177954106,0.08958527010771987,0.4913958116613639,1.413600113398381,1.009902896959495,70.25164423471404,66.21041676977391,0.20838347985580274,72.93968769419914,68.19060599851778,0.39414984860690616,1.1982857751351683,0.8508914858699248
22,Frontend,Junior,0.7980735223012586,28,2025,0.7073674716862696,0.6898132322762881,0.9368393468235372,0.060448420531412056,0.24425440375843013,0.9375282392946255,3.176882820153217,1.0317161696891146,84.01652923719637,92.62204972021237,0.510169395034163,72.171286592201,80.96597815556149,0.4049158456694813,1.1982857751351683,0.8508914858699248
22,Frontend,Junior,0.7980735223012586,29,2025,0.6387001329704997,0.549670575179482,0.5885696415368467,0.39133874989500456,0.09635282516358616,0.6396694035576579,1.7611235036443875,1.1518454369183206,86.06321533366317,78.90311717755877,0.40510135097291117,70.63380634059247,68.47759982350038,0.44175403454539347,1.1982857751351683,0.8508914858699248
22,Frontend,Junior,0.7980735223012586,30,2025,0.5644014995219683,0.5141726482780034,0.6622939182817955,0.2988504331069297,0.14682348198680842,0.40332826731198523,2.356629735028032,0.8951460535470012,65.01175086104638,61.80040840449207,0.6061044288773393,72.13680998255685,65.9892891057081,0.3778891275214265,1.1982857751351683,0.8508914858699248
22,Frontend,Junior,0.7980735223012586,31,2025,0.6252894501042707,0.6059032888237426,0.6551254903130072,0.17599509635537944,0.1524051693792085,0.7187460196916616,5.0356736412784695,1.0605535842783596,79.26347973742243,75.72256942292736,0.4849624846619679,70.29684186326905,72.2872071871957,0.42630370132842976,1.1982857751351683,0.8508914858699248
22,Frontend,Junior,0.7980735223012586,32,2025,0.7082304964817444,0.6562268905389125,0.5959619849156088,0.37382903808035134,0.3055996009811674,0.8332450836051396,3.1744048010569488,0.837448040671283,81.1468115925651,76.91919463463822,0.6659740693039862,71.60639665457747,71.64566487263242,0.37076963601277774,1.1982857751351683,0.8508914858699248
22,Frontend,Junior,0.7980735223012586,33,2025,0.7284061865963908,0.6884388973006591,0.5266908384844144,0.3483379924582737,0.3972265386797236,0.8598917609549502,1.7233879193585915,0.920463523403286,75.44991254278862,80.88400269313308,0.8812477873582168,70.51533234306991,73.13393415589881,0.3964649351550746,1.1982857751351683,0.8508914858699248
22,Frontend,Junior,0.7980735223012586,34,2025,0.8094067586838011,0.790337802088249,0.5256216353254606,0.1637550174195462,0.11708806966835364,0.47828045866416347,1.0366063714947709,1.1043276610094548,84.63999129049851,89.29441564892427,0.557251939257808,68.67205365360779,74.13381155307081,0.4485984184218261,1.1982857751351683,0.8508914858699248
22,Frontend,Junior,0.7980735223012586,35,2025,0.6156310741657078,0.5086353271001546,0.7825855579620129,0.31076911208635194,0.08986246582375436,0.8227433872067327,2.319400305238872,0.9980107329404866,78.21661612505281,79.4755423534303,0.5895522148090973,69.21022827936177,74.0575849050193,0.42285024426008255,1.1982857751351683,0.8508914858699248
22,Frontend,Junior,0.7980735223012586,36,2025,0.7687522165442169,0.687274033980429,0.7065168341083201,0.0739124488006763,0.25720906578424574,0.8167336669467758,1.7062954204977614,1.2112052518161829,67.64636724626709,65.89488668604709,0.9288829040965187,67.25687104319516,75.41064654379363,0.4817671250032769,1.1982857751351683,0.8508914858699248
22,Frontend,Junior,0.7980735223012586,37,2025,0.659483327008924,0.6454053140131342,0.5740011715797023,0.11992748281280557,0.32634792886942604,0.6391206462274309,2.538294487252046,1.1132982629707697,74.89961825485665,72.60509243423918,0.5886718913382726,67.8604990802553,69.86682730108642,0.45715549359202645,1.1982857751351683,0.8508914858699248
22,Frontend,Junior,0.7980735223012586,38,2025,0.6797523430751272,0.5470432575030874,0.5129552427023663,0.28994456285379105,0.09035455397444801,0.41860895926453656,2.5140337338818513,0.9074756423030773,73.00417303502682,81.99336670047919,0.9563626802782798,69.39824476223681,70.57683744136352,0.403176422108642,1.1982857751351683,0.8508914858699248
22,Frontend,Junior,0.7980735223012586,39,2025,0.7108388748501487,0.6503842451656058,0.6855267601081464,0.5222087150132326,0.25755529354012696,0.8971406223971726,5.019708077376308,0.9656533782568328,79.62471034874358,75.34745178989907,0.5444676703765566,68.89636724509704,72.06455473102356,0.41899428194222454,1.1982857751351683,0.8508914858699248
22,Frontend,Junior,0.7980735223012586,40,2025,0.5675588453893738,0.5283606831716153,0.8782176215668243,0.11198058521693578,0.08988998789080782,0.8648019802212341,1.3969407358689856,1.0041593718468622,104.5171262499729,102.07046437266187,0.6701980249542036,68.62477492588654,80.42508195550859,0.42895874998698463,1.1982857751351683,0.8508914858699248
22,Frontend,Junior,0.7980735223012586,41,2025,0.6383604783259236,0.6407142320060435,0.796802270667626,0.2402688866006657,0.29747774286733686,0.8533870094029038,2.922934431845203,0.9406724718300682,95.0061538713502,95.23260610782452,0.31151668413244743,69.2415054093809,74.60808539865589,0.4111219492878394,1.1982857751351683,0.8508914858699248
22,Frontend,Junior,0.7980735223012586,42,2025,0.7806032251971483,0.7245945686270083,0.6711936110129831,0.6410826764901459,0.11971739520163373,0.7237379276024681,1.2254897906950728,0.9642828956804205,99.90147773818276,95.64244774726942,0.36191314192356383,69.23224989228126,73.59841193346077,0.4159211633670736,1.1982857751351683,0.8508914858699248
22,Frontend,Junior,0.7980735223012586,43,2025,0.7081159111168343,0.6740980333567043,0.795027928348828,0.5179178844321023,0.420843082741606,0.8523191811949162,3.011956209551114,1.0808143729979136,82.3955462139636,79.09188045200426,0.5647466053227781,68.54779915890235,71.723569135473,0.44493121494206317,1.1982857751351683,0.8508914858699248
22,Frontend,Junior,0.7980735223012586,44,2025,0.8028712789725898,0.7856260917550458,0.7018150766160779,0.3259433366256112,0.1038958266665713,0.8732977097942571,2.5194940232768563,0.8904340979203922,81.51781568406693,75.06964314489055,0.6112502102723897,70.38320215832029,77.24126565431948,0.39156013493140934,1.1982857751351683,0.8508914858699248
22,Frontend,Junior,0.7980735223012586,45,2025,0.6570988217864494,0.5502412947923492,0.5785088355216251,0.16452799801107115,0.08994753815057013,0.5564787039208058,3.2544597233303034,0.9998256881466573,82.1503581213723,75.03045645226747,0.6465224970793554,69.88043502512295,72.31104233967064,0.4176281790866402,1.1982857751351683,0.8508914858699248
22,Frontend,Junior,0.7980735223012586,46,2025,0.6094973118732254,0.5065468293598139,0.7614147694037733,0.12498270563996314,0.29267918743452376,0.9047751674163931,-0.38201336316803003,0.9346550582853942,66.10971179396819,59.57910799964442,0.5103572516275108,70.82874051366458,71.25303104954521,0.3966915073765407,1.1982857751351683,0.8508914858699248
22,Frontend,Junior,0.7980735223012586,47,2025,0.7651450005883669,0.7642645679195905,0.5825772070217636,0.1734525230829671,0.14921902489322034,0.7135283148519955,1.7700266049232858,0.927115885825195,62.03835340831419,64.6898843195622,0.826241542076052,71.36434345089437,74.97631065084715,0.39072031507425264,1.1982857751351683,0.8508914858699248
22,Frontend,Junior,0.7980735223012586,48,2025,0.6282450973613632,0.5524748501289316,0.5932123773068341,0.26328203011045664,0.32439507538421175,0.7070474436497326,2.1764973305750273,0.6584350820407824,83.75087571733847,89.24930681753828,0.6477724772566613,74.03049775460661,68.94149690023184,0.3147662017864347,1.1982857751351683,0.8508914858699248
22,Frontend,Junior,0.7980735223012586,49,2025,0.4809752917458121,0.42990471583572254,0.8048649894473539,0.31447980548364796,0.07081573261273395,0.6299175777395813,3.8656067662506852,1.0433114467588174,79.5696006776341,76.53669058203877,0.24995650439075615,71.50207826186849,68.22829368559088,0.41281163716952607,1.1982857751351683,0.8508914858699248
22,Frontend,Junior,0.7980735223012586,50,2025,0.7611445639172263,0.7049589655721724,0.7816985143143284,0.1345871162876006,0.2500906029506318,0.8519457297824693,0.6013786543121804,0.9747147423308594,78.6011205732201,79.68941954554305,0.06352804166184534,72.62729801106705,74.65605226987107,0.3897154650406131,1.1982857751351683,0.8508914858699248
22,Frontend,Junior,0.7980735223012586,51,2025,0.5895572799427241,0.5563809413203257,0.6263589989541903,0.9547440971049754,0.22709275154756473,0.9359256857941051,3.0389602810375678,1.0842533919386963,76.75567418251514,86.76355290816389,0.33397302545490787,72.34488373436551,65.4773464615313,0.41397664726802663,1.1982857751351683,0.8508914858699248
22,Frontend,Junior,0.7980735223012586,52,2025,0.5885151657258179,0.6050824839086589,0.782098209241691,0.5060158839784297,0.2064176365040967,0.7631881770784139,1.3413449026770836,0.7785526809732515,74.79478920074372,81.6267940482909,0.4639629053002919,75.39317282336569,69.46227504556902,0.3274340959999362,1.1982857751351683,0.8508914858699248
23,Frontend,Mid,2.016566351370807,1,2025,0.670690927107818,0.6303348250673336,0.8552282909376714,0.3455175154164389,0.3084846709324189,0.9212515526085764,1.3443738774845042,1.3033262174858236,85.71768262972009,74.69095844631678,0.6371629665686687,70.93505779151921,73.00494415935579,0.4695397619011713,1.1546294980458307,0.9220239214189968
23,Frontend,Mid,2.016566351370807,2,2025,0.7010852936957328,0.6547421081744976,0.8812890219940925,0.4951383319257451,0.24420936775853988,0.31595362438937225,1.442371069765194,0.9789284638404457,86.40271233465009,90.21411695607048,0.26493234890928136,77.76404935067329,70.50410993096764,0.3477519481791451,1.1546294980458307,0.9220239214189968
23,Frontend,Mid,2.016566351370807,3,2025,0.6701161978949415,0.507691480925092,0.5697182385746811,0.40367168169773043,0.006425532182259021,0.365050149169579,4.498111535835361,1.2215885980353276,96.10484735323203,100.17329718843567,0.7722087777399425,76.39921439088911,71.24379796735128,0.40765759968298965,1.1546294980458307,0.9220239214189968
23,Frontend,Mid,2.016566351370807,4,2025,0.827034046089254,0.7351106995063785,0.7663094021340343,0.3624839207544147,0.24483728477364805,0.6762673372042033,1.9253970784659846,0.9603336175159733,96.80820167294172,104.39777310405678,0.3352456118643946,79.03984566005012,77.6337746629943,0.333401343002777,1.1546294980458307,0.9220239214189968
23,Frontend,Mid,2.016566351370807,5,2025,0.7818063608997498,0.7897442081926059,0.6945555909051975,0.3283979119475232,0.1541846260717893,0.7889626926995694,1.8833558962139931,0.964232744714296,99.53656747976723,100.945047048904,0.803370741795343,79.52536051590047,82.1732736607194,0.3301352113103553,1.1546294980458307,0.9220239214189968
23,Frontend,Mid,2.016566351370807,6,2025,0.6316925786021512,0.5616391135149167,0.6226349088132275,0.51497312561559,0.6427194173161844,0.9093486884591939,3.4525147585958975,0.9889391103936036,69.24438302738798,75.8081863224182,0.8170961227784077,79.80299914801421,69.73412030667942,0.33276282917860234,1.1546294980458307,0.9220239214189968
23,Frontend,Mid,2.016566351370807,7,2025,0.8246241558367327,0.6861442278553672,0.9075786221241995,0.18176640817762338,0.11316938646609749,0.9090042594567486,1.3802101246645526,1.0640724877670873,75.8340595434784,76.40153127460711,0.5736458142171833,79.62887257867787,81.24432475672262,0.34924055939776855,1.1546294980458307,0.9220239214189968
23,Frontend,Mid,2.016566351370807,8,2025,0.6958368953193697,0.6433142941398449,0.7506278471487586,0.4903411231001973,0.2503791080133364,0.6255448431812772,2.3173102333186795,0.935292455585252,84.6736527148514,87.74688979339989,0.20661894393870484,81.03147842474533,70.9844709130167,0.3117961709108393,1.1546294980458307,0.9220239214189968
23,Frontend,Mid,2.016566351370807,9,2025,0.8905493511843039,0.8561457989075034,0.6682888719248948,0.22925814672644296,0.3705939484544436,0.7719329845845647,1.5680002224699185,0.8990198954152827,87.15478431783033,86.54035410794577,0.4992388609563864,81.63401970490285,78.39375117651358,0.2995204815421994,1.1546294980458307,0.9220239214189968
23,Frontend,Mid,2.016566351370807,10,2025,0.7906831002577888,0.7207403126176197,0.5638363451820187,0.2919495596628557,0.26340564110146014,0.6118617654988459,1.0023721339304932,0.9937523750560902,75.4253968076779,71.53862493447308,0.45554736672325546,81.12396095293742,72.8308540744953,0.32271746707007287,1.1546294980458307,0.9220239214189968
23,Frontend,Mid,2.016566351370807,11,2025,0.7278142777685086,0.6695516132683107,0.75608391980882,0.14181141624783025,0.1364583901270279,0.8186780412041512,1.2199270926531416,0.9826551735461929,83.55669872838624,87.70997718486328,0.2876367466215869,81.39236643871978,78.07533013833094,0.31826131438657385,1.1546294980458307,0.9220239214189968
23,Frontend,Mid,2.016566351370807,12,2025,0.7160816050393801,0.6270022927329019,0.7343355348386302,0.451089416058013,0.010576277073677351,0.6029129346681082,4.155042221468732,1.2638604445913542,72.66466255353131,71.47413134107799,0.21489212491788173,76.08523421862225,68.43396911821891,0.4187284704297521,1.1546294980458307,0.9220239214189968
23,Frontend,Mid,2.016566351370807,13,2025,0.683583615005858,0.6090857059971939,0.5448879926124403,0.10274708941786785,0.18597645655049505,0.8176886530372127,1.4613455864719214,1.2870193263570417,70.38555556025621,72.29559158752002,0.0958654711952787,75.65851221281824,68.08004554790126,0.42691626349792305,1.1546294980458307,0.9220239214189968
23,Frontend,Mid,2.016566351370807,14,2025,0.710358060426822,0.6450153751585395,0.657423012722464,0.5102012156996799,0.12598979913818747,0.44408618836705377,1.3761172278677953,0.8923248182290936,78.97086470236748,75.61122807940971,0.5247882442699546,82.22384456461658,70.2546436100564,0.2932662589406805,1.1546294980458307,0.9220239214189968
23,Frontend,Mid,2.016566351370807,15,2025,0.6029426651213159,0.5579673682983596,0.6865719733089073,0.2168560453793675,0.15016751114629587,0.9223145494642906,2.5633479276451117,0.9642460980560246,67.67656407669229,65.25820107742422,0.13241333962489343,81.53963904264113,71.38739178650452,0.3133522275891955,1.1546294980458307,0.9220239214189968
23,Frontend,Mid,2.016566351370807,16,2025,0.7529754692980813,0.6925652067531353,0.6252485176499908,0.4595266101495915,0.2832673499160546,0.9031389375277377,1.8670029677037077,1.0003387839439717,89.43600052794599,96.8630031457981,0.538173828758695,81.07126968183437,76.87582846533918,0.324473842773508,1.1546294980458307,0.9220239214189968
23,Frontend,Mid,2.016566351370807,17,2025,0.6936469009745042,0.6100920665473831,0.7336338561665531,0.08529361572903564,0.0515601898855535,0.7740661730902516,1.7859446766927198,0.996071179987654,80.93723546326738,86.80018812875396,0.5728914372635976,80.85760942832388,79.44162233453213,0.32540082409483173,1.1546294980458307,0.9220239214189968
23,Frontend,Mid,2.016566351370807,18,2025,0.653130903655948,0.6341347994077633,0.6705292821886348,0.07058058133672901,0.5833379969639776,0.612708151738872,0.517373671800492,0.9819293992709639,89.53695132635774,88.37735930206264,0.5936329573107111,80.65838287525963,73.63775481247285,0.3242326892270292,1.1546294980458307,0.9220239214189968
23,Frontend,Mid,2.016566351370807,19,2025,0.8046607654743286,0.8197408423855905,0.8221834906005518,0.5828798260425905,0.3494824665011941,0.8774292930999436,1.3688765132395022,1.0032493645899085,74.85015475634961,79.83144511525329,0.31511124773472093,80.11545756409531,75.07241595429292,0.3330210598838541,1.1546294980458307,0.9220239214189968
23,Frontend,Mid,2.016566351370807,20,2025,0.8913266238725395,0.7872734019882334,0.8041949893841195,0.5162329764801167,0.432506121142166,0.7302386233411542,2.4109994633915295,0.9674393001728788,74.42107740096344,75.6829070218788,0.2965649780442407,79.97499762978,73.32845432811973,0.3270295464530757,1.1546294980458307,0.9220239214189968
23,Frontend,Mid,2.016566351370807,21,2025,0.6608697297554702,0.5846279870673518,0.5480588109125692,0.07943130370820486,0.2182676168093368,0.6418742116163749,2.817202237155846,0.8351089003490095,97.89630696639719,92.33842988833865,0.27419065829880684,80.55835127082277,72.41545457626547,0.29570218614627886,1.1546294980458307,0.9220239214189968
23,Frontend,Mid,2.016566351370807,22,2025,0.6708615532343903,0.6506768166008248,0.6848695430776306,0.2544665151178815,0.46459393580698005,0.5034316350696164,2.294570670506795,0.8894768886128166,63.08629177179721,65.94521122304182,0.8821555444003883,79.60669949127538,70.2527499691461,0.31450621529526845,1.1546294980458307,0.9220239214189968
23,Frontend,Mid,2.016566351370807,23,2025,0.6204572550493178,0.5825465499219852,0.9173327671575555,0.29065526303590444,0.4080046167759561,0.36078245169133943,3.210278539176077,1.2410735813428158,98.54430900516641,90.87930111214926,0.48134651317079297,76.24333452442922,69.91736894781346,0.41285359523165305,1.1546294980458307,0.9220239214189968
23,Frontend,Mid,2.016566351370807,24,2025,0.6722444959420446,0.6087995798242217,0.8414745337968219,0.07576863413790653,0.18584272313710495,0.4086454326727104,2.477186305952077,0.8703696926106306,70.66406394053102,74.81754591307174,0.19337400215874895,78.6325195205118,70.60364558275995,0.318802942517861,1.1546294980458307,0.9220239214189968
23,Frontend,Mid,2.016566351370807,25,2025,0.7652944205840873,0.673967334929328,0.714465139154045,0.547902411807332,0.2783109519686236,0.6407894697986388,0.38385376001387295,0.9566228162153547,76.13237211268348,77.80271892349042,0.7650888223471176,77.34859961151285,73.19018615213648,0.3467528998137972,1.1546294980458307,0.9220239214189968
23,Frontend,Mid,2.016566351370807,26,2025,0.8786270817815075,0.8105094180559947,0.691406052750317,0.036250415716997206,0.13931382497159137,0.8257671207482753,1.0371221631925707,1.1432073323677445,86.9926813612939,87.42796913236353,0.4222659782540074,75.25324008101711,80.1895121027879,0.401531132465073,1.1546294980458307,0.9220239214189968
23,Frontend,Mid,2.016566351370807,27,2025,0.796027022858557,0.7169622542964278,0.8940009409240934,0.5386962344378817,0.07418650741835135,0.8835028990590003,1.8876355632721147,0.890533379848465,83.06692699613414,81.36381173999325,0.37595677966209745,76.67194829989474,76.86629064777185,0.3391737734705702,1.1546294980458307,0.9220239214189968
23,Frontend,Mid,2.016566351370807,28,2025,0.7876196668022155,0.7257050265696532,0.7830757170901306,0.14184015389470583,0.123349385251647,0.7439535281938392,2.6024286640780088,0.9780358618007572,85.27354746752363,85.21256963455416,0.17103557143191056,75.37803352411522,77.21341260965848,0.36745689299252454,1.1546294980458307,0.9220239214189968
23,Frontend,Mid,2.016566351370807,29,2025,0.6366701040701391,0.5709272236239554,0.5933140158337694,0.23202152777966184,0.11258433076779822,0.7079004079345634,2.0600488444286342,0.7958234273546555,73.47949761538078,70.6406007241137,0.09960377173735604,76.25928688590915,67.37239368748611,0.32367062808835484,1.1546294980458307,0.9220239214189968
23,Frontend,Mid,2.016566351370807,30,2025,0.8905690796749012,0.748454702348207,0.7137695627873979,0.2867730120525993,0.1278261834884184,0.7694648304825783,1.7516277035795176,0.8347853410051411,67.34178993358086,58.02330815192711,0.23904934501461853,75.3970001516991,72.760552677889,0.33864873360353565,1.1546294980458307,0.9220239214189968
23,Frontend,Mid,2.016566351370807,31,2025,0.7863024877705389,0.6418622902905246,0.7664499484548559,0.1683833374891339,0.13942328845739663,0.8458229185781097,2.337295159114176,1.1444546387997951,86.74367785648387,86.67047108746728,0.9016206021735562,72.40293789590493,80.08392461089726,0.4255331119607513,1.1546294980458307,0.9220239214189968
23,Frontend,Mid,2.016566351370807,32,2025,0.7670778720898787,0.697698502524689,0.7006118664141803,0.6697985460712111,0.06722517045679942,0.7007109733885178,2.5234045107441303,0.909777190723608,92.2326560584731,89.1647269470215,0.4085850891071607,73.80506792296623,73.00353444088677,0.36691320545333633,1.1546294980458307,0.9220239214189968
23,Frontend,Mid,2.016566351370807,33,2025,0.8506337484547163,0.7996226679287775,0.6425619490881314,0.0961123812182512,0.14326174249670595,0.8511121883493614,3.3930509851373576,0.8675391488779463,82.37234875631017,85.81566023204225,0.5383749198233361,73.71603180808,79.22716385137348,0.3592075647082559,1.1546294980458307,0.9220239214189968
23,Frontend,Mid,2.016566351370807,34,2025,0.7607064960135649,0.6776613506606468,0.781942120720527,0.8224402666977463,0.06417820046636255,0.8253197089347071,2.9198746227917676,0.9414234731129889,86.42980457334991,87.13751067755106,0.7571302256635208,72.75259162558687,75.30475601815382,0.38201309774270714,1.1546294980458307,0.9220239214189968
23,Frontend,Mid,2.016566351370807,35,2025,0.7903180202293929,0.7157162361503518,0.5948432712851492,0.28147039207329605,0.2021355943743132,0.3432916271231706,2.102558905382386,1.0217862533252624,89.9896783531662,92.74339181082894,0.4161356992318828,71.79732858509092,72.01433504260186,0.40604617912262814,1.1546294980458307,0.9220239214189968
23,Frontend,Mid,2.016566351370807,36,2025,0.6888697378104719,0.6153851619276326,0.6607960131302877,0.28230477856645136,0.3408813913320897,0.7441802394372945,3.3193469063825454,0.8616560558143457,89.97316081183867,94.15201443105938,0.600665618180233,72.83056908001723,73.14605476571434,0.36540980216272556,1.1546294980458307,0.9220239214189968
23,Frontend,Mid,2.016566351370807,37,2025,0.7552717563686999,0.6415607077938442,0.7288792855186693,0.3697293292577818,0.10233932277848484,0.662512582863677,3.231312782395639,0.9871973138003927,77.3109232378499,80.09985685728073,0.23386940724113578,71.64661114242567,72.18296311769127,0.40038436990653126,1.1546294980458307,0.9220239214189968
23,Frontend,Mid,2.016566351370807,38,2025,0.8482193953232589,0.7643856415358713,0.7196511926001214,0.25547643793123126,0.38288220792098043,0.8948861287924664,2.08498619820343,0.9832155569472744,72.50658549548396,78.88624542478759,0.21812428879114326,71.56962991389061,74.2415753622767,0.4002295287736998,1.1546294980458307,0.9220239214189968
23,Frontend,Mid,2.016566351370807,39,2025,0.6298485746622613,0.5418511579386407,0.6663863260750584,0.32901887092351295,0.05757028558148252,0.9062472431996187,1.086898358267432,1.0579214089715123,73.01097117975695,68.01511196552698,0.47619425344561206,70.93552746818696,72.01549357238407,0.42045488622607785,1.1546294980458307,0.9220239214189968
23,Frontend,Mid,2.016566351370807,40,2025,0.7174655194434262,0.6894935547221165,0.7058163898972263,0.13777354138643008,0.34818734344565,0.5804195674014757,2.3913782021104915,0.790392476018069,81.99689908653453,79.89761813096268,0.3480344124060575,73.11221456132425,70.56553117029218,0.3488100405259117,1.1546294980458307,0.9220239214189968
23,Frontend,Mid,2.016566351370807,41,2025,0.7664068865564351,0.7404385878061631,0.767658042013874,0.2196222788158729,0.12875480665873767,0.9090977680159511,1.9680385426057616,0.8303821276246625,74.06144009882532,79.59570822118816,0.3665903893493411,72.9011326318315,76.01111117296041,0.35856698692633665,1.1546294980458307,0.9220239214189968
23,Frontend,Mid,2.016566351370807,42,2025,0.6626949421510591,0.6508136725243553,0.6698154105847244,0.45139989233989525,0.32249792597898935,0.8578982093541009,1.4475740397573276,1.024879100103237,72.46022704612882,67.75670443472492,0.7851055013636826,71.5247847257061,72.2616689935332,0.40893594730642996,1.1546294980458307,0.9220239214189968
23,Frontend,Mid,2.016566351370807,43,2025,0.7560869595473126,0.7478027472915413,0.6310843743868648,0.29449713486732726,0.04003560673864858,0.7928532744839458,3.302965683807511,1.142739248146019,85.28777158908763,84.65837495211717,0.43738998906571325,70.82970462652487,75.27848482861054,0.43830031107482986,1.1546294980458307,0.9220239214189968
23,Frontend,Mid,2.016566351370807,44,2025,0.7630742818668941,0.6654986267223769,0.5766163413745804,0.3125201078536678,0.2750454426389887,0.6457575127122023,1.9694616817073178,0.9522504911658358,79.66976253623082,79.90816937316167,0.3514822041086937,72.6659754811641,70.60763690665183,0.3849003025567997,1.1546294980458307,0.9220239214189968
23,Frontend,Mid,2.016566351370807,45,2025,0.7306064694682172,0.6871340436586539,0.8009696720253503,0.1839662374549045,0.10307731755884458,0.8902132285534538,3.0926779072618364,1.2377774525037346,84.34610715548924,87.59034485861248,0.7753178019268416,70.75412537907368,78.74674222662918,0.4579377790084662,1.1546294980458307,0.9220239214189968
23,Frontend,Mid,2.016566351370807,46,2025,0.8774814393656193,0.8346796613328342,0.6758865055612097,0.058339353187288216,0.08592147050434484,0.9159801994944526,3.576575315244259,0.7974710310250763,71.7640165483073,78.93553731121057,0.6991701815462812,74.70351720055449,80.8661468855638,0.3369648962003945,1.1546294980458307,0.9220239214189968
23,Frontend,Mid,2.016566351370807,47,2025,0.8396664051461487,0.7602019745778733,0.5271843083321471,0.05863452996140034,0.1815246733152005,0.5932224406580745,2.45888926783597,0.7709042675575892,71.59187198440218,71.2377024467759,0.08468602524994237,75.39134086584257,69.98367612793773,0.3259196796294964,1.1546294980458307,0.9220239214189968
23,Frontend,Mid,2.016566351370807,48,2025,0.8116116632023604,0.7552657651538693,0.6388985648239436,0.33684512900633157,0.15633599766573333,0.8155597344244268,2.662399906519589,1.0580113876776953,88.2140030285611,81.28838607513806,0.6418437361205072,73.61119177831867,77.45159740075893,0.3981756793828835,1.1546294980458307,0.9220239214189968
23,Frontend,Mid,2.016566351370807,49,2025,0.6805722083363439,0.6905347975664831,0.5132042885675759,0.5160361576614104,0.14209824007882293,0.20805694639029168,2.702761269076263,1.076905556470777,87.7779475172141,93.24748227537643,0.8490368683086785,74.01062985298017,69.82028087159101,0.39862586251932064,1.1546294980458307,0.9220239214189968
23,Frontend,Mid,2.016566351370807,50,2025,0.6494275223428329,0.6226179174117937,0.7848660952172222,0.1244885955181731,0.47884469523687306,0.813613953964401,2.7433395652641623,1.0431630525180455,76.56474224117622,74.56897696352097,0.3643683741507519,74.85701599837692,72.28974652569069,0.38482414385046804,1.1546294980458307,0.9220239214189968
23,Frontend,Mid,2.016566351370807,51,2025,0.7894437050717661,0.7127141607421876,0.6198559595850944,0.47499534035229973,0.13091774633221476,0.5386552516472704,2.4882568479784353,1.1407444892626717,71.81314956788802,62.963692888435126,0.16805074311448173,74.67025942458108,67.22487810092532,0.4058967359810253,1.1546294980458307,0.9220239214189968
23,Frontend,Mid,2.016566351370807,52,2025,0.6433133646387134,0.6283446156408236,0.7065553725150278,0.17987845136901365,0.46434057844026844,0.7338368517732046,2.249572782563239,0.8735636063144335,82.45197090181838,76.68033340500702,0.495212723719775,77.41038988944359,71.45304836945941,0.32962613885085673,1.1546294980458307,0.9220239214189968
24,Frontend,Mid,4.446384285364502,1,2025,0.6101073042109635,0.6170560169591208,0.7524813703009349,1.0531012627735512,0.1349287820126624,0.6985153205775826,0.9486407791034219,1.0847628114874346,93.03022630104242,95.51669221170852,0.13916247581593372,74.87070774327817,66.26434666587859,0.39302999777016884,0.883656837807567,0.907114507802928
24,Frontend,Mid,4.446384285364502,2,2025,0.7534035449908381,0.6952481821204519,0.7555328147203905,0.2772499939725757,0.2042994298874611,0.7545442727932499,1.9496464121801789,1.0618134345318135,88.43383452990732,95.55199043899988,0.13425186587284485,75.6481976790843,74.87329856971753,0.38196103958066013,0.883656837807567,0.907114507802928
24,Frontend,Mid,4.446384285364502,3,2025,0.8691405146349748,0.9004134568878605,0.7474919873793804,0.21841922123825677,0.29267066170133815,0.8106252351311746,2.6462700103618366,0.9443663994635676,76.1095492994304,80.49290197576528,0.48869979890209264,77.16422007340518,79.04971327395877,0.345838112614337,0.883656837807567,0.907114507802928
24,Frontend,Mid,4.446384285364502,4,2025,0.9297727788911704,0.8680738572022467,0.6807846064493148,0.14260041383403455,0.1988113363538301,0.79188583190752,1.6787132042798292,1.070371420199082,99.10435632133414,94.15933412990407,0.18189505197624992,76.70677133252721,80.1061109809036,0.37485118960208963,0.883656837807567,0.907114507802928
24,Frontend,Mid,4.446384285364502,5,2025,0.6011153684334376,0.5394409159128515,0.6389507673727965,0.23935413815656606,0.12753515931097212,0.390774893753647,1.6814097667509835,0.9568723556927446,69.22399112535282,69.09655594007477,0.889979685905022,78.13147172201485,71.1037958452001,0.3402788734550919,0.883656837807567,0.907114507802928
24,Frontend,Mid,4.446384285364502,6,2025,0.7453210992267929,0.7086315058951531,0.6956403965549185,0.5774547977756115,0.15284021425074126,0.8910173884466138,1.8582989695774828,0.8017139132254893,76.01078810855645,76.52158126330521,0.13620975601451013,79.84802881930109,70.57318294030839,0.29494254248425544,0.883656837807567,0.907114507802928
24,Frontend,Mid,4.446384285364502,7,2025,0.742443900276492,0.6722714406174342,0.7395801005217499,0.30338950073128274,0.4306006503573163,0.2771088487374493,1.6966876216774844,1.023427078019678,82.24179484853792,79.98261120752032,0.9546869653275142,78.50126395059911,73.12273587954424,0.3505082160156097,0.883656837807567,0.907114507802928
24,Frontend,Mid,4.446384285364502,8,2025,0.5558575404298355,0.5020391217274823,0.7108953717270806,0.3207725898204648,0.01803084423106671,0.5608425817604329,2.4906284414792355,1.0942056427495375,86.87662623795015,82.23710790915482,0.6579722084304616,78.30740102137301,72.66969729480547,0.3662794533717991,0.883656837807567,0.907114507802928
24,Frontend,Mid,4.446384285364502,9,2025,0.7609184262902524,0.6964624674396154,0.7740648158802433,0.5113344169793519,0.26997718575734975,0.8995028375440618,1.7892145013985346,1.0906435139042165,87.10514087121861,88.60220056130605,0.6880651930201961,78.64825885093335,77.15777845706323,0.36272654568973217,0.883656837807567,0.907114507802928
24,Frontend,Mid,4.446384285364502,10,2025,0.786359194649164,0.727956650130867,0.8164733042113315,0.29197697680509,0.36883517485942474,0.8179031669419033,1.8310055675602959,1.0373672201293687,83.53897226669781,78.97324440133194,0.49561915116205896,79.32227028629316,76.9465937444912,0.3464545249734307,0.883656837807567,0.907114507802928
24,Frontend,Mid,4.446384285364502,11,2025,0.8308351202003948,0.7642385259717467,0.6788306410429102,0.3569299522116293,0.29288932258571254,0.8134551903087384,2.813853331433538,0.9647053275849568,93.32645518695934,96.45748299512056,0.12771040766397038,80.08319330035164,75.93253970221295,0.32558112134739436,0.883656837807567,0.907114507802928
24,Frontend,Mid,4.446384285364502,12,2025,0.5649545707470542,0.5359809834368083,0.7494671519448025,0.30803528882220527,0.04201454973229983,0.6255679223509041,3.337853794767805,1.132546542998943,77.62323855725793,73.51004746855202,0.37478984261001413,78.84929886039976,70.5427585111146,0.3694318180964573,0.883656837807567,0.907114507802928
24,Frontend,Mid,4.446384285364502,13,2025,0.6099372019596927,0.5596925592793549,0.589996732202261,0.5311822842079827,0.34912303144499596,0.8663787624442669,4.062615824670779,0.9903929128143388,73.16733302782174,79.02574401393579,0.20803948686894283,80.02298353138632,67.58738869743527,0.3312203864679818,0.883656837807567,0.907114507802928
24,Frontend,Mid,4.446384285364502,14,2025,0.7055518362989117,0.6751678064014086,0.7417399277536528,0.63826683953903,0.6994899580654227,0.7674248947004023,1.6954573853059176,0.936203419584763,78.2972813714733,91.76516738360618,0.41239897187855745,80.4200438477132,68.65036034953961,0.317073651852676,0.883656837807567,0.907114507802928
24,Frontend,Mid,4.446384285364502,15,2025,0.5790891512127178,0.5080151769844257,0.6393718751150671,0.37393057468762897,0.12068049869854774,0.5109029748661736,2.8273415136270503,1.0594216529018343,75.86597101709889,81.44938518081013,0.6036082030477901,79.32546269781662,69.88354252128876,0.3508388080985617,0.883656837807567,0.907114507802928
24,Frontend,Mid,4.446384285364502,16,2025,0.8704767438462553,0.8106592389431038,0.6982139299025082,0.2496878373512231,0.21464637834038094,0.3879100201139542,2.249823370753086,1.0254511653011316,85.26244947630833,84.87757423320326,0.6015364565582344,79.41759872491906,76.83433694385381,0.3432769103525675,0.883656837807567,0.907114507802928
24,Frontend,Mid,4.446384285364502,17,2025,0.7305943914173757,0.7085228104670657,0.7944926996052759,0.21898102416755919,0.3020917600839648,0.6561512457135646,2.379932139733338,1.1189119418925935,85.51096983309839,88.49399790105866,0.5300892072233668,78.42211142702634,75.83687605264177,0.37026479315329924,0.883656837807567,0.907114507802928
24,Frontend,Mid,4.446384285364502,18,2025,0.8364113082402916,0.7743397550084042,0.8379023240971291,0.19692598792639002,0.25413111587101167,0.7677481733931917,3.471218413192508,0.9975158796259765,70.9262014441224,67.23956118902348,0.45250277781164644,79.0809191263615,77.8573254795912,0.3404955165388496,0.883656837807567,0.907114507802928
24,Frontend,Mid,4.446384285364502,19,2025,0.7344813751518829,0.7391639189518949,0.5709387762237008,1.1058826170786746,0.15637582537361255,0.5431975132301424,4.6286947930526345,1.0424268137988564,77.66156784865868,75.28044844513387,0.41427968454851155,78.3492660643657,65.40645371466611,0.3555748122233905,0.883656837807567,0.907114507802928
24,Frontend,Mid,4.446384285364502,20,2025,0.7390902155324488,0.7224157267400312,0.5532727601807885,0.05203335420852246,0.2168708245085005,0.6018396523085836,2.760148576778442,0.9553135377492826,74.50642568323951,70.91916032103012,0.5712332843155279,78.61923182311075,74.43819708447663,0.3359024423572669,0.883656837807567,0.907114507802928
24,Frontend,Mid,4.446384285364502,21,2025,0.7400037508311004,0.6886167138389095,0.6358007344048855,0.007544356710407447,0.5164214313003452,0.7926986395327098,3.6998553355219186,0.8340380793529979,80.8450580575679,74.69829186649733,0.1969216424174061,79.11414593273282,71.44018938125889,0.30752306643115934,0.883656837807567,0.907114507802928
24,Frontend,Mid,4.446384285364502,22,2025,0.6623721557660099,0.5875352934904433,0.6431855094744585,0.2933355647336148,0.1431480628264415,0.8544364123485573,1.0739509583042879,1.0226919468120221,84.18893209150757,91.71971516227241,0.7453905742382859,77.0882071196237,77.11336137221055,0.36213666336554023,0.883656837807567,0.907114507802928
24,Frontend,Mid,4.446384285364502,23,2025,0.5896025330821629,0.5290049572860732,0.5802780269272418,0.2896832579014436,0.12013568756127868,0.9319526869988994,2.931261371140035,1.091163534932754,64.54196323674384,65.19084189838193,0.5684994986444464,75.98984298965168,70.93232778484783,0.38498401540612015,0.883656837807567,0.907114507802928
24,Frontend,Mid,4.446384285364502,24,2025,0.9494393830469895,0.9467421585881354,0.6669414661541667,0.46000264836108323,0.3037406552966776,0.9124856206999852,1.9045095931931464,0.9869033698185093,67.07520202409012,66.91257127453977,0.123027645344663,76.24747819679074,74.59627400315489,0.36198502232377905,0.883656837807567,0.907114507802928
24,Frontend,Mid,4.446384285364502,25,2025,0.7848676682818291,0.7207105740527568,0.7135043352963709,0.1221736606649041,0.14792746627684839,0.6917790531569152,3.8408216152681236,0.8637489351309611,85.19032741091517,86.73657875867734,0.7362229945226827,76.63881875412997,78.87473436732242,0.33409296407510913,0.883656837807567,0.907114507802928
24,Frontend,Mid,4.446384285364502,26,2025,0.7081067237733755,0.6368172142993148,0.5681344090782132,0.4286385018756016,0.49657047811883054,0.5089562931114107,3.4510703517389087,0.9857301218228091,72.95591085105653,69.58602252935619,0.20943607170936737,75.06028585931855,64.34385788136636,0.3716436422035738,0.883656837807567,0.907114507802928
24,Frontend,Mid,4.446384285364502,27,2025,0.726782464485301,0.6501820099879951,0.6129380862448379,0.3902416812686353,0.17217042402406582,0.43492142873711864,1.8657515355973113,0.8159091796058878,75.55300520255054,77.01164103788739,0.37710212684559746,75.81616999577733,67.71977785964349,0.33138041928969986,0.883656837807567,0.907114507802928
24,Frontend,Mid,4.446384285364502,28,2025,0.7107102361400917,0.5992575331873697,0.5461717057869363,0.06056678645440688,0.28534015339013913,0.8577994255034467,3.640516334846219,0.9230855024378324,82.14707044753762,76.91109548811916,0.8724483796142388,74.36486449296059,76.2996170897626,0.3649098963795615,0.883656837807567,0.907114507802928
24,Frontend,Mid,4.446384285364502,29,2025,0.7619824167384741,0.7218351399226048,0.5209636693129861,0.24202237419037143,0.5244372074977343,0.6645141874720428,3.50111196973618,1.0082585037517038,92.31300538290682,95.8427924194441,0.4327824076661699,73.10703436867473,72.17733999698883,0.392426414344718,0.883656837807567,0.907114507802928
24,Frontend,Mid,4.446384285364502,30,2025,0.7836325729540718,0.7534817953735929,0.634474871038951,0.30967911670410536,0.3783160244478311,0.6527217964869502,4.122875984471209,1.1349767568037452,86.96223682562848,94.74551966390136,0.2602837360439916,71.54269691925224,71.31932683090358,0.4308062103669804,0.883656837807567,0.907114507802928
24,Frontend,Mid,4.446384285364502,31,2025,0.5273211413653519,0.48434226386923385,0.6244539279798946,0.024109196947111996,0.1560123212315264,0.9317879564321847,2.4162694503247923,0.9572264175011018,80.57389514687253,79.406540554406,0.9359982406000532,72.44799176023643,76.63654057405644,0.3877120188315834,0.883656837807567,0.907114507802928
24,Frontend,Mid,4.446384285364502,32,2025,0.5532707434745174,0.5458247287142293,0.6865423932109951,0.1541110003290613,0.3177767515277286,0.6776798871274267,1.8279689233529228,1.001223721840854,67.57467885277293,65.89038710632556,0.49208002374818166,71.62072376797023,69.14705568363416,0.4034053796350855,0.883656837807567,0.907114507802928
24,Frontend,Mid,4.446384285364502,33,2025,0.8081600487635963,0.709508293359705,0.8166339711561252,0.15215959464217138,0.30221237013711644,0.7794774581958698,1.5866836055285192,0.8009516497790062,62.38492602218676,66.24606652926471,0.48635673114293115,72.79595989481348,73.46559043766084,0.3535573308323555,0.883656837807567,0.907114507802928
24,Frontend,Mid,4.446384285364502,34,2025,0.7528065840413908,0.6950508833973129,0.828655312091983,0.14023786440710245,0.5603442225100453,0.8196304599452789,3.2201634327682687,1.0022058439325223,82.29032960598138,83.44496342617967,0.5673909652731486,70.81356075297258,75.85546588146033,0.410328162511733,0.883656837807567,0.907114507802928
24,Frontend,Mid,4.446384285364502,35,2025,0.5616235678657339,0.5948070926374313,0.5274081551830351,0.40432938894779263,0.3371440205698035,0.515845875290078,2.5460358101126657,1.0954332172046806,72.70509889238593,66.02019249000674,0.5602054204484742,69.75538096799754,64.11685590660151,0.4377918020409567,0.883656837807567,0.907114507802928
24,Frontend,Mid,4.446384285364502,36,2025,0.7924645658027157,0.8288378092009497,0.5903770900746502,0.4832994203915244,0.36958716122881735,0.48165423267822216,1.3263011892462664,1.021871013229845,81.81971091878857,75.0466837479973,0.6520639009299692,70.0960775146352,70.7904122218145,0.42024022335734235,0.883656837807567,0.907114507802928
24,Frontend,Mid,4.446384285364502,37,2025,0.642214982304334,0.6709344798546296,0.7195047080552218,0.046528836803318714,0.09258860938514715,0.5783791727075529,3.910461826357984,0.8428312597613266,87.34481655977937,87.98867315154493,0.4291425407415606,71.34876766868015,74.33420009008155,0.3739931880465973,0.883656837807567,0.907114507802928
24,Frontend,Mid,4.446384285364502,38,2025,0.8681889973095699,0.792575512872383,0.6631515086423299,0.26535212814818165,0.38730299895653086,0.5644280639620097,4.091308811184674,1.0574236997090076,78.43442993250447,82.64056746616419,0.20995871543017133,69.52319286573871,71.16290119093675,0.43212479939397896,0.883656837807567,0.907114507802928
24,Frontend,Mid,4.446384285364502,39,2025,0.8060569011466956,0.7437468788984463,0.7281708003999497,0.37523423539047784,0.1187689012441162,0.6944671313175064,0.7483733303707583,0.9242974853799959,90.35276566180256,100.6147431224086,0.8369322482089004,70.55174695086106,79.25339823024437,0.39692827248549034,0.883656837807567,0.907114507802928
24,Frontend,Mid,4.446384285364502,40,2025,0.7168607563153385,0.6814007660899587,0.7987325735453075,0.7660639914577628,0.32784511347627515,0.9572847941841907,-0.9950452224886055,1.0579948595714828,71.43539089412822,74.67767337392208,0.42939772791200265,69.5186235868389,69.94943911618503,0.432277108690639,0.883656837807567,0.907114507802928
24,Frontend,Mid,4.446384285364502,41,2025,0.7318829864442263,0.669757808321459,0.6657802865778741,0.18902761750119412,0.08932541836330528,0.8682570694030741,3.1883606091975976,1.1371341991583186,66.98126148127213,71.75147853858867,0.6451772163462486,68.99434415350423,74.7845848346652,0.4524739718857952,0.883656837807567,0.907114507802928
24,Frontend,Mid,4.446384285364502,42,2025,0.5906233896843311,0.5414526508049589,0.5651049655282028,0.12934656469451833,0.4627604621150373,0.7052983919016722,1.3527480088253483,1.0102968519908067,87.12901363085146,81.80357920995772,0.6271396640452184,70.1886708045475,70.45017415307203,0.41715378036026557,0.883656837807567,0.907114507802928
24,Frontend,Mid,4.446384285364502,43,2025,0.6313877038239071,0.5695181132985679,0.6329573411630074,0.2174056086109005,0.3628108162066209,0.5128763281381472,3.4375060366456975,1.2127693607114411,73.24119563892091,70.66227530132142,0.13667741059527524,68.81669181994346,63.1436884097218,0.4690814403094261,0.883656837807567,0.907114507802928
24,Frontend,Mid,4.446384285364502,44,2025,0.6699279259348146,0.6279606153164806,0.722141706172426,0.3343114951809899,0.09756397981779676,0.7992071778774084,2.2537255885824603,0.975770367966271,82.555224367955,72.71152901543263,0.5804713202462353,71.02504456070258,74.5604527225279,0.403278702254066,0.883656837807567,0.907114507802928
24,Frontend,Mid,4.446384285364502,45,2025,0.8051539647156936,0.7364196477971443,0.8031130434680523,0.18131270350618398,0.4101433906151905,0.8367623985663585,2.774212818217656,1.0892038276607119,89.08048460506186,86.4533644086663,0.7933454153391679,70.48994247175983,78.83043156085027,0.4304245782674771,0.883656837807567,0.907114507802928
24,Frontend,Mid,4.446384285364502,46,2025,0.7233349587288629,0.6761693252660804,0.8251277024961426,0.4783688170755189,0.3434765473192291,0.7456456142607983,2.74344071424013,0.7778369550412096,91.0511354327409,87.95025731516712,0.4018384414878375,73.40781790236738,71.67987997600794,0.3438355751551804,0.883656837807567,0.907114507802928
24,Frontend,Mid,4.446384285364502,47,2025,0.7390137810383839,0.7161062821683915,0.5829812924557645,0.5013476524128303,0.3477645769450148,0.53286697153678,1.276084795161287,0.9371067885247633,70.64799634076181,75.12661000162991,0.515734849897749,72.60894879204714,67.83125270098233,0.38234678443789316,0.883656837807567,0.907114507802928
24,Frontend,Mid,4.446384285364502,48,2025,0.7860503678951144,0.6939348676519674,0.6645968231763345,0.11623532356372666,0.18066163679876296,0.7416404057537973,2.1722123103757847,1.1307241946750044,74.65157145475288,80.57534897180817,0.3399557010790034,71.57671741628216,73.86278100015144,0.4296721937993162,0.883656837807567,0.907114507802928
24,Frontend,Mid,4.446384285364502,49,2025,0.6345168466511717,0.5663206254973844,0.7675212430413504,0.35549314597448206,0.2695108714792751,0.7572020046312127,2.8973887597814616,1.0022244868062373,71.45865703217589,69.76953763039944,0.7567557610006787,73.15530650423845,72.8632062034608,0.39081734315926037,0.883656837807567,0.907114507802928
24,Frontend,Mid,4.446384285364502,50,2025,0.7249372350298374,0.7121911145032244,0.8259617989168893,0.2725907240724762,0.13552279811108392,0.592881655517215,3.560828686985884,0.9994781816047379,80.72267909768898,73.06560418647283,0.4342332610889263,73.75372305962534,75.0425834968081,0.3852812774907364,0.883656837807567,0.907114507802928
24,Frontend,Mid,4.446384285364502,51,2025,0.6097702543754541,0.6197588468117964,0.6974324739645513,0.24595921690814082,0.38336251768267887,0.7796723131510616,2.498393165380798,0.9802697422923379,68.65368331713243,68.2591106047741,0.8062928201650598,74.50128549428571,72.66989921581376,0.3752099026727533,0.883656837807567,0.907114507802928
24,Frontend,Mid,4.446384285364502,52,2025,0.7525809617553006,0.7214473271498258,0.8806318593837563,0.22999081115836775,0.17510189792329645,0.5181701765740365,3.8253722587901913,1.1329837475711062,79.93235406343508,77.24682198636816,0.34967130531101187,73.88225685333218,73.71783520300765,0.4109112757364531,0.883656837807567,0.907114507802928
25,Frontend,Mid,4.120572031542851,1,2025,0.9470822518105816,0.9431870982911569,0.8573775582338053,0.11526769989388116,0.13576910992032037,0.9102469441934439,1.7709160526112822,1.0772143974280075,75.58626386303071,74.9149354958336,0.7333025343776731,62.409884808739506,83.14798913665541,0.49536050607943893,1.1007007781492593,1.1745286173205627
25,Frontend,Mid,4.120572031542851,2,2025,1.1383120753729576,1.1361895924396819,0.9439334278719266,0.17895425131399928,0.10783446916471795,0.7313017949417355,2.893580650335716,1.1513752964786566,62.541205887084004,66.25339033359067,0.6260012652169936,62.41049253649549,83.16276234255018,0.5101876214916022,1.1007007781492593,1.1745286173205627
25,Frontend,Mid,4.120572031542851,3,2025,0.860436853471132,0.7797936241621168,0.6516534236082324,0.011575398806950812,0.5440554598210154,0.9147955429677985,4.073390629996404,1.0076968726084634,75.49581113432345,76.26421995020796,0.8367790498250115,64.13636604123192,77.81789329981575,0.46706965751142665,1.1007007781492593,1.1745286173205627
25,Frontend,Mid,4.120572031542851,4,2025,0.931693180465253,0.875571796582548,0.5751612187872948,0.25385920115975597,0.3989152265465682,0.5742542937394083,2.6375418294721937,1.0909632854512565,67.33241003301396,76.45723689544138,0.5288263851594404,64.02082616349574,71.6415709415984,0.48468577239445343,1.1007007781492593,1.1745286173205627
25,Frontend,Mid,4.120572031542851,5,2025,1.0380293979203778,0.9492755713537029,0.7100679740760986,0.3210058643720476,0.0669154343478461,0.7135687592318083,3.243551593075614,1.0158660031168778,62.71024399795212,56.21616970662983,0.11832441473200599,65.1383122956077,74.68346876279229,0.4603539314933114,1.1007007781492593,1.1745286173205627
25,Frontend,Mid,4.120572031542851,6,2025,0.7355687411408769,0.7003454279923315,0.6856873602528659,0.9007600213397682,0.3724573072415324,0.7153810807497153,2.80603328236351,0.8267904324377712,81.48727706964408,80.93173373825663,0.5185297864348726,67.12620641858877,65.8556811458561,0.4059730329993145,1.1007007781492593,1.1745286173205627
25,Frontend,Mid,4.120572031542851,7,2025,1.0557574562730725,0.9519595812151105,0.5686496606730242,0.4343557466194086,0.21520688965973386,0.9094596299174187,2.168762855742143,0.9597918073686772,85.26148825123346,82.2331463424409,0.28894293928523296,66.48913586879304,77.2600256174166,0.43788222923379344,1.1007007781492593,1.1745286173205627
25,Frontend,Mid,4.120572031542851,8,2025,0.8889824974554559,0.8390835638893673,0.7012255430631541,0.3576062410612773,0.2576785837497163,0.5382725982145207,1.4230768813156545,1.0205048234496379,75.11115765307214,78.70320003520706,0.30374483755839415,66.37579732875813,72.34839161686774,0.4509693202836099,1.1007007781492593,1.1745286173205627
25,Frontend,Mid,4.120572031542851,9,2025,0.896818255109205,0.8323557403669575,0.6725309192582669,0.2598889831190899,0.28251747721596016,0.7826152068577481,3.317645726078391,0.7508359563619577,62.80352859909648,59.28749419845549,0.7474761807287009,68.84550906425734,73.64321734965309,0.3764546157369137,1.1007007781492593,1.1745286173205627
25,Frontend,Mid,4.120572031542851,10,2025,0.7949345638939093,0.755692686609887,0.664824919819133,0.7998766724407634,0.4479190663232007,0.7341371621979617,2.1840276146356863,1.0766640035234618,79.25325289895954,72.35184426706428,0.27359261317587596,66.48668577212634,65.67802029467103,0.4612770859369729,1.1007007781492593,1.1745286173205627
25,Frontend,Mid,4.120572031542851,11,2025,1.0253855470502498,1.014543149447724,0.5438305493200505,0.044155319486234586,0.10385728714630343,0.648010130605245,3.1836197510505335,0.8955937456589226,68.72143753854243,70.97350834512096,0.45829882261055926,68.11487570874583,78.21239584716852,0.411494784892236,1.1007007781492593,1.1745286173205627
25,Frontend,Mid,4.120572031542851,12,2025,0.8337626639181787,0.7449005954794402,0.908407127365249,0.09870690347507084,0.34504547225513443,0.7097650973413284,4.289936486306282,0.9643066294426921,75.7142241080394,73.56873064352982,0.3141304517564209,67.67400792183568,75.59471069223773,0.42891125987324114,1.1007007781492593,1.1745286173205627
25,Frontend,Mid,4.120572031542851,13,2025,0.9901186799781951,1.029382629114092,0.5647215960187647,0.13071564659632168,0.7346568658003778,0.7195453470299605,1.9555301267400775,0.7544136565642138,83.16446758582215,83.5875678277899,0.20137900951698134,69.38960733437324,71.70557609653982,0.37263600352639903,1.1007007781492593,1.1745286173205627
25,Frontend,Mid,4.120572031542851,14,2025,0.9403919624770848,0.8289788531420202,0.612730806408599,0.13990129238681054,0.4324915443243441,0.4243564146896832,2.467161649344053,1.1577924454408355,83.47288366771407,86.2797268382357,0.6916139269722485,66.12612139385054,73.52264000497898,0.48050747747274597,1.1007007781492593,1.1745286173205627
25,Frontend,Mid,4.120572031542851,15,2025,0.8977200656700287,0.8723869021261101,0.5672894144349515,0.16239876378967813,0.24371494747252498,0.7399376096033893,3.2472760838722077,1.0072681968456048,60.62026685511647,57.82479399459177,0.889446052805127,67.22148009925237,76.659014096934,0.4412746385420178,1.1007007781492593,1.1745286173205627
25,Frontend,Mid,4.120572031542851,16,2025,0.8770833095570193,0.7892771201303461,0.692324098723727,0.17957292705552233,0.2624029794795396,0.6419075953558383,3.2732612214201446,1.1592554266600443,69.20734522894159,61.83855518984671,0.2413876329297104,65.82595438703368,70.54659249652262,0.4833014654400616,1.1007007781492593,1.1745286173205627
25,Frontend,Mid,4.120572031542851,17,2025,0.8962347352875644,0.8655787941651719,0.7885493267392066,0.3119328027178106,0.32891557628234713,0.9835318069782532,1.39468888548863,1.2342678663754394,75.97327440057798,75.55716650356283,0.25826506145588585,64.97805378414948,74.25381633558688,0.5053697917405089,1.1007007781492593,1.1745286173205627
25,Frontend,Mid,4.120572031542851,18,2025,0.9978309045289661,0.9832440069691396,0.6458830903214497,0.26780293122368354,0.1593669452803884,0.7990670333314727,1.046393554890476,0.9858438898997579,83.5497820369375,85.18801223170242,0.39160101132332603,66.65308479715716,79.75165097039321,0.4417264046703085,1.1007007781492593,1.1745286173205627
25,Frontend,Mid,4.120572031542851,19,2025,0.9593268233459711,0.9478432394032498,0.766188960351704,0.5069276780670908,0.045254063056255546,0.6840275874397164,-0.435490821432694,0.8076810075179484,72.70658141036938,74.12586785951368,0.497163788275308,67.70602226759887,75.83494090545923,0.39731934927359913,1.1007007781492593,1.1745286173205627
25,Frontend,Mid,4.120572031542851,20,2025,1.0058800412136453,0.941833235503176,0.8619322076323305,0.228699742194361,0.35482373316063587,0.7965046347049829,2.4377689430275007,0.9839608320085094,84.40999944705158,87.70483881212844,0.5802430085666906,65.86884322202285,81.60050858251985,0.44788513955151144,1.1007007781492593,1.1745286173205627
25,Frontend,Mid,4.120572031542851,21,2025,1.108809952081836,1.1009182389899494,0.8324569818193039,0.770014708035076,0.2963982359516431,0.5798161090362767,0.46842267568888163,1.0096069555013287,81.33484495414511,78.75285753084125,0.15937729763420658,65.1883846765321,74.45076173401755,0.45868485212916493,1.1007007781492593,1.1745286173205627
25,Frontend,Mid,4.120572031542851,22,2025,0.9890469275629113,0.9421083651336474,0.6350711338638988,0.08167596957570424,0.40038862669354475,0.7577259293781924,4.2264563718786885,0.9604537746405446,96.2988786859298,92.84437020915776,0.7615138862937286,65.06490224998144,81.67669096037913,0.44988323617826353,1.1007007781492593,1.1745286173205627
25,Frontend,Mid,4.120572031542851,23,2025,1.062037884482019,1.001909120859893,0.5397108234736041,0.8791431257166056,0.10535302028663387,0.8587464714164841,2.8742479186332694,0.9482273225219733,86.15037627761045,86.39119473329642,0.8646913913314203,64.61212244192384,78.09680326771044,0.451211110821696,1.1007007781492593,1.1745286173205627
25,Frontend,Mid,4.120572031542851,24,2025,0.833230713424377,0.7232592030853495,0.6251436779906122,0.039838469308871215,0.11537271265057047,0.8002067158457409,2.9652382172144938,1.0138793221132505,66.62873820898757,67.29404803589004,0.7174654646073948,63.510460331418734,76.95703006967733,0.473522028327494,1.1007007781492593,1.1745286173205627
25,Frontend,Mid,4.120572031542851,25,2025,0.9156350864566183,0.8694307386442619,0.9173759407717909,0.6368613985490273,0.4730975642709424,0.645801652831271,1.9897750841005128,1.0458595217632969,64.11734856558472,54.772791533231455,0.699321160124558,62.66072381405719,71.35177050404796,0.4869992059021827,1.1007007781492593,1.1745286173205627
25,Frontend,Mid,4.120572031542851,26,2025,0.9242717664523986,0.9045681126915751,0.7410976165014168,0.1498284184946743,0.10156834571803038,0.5989848480355302,3.0930234772130807,0.8634601419048437,86.90424415642325,89.48734439039521,0.27658273736999306,63.517235451648205,77.02811987736096,0.443381732950567,1.1007007781492593,1.1745286173205627
25,Frontend,Mid,4.120572031542851,27,2025,0.9307229156979059,0.86456578892979,0.7577093907937329,0.2647290835681862,0.14710267474806638,0.9670937247186661,2.498850445660122,0.9961164268109957,90.39090421976736,87.7223304195439,0.5562794718900117,61.85330177112237,81.64573566323354,0.48377910393617934,1.1007007781492593,1.1745286173205627
25,Frontend,Mid,4.120572031542851,28,2025,0.945262723895793,0.8517699887494479,0.8569719587420859,0.5117852683055089,0.1660488452734848,0.6588923167449384,2.428851437808965,0.8636332779121202,64.22182720960478,70.69169658213458,0.6701865292781473,62.31927204215221,74.49523377367045,0.45339938856448897,1.1007007781492593,1.1745286173205627
25,Frontend,Mid,4.120572031542851,29,2025,1.048737662840166,1.0071199347478843,0.659659223793049,0.15026880463570985,0.1572529282721889,0.36616197442920007,1.2974368639723732,1.1418516446260034,82.68293218956536,79.8613827188645,0.44204401134477717,59.51707899466625,75.60279669895557,0.32696233487967363,1.1007007781492593,1.1745286173205627
25,Frontend,Mid,4.120572031542851,30,2025,0.7559570281014484,0.6994385612671945,0.9491248330007266,0.08457331179732357,0.4179730150190412,0.7847751284032793,2.257759840938494,1.0067795609702181,88.59612939379834,94.82103495787027,0.3700404043912697,60.04706423890637,76.69778858243814,0.5009637102031572,1.1007007781492593,1.1745286173205627
25,Frontend,Mid,4.120572031542851,31,2025,0.8222029797416033,0.7441524227400653,0.72555728050372,0.6722397311695991,0.3849013352849767,0.8050965004930845,4.764436147945887,1.0751854322416177,80.35601967905035,80.09503215173605,0.5032246471197113,58.98310939529823,69.63260196990386,0.30030384867958093,1.1007007781492593,1.1745286173205627
25,Frontend,Mid,4.120572031542851,32,2025,1.1699117139576845,1.0667414887744813,0.9438399345170654,0.3909556280896012,0.5643479805882856,0.5923174876229349,2.4875686478182004,0.9422856724373888,94.02622953327437,94.4385146827623,0.1852421415054498,59.57101791618387,77.60448699994129,0.22650511226639608,1.1007007781492593,1.1745286173205627
25,Frontend,Mid,4.120572031542851,33,2025,0.8535319025887068,0.8405747836963259,0.6802359011061445,0.5405094525055887,0.3901914658992131,0.8522844362221486,2.091391786115984,0.8439854935251965,63.0692714616859,62.911462898524455,0.18322072651412438,59.93047889782987,66.80623575975763,0.1728617605397248,1.1007007781492593,1.1745286173205627
25,Frontend,Mid,4.120572031542851,34,2025,0.85451450791048,0.797279162927846,0.5514704818217891,0.31553511640846893,0.3067230540832064,0.7001251145456728,2.83107589099049,1.1641030904698517,70.37370372026687,75.28161538325315,0.8652828536985181,56.99717253365986,71.73565133395971,0.36958688856417765,1.1007007781492593,1.1745286173205627
25,Frontend,Mid,4.120572031542851,35,2025,0.9504516855525508,0.9831002707929462,0.6382405019046834,0.42932731901337545,0.22583368058335462,0.8798596135213459,2.411179350574131,1.0507746840822185,72.44659180272774,68.58316868585759,0.8492273550314837,57.59143898596315,77.45154843839481,0.3054943547165698,1.1007007781492593,1.1745286173205627
25,Frontend,Mid,4.120572031542851,36,2025,0.9180606285921559,0.8533234362547651,0.868399333751907,0.27037459595833396,0.06570219073219959,0.8994986198278246,4.412200420608934,1.163806998581467,86.12697717024086,89.08235834734144,0.8004029209253323,56.439379384808134,81.60416135804662,0.3764112569806318,1.1007007781492593,1.1745286173205627
25,Frontend,Mid,4.120572031542851,37,2025,0.9447559589052826,0.8863697882721344,0.6184968735855825,0.3806837237334286,0.3780997983058558,0.35297393844409974,1.4788402443664654,1.0368899835018703,89.01517998238167,90.66464296928771,0.41211610312108204,57.27508763174173,70.72960520499785,0.30250639635416354,1.1007007781492593,1.1745286173205627
25,Frontend,Mid,4.120572031542851,38,2025,0.8097458348118463,0.7434051922123355,0.8760082597538478,0.1062064479714162,0.07109329878871448,0.8348001996976012,1.776930154984069,1.1395627963548443,85.426730763911,91.0575209621334,0.3497871461402693,56.34486984555793,77.59106357821588,0.365470525107948,1.1007007781492593,1.1745286173205627
25,Frontend,Mid,4.120572031542851,39,2025,0.9414189824655359,0.8924117673553811,0.7572235366692279,0.09516096779143306,0.20737943659198937,0.9081499753163089,0.5059786462347624,1.053072222683153,76.56713500848916,84.76425471701225,0.2749389546492308,57.00033880542173,78.23163689601887,0.3140318762738049,1.1007007781492593,1.1745286173205627
25,Frontend,Mid,4.120572031542851,40,2025,0.855748188359496,0.8028245069609408,0.7758647175593827,0.4924906460186729,0.28502644855858955,0.4135415742955548,2.1291379721949912,1.3858449035455398,81.69313723853857,79.67363182160753,0.6077598419786695,49.74447414548589,66.390650430019,0.5711165249541963,1.1007007781492593,1.1745286173205627
25,Frontend,Mid,4.120572031542851,41,2025,0.9324887298815752,0.9297870477713885,0.6690423726420248,0.6429394188430302,0.3226816289622065,0.7894737405635471,1.7149492585087303,1.1927120966474514,88.07970265915459,89.36722771870203,0.679148009148401,56.02851072657708,73.34655833796096,0.3959996642415121,1.1007007781492593,1.1745286173205627
25,Frontend,Mid,4.120572031542851,42,2025,0.8369214581600974,0.7191019579546846,0.691382234321646,1.0651729392117355,0.1307619742968066,0.5471894489188183,2.969502481189845,0.9805874338433397,75.5031587670268,68.70476332859636,0.40805502957632317,57.905135902713155,64.56038402684065,0.26647951813775544,1.1007007781492593,1.1745286173205627
25,Frontend,Mid,4.120572031542851,43,2025,0.8390705780509337,0.8134425538311888,0.6040140394846736,0.6013316052198886,0.2483247644426528,0.5436352424137013,1.7189923939239788,0.9799736911780382,70.93503880923534,70.97019779848308,0.5650975438937347,58.157846929196594,68.43284233756029,0.2630137589740617,1.1007007781492593,1.1745286173205627
25,Frontend,Mid,4.120572031542851,44,2025,0.974052568409438,0.8728318229359582,0.5949276804805679,0.2197820177614751,0.2755129668307022,0.6938422323333473,1.3179379261235442,0.9952943423290804,82.83815435431687,80.94568472625998,0.42269626046487835,58.347642518786024,75.18133525901575,0.26830163967971493,1.1007007781492593,1.1745286173205627
25,Frontend,Mid,4.120572031542851,45,2025,0.8723699447262008,0.7882532110412557,0.7498137190279666,0.16779354519854614,0.11883227412274898,0.3961565735523066,5.191794673814491,0.9692819290509219,87.55633482682066,88.9804159035197,0.4575743089339127,58.92810741362407,75.03543921068095,0.2480396218551601,1.1007007781492593,1.1745286173205627
25,Frontend,Mid,4.120572031542851,46,2025,0.8366241259309851,0.8042448037053775,0.7221642092972883,0.08331736694172436,0.17209289100264114,0.7749912822359336,4.171611692660367,1.2342383718026322,82.3641298209678,79.48210157595507,0.4124558029846627,57.23539632126191,74.40921976828848,0.4016767318855422,1.1007007781492593,1.1745286173205627
25,Frontend,Mid,4.120572031542851,47,2025,0.8977807372336204,0.8293749818029524,0.8365352724596747,0.1272185123365891,0.30918983583366016,0.4586548220900354,2.3907846151867322,1.138522302502583,87.91527736727772,90.6411582454324,0.5073399405110949,58.47641443321051,75.16123164850443,0.3383059708361602,1.1007007781492593,1.1745286173205627
25,Frontend,Mid,4.120572031542851,48,2025,1.0767194053300726,1.0411173519226025,0.6573828092434314,0.4240559796456967,0.2982142777034859,0.9539463115505613,1.2099992017631664,0.9793606017481729,96.25749424928306,95.08504809326651,0.3254189529860925,60.266415912682724,80.10869369710062,0.49365198774394525,1.1007007781492593,1.1745286173205627
25,Frontend,Mid,4.120572031542851,49,2025,1.0200162897787932,0.9769731222827339,0.7592324728205215,0.18708248584400486,0.20742721267926925,0.6962920979843091,4.9806655578622765,0.9306357190030502,81.89599876677059,78.95093357019677,0.35132784273720646,61.206806399649864,78.29643143501963,0.4760704238035278,1.1007007781492593,1.1745286173205627
25,Frontend,Mid,4.120572031542851,50,2025,1.1169736598853155,1.0489823551675415,0.5884922961590185,0.3994807377352817,0.337535691392112,0.8105674744169293,3.2927396893275778,1.0903858043198738,69.30225603129225,73.32431845880419,0.3746632954729186,60.50525183089017,75.00219849012556,0.5138667289398899,1.1007007781492593,1.1745286173205627
25,Frontend,Mid,4.120572031542851,51,2025,1.0508344013087738,0.9880836000628488,0.7404464362884324,0.10062550895774164,0.3941017585389411,0.7748890705621598,3.507442521239345,1.0587480842257952,83.36280830757356,85.9483401926206,0.38478892361469824,61.352248511803964,79.26301856076977,0.5004808792467927,1.1007007781492593,1.1745286173205627
25,Frontend,Mid,4.120572031542851,52,2025,1.110453025687942,1.1146247427410194,0.6453816636558181,0.4429724859639012,0.362681502741222,0.7036124719788643,2.6362231623766634,1.258237908040516,94.41233385412544,93.46906100658467,0.6630572958022016,57.26015842607663,77.47336799436397,0.4133669736943001,1.1007007781492593,1.1745286173205627
26,Frontend,Senior,8.645035840204937,1,2025,0.6018415650788081,0.5480801491302041,0.6485908660820037,0.13534142656762443,0.23867521859905338,0.6938494731992648,3.09604215712279,0.9752042813436984,74.26506843727141,83.87679762560464,0.607280713447232,70.38275557650229,72.217851346934,0.4085178931312206,0.7583868715596463,0.8677483601654641
26,Frontend,Senior,8.645035840204937,2,2025,0.49242701716646065,0.4511297071584896,0.7089073378279732,0.2929891554310932,0.5258530270047573,0.6221979526410162,4.347639708025694,0.8176705748759432,82.67968799210738,81.80317890994765,0.6412190178494475,72.23692014840549,65.80516705672585,0.36155978040514286,0.7583868715596463,0.8677483601654641
26,Frontend,Senior,8.645035840204937,3,2025,0.56490972305379,0.5186144760612755,0.7327569176851265,0.507242565736992,0.28326640075954373,0.6437527268876521,3.316412397657115,0.859082579620561,83.29618234398141,79.00489173166527,0.6347917591830244,72.48207022422345,68.12166216736362,0.3677992640555835,0.7583868715596463,0.8677483601654641
26,Frontend,Senior,8.645035840204937,4,2025,0.7728981988762788,0.715239634787156,0.7380950889212075,0.1030647037406866,0.12603255233629057,0.8817423407850876,3.633347993603292,1.0796671751315363,63.140507989307494,55.72416303706527,0.2890101953140263,71.2679848851418,74.11227695038828,0.4220335609834589,0.7583868715596463,0.8677483601654641
26,Frontend,Senior,8.645035840204937,5,2025,0.8013704470523371,0.6758862077342073,0.8035122165771573,0.26606192496411113,0.22385131286185264,0.4147863215485146,2.004393092666937,0.8431996922828248,99.0515706017608,95.9126920960927,0.43020862662452525,73.67643262136843,74.19743458471217,0.35466966661182797,0.7583868715596463,0.8677483601654641
26,Frontend,Senior,8.645035840204937,6,2025,0.7263979949890934,0.6074261770917551,0.7110203649346303,0.16832647012226895,0.3468771345794896,0.6398704198766669,3.0928475982599957,1.0177594731448034,85.166118585768,88.64633064125043,0.6759252532219022,72.7552439320208,74.98335899158135,0.3972581951954539,0.7583868715596463,0.8677483601654641
26,Frontend,Senior,8.645035840204937,7,2025,0.7239620329103855,0.6479247680103876,0.8318061289837391,0.6244599461143164,0.29152279077120824,0.748376547708173,2.764274231481909,0.9332827448540332,93.05158570998731,82.8878389358265,0.20737877962120732,73.85799820799849,70.83022507616961,0.37117323057081925,0.7583868715596463,0.8677483601654641
26,Frontend,Senior,8.645035840204937,8,2025,0.7627912962630313,0.8166635444383793,0.7107129785306251,0.5195364606087953,0.14165429611109592,0.46551808719701715,3.969344293316209,1.051203381076525,81.22832319596337,74.34862157888696,0.6219580900853134,73.28699870683134,72.93693886044798,0.3995156869917105,0.7583868715596463,0.8677483601654641
26,Frontend,Senior,8.645035840204937,9,2025,0.7493120798888997,0.7770642737646135,0.5935466579638288,0.26792272714606974,0.2901340503185792,0.39612727968610284,2.4045745924083204,1.2194394553635286,88.36928435213345,95.21748937904779,0.9178664645048529,72.25347091133308,73.51833839652798,0.44177563347826343,0.7583868715596463,0.8677483601654641
26,Frontend,Senior,8.645035840204937,10,2025,0.6791972694474583,0.5786881616793561,0.809097905301487,0.06373544261301373,0.4759970340925864,0.8214676770533679,3.613695678385025,1.0819675253678853,91.13260064602139,91.73713022145166,0.7828959781424121,73.60104743645925,77.3153971410854,0.4030514431030833,0.7583868715596463,0.8677483601654641
26,Frontend,Senior,8.645035840204937,11,2025,0.774242204929387,0.7168488893950233,0.8062627497387989,0.5586776644072831,0.4707081351056309,0.8302906310337773,1.7115843668059048,0.8066383695937466,86.78080007362651,84.58103011252145,0.894410102623169,75.98330855635554,74.8318147125944,0.3281334359491198,0.7583868715596463,0.8677483601654641
26,Frontend,Senior,8.645035840204937,12,2025,0.6853821059847435,0.6059255541824804,0.7626003551718772,0.06651591701644562,0.267043747965355,0.5136145090865484,1.4595149017541675,1.1561950765756468,77.79401478819199,79.5754475297435,0.10288086186692123,73.29569018386034,69.315776516395,0.4204415971162932,0.7583868715596463,0.8677483601654641
26,Frontend,Senior,8.645035840204937,13,2025,0.781470887403367,0.7348160747969239,0.7630305916457425,0.21956283645773364,0.17639559662305218,0.7506175459040614,2.555163861744686,1.071368664471173,84.47848732649058,81.82674323632806,0.7707668881994351,74.01075711020587,79.02872302599093,0.39751742364251896,0.7583868715596463,0.8677483601654641
26,Frontend,Senior,8.645035840204937,14,2025,0.6639334780342564,0.6459722980960553,0.6422090508348158,0.2885040273379804,0.334886475456011,0.5528186162355435,3.317206517497548,1.0176766256762135,65.96441655526738,74.55902442388243,0.18494904211804036,74.40383779105582,67.1847483062907,0.3835033435431109,0.7583868715596463,0.8677483601654641
26,Frontend,Senior,8.645035840204937,15,2025,0.8582012750751519,0.8004661250215002,0.7497812766413309,0.2295642538091081,0.08665398066450676,0.7866840013344345,0.5351704674882456,1.1037520703666421,88.79713179801932,87.67405760833641,0.39069241487646145,73.60639895017238,79.04450268967956,0.40736375615522535,0.7583868715596463,0.8677483601654641
26,Frontend,Senior,8.645035840204937,16,2025,0.6647629029773869,0.5935499877199114,0.651100761644237,1.1365061110644383,0.1182125851733672,0.8068044765381892,4.102131218539235,1.0212158662013555,99.27266727741875,97.00471685030968,0.333815680751583,74.08706070979149,68.23968195056617,0.3868510006586754,0.7583868715596463,0.8677483601654641
26,Frontend,Senior,8.645035840204937,17,2025,0.704090463158773,0.6811409235833094,0.7544513222428442,0.29942617149340806,0.32335013559541886,0.81141798025198,2.275014011472034,1.1385587086466784,86.79105162747582,86.16965833099628,0.31579220985679585,72.90051688506787,72.82099354211239,0.42020743435377006,0.7583868715596463,0.8677483601654641
26,Frontend,Senior,8.645035840204937,18,2025,0.6695383751084856,0.6540813725087324,0.7004687247371699,0.5959705878158903,0.09185669738582643,0.8218288594974694,1.6174629408528425,0.9329663472242646,76.38402618323481,84.1496822009316,0.8424266343372284,74.23289497764942,74.80725368275782,0.3679858112977744,0.7583868715596463,0.8677483601654641
26,Frontend,Senior,8.645035840204937,19,2025,0.5445690480297982,0.4907668390804498,0.6394224585101447,0.3100579259737653,0.14188766682610812,0.3552257377964673,3.7923201351052573,0.8895951404529083,70.1244340290775,64.68319351139698,0.48672034913747314,74.2074990432075,64.86730508913388,0.35952320273051913,0.7583868715596463,0.8677483601654641
26,Frontend,Senior,8.645035840204937,20,2025,0.5086378234939275,0.4638483025462835,0.6283255590190315,0.15194635573480977,0.31088114206221507,0.7081772165769856,2.7210252311510468,0.9025632048726027,79.99938754372447,83.76625696288087,0.4950575429805689,73.6768140781984,69.01461192119204,0.3665391903228672,0.7583868715596463,0.8677483601654641
26,Frontend,Senior,8.645035840204937,21,2025,0.7472539916357868,0.7014222681803879,0.7247247066379304,0.44244068314403395,0.07399408642360257,0.7185557884528002,2.5865324410801547,1.087834753298805,89.9005711078776,93.23060317840726,0.635315157272766,71.71935213324059,76.40875277648622,0.4199056828827561,0.7583868715596463,0.8677483601654641
26,Frontend,Senior,8.645035840204937,22,2025,0.6612991635859482,0.6540765706000109,0.7202383501987923,0.3740991826306898,0.1655689115033575,0.5913152763084633,2.8446623046439825,1.1107617783079622,80.09390608018599,78.34436692781493,0.35271303070751764,71.01922805973041,69.91243885976442,0.430325455163839,0.7583868715596463,0.8677483601654641
26,Frontend,Senior,8.645035840204937,23,2025,0.6900950501058966,0.6695569790075284,0.7832309886254114,0.24599099144514938,0.11864168856444082,0.3827473885282724,4.094472614737505,1.064089649269878,90.05413300231487,97.66138378816126,0.7166417993476184,70.84201366702891,75.52383808741547,0.42246781596206795,0.7583868715596463,0.8677483601654641
26,Frontend,Senior,8.645035840204937,24,2025,0.7359172984704334,0.6690454168471497,0.7194926391269127,0.7518420620922749,0.35650698604789655,0.5896008400927074,1.9815026633756534,0.9921183432631614,75.06947503529666,67.23814819981797,0.3733820133114158,70.84133800130775,66.11209091462761,0.4080791853084011,0.7583868715596463,0.8677483601654641
26,Frontend,Senior,8.645035840204937,25,2025,0.740373660222234,0.655374012807515,0.6211762534829417,0.1695684167722917,0.13149798565616938,0.7721957762251117,1.3485253214984136,1.104331165380348,86.61948172663081,86.84482780089678,0.9836519833380025,69.3497405042091,78.24310065934874,0.4429517288743271,0.7583868715596463,0.8677483601654641
26,Frontend,Senior,8.645035840204937,26,2025,0.7169354286036274,0.6723249111332799,0.7752034159196867,0.19591214108352836,0.5384405298156304,0.8716870442783956,4.284510767724511,1.0060536931329351,69.99313342231214,70.27244909677977,0.33359165656354006,69.53327688091177,71.40019514723006,0.421766764618989,0.7583868715596463,0.8677483601654641
26,Frontend,Senior,8.645035840204937,27,2025,0.6599037217747991,0.5870958395538715,0.7223978902153021,0.19132719265996473,0.31027353746132774,0.4746474928460789,0.24961050674214036,1.1868278571983901,73.68600579729166,71.66754019996348,0.9389839627876453,67.48440016711153,70.34054180963042,0.4749955700470819,0.7583868715596463,0.8677483601654641
26,Frontend,Senior,8.645035840204937,28,2025,0.7596182055297249,0.7172743901810855,0.5888437657511731,0.19339132294124248,0.2558828779879726,0.8021882280247151,1.4100621001436455,0.9366803217825199,73.11581723710533,71.14421094168662,0.6346778288119578,68.89168553027731,73.81405729178165,0.41323868493752636,0.7583868715596463,0.8677483601654641
26,Frontend,Senior,8.645035840204937,29,2025,0.7720096392687742,0.7244437865784544,0.7976486512778805,0.3359764615897867,0.014074325232799372,0.7945433782860554,2.765008153032321,1.1656942944036421,76.92342058799086,80.64763226401328,0.6026278402044839,66.48312763553344,76.14957435957042,0.47911279525128314,0.7583868715596463,0.8677483601654641
26,Frontend,Senior,8.645035840204937,30,2025,0.8600830083117235,0.7621031102827174,0.6098648057376376,0.6199802521999785,0.33197634033390977,0.848454061164393,2.3088314714327645,1.2049224060584045,73.71699455833496,86.93154697145648,0.9091311008286594,65.61871131728918,72.68901422642816,0.4941618869009377,0.7583868715596463,0.8677483601654641
26,Frontend,Senior,8.645035840204937,31,2025,0.7779279667951833,0.8103021379861903,0.6112103648308262,0.23523849788445944,0.5833486721586623,0.6586134716537173,3.6156548716668278,1.0366054823638655,82.75952208534297,84.56548184850593,0.22475447913256874,66.44853883340855,69.58254666738998,0.45358327286103517,0.7583868715596463,0.8677483601654641
26,Frontend,Senior,8.645035840204937,32,2025,0.7043999113404028,0.5890146379440193,0.520794172521712,0.339303797482746,0.520257595520155,0.5665359216276105,1.3132543855716352,1.1765741563081598,75.18429317232267,75.50895806518614,0.35466827761428643,64.853499884306,62.73983030942739,0.4948689988924152,0.7583868715596463,0.8677483601654641
26,Frontend,Senior,8.645035840204937,33,2025,0.7458159202057155,0.7034374117947948,0.6437017286123066,0.08319590220839529,0.14151459501814073,0.19009955854034935,0.5906570485476987,0.8746632953945335,63.1389453752832,63.626089356260756,0.551256047683231,66.84184632196349,68.2067453193076,0.41791727306254434,0.7583868715596463,0.8677483601654641
26,Frontend,Senior,8.645035840204937,34,2025,0.735304865547492,0.6650317890923793,0.6764393756636118,0.5853783973657195,0.10134728885041565,0.5168823770689879,4.427830772967132,1.1001780590401105,92.35760881939056,95.47704547566843,0.7593610853805615,64.66536262418609,72.30180738557641,0.4811575899398047,0.7583868715596463,0.8677483601654641
26,Frontend,Senior,8.645035840204937,35,2025,0.6060766263946334,0.5115907989771716,0.8111351866993312,0.08401496900005455,0.3042563651083682,0.8962439387590942,0.57100594698417,1.1265512877145383,85.49217084665148,86.46899872489452,0.7438822905149867,64.1420159959929,74.96688058992348,0.49079345757630016,0.7583868715596463,0.8677483601654641
26,Frontend,Senior,8.645035840204937,36,2025,0.697123330914149,0.6095073481563038,0.6981180321638659,0.10297248798882037,0.21181533463754726,0.7031535655169882,3.2884710400131905,1.134454058981264,60.45867425706924,61.51525940419696,0.6325013733862355,63.830992740698065,70.52891469104975,0.4949658722904356,0.7583868715596463,0.8677483601654641
26,Frontend,Senior,8.645035840204937,37,2025,0.6940047333479764,0.6645767056617468,0.6816863900482756,0.078972555698005,0.3042646336151507,0.5924168076133174,2.9353203803530046,1.0150769483377022,79.49205964772108,74.06322803141056,0.7500828606629384,64.60638175214338,73.59026780555419,0.46462887506634565,0.7583868715596463,0.8677483601654641
26,Frontend,Senior,8.645035840204937,38,2025,0.7725813667163614,0.7151429165739294,0.7109347018022113,0.9272372089888569,0.34290455795117264,0.7820514835984472,3.7934268749629494,0.9667743490568699,85.32706404352075,82.85224950092933,0.2679854007343785,64.88396726303003,66.98469964429424,0.45265514261945705,0.7583868715596463,0.8677483601654641
26,Frontend,Senior,8.645035840204937,39,2025,0.655637141114334,0.6483774464004115,0.8088038835761713,0.13046186945131602,0.21289313074112604,0.9243140500222148,0.9905884028232594,0.9966952962487226,80.23146549969223,76.4582746192238,0.1905181315784265,64.60814405598548,74.0104549154929,0.46093785878319893,0.7583868715596463,0.8677483601654641
26,Frontend,Senior,8.645035840204937,40,2025,0.6979521545068652,0.6486779037210216,0.7180711155945769,0.12464162793616504,0.11682936618810581,0.8486682149161154,-0.5093411426831738,1.126957243848176,71.18289807849868,68.54422022415943,0.4128151088096548,63.60250410469958,72.71170036762142,0.4953705812304721,0.7583868715596463,0.8677483601654641
26,Frontend,Senior,8.645035840204937,41,2025,0.5834321262028996,0.6270933425785425,0.7909218921082538,0.5742863892057077,0.4371111176489086,0.6486987320205042,4.602649869051849,1.0766769270133145,85.73256371578715,92.57314080603571,0.6986981784146654,64.11358192273848,69.05395332777628,0.48105553604650897,0.7583868715596463,0.8677483601654641
26,Frontend,Senior,8.645035840204937,42,2025,0.6504038819476037,0.6090767916313563,0.8444661901637873,0.20234205981811454,0.04643233400032173,0.7886590236113694,3.258522540764731,0.9871981138608373,84.45328162175578,82.87161065555662,0.24662985167797574,65.00904030166149,74.62770289923353,0.4556976202583217,0.7583868715596463,0.8677483601654641
26,Frontend,Senior,8.645035840204937,43,2025,0.6811043593273166,0.6429980211319375,0.7915156337504747,0.20813911650398745,0.10124561521907069,0.4117682074859445,2.077933048490807,0.9065983108430651,80.3097552656903,82.89663466158784,0.8085389696993459,65.90163981096468,73.89795731334421,0.43213933041057395,0.7583868715596463,0.8677483601654641
26,Frontend,Senior,8.645035840204937,44,2025,0.7260424083418183,0.6492737088644773,0.5282462312499112,0.32037592819149086,0.6552313549188267,0.7639990449276663,3.502192653803254,0.8992044555553361,74.66641042779645,75.75011086712132,0.15825079504519732,66.27315145206428,63.95467882636547,0.4275646290105315,0.7583868715596463,0.8677483601654641
26,Frontend,Senior,8.645035840204937,45,2025,0.7584141713156316,0.7235613190256368,0.7554745808242781,0.2862806928308932,0.25940750935781437,0.42501593424340434,2.8771498386252876,1.1179180296534859,81.48052137585398,79.49614281168623,0.3893181401061685,64.89580844789187,69.91798799597066,0.48278520219826493,0.7583868715596463,0.8677483601654641
26,Frontend,Senior,8.645035840204937,46,2025,0.6491369474707988,0.5557927555025396,0.7903740936957406,0.14834432045912743,0.310398376311655,0.7051428953017886,0.788795970988011,0.8980040059990839,82.0490538869252,75.16187063751072,0.33569199493465907,67.08206108677861,70.43406377865027,0.42058362547666167,0.7583868715596463,0.8677483601654641
26,Frontend,Senior,8.645035840204937,47,2025,0.6734524991073625,0.7016492386898874,0.8106406316391155,0.29623645109734925,0.07043639754595324,0.9519486285410234,1.255989984663887,1.0832207436926888,78.61629659798426,86.11138484444504,0.4400940293549674,66.07561674277797,76.39632922652955,0.466014009215388,0.7583868715596463,0.8677483601654641
26,Frontend,Senior,8.645035840204937,48,2025,0.70466271463399,0.6590625989876968,0.744622315257829,0.1653337358828897,0.09430174225783637,0.764804955950657,1.517243307159166,0.8616884078538538,65.9441591692256,75.9830677582907,0.6282905372086048,68.36458330292558,74.48187888774709,0.40263282071305756,0.7583868715596463,0.8677483601654641
26,Frontend,Senior,8.645035840204937,49,2025,0.71049868222028,0.6229674462818917,0.7386225373744987,0.42115100407599226,0.4719627261925764,0.8203262265930945,3.0362189251831837,1.1296559392085481,85.1463632406669,89.02522523867157,0.27606210461730024,66.77143447709419,68.95199983702096,0.46950256719925804,0.7583868715596463,0.8677483601654641
26,Frontend,Senior,8.645035840204937,50,2025,0.6959748110961839,0.6226381717120365,0.8141497835133962,0.3494340218512602,0.1399755160463863,0.7700889076056741,2.210023220017128,0.8972571874489458,69.64769157180189,65.54914756566812,0.676799907527755,69.20707060494591,73.2120435353641,0.4027258491152399,0.7583868715596463,0.8677483601654641
26,Frontend,Senior,8.645035840204937,51,2025,0.7747943399950233,0.7269826788451823,0.8043995191330685,0.5838601907154148,0.1855819240477467,0.5397714251783143,2.3770115424622484,1.1360559903634524,83.23710151800451,85.11612148915664,0.30094331180691136,67.89057510179101,69.86737294068331,0.46145640555776535,0.7583868715596463,0.8677483601654641
26,Frontend,Senior,8.645035840204937,52,2025,0.6079061100938097,0.5574450870497354,0.7004542379779986,0.43058173279740936,0.18338731247925041,0.6714084035176531,2.378217056989431,0.9125803918760247,86.18351929807918,91.06816381214655,0.34368906452258624,70.28106329096705,69.57938505312796,0.39684055095047943,0.7583868715596463,0.8677483601654641
27,Frontend,Junior,1.6569055200289187,1,2025,0.8160330737283531,0.7440312083556705,0.7007025871342969,0.19352402280765854,0.07271991024876326,0.7095171316248329,3.1727451942868687,1.1395937570890027,79.74581715379252,74.98188537762512,0.29143730591617073,80.67691338386643,75.93197365847888,0.35561113988558024,0.7314729484245155,0.9514547709511366
27,Frontend,Junior,1.6569055200289187,2,2025,0.8710722276607199,0.8060230168108021,0.8978786092416382,0.23753796304245528,0.19192998839028225,0.7127811217588315,2.0639791018192635,0.898600010909005,75.19243493272967,84.47310392975535,0.1156216318251858,83.19875827346758,77.65834227629283,0.2863970165695712,0.7314729484245155,0.9514547709511366
27,Frontend,Junior,1.6569055200289187,3,2025,0.7967776314445697,0.7510976015055958,0.6600189505446692,0.026047827205852865,0.10939646153974585,0.6107370308120109,1.8609797783374413,0.8577333859434135,72.25662710564845,81.01649405797308,0.5158807629360024,84.1021373869672,77.55644898346245,0.2706955322972894,0.7314729484245155,0.9514547709511366
27,Frontend,Junior,1.6569055200289187,4,2025,0.8097778360894864,0.6822947666102002,0.6321516179022133,0.21763270682305264,0.31212124922986506,0.4637031199855149,2.6443373372497034,0.8751958566553354,79.91601982665657,82.35106612252426,0.47013482424942943,84.51302904627799,72.73943605389394,0.2707639292787505,0.7314729484245155,0.9514547709511366
27,Frontend,Junior,1.6569055200289187,5,2025,0.7468457244145215,0.724801448247715,0.7841130941766807,0.1826783268467522,0.3551775893339669,0.9123522527940616,2.4297599490219146,0.9516342911435598,77.53450545069728,72.9368345282583,0.5904173877930092,84.41822944380914,78.49168805205775,0.2868416128636358,0.7314729484245155,0.9514547709511366
27,Frontend,Junior,1.6569055200289187,6,2025,0.8931109593498172,0.8287352225311054,0.6550867185734432,0.17517672336688422,0.1301226184259548,0.5559433591901394,0.935816597661113,1.164028082802075,82.97961556164456,75.60563542773572,0.6162957645849435,83.19436866808921,78.04455878490543,0.33951921099300497,0.7314729484245155,0.9514547709511366
27,Frontend,Junior,1.6569055200289187,7,2025,0.6848395955732308,0.677607952576008,0.5500820282099249,0.3523803394135974,0.1568199630747476,0.8239197142645197,1.2595774825357482,1.0002695328437503,62.26508146161381,57.29253338574542,0.9922493143489761,84.93137751740733,75.73713857971715,0.2922924272570223,0.7314729484245155,0.9514547709511366
27,Frontend,Junior,1.6569055200289187,8,2025,0.6550713088589241,0.5865289760257415,0.7030208609078095,0.19209468205351318,0.2507370014121176,0.5804668007146363,2.2620086726939936,0.9295531673822792,78.70390054716314,81.20603644260761,0.6013923711229641,85.86947402971188,74.10573515341719,0.27033168322885687,0.7314729484245155,0.9514547709511366
27,Frontend,Junior,1.6569055200289187,9,2025,0.6383442684876314,0.6093500573683601,0.797060417661837,0.48421905426775474,0.058836041005748435,0.41290410273558126,2.520528901765271,0.848059676259193,80.2398752617553,74.55957831790205,0.428514487391999,86.83378275749433,70.7120134948355,0.24599707893938577,0.7314729484245155,0.9514547709511366
27,Frontend,Junior,1.6569055200289187,10,2025,0.7683786538357126,0.6596544031130647,0.663383018848372,0.5277860738735518,0.361435583406677,0.6840642044978426,2.935810556846523,0.906935986686952,85.24203261217066,85.21841379490706,0.5376081527952269,86.6105733592333,72.88021196797948,0.2596324193437795,0.7314729484245155,0.9514547709511366
27,Frontend,Junior,1.6569055200289187,11,2025,0.6689995064770791,0.6119392788744997,0.9049507318183536,0.22048360381685114,0.04697950989285745,0.773923632668498,2.4050797605691443,0.9033540579643147,64.17967422431845,73.65651249481748,0.1898023438100997,86.81885666271758,75.25686331541641,0.2571803394035498,0.7314729484245155,0.9514547709511366
27,Frontend,Junior,1.6569055200289187,12,2025,0.8530685965530773,0.8324584316512339,0.6851571123549351,0.19778324447276702,0.11820137660991578,0.9383883036597271,2.5555921465517475,1.1734080794648523,76.55037932506335,74.98367477832768,0.321549981040014,84.76725977407328,78.78715041235647,0.32828778444235984,0.7314729484245155,0.9514547709511366
27,Frontend,Junior,1.6569055200289187,13,2025,0.6978690342780367,0.6567163553919073,0.5888372669518852,0.22604715713871065,0.2254600221523248,0.6042127850950957,1.550075356203746,0.9777422505122148,69.14833678896107,61.304328613537834,0.17439960172204977,86.36904203520412,69.96572712996849,0.2758064331424087,0.7314729484245155,0.9514547709511366
27,Frontend,Junior,1.6569055200289187,14,2025,0.7839268825182739,0.7511965888104141,0.5846179113356401,0.464901587020879,0.06256189808681027,0.8054775237774292,1.6800189446354454,0.9838927139279271,60.66206719698255,64.53383567208361,0.09156342358561725,86.28338269836868,71.91911504143422,0.2777503536325131,0.7314729484245155,0.9514547709511366
27,Frontend,Junior,1.6569055200289187,15,2025,0.8838390421310984,0.7495387646015657,0.9135153887995252,0.35329473478494927,0.47131419960495247,0.6950389186831538,1.724331200865374,0.9599633344033718,89.07457902387628,97.2716817664083,0.13445580734094084,86.36598245120513,76.92983530443873,0.2722761464539649,0.7314729484245155,0.9514547709511366
27,Frontend,Junior,1.6569055200289187,16,2025,0.6673979316168358,0.6579895991644651,0.7655533976491502,0.3155192944127091,0.483784502489341,0.6467368527408501,1.2977909523800446,1.121119252604045,84.0139339611614,82.54322111328501,0.21656139719754428,84.89710723189656,70.37561129465193,0.316747956921671,0.7314729484245155,0.9514547709511366
27,Frontend,Junior,1.6569055200289187,17,2025,0.5190645154740919,0.4894774539820642,0.7249152458473026,0.10542260788067526,0.22338225103693932,0.8134166670064507,1.8336762184554758,0.8613548140608436,95.10329169813727,104.14660683977127,0.22654393485305224,86.72742165508113,74.45595141085974,0.249542449019826,0.7314729484245155,0.9514547709511366
27,Frontend,Junior,1.6569055200289187,18,2025,0.6254107226459146,0.48417074912292024,0.8551099799196935,0.15487625619052411,0.3247088136438795,0.8423913153293915,1.1995203789660218,0.8886241727380259,64.43952031150368,70.09958542861246,0.3583465573055694,86.1969059868659,72.51099495279854,0.25941728465705605,0.7314729484245155,0.9514547709511366
27,Frontend,Junior,1.6569055200289187,19,2025,0.6428550969675032,0.632235404516531,0.6300468811745514,0.17620017092372983,0.10327476552230341,0.8062901665635758,4.205970978277782,1.015053342313151,89.64576494669987,83.80472126567379,0.423748605234578,84.81310704165215,77.06795649307047,0.2962347764488623,0.7314729484245155,0.9514547709511366
27,Frontend,Junior,1.6569055200289187,20,2025,0.8181476531528324,0.7609178973557037,0.73687963079583,0.0602398742172405,0.2002605529434173,0.9301594310371867,1.6827748360278496,1.0531424192606185,76.61056382940308,75.22798701343996,0.5933945834913266,84.08145397642086,81.56593802867005,0.30994970071528316,0.7314729484245155,0.9514547709511366
27,Frontend,Junior,1.6569055200289187,21,2025,0.7924489486550025,0.723547127952906,0.7475484267713831,0.1312714554236071,0.18682504270552058,0.2509336996720417,3.4270134448498357,0.9861348595269729,73.92153869212147,83.07162012269721,0.27594865382953243,84.14222489674184,73.53097232294967,0.29604176443254593,0.7314729484245155,0.9514547709511366
27,Frontend,Junior,1.6569055200289187,22,2025,0.8183352543249592,0.7558169293075093,0.4969217001875108,0.10302803912616991,0.3436806441178208,0.562237183697777,2.977211245655397,0.9647671409202848,74.16203634145911,74.97538937468053,0.33508673714676396,83.7964587721584,72.73368986239569,0.29464960508273697,0.7314729484245155,0.9514547709511366
27,Frontend,Junior,1.6569055200289187,23,2025,0.8183724307349508,0.7830572704744295,0.6373458885589381,0.12339249871904064,0.354318465659844,0.5466843246313731,3.495998964386474,1.0776407979893567,66.36693743762393,62.539146988073796,0.6658115101884308,82.34287809059965,74.23670666311968,0.32933750884287427,0.7314729484245155,0.9514547709511366
27,Frontend,Junior,1.6569055200289187,24,2025,0.7640992401212512,0.6546526943226448,0.7186836237531476,0.01803880615251921,0.3035374331354095,0.7699415443013842,2.175261645279057,1.0944158310540695,68.10991319765336,62.584157034473165,0.509932207093004,81.63223171230706,75.19056229948305,0.338614568608255,0.7314729484245155,0.9514547709511366
27,Frontend,Junior,1.6569055200289187,25,2025,0.9100555828575556,0.883148041285747,0.751420815264874,0.08545990787632958,0.3240431665488732,0.7035895920424857,0.8133344312971629,1.1401046648350697,86.91514706432169,75.60109725086772,0.22300581994123989,80.6728261218979,77.58463106478067,0.35574738195119804,0.7314729484245155,0.9514547709511366
27,Frontend,Junior,1.6569055200289187,26,2025,0.7584020854984037,0.7485304062929498,0.796583164685813,0.16239008944830233,0.21118078110058588,0.7687658845591671,5.209276648471036,1.0717455624755865,77.74381628471353,80.59382599117805,0.640912947716392,80.61701553949715,79.19880752419475,0.3425406496659744,0.7314729484245155,0.9514547709511366
27,Frontend,Junior,1.6569055200289187,27,2025,0.9016355249127462,0.9537605171015859,0.6735321169301666,0.1586829689777217,0.17743634301197095,0.8621235885237613,3.272320381773479,1.0796810319152794,77.1549589534859,73.97124083879186,0.5800007952328726,79.95084838270299,81.47688611985255,0.3496791365271977,0.7314729484245155,0.9514547709511366
27,Frontend,Junior,1.6569055200289187,28,2025,0.8557544098389654,0.8445367035716144,0.5642716180288442,0.3352272322771765,0.07996001177795967,0.5055797660626518,1.4211490386714103,0.7922420877026785,80.89943873248842,78.47067288400869,0.6495913181856091,81.65646501624262,75.1917385229239,0.27797787573851385,0.7314729484245155,0.9514547709511366
27,Frontend,Junior,1.6569055200289187,29,2025,0.8486602998262032,0.7983035049523127,0.8495838599884062,0.23056104658015306,0.07985937210522218,0.832955787819029,1.7659947332611008,0.8672827385541941,61.79149861082105,63.47026858007742,0.4128290667649614,80.47969369565561,77.8343644214996,0.3027924335803754,0.7314729484245155,0.9514547709511366
27,Frontend,Junior,1.6569055200289187,30,2025,0.7779120502345163,0.6882389816609914,0.9026195977193967,0.19234236765290846,0.08656366244977155,0.8757896395347685,3.125326263295505,1.0257901944569674,84.49342309952,90.63748867628688,0.2753745100888591,78.66104262342726,80.38088167600705,0.349649350362833,0.7314729484245155,0.9514547709511366
27,Frontend,Junior,1.6569055200289187,31,2025,0.6574292088089886,0.6006714818233712,0.8522639891673172,0.6326433086923876,0.07064015771551074,0.6245294702691246,0.48692780992672313,0.7319375963586884,69.7307762471675,65.97246247564237,0.8323783233852076,80.49515553477654,71.10375086139906,0.2755945564819332,0.7314729484245155,0.9514547709511366
27,Frontend,Junior,1.6569055200289187,32,2025,0.6754720182487082,0.654283217613544,0.8010015717221315,0.38040384230076973,0.3287525203766503,0.9578125649647207,3.393415956689334,0.9634668314992815,95.79296576563968,100.7879724179528,0.5429178284276105,78.1676320961036,78.13103095940325,0.34129643216565964,0.7314729484245155,0.9514547709511366
27,Frontend,Junior,1.6569055200289187,33,2025,0.8748496908129018,0.7739813271040711,0.6934874643089757,0.3704309786862514,0.1460324692640132,0.4815087130814421,4.028483796549806,1.0317349332933548,81.87666675141938,87.99396744900011,0.5609659764032672,77.19454683209949,76.12487684628377,0.3630590963911752,0.7314729484245155,0.9514547709511366
27,Frontend,Junior,1.6569055200289187,34,2025,0.8695714657181219,0.8415911903706067,0.7373335538703272,0.24218074934857445,0.04368740879912856,0.8827721920322991,3.561519786256429,0.9079116073398643,75.87391425652083,79.45946473085539,0.5353271976024652,77.81276785111464,80.80126688286954,0.3331425893753508,0.7314729484245155,0.9514547709511366
27,Frontend,Junior,1.6569055200289187,35,2025,0.7176903798608799,0.7230530280108555,0.8290065035876678,0.719315772099611,0.18396612932741838,0.711036849986069,2.4745388892355087,1.1287055814333578,88.15508224137088,84.5958014694753,0.7567874197689095,75.73405525956892,74.39715120637025,0.3946239891235972,0.7314729484245155,0.9514547709511366
27,Frontend,Junior,1.6569055200289187,36,2025,0.8136382608032947,0.7478680330920542,0.7857256536661731,0.23608101852304267,0.22486814769804092,0.8759359868579616,1.7945074679168496,1.1161624329667772,76.21903145815172,70.19858387894433,0.42668466543385203,75.58659936214055,76.37931401427458,0.3933441585755175,0.7314729484245155,0.9514547709511366
27,Frontend,Junior,1.6569055200289187,37,2025,0.6902921160282216,0.5972179880702126,0.6827573438162053,0.07923401063672639,0.10841581821829462,0.7235115236871771,2.055986404743112,0.8333690523068475,72.00398425053838,79.65445656890412,0.8556570419487302,77.66931853371679,76.63388657349472,0.3194294893470629,0.7314729484245155,0.9514547709511366
27,Frontend,Junior,1.6569055200289187,38,2025,0.8089025476977791,0.7843537616867873,0.7752132907982117,0.1667460767535783,0.09594493845492634,0.7761549053200076,2.4391308277837696,0.9858490744541363,83.09663059965582,82.38983971407607,0.6810803367098952,76.34064307317847,81.51278255725654,0.3609977892810067,0.7314729484245155,0.9514547709511366
27,Frontend,Junior,1.6569055200289187,39,2025,0.8489740731866257,0.7767950227939461,0.696119716174515,0.1625467224294864,0.48466204649217315,0.42087612627586957,2.362672372851631,0.8524647058332488,68.56215246197095,68.01837200067804,0.666117007734226,77.37126239263584,71.67593419913526,0.3257324212280177,0.7314729484245155,0.9514547709511366
27,Frontend,Junior,1.6569055200289187,40,2025,0.8527497316265717,0.8315572520936135,0.8772092750825249,0.24039866910409918,0.5791846899010406,0.8487675025191722,4.729043724523812,1.0996685216105688,86.98531121077534,94.22953636668113,0.7848675734794129,75.43008749592701,80.15629868728725,0.3913496418560553,0.7314729484245155,0.9514547709511366
27,Frontend,Junior,1.6569055200289187,41,2025,0.7193876202601458,0.656617815739645,0.6075515684692001,0.31873938193226187,0.1539700017413379,0.6439855886084114,2.3239321881925337,1.074278839510459,62.83306266034565,63.697249294183564,0.5017456521692908,75.7420402360879,70.32838120421914,0.383672099268026,0.7314729484245155,0.9514547709511366
27,Frontend,Junior,1.6569055200289187,42,2025,0.7546922604233025,0.6601180292956841,0.591223137770243,0.15219520216910246,0.1829989959932537,0.8219511097022848,2.4699293829602618,0.8123903832710031,100.95050607066305,103.88627490482689,0.5035432472590008,78.01677575970673,77.62246911448375,0.31233827865664454,0.7314729484245155,0.9514547709511366
27,Frontend,Junior,1.6569055200289187,43,2025,0.8065619424803886,0.699635241273272,0.8156359120559626,0.2647214747210149,0.3447297460905909,0.9125866233664184,3.7253763246753637,1.2230262893950403,87.24656279693221,89.78730326001153,0.4283385278288992,74.97948959587546,76.08563444747284,0.4197761779133792,0.7314729484245155,0.9514547709511366
27,Frontend,Junior,1.6569055200289187,44,2025,1.0241886355603087,0.9556647809306144,0.8659897100927382,0.3687115427708601,0.24886837156505953,0.661441480383736,2.712858315226104,1.01378193496983,73.28103754758496,69.64478476892344,0.43444227192445106,76.96580523007492,79.32233238497825,0.3613746767433417,0.7314729484245155,0.9514547709511366
27,Frontend,Junior,1.6569055200289187,45,2025,0.794032251042509,0.7059666485495244,0.7685678277122469,0.15032806168882548,0.13437685731615673,0.6602385605286077,3.718741229007503,0.8447372605520074,75.93837736516437,74.35577229514595,0.4652653293594485,78.69052821403028,75.8541116297813,0.31319305032681577,0.7314729484245155,0.9514547709511366
27,Frontend,Junior,1.6569055200289187,46,2025,0.8055274182277737,0.8128188419050982,0.8090120621177512,0.21541589535260822,0.5202960487568284,0.37013516639887967,3.7330510044854135,1.2153974363373532,75.68004170279654,82.1798747848168,0.6483342044049456,76.15218725739904,72.00885292869512,0.40847792678914535,0.7314729484245155,0.9514547709511366
27,Frontend,Junior,1.6569055200289187,47,2025,0.7157621193479139,0.7017473736322618,0.8551411769920597,0.18929154469740836,0.20599875125527464,0.9371665936871859,3.718865450585227,1.0439257263827992,82.78903607339012,81.35767990405161,0.5722254804206881,77.99925049458366,79.9273904258368,0.35879139115502934,0.7314729484245155,0.9514547709511366
27,Frontend,Junior,1.6569055200289187,48,2025,0.723752687003762,0.6437849118000143,0.6523326320048797,0.7436425256501076,0.13831581467988238,0.825371918394517,0.9924699738085536,0.9792606453188302,81.1001126608989,77.25122000021754,0.6372489742294011,79.03327901653236,72.84649576989621,0.337241470592663,0.7314729484245155,0.9514547709511366
27,Frontend,Junior,1.6569055200289187,49,2025,0.7211684996447335,0.667105420935062,0.7613731846975705,0.464200743629387,0.28955715773089075,0.87240132635831,2.1813868288611906,0.875821821208919,87.83681949036367,87.87451264265167,0.79893328308164,80.4113810344178,77.01206899108774,0.30506952228830214,0.7314729484245155,0.9514547709511366
27,Frontend,Junior,1.6569055200289187,50,2025,0.6450507833046657,0.6294950984275063,0.6300736792616083,0.15869061825221317,0.4656108224071172,0.6861145904203476,2.3387765341538733,1.0172063515875784,83.05843701279426,86.1099209044832,0.3774778071111641,79.85675090516342,71.82883021973794,0.3379683461078205,0.7314729484245155,0.9514547709511366
27,Frontend,Junior,1.6569055200289187,51,2025,0.7849846066557048,0.6463073523920927,0.744775924567729,0.06678860178908906,0.26611557365412575,0.7627291699988135,2.4782750039557633,0.9563686798088344,67.5851691405949,69.77790163473057,0.5509171333188018,80.93734719955454,76.54382827595381,0.3167958426321457,0.7314729484245155,0.9514547709511366
27,Frontend,Junior,1.6569055200289187,52,2025,0.7224674837459614,0.6609116780033456,0.6935233543040293,0.4451855757073567,0.31495318790738874,0.7198738512405732,2.4179699327235906,1.0780982796091538,87.1671160153589,94.2026858087288,0.3105296294581888,80.5661938024286,72.56561481634846,0.34423470756825914,0.7314729484245155,0.9514547709511366
28,Frontend,Mid,2.222133955202271,1,2025,0.8802846542532471,0.8326853038121926,0.6712694486443124,0.3322598415622798,0.556837046240555,0.7666229317040565,2.1339492939017197,0.9992302837866961,83.04581462119786,82.5860372895104,0.14813610160770896,76.95577926288234,73.05381163167229,0.3585478962333197,0.9071439907107812,1.1270626574461196
28,Frontend,Mid,2.222133955202271,2,2025,0.8405526415693783,0.8441734209833073,0.6154399473074021,0.019565758056640986,0.4334203148781303,0.5033618564548078,2.4656180697041368,0.9973106508515485,102.20351794126492,103.5452512784501,0.45053106578770485,77.56503124652468,78.4161112099944,0.35308686978260406,0.9071439907107812,1.1270626574461196
28,Frontend,Mid,2.222133955202271,3,2025,0.8921571293832363,0.8346498039818508,0.7519679700515977,0.12287736316690397,0.21452662126840127,0.6761481353940983,1.493967836966638,0.9755715784698419,86.57343865293934,89.78389546288855,0.8556585832528424,78.31538993935324,83.24185406383235,0.34248606619935806,0.9071439907107812,1.1270626574461196
28,Frontend,Mid,2.222133955202271,4,2025,1.007696678077399,0.997037906098257,0.523250826471739,0.07209834248816731,0.15843851114653548,0.4226840354037066,1.9025449291887728,0.9430284109822148,87.7117580533413,88.9714861451548,0.36136726548425663,79.1263267042604,79.03497845313832,0.32921962632760626,0.9071439907107812,1.1270626574461196
28,Frontend,Mid,2.222133955202271,5,2025,0.8575145192529856,0.8149536531363177,0.7643638951907202,0.2048867559585497,0.16033466761663134,0.6143346240061917,1.2997506688299034,0.8133240575403614,85.77793251028751,82.42249651827225,0.38814845102210777,80.68066940523218,77.14728994096512,0.2903258997978041,0.9071439907107812,1.1270626574461196
28,Frontend,Mid,2.222133955202271,6,2025,1.1402130702691893,1.0824662473939528,0.7073679809264943,0.6018121947714619,0.44322354255719437,0.7969503072161123,0.8482650562740446,0.9545918166445491,76.41398784768192,75.23363869960676,0.414284532223455,80.02581688994688,78.3212904195383,0.32403655591268576,0.9071439907107812,1.1270626574461196
28,Frontend,Mid,2.222133955202271,7,2025,0.8394342966732494,0.7640543706441332,0.6257467906196882,0.13760666206597602,0.29559603059238915,0.9041144757866552,0.991367522483847,0.8588491902465465,85.04608292923044,84.95974919778577,0.5206412686520879,81.21869835078242,78.45924669333762,0.2949473517927891,0.9071439907107812,1.1270626574461196
28,Frontend,Mid,2.222133955202271,8,2025,0.9635502589072261,0.9067525839105224,0.6823556368275838,0.36085764721907665,0.29728769999846105,0.7196828676689186,1.3241197953954074,1.048333931973411,84.98639325516694,88.17219197292192,0.3054448985960956,80.07518600558028,77.81420772049765,0.3423735696815132,0.9071439907107812,1.1270626574461196
28,Frontend,Mid,2.222133955202271,9,2025,1.067482259915255,1.0264902370825832,0.6274925062993498,0.11966950816375352,0.08430089735093778,0.47336624014927203,3.610562275331267,1.084456614563654,92.09202548076382,91.3936240946211,0.6918340405001964,80.0985653436561,84.14110421919891,0.3494032783822633,0.9071439907107812,1.1270626574461196
28,Frontend,Mid,2.222133955202271,10,2025,0.9910206387069789,0.9606280901295081,0.6493504517545339,0.13281173681941527,0.13746776259953483,0.7729045072969183,2.4544392434245896,0.9094004178248261,77.90868895268356,80.49421314622096,0.48627819637072117,81.74681600272775,82.02327489928247,0.3006566168755673,0.9071439907107812,1.1270626574461196
28,Frontend,Mid,2.222133955202271,11,2025,0.8328115172080895,0.7874818754214782,0.7767666556850283,0.023522468913823515,0.23252725158144477,0.8879708173054652,1.7569693739882384,0.8316501373006042,63.74889737308701,57.672073482929406,0.7477507584461707,82.54844612062472,79.68178102770625,0.2784263097882482,0.9071439907107812,1.1270626574461196
28,Frontend,Mid,2.222133955202271,12,2025,0.9024743219862467,0.8213383271390293,0.6856812439973945,0.17988511428563078,0.4434738173326343,0.8883575973374157,4.620143134162845,0.9927715314770091,65.25951608257071,69.09637688870309,0.8159977929102591,81.36831025057349,79.49993448206239,0.3204850542072894,0.9071439907107812,1.1270626574461196
28,Frontend,Mid,2.222133955202271,13,2025,1.054943271655515,0.9607297381351103,0.7202621595855949,0.049513624573806696,0.36155785444406024,0.935583300114913,0.6784073876431309,0.8412454069263429,96.94641760232011,97.10172931115059,0.551400882364604,82.61697487648856,85.81449951363638,0.279774290747864,0.9071439907107812,1.1270626574461196
28,Frontend,Mid,2.222133955202271,14,2025,0.8194902091204389,0.7898943379143256,0.541573331419346,0.186560742088723,0.24441639450504254,0.48900187056454264,2.8584701300934627,0.9417455654337169,76.92298379466064,71.09618329544352,0.4118537388003291,81.77651797891983,72.9573543168152,0.3068781299290782,0.9071439907107812,1.1270626574461196
28,Frontend,Mid,2.222133955202271,15,2025,0.8149604114003228,0.6974241240305444,0.5783933481073593,0.40030523498965903,0.4372746008780978,0.5752063758597762,2.372474645461829,1.0623739775798968,80.15257004077316,78.18098013670175,0.7388565446880081,80.70265539839038,72.35093884569372,0.3399526671960596,0.9071439907107812,1.1270626574461196
28,Frontend,Mid,2.222133955202271,16,2025,0.7802329421260968,0.7504206307398322,0.89446671217525,0.5059452369075774,0.2539322703273245,0.9181184686253039,1.7840532606156227,0.8858090085216139,89.89604542757345,88.36985406631145,0.3193510920790083,81.93554727715346,77.39836695224001,0.29436557439471056,0.9071439907107812,1.1270626574461196
28,Frontend,Mid,2.222133955202271,17,2025,0.9413023981479994,0.8787486768718167,0.6496441874587293,0.46350564420644846,0.7289795988843879,0.4632870633973479,2.9844988581727026,0.8850336748222782,71.40597802266318,76.26340801400369,0.23822876157060854,81.69394886158712,67.82421435104908,0.296223827784563,0.9071439907107812,1.1270626574461196
28,Frontend,Mid,2.222133955202271,18,2025,0.9604593396737865,0.9630571682595023,0.6065052162532022,0.18983372255682765,0.1415119167404222,0.6397099522250214,2.1438295906979974,1.0186822308349155,70.86393792819034,66.44069482752903,0.3145410448728389,80.31239961468825,77.64720663298398,0.33446644937791437,0.9071439907107812,1.1270626574461196
28,Frontend,Mid,2.222133955202271,19,2025,1.0448594986922262,0.9799959566894747,0.6282509633122368,0.39124435087979653,0.3708146955790391,0.8135601097767485,2.0338447988797674,0.8603047757860772,71.45289347392941,65.68040733946381,0.8310693513516085,81.2070536664662,79.09369458565628,0.29533550793666385,0.9071439907107812,1.1270626574461196
28,Frontend,Mid,2.222133955202271,20,2025,0.7588859177707828,0.68467793375871,0.6320308670741371,0.14666888397072986,0.310817195368565,0.6960597991834346,2.66559050483747,1.0796304351038915,81.11684929801703,68.50899043886334,0.22080425430959427,79.02550794227214,71.91533436956202,0.3573801875018438,0.9071439907107812,1.1270626574461196
28,Frontend,Mid,2.222133955202271,21,2025,0.917926971978452,0.8664241659652956,0.664885956829339,0.2529810948239114,0.2541580115106541,0.786630860232661,0.986149977398542,1.003769945539863,72.35355382337212,69.22799073401691,0.6090991270595042,79.15710230123616,78.82343193755774,0.34111146993100455,0.9071439907107812,1.1270626574461196
28,Frontend,Mid,2.222133955202271,22,2025,0.8304274617755907,0.8088134699826635,0.715729907216019,0.15238502981319843,0.21306700867495826,0.598103634543328,4.5452799176660506,0.8902700317465349,85.26168581705629,88.96618480043753,0.7978706288927528,79.54839373814586,79.92442663550766,0.3151507251980914,0.9071439907107812,1.1270626574461196
28,Frontend,Mid,2.222133955202271,23,2025,0.9487962529306986,0.9591104102585827,0.6291300635771727,0.37051486886258594,0.10898023197183845,0.7135693166371265,2.5476013445436294,1.0428590528729391,69.91977938333324,68.12703188514118,0.6403339452758657,77.77709014412845,78.697639111981,0.36042939270685076,0.9071439907107812,1.1270626574461196
28,Frontend,Mid,2.222133955202271,24,2025,0.8761038754717567,0.8792050085105386,0.6665526581568395,0.9040141739485761,0.5682320893765662,0.9216392772919378,2.5205206695749425,1.1109057631497599,81.98666252703978,75.91249395735286,0.5444312427834436,76.656270348139,70.84242550935369,0.38337889972879363,0.9071439907107812,1.1270626574461196
28,Frontend,Mid,2.222133955202271,25,2025,1.041175245656382,0.9757564604919092,0.7133729723723539,0.3207567871621532,0.32265659115469403,0.7338362491933789,3.410742353647718,1.0929047307833892,82.95558725523794,81.57964786193833,0.6031419815394,76.20638368690881,80.21510983912107,0.3835277487657711,0.9071439907107812,1.1270626574461196
28,Frontend,Mid,2.222133955202271,26,2025,0.8919832395678915,0.8845426524443775,0.7488069922184174,0.3006418293433757,0.22013656353518415,0.9113931519538293,2.8538500015883805,0.936121823024516,78.20615193682953,78.34625644046348,0.9365598696357684,76.85796354770316,82.7455909530594,0.3467413350407102,0.9071439907107812,1.1270626574461196
28,Frontend,Mid,2.222133955202271,27,2025,0.8680506234255927,0.810050173827814,0.8637042214320274,0.473418306516536,0.4704013452224578,0.9861707717173144,3.7015626201533314,1.0269004919401494,86.0189784562308,86.32180724067679,0.6033624920344907,75.52905079510148,79.00979787989452,0.37597134176218416,0.9071439907107812,1.1270626574461196
28,Frontend,Mid,2.222133955202271,28,2025,0.7356579077501186,0.6750227515305944,0.7295449932616161,0.08713295074765402,0.0716487766535438,0.5384621975848016,2.0255238292561906,0.8874088595562104,77.28096299684408,79.05934922246786,0.4896940374110559,76.05108893401183,75.2019934433117,0.3437226974611435,0.9071439907107812,1.1270626574461196
28,Frontend,Mid,2.222133955202271,29,2025,0.8243243531201122,0.7600220072909017,0.8499031605481993,0.8090082384244729,0.04280256696947584,0.6437612373432843,3.186460459030022,1.0154330843394261,81.507988906341,80.10236276099874,0.44937609570265774,74.45044902197121,74.05851606824505,0.3826662083514585,0.9071439907107812,1.1270626574461196
28,Frontend,Mid,2.222133955202271,30,2025,0.9777745607231323,0.9330558411397211,0.6547042910461924,0.10699162158026819,0.24949214086483218,0.8662091458498328,2.0029353933718133,0.894009095272954,105.26082952921034,107.15433932874915,0.5747362903118345,74.87124950949682,84.73309002922683,0.354874739808784,0.9071439907107812,1.1270626574461196
28,Frontend,Mid,2.222133955202271,31,2025,0.8644520828918735,0.8670695669743581,0.6351069708648672,0.3045079479026655,0.3950716876825036,0.664079207402841,-0.004466609080048922,1.0994294604703954,78.99777650621795,76.3279031531723,0.17119669132390036,72.71117871448035,71.44585476104504,0.4139594028067428,0.9071439907107812,1.1270626574461196
28,Frontend,Mid,2.222133955202271,32,2025,1.0891807330555547,1.0229577731039214,0.7238019644828622,0.6233259405309536,0.2526800380954991,0.9769791386950505,1.8404304611191162,1.10208458603186,67.89441353694488,69.79356925738236,0.6662125291446016,72.21464815244043,79.29948145012833,0.4186281826027018,0.9071439907107812,1.1270626574461196
28,Frontend,Mid,2.222133955202271,33,2025,0.7164201955958476,0.6735937603731823,0.6989507650131013,0.14211041619050968,0.2560741688821126,0.871924910396669,2.120920350512724,0.9596308156847372,81.0113178536151,86.11109306616675,0.42055790401843013,72.9273378655659,75.98477217897894,0.38419834759056487,0.9071439907107812,1.1270626574461196
28,Frontend,Mid,2.222133955202271,34,2025,0.9290465728741917,0.9184874138410345,0.8598922114192076,0.19309105268579965,0.14956598107150004,0.7965753512639417,1.5312080657946427,1.0973223358990418,64.99776937468432,67.76221886754531,0.31602142190205457,71.45344011523868,78.2258493143574,0.4240191328861527,0.9071439907107812,1.1270626574461196
28,Frontend,Mid,2.222133955202271,35,2025,1.0725716374761844,1.0588948330129573,0.7761558732117613,0.46714908761439894,0.4267362863273862,0.8837382257075531,3.1050351408117693,1.0189656546221941,84.30403422731688,85.95296535861836,0.22838595997498795,71.76793276665569,79.10690360939577,0.4057270245356414,0.9071439907107812,1.1270626574461196
28,Frontend,Mid,2.222133955202271,36,2025,0.7779805914998593,0.6911075398395677,0.46187076052845266,0.7574245985073272,0.2473657275607601,0.8995114717246824,3.4846383089277486,1.0814952800404267,97.5691091640938,95.32866346945941,0.2804234227851045,71.0198946781488,69.66630419460606,0.42446660035684536,0.9071439907107812,1.1270626574461196
28,Frontend,Mid,2.222133955202271,37,2025,0.7950800474787573,0.7730899217356084,0.674945974030564,0.13821369845745607,0.33607111095534337,0.8276181906920718,2.4570780116390116,0.8883220522530717,68.45015799817334,69.29775678685638,0.6500659212053808,72.38565262674446,75.30030648669015,0.3744506385610772,0.9071439907107812,1.1270626574461196
28,Frontend,Mid,2.222133955202271,38,2025,0.8584014018519532,0.9024988996771324,0.45393813777772685,0.2991014970074787,0.04348840255848729,0.5901947153325962,1.60626757505056,0.9699163374452099,75.04405923412537,68.04361931228803,0.34340917448747843,71.62406306184735,73.14977042452999,0.3971160753069807,0.9071439907107812,1.1270626574461196
28,Frontend,Mid,2.222133955202271,39,2025,0.7772533313544298,0.7515160004040002,0.4159157463137633,0.37701182385335147,0.061631513306996615,0.8291096154907394,2.42030869902111,1.0853463127219438,75.10959835059495,79.91256410194922,0.7797918933533756,70.66416763012374,74.64698856996644,0.4282011989600243,0.9071439907107812,1.1270626574461196
28,Frontend,Mid,2.222133955202271,40,2025,0.7551449512926398,0.711978472317299,0.6650320895213607,0.2802115475646929,0.4234003015688,0.49220392167627713,2.449354834611199,0.946934285676979,63.8995740062407,63.6085437405753,0.7620101118319169,71.80791947599319,70.04762844267213,0.39098752816878596,0.9071439907107812,1.1270626574461196
28,Frontend,Mid,2.222133955202271,41,2025,0.99960361355271,0.9262295112216955,0.5823541842867845,0.07039169443224821,0.3464813531926253,0.6042512544443076,2.0420469997966433,0.9539600871623126,67.68452139631071,74.4868098702474,0.10419116763057949,71.86054834747053,73.80140447315861,0.39195411453687484,0.9071439907107812,1.1270626574461196
28,Frontend,Mid,2.222133955202271,42,2025,0.8967624948168936,0.8574252552717474,0.8505748882446692,0.3137720660303304,0.34647010334915135,0.5736445708101828,3.3706240608526814,1.0635853127668302,82.01632937340146,74.66616143934684,0.728495985175802,71.16317441633757,77.3334087187265,0.41969060908388633,0.9071439907107812,1.1270626574461196
28,Frontend,Mid,2.222133955202271,43,2025,0.8069533099960963,0.7785970413610892,0.7684273974451505,0.49703600464596975,0.2048828934049966,0.9643182687032237,2.297115582989961,0.8942909218964082,84.87026442608652,74.47623936087827,0.7630470479595248,72.76533062846198,77.96089496222002,0.37248042914209845,0.9071439907107812,1.1270626574461196
28,Frontend,Mid,2.222133955202271,44,2025,0.8939744207471341,0.8123576139566132,0.6034971792435078,0.08952692003525071,0.6864077214354962,0.9409947476702591,2.8297778582886393,0.9308259037214537,66.93110938717354,64.43429617845364,0.19339443145009133,72.78541157265938,71.41352037829101,0.37962008430546246,0.9071439907107812,1.1270626574461196
28,Frontend,Mid,2.222133955202271,45,2025,0.773432432687799,0.6995531954627308,0.5574540915409024,0.22155659555733304,0.20323416855186457,0.6552501369373677,2.217925290256688,0.9998723337430022,92.27404017347922,85.69344040487945,0.49380380905261717,72.60540572109977,74.9376169316521,0.394929419072769,0.9071439907107812,1.1270626574461196
28,Frontend,Mid,2.222133955202271,46,2025,0.9022843472465716,0.8338741116738623,0.8511145071944314,0.15405314960843422,0.30663831504496,0.7852462019410433,1.436899846696001,0.7236176261687102,72.81233586808443,67.31891015603634,0.6169990802189133,75.24238383134563,77.2219632446688,0.31770365997252836,0.9071439907107812,1.1270626574461196
28,Frontend,Mid,2.222133955202271,47,2025,0.9093614526819616,0.8706475320833733,0.6077280394725498,0.25817607651940544,0.2277926546150391,0.7375783738315346,1.4313719693534581,0.9372659832403697,66.21952677246149,68.98975462666026,0.36617817240608247,74.00848653232056,74.56985665308838,0.370715808878736,0.9071439907107812,1.1270626574461196
28,Frontend,Mid,2.222133955202271,48,2025,0.8413064858774566,0.8541204511392488,0.515816042542572,0.17712511051667715,0.5251327155623378,0.7645471604271572,3.7667745177402896,0.9987571607282126,71.76845910510089,77.5558447405342,0.49275352365152514,74.03326498585476,73.63071268437348,0.38280755726351956,0.9071439907107812,1.1270626574461196
28,Frontend,Mid,2.222133955202271,49,2025,0.8441361146113451,0.7499514519937365,0.7272474296096482,0.07438514730078573,0.0673813370019153,0.7868555064763544,1.5511411928968872,1.0157473747755439,75.31484284614487,78.83397361384354,0.5089059855692523,74.44793469848227,79.93476927173889,0.3827500191344232,0.9071439907107812,1.1270626574461196
28,Frontend,Mid,2.222133955202271,50,2025,0.9147780137291371,0.8723856056651104,0.5027888254760282,0.48389661276570506,0.26736508908052103,0.8391400542577215,2.7633119981877092,1.036280642698468,84.22484837233291,74.3718342689347,0.663704087831447,74.86011466887376,76.16252758710577,0.3834218396324123,0.9071439907107812,1.1270626574461196
28,Frontend,Mid,2.222133955202271,51,2025,0.9852747539162863,1.0009663617419575,0.7988922014767893,0.359295956465256,0.38712373747972423,0.4957096458134328,4.376899275376681,1.0076218669272279,69.99309883658515,66.30600013650808,0.7624509851165828,75.68327979520485,77.87463590257933,0.3708303750920718,0.9071439907107812,1.1270626574461196
28,Frontend,Mid,2.222133955202271,52,2025,0.9666451595738669,0.877209190255897,0.8616177473174825,0.11238254927201678,0.48887884261219494,0.7770813541170887,2.7776527925102252,0.965210276443105,63.885172281244266,63.50341399029042,0.4248219404372519,76.62525592035445,77.65716383024797,0.354498255952334,0.9071439907107812,1.1270626574461196
29,Frontend,Mid,3.0753971856328177,1,2025,0.5992049133916596,0.49775353593698834,0.518523821287215,0.09526378282176275,0.43877323395046763,0.6273603443043941,3.053489663557822,1.005318241968694,79.85379657261045,75.46289664969281,0.700829231045554,65.78676559525694,68.4406572769855,0.45284060176659763,1.1951891439201878,0.90748648824266
29,Frontend,Mid,3.0753971856328177,2,2025,0.8285672279491688,0.8156049826392379,0.7846111556697224,0.1437649728400503,0.25154367390396165,0.7918897234675933,2.113935544366056,0.9733729748183512,59.87324686010929,53.85690291188906,0.49424001393057054,66.63622265262083,74.86544919235814,0.43937273952516326,1.1951891439201878,0.90748648824266
29,Frontend,Mid,3.0753971856328177,3,2025,0.5920574593935358,0.5770394003594979,0.6617243888432438,0.5564424213002153,0.29517810149102336,0.8123626000741277,2.8680649377469414,0.970774929955522,76.58216861731455,70.01316426194369,0.34868790030811964,67.23345312529835,66.53810525900818,0.4338762099469514,1.1951891439201878,0.90748648824266
29,Frontend,Mid,3.0753971856328177,4,2025,0.7703914190718497,0.7961188751603578,0.6601536653866089,0.2147458669109679,0.3807344701447731,0.9285518953185429,2.5939494417884172,0.9684018685947975,72.30497443481534,77.12063624514133,0.20753376346993915,67.80302904119031,72.90864142563476,0.4286551317090402,1.1951891439201878,0.90748648824266
29,Frontend,Mid,3.0753971856328177,5,2025,0.5936633412558487,0.5671932373085193,0.6643041797773674,0.47298007531270925,0.2693056582891061,0.601423106344206,1.9574240890741592,0.8118257692143049,86.83667861228558,87.67310587455808,0.5540425649712557,69.5723457096712,67.62613130379562,0.3825956062622677,1.1951891439201878,0.90748648824266
29,Frontend,Mid,3.0753971856328177,6,2025,0.7885989073010026,0.7271658003573891,0.7193326618800604,0.13157604804475384,0.3743635296275702,0.7013172489611155,2.007080038610508,0.7602422318549158,72.81452964850106,78.09016873035019,0.7234633598549783,70.46030356609451,73.70065776721107,0.3648792499868623,1.1951891439201878,0.90748648824266
29,Frontend,Mid,3.0753971856328177,7,2025,0.5840510267975929,0.5341727262949052,0.6041733383969886,0.8310793370968365,0.07443901509218592,0.8899410858783674,2.641962177409176,1.1008955828599232,94.25027911669432,99.3211015555121,0.35988961703367545,68.16201720770597,68.28019660656767,0.4521623065077682,1.1951891439201878,0.90748648824266
29,Frontend,Mid,3.0753971856328177,8,2025,0.6009257615463977,0.5162584290769787,0.738572363755703,0.04865947929803482,0.36654446710972743,0.9077170965597855,1.566221386607973,0.9494222826812193,95.33845105036295,96.24506940654749,0.7942849396929752,69.74616919774839,77.35212429661263,0.4086663798883406,1.1951891439201878,0.90748648824266
29,Frontend,Mid,3.0753971856328177,9,2025,0.7855743705071352,0.7489900126277628,0.7491351894163546,0.29641797936272524,0.6880345867850494,0.7722499438765291,2.404079323926122,0.9992287825385262,70.74777693405171,62.567685297251785,0.7045089743864013,69.6600779976877,71.76103070962013,0.41934510652697443,1.1951891439201878,0.90748648824266
29,Frontend,Mid,3.0753971856328177,10,2025,0.7846163902687353,0.6869076758338055,0.7265754703382504,0.16554305404614214,0.2369081885021313,0.7235600501432373,3.040362717255122,1.0079967762469677,78.2402594538338,88.47939235211251,0.6302525437007345,69.8377351331812,77.03558834694144,0.4196182291395502,1.1951891439201878,0.90748648824266
29,Frontend,Mid,3.0753971856328177,11,2025,0.7836357290159824,0.7396701700873961,0.7084216588946441,0.2768380460872075,0.1199397825456109,0.893237217711393,3.555633756839825,0.9454319335651032,74.83591512371953,71.17025550009541,0.5074730126138904,70.51788174833929,76.27000354588387,0.4014373721435265,1.1951891439201878,0.90748648824266
29,Frontend,Mid,3.0753971856328177,12,2025,0.7540256225857571,0.6125130457251181,0.7827790444195657,0.5729935212365836,0.20025895943809077,0.4650761196720624,3.4378607795351357,1.1020021748913464,86.49538639491568,90.38243697370412,0.9249737921921937,69.37415510108936,72.93615580772186,0.44228247580252467,1.1951891439201878,0.90748648824266
29,Frontend,Mid,3.0753971856328177,13,2025,0.7189343313909713,0.720030546936168,0.6724986527744952,0.18643535926111446,0.27197415708414063,0.7249036040025797,2.7533307601066177,0.9027114006374228,68.38807596065845,62.70805145307712,0.6652634200869402,71.00493692463047,72.85477188139149,0.3888344724222307,1.1951891439201878,0.90748648824266
29,Frontend,Mid,3.0753971856328177,14,2025,0.7852021953819909,0.7140141959437879,0.7163845807974814,0.47399158181839485,0.18780756820431266,0.8757495993835083,2.7429701004188343,1.0288850030450327,89.02117163311536,84.20282017087757,0.7623073266428716,69.95909247585986,77.44092560471994,0.42278456331017433,1.1951891439201878,0.90748648824266
29,Frontend,Mid,3.0753971856328177,15,2025,0.6540178808825555,0.5614658668474067,0.6648150729751581,0.09120794156214392,0.24068634213782017,0.7666082202464409,1.5822766421384702,1.03002267039764,101.30407244626394,95.06980986692841,0.4867115246256752,69.841155853679,75.60455333739795,0.4239949019655363,1.1951891439201878,0.90748648824266
29,Frontend,Mid,3.0753971856328177,16,2025,0.7734614864781889,0.733482003310784,0.7552393375032808,0.35017571138575054,0.12506780307727058,0.9491916680169094,3.371024480536483,0.9707908784746622,84.74554762357963,88.42323040261907,0.9008061254781825,70.13538231535964,81.0162383895233,0.4096966564002688,1.1951891439201878,0.90748648824266
29,Frontend,Mid,3.0753971856328177,17,2025,0.8691274244650574,0.8055384075774454,0.8217912665058428,0.32007229096224105,0.08071202417166733,0.705713593764153,3.5000765575452304,1.2911766747089521,93.0263435554576,90.0634606788901,0.05406751549430615,63.83037476381686,73.40154149380372,0.5263155452433166,1.1951891439201878,0.90748648824266
29,Frontend,Mid,3.0753971856328177,18,2025,0.8470508540333742,0.8098810430694563,0.6719944809063418,0.28174685983439635,0.22584332529005632,0.7657684500198495,1.3811808608058194,0.9777842760291569,77.90031093741835,83.33059355088695,0.6440096135887874,69.51927325096489,77.35527412530193,0.41622957811445727,1.1951891439201878,0.90748648824266
29,Frontend,Mid,3.0753971856328177,19,2025,0.6586814623538744,0.564053197483471,0.5903016556366996,0.41334453818535605,0.17630583155895863,0.4185107492961758,1.9522831411003332,0.9067826165194919,68.3032852483398,69.80129071607341,0.5429954670099983,69.71492093842944,65.72287213465951,0.40039884881698634,1.1951891439201878,0.90748648824266
29,Frontend,Mid,3.0753971856328177,20,2025,0.7099014084053856,0.6489026833389373,0.8110963764857059,0.1825553585732302,0.5312087309122038,0.4611648435010455,1.9413467972524736,1.0946837447596263,90.874105536367,89.13507971316781,0.6770092908408356,67.78477146285682,71.99556352650389,0.45406365342811844,1.1951891439201878,0.90748648824266
29,Frontend,Mid,3.0753971856328177,21,2025,0.7695199508101723,0.7423961464999916,0.8227459031154849,0.07196880845068887,0.1004066294477813,0.5855724168775808,2.7916222506631847,0.9418388842073675,70.74664328636925,83.01612876249585,0.6762974339378863,68.5322407897267,77.91432081912534,0.41726577026041767,1.1951891439201878,0.90748648824266
29,Frontend,Mid,3.0753971856328177,22,2025,0.756193620865109,0.7013036787372688,0.6205226912769225,0.06818673372764254,0.12410166714432537,0.7986005354992457,2.3600359295669824,0.9789291715966525,84.38564075595764,93.8295396747825,0.30569965204363386,67.71881061717549,76.36559071490339,0.4314624125095347,1.1951891439201878,0.90748648824266
29,Frontend,Mid,3.0753971856328177,23,2025,0.659776655585624,0.575409784678673,0.6783866242662359,0.3106438753144987,0.12259893282893823,0.3914637029937847,1.3584509325755905,1.08896486709728,81.89671543989336,73.75074950640933,0.1584669118532895,66.2879336281643,65.94072321775218,0.4653935265180869,1.1951891439201878,0.90748648824266
29,Frontend,Mid,3.0753971856328177,24,2025,0.6639010646475164,0.669859522020189,0.8044878742653973,0.247355728738619,0.2165800620743055,0.5110593944894666,3.0178290546920916,1.0320352290147161,88.29019563870865,83.62613660665714,0.7608556717885909,66.16692461904992,74.57999433762754,0.4550160073108605,1.1951891439201878,0.90748648824266
29,Frontend,Mid,3.0753971856328177,25,2025,0.8861682392469686,0.870788881936684,0.9078247327281108,0.19645004249191406,0.09624469951769406,0.9128936735179223,2.678010525925907,1.1353523391992586,91.07840300026939,89.62821028082348,0.4994021071585097,64.74649281741242,82.21771509876912,0.48751636102808155,1.1951891439201878,0.90748648824266
29,Frontend,Mid,3.0753971856328177,26,2025,0.8097817233297535,0.7780961426570069,0.7927948025131216,0.10897686225868274,0.12056752911124585,0.7713679530272766,3.3816814590029782,0.9061116689084991,75.70588666417636,67.02694201198378,0.8840654318174646,65.97773477846187,79.3556580618581,0.4314078772945176,1.1951891439201878,0.90748648824266
29,Frontend,Mid,3.0753971856328177,27,2025,0.6059863303549747,0.5761703352209258,0.6899985743613093,0.7069994348890164,0.2738411581471907,0.8052974627660139,1.7319349625686926,1.0259441690233586,77.08984446159477,77.48446746726037,0.5738390160846478,64.41639137626639,67.45892423248152,0.46838557233578515,1.1951891439201878,0.90748648824266
29,Frontend,Mid,3.0753971856328177,28,2025,0.7581850933188409,0.7114054880766214,0.5875809484279105,0.2455814262248066,0.2402441801310069,0.8372257029221203,3.3318463535829395,0.9869734454048885,86.80378376985219,80.1818431418139,0.4536043117319392,64.13426224505297,73.81299376608378,0.46294250370553636,1.1951891439201878,0.90748648824266
29,Frontend,Mid,3.0753971856328177,29,2025,0.7922809724082701,0.6428796933684089,0.48471490981577897,0.19944140195315802,0.4554259530306188,0.8939082881936071,2.621779127460538,0.7713311705363467,89.63454675232306,92.74419858245616,0.4733579643604009,65.28295433022642,70.67748783895856,0.41024161468871584,1.1951891439201878,0.90748648824266
29,Frontend,Mid,3.0753971856328177,30,2025,0.7349499361996322,0.6511863424060702,0.6837753446144542,0.4793937217004641,0.20972814287118965,0.6899103555781206,2.315772777632227,1.0552164404974007,105.10743470547672,110.68845291419446,0.296159954841172,62.46128074553182,72.55017357103044,0.49053261522004826,1.1951891439201878,0.90748648824266
29,Frontend,Mid,3.0753971856328177,31,2025,0.8338093896280669,0.7512778913873909,0.7769682018743205,0.20844266960992963,0.45924566616377566,0.7992061608219839,1.8399242668993565,1.1469825713635036,73.26212988708919,62.381926316422565,0.2697176873500647,61.21044382516605,69.93599922700787,0.5193094823963169,1.1951891439201878,0.90748648824266
29,Frontend,Mid,3.0753971856328177,32,2025,0.8050350053911256,0.7874046287265539,0.7257054226721128,0.17661298784733848,0.24154662211518615,0.8240876506459164,4.827171831094046,0.8053467033390523,72.46623660422475,66.8515183875445,0.7673227634314597,63.468241211813464,75.2078895444164,0.43216733056936496,1.1951891439201878,0.90748648824266
29,Frontend,Mid,3.0753971856328177,33,2025,0.6973675737245449,0.6792188057399632,0.6364114102116538,0.5058498368684693,0.09611491394847327,0.8779227137752942,3.688618715828915,1.0084237349829404,85.93639464375632,93.87846859603499,0.5082580339773769,61.41668450901083,73.60060402377204,0.4898790427548312,1.1951891439201878,0.90748648824266
29,Frontend,Mid,3.0753971856328177,34,2025,0.712845202622873,0.6913109968823025,0.6295687790499861,0.08594181386971948,0.21038253179257826,0.5202962999430794,3.294830813792281,0.8013611535524905,84.98834328278295,88.86541510025232,0.13641478292079087,62.70081957184166,68.7887663208669,0.4377654009451509,1.1951891439201878,0.90748648824266
29,Frontend,Mid,3.0753971856328177,35,2025,0.6606586570894131,0.6816524465173223,0.7160751499797151,0.49280087516389104,0.053884688546566105,0.4169338264564016,2.9056895270580885,0.9794936485859256,80.73901867599042,71.27150433715424,0.8353477966578629,60.963398812776404,70.81173121178514,0.4878704062773817,1.1951891439201878,0.90748648824266
29,Frontend,Mid,3.0753971856328177,36,2025,0.7682120046306139,0.6970809836308848,0.8006854464412634,0.18316565697519996,0.09146428849302088,0.5386106935951466,4.115119564079709,1.0306027749933426,97.43832264184003,100.08519049041621,0.6331450202072124,60.306724716356044,77.65547254913714,0.5035645156957015,1.1951891439201878,0.90748648824266
29,Frontend,Mid,3.0753971856328177,37,2025,0.7202052600708635,0.6803598651889062,0.6970529043282223,0.29628435142336873,0.08791421068779225,0.880785527630285,0.5335369376947472,1.034248826890386,65.27673525062141,63.230569881093004,0.21233068806246366,60.09792842747652,70.43596426628763,0.5060336951491062,1.1951891439201878,0.90748648824266
29,Frontend,Mid,3.0753971856328177,38,2025,0.7294036579096898,0.649594092395223,0.7039793451640506,0.15844332781526882,0.11515400808484676,0.5029920280432518,3.0117732126204064,0.7947588079888932,91.85496410952648,87.48729880454013,0.3400136534446661,61.905013295328445,70.86430868063952,0.4430766508033749,1.1951891439201878,0.90748648824266
29,Frontend,Mid,3.0753971856328177,39,2025,0.7890281446328585,0.664272731717056,0.9030739469870106,0.8049906327217707,0.2274679584392278,0.9702369823779938,2.769784398839091,1.1539256749804263,82.62749550150876,85.96497299507554,0.423166243323541,58.99522272988645,71.08253434178546,0.3395225533666325,1.1951891439201878,0.90748648824266
29,Frontend,Mid,3.0753971856328177,40,2025,0.6853721663653243,0.6077577413822078,0.7020887162999078,0.39845186471757627,0.4806443274657097,0.7815836547753203,2.412530326971954,0.9263411891535313,65.97563575600775,52.62723392268714,0.5351346259102476,60.852354246011345,65.671935608493,0.4781652857806117,1.1951891439201878,0.90748648824266
29,Frontend,Mid,3.0753971856328177,41,2025,0.629274557105138,0.5231399617729336,0.6878852337222486,0.22248774162491236,0.23512518488014056,0.7933838088889792,2.9867722915221613,1.0646860394514477,77.4772287058437,84.3858273264994,0.6314839894607064,59.854430726988014,71.19982275896389,0.28416263563837363,1.1951891439201878,0.90748648824266
29,Frontend,Mid,3.0753971856328177,42,2025,0.5265974444833262,0.4899032223411574,0.8263417539962801,0.18553499895965578,0.2896146179887363,0.8101375796553429,2.943760314621547,1.1976814964804716,79.2278687107934,78.19782558282104,0.8459768513220309,58.97009494445901,70.89024846935088,0.3617145614344982,1.1951891439201878,0.90748648824266
29,Frontend,Mid,3.0753971856328177,43,2025,0.7879440680575946,0.6785985597555813,0.6772143210278874,0.17090562030720827,0.30468742509481883,0.730331793475258,3.1775278269003673,0.8998564419889751,94.94195951449163,99.0232581114049,0.5699252949780336,61.60049646555201,75.19621442032344,0.46663381785152824,1.1951891439201878,0.90748648824266
29,Frontend,Mid,3.0753971856328177,44,2025,0.6626435111733995,0.61344675232856,0.6597759551270906,0.2622733395559256,0.12726765412796384,0.9055585266832191,2.275592863638843,0.7995851390053632,79.6562373248705,87.6569819837909,0.564011365841694,62.71502768821866,72.64287089742673,0.4372917970659171,1.1951891439201878,0.90748648824266
29,Frontend,Mid,3.0753971856328177,45,2025,0.7861331713889332,0.7482183867937614,0.612905644933526,0.33006776414695466,0.21080550957193558,0.448718683088591,1.9965009291420404,0.7911728102559612,87.79930344611533,94.94825254614241,0.6012231924308107,63.15469190682666,70.94754068018258,0.43194546282763674,1.1951891439201878,0.90748648824266
29,Frontend,Mid,3.0753971856328177,46,2025,0.7653483469836438,0.7432131199854746,0.6835399842326241,0.20915412899245087,0.15276192746918424,0.6122223730643307,4.168309315724111,1.0156377940437444,69.12753200206942,61.462466445467115,0.7227327106923784,61.785912486175924,73.30929405064713,0.48824495475728286,1.1951891439201878,0.90748648824266
29,Frontend,Mid,3.0753971856328177,47,2025,0.837489037778045,0.7997879109774741,0.6674103991227992,0.03972569642964164,0.3881594490180961,0.6723425021540497,3.3072554279353685,0.9571079389003186,102.55516982936521,103.17264948436558,0.7314259824731039,62.729440884871536,79.32254147713913,0.468676247072801,1.1951891439201878,0.90748648824266
29,Frontend,Mid,3.0753971856328177,48,2025,0.7162350976976221,0.6864216326642144,0.6464007268632463,1.168115327210636,0.014213285207542937,0.6095973927354266,2.2952804937817755,0.9531245770469261,89.34656031797623,96.4744298588074,0.8625334452890155,63.278015653135604,69.54571817371318,0.4633081182999219,1.1951891439201878,0.90748648824266
29,Frontend,Mid,3.0753971856328177,49,2025,0.746903622154452,0.7239049457284834,0.8056501585308172,0.08920605902537855,0.36028890280839576,0.941002869147064,3.9299611867896775,1.0788173228770908,79.30815380267167,75.21482011667102,0.5971901701604777,62.82306511150045,76.44523909206178,0.4922379219795811,1.1951891439201878,0.90748648824266
29,Frontend,Mid,3.0753971856328177,50,2025,0.7248840082962891,0.6518022449936357,0.7701588849287009,0.25213139742236707,0.4622168388463529,0.6643375267645601,0.1015697135584408,1.0698005851553127,71.5879146110146,64.89935948068901,0.9413047095838267,63.47164512704956,71.91561939049498,0.48502974097231616,1.1951891439201878,0.90748648824266
29,Frontend,Mid,3.0753971856328177,51,2025,0.792055993762041,0.7299141762087874,0.7627411626414199,0.13540861910209584,0.11098641593093214,0.7036129275359216,0.6076431754937268,0.9542095963230834,77.7111579111229,67.80829807332086,0.25527500471465514,64.99026795786857,74.017695684285,0.44925635294904526,1.1951891439201878,0.90748648824266
29,Frontend,Mid,3.0753971856328177,52,2025,0.6922568050511838,0.6392017815030812,0.5820675201552514,0.20258385985010766,0.027338197371026603,0.9256819880797097,3.083649841183708,0.9574158891725914,89.07391103137395,86.88282886950464,0.37459589024714746,65.56730101634913,75.2369364634678,0.4450890026982755,1.1951891439201878,0.90748648824266
30,Frontend,Junior,0.6738035892876946,1,2025,0.5844668377716618,0.5975632012504366,0.46110259256472624,0.24503925555061745,0.38062184055404036,0.738822880801518,2.621957023376046,1.125363660204177,79.54185757089404,82.71933587926242,0.684036754909465,76.45588483490451,69.63341190760951,0.3879403584166311,1.2655279698039417,0.7216989730422136
30,Frontend,Junior,0.6738035892876946,2,2025,0.5846592549618049,0.45365505064789463,0.7765547323358827,0.2694747787396179,0.11986449875700889,0.4821304805649522,2.3706976150129515,0.9449610392768178,83.19267520795661,87.71611722272456,0.4180492255017976,78.49300072248455,70.99309190489012,0.3348838685013257,1.2655279698039417,0.7216989730422136
30,Frontend,Junior,0.6738035892876946,3,2025,0.7422781162156108,0.6538568533031133,0.715650545384427,0.08788869555202086,0.16256799987158757,0.8568581705082698,1.9040954941352428,1.1328587090997615,90.14944514367319,92.97223563805656,0.45949618297368566,77.5662654776759,78.41564011066401,0.3801861961726532,1.2655279698039417,0.7216989730422136
30,Frontend,Junior,0.6738035892876946,4,2025,0.6262621216648817,0.586920664075129,0.6651634669223505,0.5345472992945365,0.12768932679802728,0.8608952080733568,4.09047503896895,0.7992526599974598,78.32713322848888,77.46265105278484,0.5083718904247881,80.78570529550046,70.99113132568004,0.28663632120365473,1.2655279698039417,0.7216989730422136
30,Frontend,Junior,0.6738035892876946,5,2025,0.6543547583312723,0.6100700772427912,0.7623373181644628,0.5770978600578957,0.13617613136682746,0.47575028487321186,2.8934950735039755,1.0214304647744517,79.77350369792569,84.25319067063144,0.7066440364061269,79.52499073072147,72.31544114526436,0.34157783686554477,1.2655279698039417,0.7216989730422136
30,Frontend,Junior,0.6738035892876946,6,2025,0.706123407642508,0.5908289458811323,0.6624618543899518,0.1389085116645108,0.297782705770118,0.48355729000076264,2.686237759455872,1.032626611245382,72.7139568464388,80.03440359978282,0.10120524914385769,79.91071111650223,69.16962559624903,0.34060272961155785,1.2655279698039417,0.7216989730422136
30,Frontend,Junior,0.6738035892876946,7,2025,0.4985756282907085,0.5122177883156657,0.586574729684394,0.4300279448131549,0.6616762328317318,0.856690957760776,2.789853204876838,0.9749455891914475,89.77122308496504,87.83171351739925,0.6657348584289028,80.79909974258523,68.82965364685931,0.32166328665007926,1.2655279698039417,0.7216989730422136
30,Frontend,Junior,0.6738035892876946,8,2025,0.4609368863107104,0.363017719549509,0.6532795003730382,0.7559802626683396,0.29377483864180237,0.5911924998880835,2.8925895800074883,1.0930295505747814,65.96402700419392,54.9998355772962,0.6525885519112911,80.22679364013133,61.13622410892858,0.3500492964471952,1.2655279698039417,0.7216989730422136
30,Frontend,Junior,0.6738035892876946,9,2025,0.6274834281297307,0.6839072724702909,0.7687256214628081,0.23693795144563878,0.04451898590074177,0.5690950186286095,2.848496252428501,0.93241403373669,77.63171957197703,71.50444683588248,0.6753684803990807,81.82407857363384,75.90743365124337,0.3046154853003893,1.2655279698039417,0.7216989730422136
30,Frontend,Junior,0.6738035892876946,10,2025,0.5327224083602952,0.4525529972177238,0.6758796296524336,0.41555534312298087,0.04591559568337685,0.468204089042721,2.8297897071945837,1.1045592272064142,97.90900881116404,103.59274900238995,0.6053559695382721,80.69471811103708,71.86209903335772,0.34845586118264055,1.2655279698039417,0.7216989730422136
30,Frontend,Junior,0.6738035892876946,11,2025,0.3530681373356729,0.24772155664726064,0.688522833913116,0.23168114886070632,0.16941629433174482,0.9891920761195535,3.860611204852284,1.1215943797877614,74.7175370502018,77.30046189805228,0.5667355125520197,80.73806476408947,69.26811648365256,0.35150166959014,1.2655279698039417,0.7216989730422136
30,Frontend,Junior,0.6738035892876946,12,2025,0.5605290118732639,0.5524253338899059,0.7675081840812193,0.509738482956359,0.15462401951227614,0.658293025934838,2.549792821843717,0.949857193580424,82.07009330394366,82.04365615151599,0.023210750570527912,82.22079753710818,68.3480595278669,0.3047981259068499,1.2655279698039417,0.7216989730422136
30,Frontend,Junior,0.6738035892876946,13,2025,0.43618665972708504,0.4024025622902328,0.7918206126519947,0.21405651715900584,0.5078339588033862,0.6538702409106809,2.3224914745108087,0.9124746712915786,66.9773376203101,68.53726297622562,0.2275989405020188,82.55631334492868,64.46375641236645,0.29452565638391004,1.2655279698039417,0.7216989730422136
30,Frontend,Junior,0.6738035892876946,14,2025,0.7018001626002195,0.6198509421137729,0.6769400087957864,0.3710877341892804,0.05088625324041693,0.6511999939446892,1.9077189039257534,1.1834271632610338,78.29949286223598,78.76721996762745,0.2710372742563232,80.35223777966331,71.05938790742827,0.36708345115501245,1.2655279698039417,0.7216989730422136
30,Frontend,Junior,0.6738035892876946,15,2025,0.614743342265932,0.630483593645461,0.7580992622096125,0.34280626390772206,0.21285630274741005,0.5534843491361762,2.27973899702911,0.96257176317769,89.48903956062085,85.22104878932176,0.3739427117523328,82.01024569697005,72.74932195655288,0.3090956384941209,1.2655279698039417,0.7216989730422136
30,Frontend,Junior,0.6738035892876946,16,2025,0.6563054392056914,0.5948856710742376,0.6477850137886612,0.09527730012679923,0.5500621036091929,0.8366270084365088,1.7172407323806196,0.9822798335253153,70.9824283948915,70.9159084258434,0.6026436804060448,81.67295326048587,72.80174626160554,0.3158480228676809,1.2655279698039417,0.7216989730422136
30,Frontend,Junior,0.6738035892876946,17,2025,0.47972784806735685,0.37809979704586266,0.82938896058438,0.19253911031484688,0.032154257043396875,0.6949882923984815,2.7933596425638347,0.9405810822294489,76.39713394190667,84.15112701718513,0.6242772440701863,81.75874218569176,73.99264494020025,0.30679336489845843,1.2655279698039417,0.7216989730422136
30,Frontend,Junior,0.6738035892876946,18,2025,0.548151115339761,0.47983766184105475,0.7222547752220432,0.28727119915583826,0.024406768240731732,0.6891468095263557,2.9268271222856312,1.058107010599282,83.05843644414178,83.6130119323087,0.4975099171171914,80.50617395993532,73.23769453565225,0.3407366191203953,1.2655279698039417,0.7216989730422136
30,Frontend,Junior,0.6738035892876946,19,2025,0.6855694683191518,0.6666056437637936,0.7791023038693717,0.3929818400902062,0.3611469536264882,0.8895803265087897,2.0203654337492103,1.0664022053010653,69.04930148361541,62.47376036449262,0.37750665440804687,80.0674468137083,71.73921372109707,0.34605171761264386,1.2655279698039417,0.7216989730422136
30,Frontend,Junior,0.6738035892876946,20,2025,0.5965461549778406,0.5562757235669322,0.6216086067892235,0.14312705198775916,0.23048314759085392,0.30000424464951686,1.9752599524939334,1.0124548384206784,82.90337635241637,75.43659040800749,0.7369950283855757,80.07208529909985,71.15315094618778,0.33522359019163694,1.2655279698039417,0.7216989730422136
30,Frontend,Junior,0.6738035892876946,21,2025,0.6326055295461956,0.5388815342331787,0.7971738012521705,0.2455469180020595,0.41321161040948207,0.8927479868975333,2.2749950968766384,0.9373345328185425,68.57071872225762,75.28221997214554,0.2565613139648262,80.19775818636874,71.00680119989849,0.3191522550106356,1.2655279698039417,0.7216989730422136
30,Frontend,Junior,0.6738035892876946,22,2025,0.5682321079587491,0.5293382986642823,0.8411020367272483,0.17709554590204443,0.3260596775063495,0.9028256512753045,1.1529209362306847,0.846178940661088,73.98557538856915,69.4649185186095,0.6410011590660393,80.41029505019145,73.74401898411882,0.2991499960472888,1.2655279698039417,0.7216989730422136
30,Frontend,Junior,0.6738035892876946,23,2025,0.5216988813250135,0.447263630002934,0.8330950935822822,0.428891879353611,0.14337078785968543,0.4337719370615545,3.479832257061364,0.952134669254986,63.272686358365334,64.74652110272214,0.7721672196869437,79.01205779643409,68.58870395517155,0.33199311888071315,1.2655279698039417,0.7216989730422136
30,Frontend,Junior,0.6738035892876946,24,2025,0.6535365965311228,0.6265691617329603,0.8540130669860402,0.23617128791446418,0.1981432742873,0.7879371152918353,2.137543673147173,1.0086494848110823,75.52325634043605,73.98609461318947,0.7943455178869688,77.98349315821044,77.82866550336071,0.3518674539771295,1.2655279698039417,0.7216989730422136
30,Frontend,Junior,0.6738035892876946,25,2025,0.6037206190904307,0.6117504052691722,0.7473573537332288,0.32590074911601963,0.16610496823839183,0.7783926005525925,2.1992916221459997,1.100247263918236,93.55828470586606,94.59450801487044,0.34406971116793533,76.65681600519204,74.01487515834495,0.3812426527403801,1.2655279698039417,0.7216989730422136
30,Frontend,Junior,0.6738035892876946,26,2025,0.6389599319952611,0.5662826933840021,0.8612971389939471,1.2506929237749562,0.41233240275118316,0.7885388206960612,1.7874210328226772,1.051895735901393,54.90429144098776,54.407576734393814,0.6147109840063589,76.44094482805016,62.377392232076204,0.37337127361319394,1.2655279698039417,0.7216989730422136
30,Frontend,Junior,0.6738035892876946,27,2025,0.5858345636022256,0.5515955532918967,0.7874546619201541,0.1591655669912824,0.26784004354565755,0.8327141237819303,-0.08565322481448012,1.0955956575202799,83.53820074602412,87.43981869753834,0.6791006261835463,75.48866205382247,75.58963360218272,0.39004694772220205,1.2655279698039417,0.7216989730422136
30,Frontend,Junior,0.6738035892876946,28,2025,0.6276382552888102,0.5224839203570057,0.6833666971767841,0.20819936909796774,0.2894933154237895,0.5916798480996874,2.621698407861832,0.8773666517006067,76.11518625177763,70.15267709817549,0.5187160287599917,76.64059918021867,69.26383590047777,0.33680167050496573,1.2655279698039417,0.7216989730422136
30,Frontend,Junior,0.6738035892876946,29,2025,0.6176590138622519,0.5353654684411455,0.6510397943463874,0.011360238897707034,0.17002641169629137,0.8775889188153427,0.11444585693417642,1.0289868153046458,96.1002871574012,98.18010903908677,0.4332812022235014,74.85119175761147,77.28737337352686,0.38203743174750016,1.2655279698039417,0.7216989730422136
30,Frontend,Junior,0.6738035892876946,30,2025,0.6708387703606357,0.5406150478158998,0.8067993044503489,0.12043951557116614,0.2190503596811727,0.39447063440823865,4.3765934667887985,0.9419197042119242,80.83119016328193,77.66876578939684,0.2797883199274074,74.99713722134707,70.40805770758394,0.3634077973311592,1.2655279698039417,0.7216989730422136
30,Frontend,Junior,0.6738035892876946,31,2025,0.5502434319885213,0.5093045437310575,0.5524507788981893,0.36632069696746733,0.2947815111643914,0.7009921907052963,2.440768248457996,1.17462883625797,102.27139060535686,106.06010719259613,0.5807063516494825,72.61875629154177,70.02573801296798,0.42976946482207923,1.2655279698039417,0.7216989730422136
30,Frontend,Junior,0.6738035892876946,32,2025,0.5913999046559801,0.5205980448882244,0.7828337467781791,1.094508866712176,0.7585819093605188,0.5218614624952524,2.06467930143029,1.0498856544199489,86.96235934227145,93.88867235620731,0.38468887164787635,73.14141218869774,59.61508922506808,0.4004653626448419,1.2655279698039417,0.7216989730422136
30,Frontend,Junior,0.6738035892876946,33,2025,0.6078172721283716,0.6024185075690928,0.5920084944441657,0.580188331650398,0.38611990610775365,0.5139220255470157,1.5016290563620076,1.1698135272361665,62.144977306947595,53.36674424472815,0.6679658974614642,71.75504875651647,62.138233767294125,0.43600396580959605,1.2655279698039417,0.7216989730422136
30,Frontend,Junior,0.6738035892876946,34,2025,0.600172443365685,0.6070806931159528,0.5772837001296951,0.1303384091279963,0.20814616964870286,0.541339014856266,2.6429518765536457,0.8885315726304477,80.29436690742386,78.24785746625406,0.6707236887796333,73.63293880474944,71.17371809723603,0.36409849115317755,1.2655279698039417,0.7216989730422136
30,Frontend,Junior,0.6738035892876946,35,2025,0.5572678882989801,0.44172739086286916,0.6582461771673026,0.19168655494499784,0.49466940980247986,0.6763388621802048,4.8175940097716925,0.8889199428055249,92.55126878736603,87.21113857052009,0.3707577829981249,73.31747104455106,67.4983045038154,0.36680506318984624,1.2655279698039417,0.7216989730422136
30,Frontend,Junior,0.6738035892876946,36,2025,0.46849214367754116,0.46512391399820896,0.9021626640020366,0.16465206305606364,0.13212119708184966,0.9114753872720723,1.6574626330277906,0.9853984502519771,81.44905934339768,77.38799516465423,0.16982831216437552,72.29784189981841,72.56695811202103,0.3945976742185754,1.2655279698039417,0.7216989730422136
30,Frontend,Junior,0.6738035892876946,37,2025,0.5708808557376923,0.5174370808658579,0.8505507148549196,0.2608449707884864,0.1239005939996344,0.6491850132913312,2.8073638195104267,1.0184754719518763,61.320508380183114,61.349603315248046,0.950548648968892,71.85359785251603,73.36729864995813,0.40491511228607496,1.2655279698039417,0.7216989730422136
30,Frontend,Junior,0.6738035892876946,38,2025,0.6498659996836387,0.6245921253901378,0.799454200090033,0.1823265302766028,0.09159659644451826,0.861326882133667,1.0711353598795412,0.9538670995708929,78.02686246613935,80.22336264983397,0.7862801217125807,72.2616295482039,78.47061912716426,0.38859317367914603,1.2655279698039417,0.7216989730422136
30,Frontend,Junior,0.6738035892876946,39,2025,0.6616008290174987,0.6316506089888851,0.7286693854429148,0.24348105148898444,0.41993295432628835,0.5132341483971574,2.6724103410489013,1.0212626385182229,70.50184595048525,76.01924764595546,0.8711191681618707,71.68600960711552,71.75018517273564,0.40686911431101525,1.2655279698039417,0.7216989730422136
30,Frontend,Junior,0.6738035892876946,40,2025,0.5611968080475457,0.5935889669523808,0.75369495710876,0.06717912549504898,0.2646445249270825,0.6627119867685118,1.732917122881727,0.9156603065576675,98.71691247240236,98.54687484339281,0.32338850555186344,72.5672838923097,73.85741496479525,0.37840469554228595,1.2655279698039417,0.7216989730422136
30,Frontend,Junior,0.6738035892876946,41,2025,0.5855846779296797,0.5695669518661125,0.5957840293283501,0.33644962339735485,0.3294927663226516,0.670397393803156,1.9787334026764134,1.0178050332744515,81.05162305693403,87.74346580461668,0.06874587516383825,71.85896136193544,66.52525392200911,0.4047363286387616,1.2655279698039417,0.7216989730422136
30,Frontend,Junior,0.6738035892876946,42,2025,0.6221634920682837,0.5936349509144947,0.6636104416365743,0.7283659262629767,0.03956691388825002,0.7918040335543929,2.629469753613986,0.9424450858585053,90.56760613852865,90.63838862331303,0.6292564202193126,72.64146881496619,72.25579575763476,0.38314344371364945,1.2655279698039417,0.7216989730422136
30,Frontend,Junior,0.6738035892876946,43,2025,0.6199107953834128,0.5352219675317531,0.7219815314940611,0.4107819682155765,0.025841901718684755,0.6056898180269653,2.447474898300647,1.0131499873092904,73.73486668415131,75.41103455101673,0.5866810364360753,72.32363068852094,71.41800423363507,0.39993307505751696,1.2655279698039417,0.7216989730422136
30,Frontend,Junior,0.6738035892876946,44,2025,0.5456757986181706,0.5242282097097752,0.9405679674439448,0.4133534722807874,0.2160334354859627,0.9231677392745373,3.225276566774549,1.0910774045829121,80.49413485699647,78.44066987767539,0.9282079962794688,72.01257214912974,75.89437875433205,0.41811071300716796,1.2655279698039417,0.7216989730422136
30,Frontend,Junior,0.6738035892876946,45,2025,0.5398198269008765,0.4622284609754568,0.670478361217577,0.24899645895530603,0.13523409440365897,0.7426043996167637,2.994204526394534,0.9930494556203785,89.18124836973304,89.23209641157372,0.41226249424055456,73.16916132944279,71.92689024573178,0.38886688004538583,1.2655279698039417,0.7216989730422136
30,Frontend,Junior,0.6738035892876946,46,2025,0.5721664329886417,0.5023192423589862,0.6281852244931028,0.08577116070960521,0.21136077451902022,0.6539555025808923,0.411445747336443,0.8701294084482041,76.68957269376452,69.10779417550862,0.21796418689002506,74.5794621564717,67.72803783818071,0.3525303637190433,1.2655279698039417,0.7216989730422136
30,Frontend,Junior,0.6738035892876946,47,2025,0.48843253676783155,0.41126784350585366,0.8352281082922385,0.11433879508408688,0.16643416667422536,0.7036013982270181,4.6734828299444775,0.8750861318594586,72.717753357429,74.42426861077352,0.5632388696790717,75.01509792672987,71.10704179290983,0.3498914103158095,1.2655279698039417,0.7216989730422136
30,Frontend,Junior,0.6738035892876946,48,2025,0.5184575871533864,0.4072960811436981,0.5771130820138073,0.4375346137854364,0.10020756033300994,0.8383414727335824,0.8402747800277994,1.045718648816072,94.20957865460589,90.9281120743545,0.6729986308962467,74.1667456645139,71.69732394099042,0.39108751589226526,1.2655279698039417,0.7216989730422136
30,Frontend,Junior,0.6738035892876946,49,2025,0.4355057093586117,0.4049785150945745,0.6957575965416759,0.25087042157874945,0.6617865904632804,0.9105268863579175,2.63027296907476,0.9383047386224865,96.98298396059252,95.94947857648083,0.6202094537481078,75.57664837106874,69.72777233192514,0.35785554463225777,1.2655279698039417,0.7216989730422136
30,Frontend,Junior,0.6738035892876946,50,2025,0.5873178162431671,0.5581857669429543,0.7546350928121368,0.32065167976573244,0.14939686101065514,0.2921040369833382,1.7882491175512207,0.9888381191107574,59.49963336159618,49.48476291692218,0.2936201596116389,75.74882744093746,64.65898201826752,0.36652739514767263,1.2655279698039417,0.7216989730422136
30,Frontend,Junior,0.6738035892876946,51,2025,0.5443198725141012,0.5532525219550418,0.6467377895035576,0.07960315631148397,0.37622188941267865,0.8866911195564455,4.323382952760298,1.0055394846133625,91.6493678372679,90.04354132981587,0.5177478981561436,76.2091114370778,74.64080425660396,0.3660319682803575,1.2655279698039417,0.7216989730422136
30,Frontend,Junior,0.6738035892876946,52,2025,0.5190983872565582,0.45503363379436923,0.7829833691643412,0.4403400169017279,0.2419046071248102,0.7475237666906691,2.196040686048327,1.0218397394226804,82.70824348954685,89.89150836985358,0.29709546686011046,76.68139279987986,69.55291151980306,0.3653563412188706,1.2655279698039417,0.7216989730422136
31,QA,Mid,4.5893102776267805,1,2025,0.5638652523296078,0.526853852118598,0.5969882576566818,0.22749416829539235,0.12068854623304466,0.9749871458175915,1.690445484202308,0.751570155010939,64.08034159714009,72.54743569553399,0.08059948071795092,86.58678318877874,68.91667793451597,0.22875750442903164,1.2786538216144236,0.9815385475237355
31,QA,Mid,4.5893102776267805,2,2025,0.6258006959797557,0.5793867623810058,0.8267229957581224,1.0225792188590759,0.5438339703519838,0.8856865798175686,1.800973192252255,0.9921570125923512,82.47630178974347,90.47326247333972,0.47968918721874343,85.2559832482886,68.75091594174039,0.2879648754493986,1.2786538216144236,0.9815385475237355
31,QA,Mid,4.5893102776267805,3,2025,0.699245773833635,0.6636177228143961,0.6982613111387156,1.0675855372702283,0.1085599939950961,0.8083394037671588,2.2958784151863925,0.9097519919533164,75.24644922194103,66.33334950577742,0.32453445803025815,86.49166952717577,67.88635033270857,0.2611864856641985,1.2786538216144236,0.9815385475237355
31,QA,Mid,4.5893102776267805,4,2025,0.6874355151472786,0.6840387433794192,0.6728076745879277,1.9804802366393603,0.21297094182621487,0.751432983594699,2.7089862845275525,0.9464390177841522,94.2395517573329,96.4742283318663,0.7539690786726966,86.74876474553524,65.31008512732535,0.2663814306773701,1.2786538216144236,0.9815385475237355
31,QA,Mid,4.5893102776267805,5,2025,0.9100225257725418,0.8611814955545519,0.6428705057970333,0.16079437735074048,0.23621993662366547,0.6767798556844064,1.2011440962299351,0.914425654526706,64.39795427180944,65.43346634031023,0.39939849010159495,87.52157952503175,76.72936956766505,0.25353863486340994,1.2786538216144236,0.9815385475237355
31,QA,Mid,4.5893102776267805,6,2025,0.7784609936416678,0.7155074374865443,0.6952789262169415,0.7077229378548071,0.36733407833558707,0.7072532911468387,1.8318548202323461,0.8820207467054237,75.22545267058041,74.81101362675028,0.4366715303871258,88.25610834515021,70.46630753931822,0.24093657979816638,1.2786538216144236,0.9815385475237355
31,QA,Mid,4.5893102776267805,7,2025,0.7778791558778008,0.6441835443176688,0.7648788205830269,0.32678552818482975,0.26596214004204805,0.7953690957509255,3.29752011152671,1.0647716246947816,79.87902737775383,77.9041316649705,0.5677220280551754,87.22104177088687,76.96372457905338,0.2861123101815657,1.2786538216144236,0.9815385475237355
31,QA,Mid,4.5893102776267805,8,2025,0.9263861066299749,0.828895456895075,0.49259629063726307,0.263826849568753,0.0664723440465346,0.6707707764050127,2.5187727213413065,0.9699050599645453,60.99940736775755,53.40353957352488,0.182735394118096,88.35233987734154,73.77970906965699,0.25771151301506295,1.2786538216144236,0.9815385475237355
31,QA,Mid,4.5893102776267805,9,2025,0.6399013291936825,0.6217600309893312,0.6742498049468085,0.8316288047387035,0.5217916151833197,0.8957186936453302,1.91860997872001,0.9892055748290229,75.62244367357678,81.08936643246109,0.31469262804089326,88.51029655722348,67.92560235820801,0.2602553103222755,1.2786538216144236,0.9815385475237355
31,QA,Mid,4.5893102776267805,10,2025,0.7996887112364904,0.7480280828358694,0.5448611380961965,0.7807321136925295,0.292203075481337,0.8492489434924083,1.7318995363302458,0.9266300098935375,81.52697520157137,80.93507392392036,0.3960674349937136,89.2587021618684,71.85475220587992,0.24150348396313753,1.2786538216144236,0.9815385475237355
31,QA,Mid,4.5893102776267805,11,2025,0.8688710771564638,0.783469341279802,0.6812907487070775,0.7816844092244482,0.25193737633668395,0.8057777468238496,2.698677867119553,0.8143263017290959,70.4433019504862,68.888411304225,0.6513193187641318,90.33675970088711,73.42896466312173,0.21005892950509328,1.2786538216144236,0.9815385475237355
31,QA,Mid,4.5893102776267805,12,2025,0.7196450855904685,0.597095252575369,0.8068182440778364,0.7665044412954066,0.15909437939844623,0.2302711273634031,4.108402522313027,0.8597092976981422,67.73343367739751,68.42776266839161,0.22049455890523234,90.08253101649476,64.76470448989278,0.22125410106883883,1.2786538216144236,0.9815385475237355
31,QA,Mid,4.5893102776267805,13,2025,0.8466448579786162,0.7870016580106474,0.7230267730386103,0.6946236247230133,0.24586997383206605,0.7203972742677437,1.4667844019774823,0.902606746051152,68.69373340369259,74.15426060248497,0.6017950168909826,89.77580705918041,74.42686842029124,0.23238962371706032,1.2786538216144236,0.9815385475237355
31,QA,Mid,4.5893102776267805,14,2025,0.7858582831718726,0.7490213137568376,0.6922296145604893,0.09704616277698863,0.26613582742248,0.7702139640633056,2.132941422289953,0.7742177298019699,69.27793505219128,71.48360433212156,0.2881229654140063,90.76646355966413,74.99176112410753,0.19845634962985956,1.2786538216144236,0.9815385475237355
31,QA,Mid,4.5893102776267805,15,2025,0.7716284821655034,0.7071447726711738,0.5658347879516642,0.8709027270407322,0.16986302557316127,0.849265949572383,1.9683820635384546,0.9460703457330281,71.61180962410913,70.3455926568702,0.5952483169638486,89.28280734885566,71.8021888940204,0.24519067457280844,1.2786538216144236,0.9815385475237355
31,QA,Mid,4.5893102776267805,16,2025,0.7147511767954797,0.6169491864110402,0.7161870828779081,0.5786121032403345,0.25638547062135936,0.5386494793062504,4.597642321240189,1.096071919757511,79.09805046800963,73.57076089425124,0.45953342108400114,87.90316688295661,70.14220640579471,0.2866879932601971,1.2786538216144236,0.9815385475237355
31,QA,Mid,4.5893102776267805,17,2025,0.771133190114938,0.6681980109589156,0.6660115963474635,0.5098911222485962,0.2317706324152839,0.8875303896545208,1.889112207929133,1.0453648959827029,75.90478847354515,73.61733545106854,0.3681497111710055,88.06102198799405,74.11364394028821,0.2752311292965901,1.2786538216144236,0.9815385475237355
31,QA,Mid,4.5893102776267805,18,2025,0.7634360676850256,0.7685648158258245,0.5128005114856851,0.8013207224690279,0.12005380033803334,0.887221027380387,3.243746243856914,0.9836244703302262,79.43561827175024,86.20946222584524,0.7736065349777049,88.24258459441609,76.10308281356546,0.26137002244591123,1.2786538216144236,0.9815385475237355
31,QA,Mid,4.5893102776267805,19,2025,0.7390462810461582,0.665344024850012,0.6732186257276265,0.5260421649851388,0.08872400393405143,0.6529611957886976,2.379455332149319,0.9123315846569234,56.129064758021585,55.48588514887389,0.6683387876140756,88.44056209118975,72.04703661161844,0.24546163283813677,1.2786538216144236,0.9815385475237355
31,QA,Mid,4.5893102776267805,20,2025,0.7545957906454538,0.6056969290273198,0.7544518450146629,0.3879296392431143,0.2000544588451171,0.8960328673405265,1.620354789869376,0.7877674075081836,68.42267200791629,65.92783739393639,0.5645009309929857,89.01013505872812,74.33041989127796,0.21580235601223569,1.2786538216144236,0.9815385475237355
31,QA,Mid,4.5893102776267805,21,2025,0.7091292521859772,0.644749251900671,0.7819012594162051,0.4097030329915723,0.2754708028559894,0.8275013488832422,2.9400965134003774,1.0698259732550144,67.09515727910981,65.62177388013653,0.637328179419184,86.27837697520529,74.55067366413417,0.29497871985762547,1.2786538216144236,0.9815385475237355
31,QA,Mid,4.5893102776267805,22,2025,0.8588463661327016,0.7431980774662402,0.8044604459949429,0.7070660963729506,0.19155325823721825,0.6770700610681663,3.6680809822914533,0.8415454090098886,68.16714736782414,71.44457399139466,0.28383603209527686,87.58791361572936,71.63880088679689,0.23840980167089965,1.2786538216144236,0.9815385475237355
31,QA,Mid,4.5893102776267805,23,2025,0.9038172548515268,0.8769980984995136,0.7790601097140316,1.1427123492633728,0.4916276007851514,0.9587477772290892,1.8029051492373138,0.9701505746251358,90.49787128657364,90.16875263800037,0.6940037999940136,86.00848086580122,75.90939799487532,0.27729277437668365,1.2786538216144236,0.9815385475237355
31,QA,Mid,4.5893102776267805,24,2025,0.9846397064358287,0.9104592105441923,0.6602957058419725,0.3077781851513455,0.24390040452536357,0.8050023189405092,2.6922266048836208,0.8655199341215212,76.26616112135204,70.51539122484765,0.23396994475946525,86.26907987605524,77.27244174951818,0.2541949878571772,1.2786538216144236,0.9815385475237355
31,QA,Mid,4.5893102776267805,25,2025,0.8999103935888723,0.9025234369909478,0.5631159907129185,0.3599449907019692,0.27575606445367395,0.7815093760028421,2.0326094009608386,0.9346492873350889,93.55470217429266,103.10702166164891,0.6512300459616068,85.12215013018553,81.10436484167292,0.2775786063821384,1.2786538216144236,0.9815385475237355
31,QA,Mid,4.5893102776267805,26,2025,0.5984419633286241,0.5532026600142483,0.535035747560452,0.3848278388368427,0.1255204628095142,0.8072662318789722,0.7669061470164757,0.9029798074881699,56.28446762300141,50.57237953670602,0.725412972969331,84.77282256768427,69.71338421811541,0.2741557734335983,1.2786538216144236,0.9815385475237355
31,QA,Mid,4.5893102776267805,27,2025,0.5741056319861157,0.46370178404324447,0.6111970910208442,1.380078933799921,0.04399576557713501,0.4925145075026329,3.273053306045978,0.8651294075935682,61.67314354852255,59.008916666174684,0.6649058615399713,84.47294236556448,59.194121993565155,0.2690846951390097,1.2786538216144236,0.9815385475237355
31,QA,Mid,4.5893102776267805,28,2025,0.810911419820374,0.8325933952581103,0.6658751680671238,0.37838835717876385,0.2814851514282684,0.9289336580561895,3.1833095066509056,0.8831351125981504,74.43748196850565,78.60172051505045,0.7118037009731351,83.73500180536664,78.34220731237687,0.27883534080824146,1.2786538216144236,0.9815385475237355
31,QA,Mid,4.5893102776267805,29,2025,0.8155688197775133,0.8325554685060532,0.7736761889872966,0.2089890124207257,0.5052659373877374,0.8744125837886072,2.054207284508057,0.7582644991193255,73.82270510138356,73.61844340358653,0.5501217445622906,84.15752059942234,75.92247966772972,0.25034022816201223,1.2786538216144236,0.9815385475237355
31,QA,Mid,4.5893102776267805,30,2025,0.9280587263337237,0.9303977115707366,0.7494614101935819,0.33956692606699096,0.19920017413090615,0.5418507633876062,2.3384268828011,1.0769750294214018,67.07094475359392,67.55980813069577,0.5239025142599081,81.05724493199958,76.62844574049929,0.3399179647842838,1.2786538216144236,0.9815385475237355
31,QA,Mid,4.5893102776267805,31,2025,0.7584256663799995,0.7164712988789865,0.7616823084572556,0.6292173239931306,0.288802043694118,0.896794963943096,2.6017284445422337,0.8421774774402944,79.0005075727721,82.47348586811924,0.1756315284581328,82.41891747441149,71.57601152063945,0.2816111832012964,1.2786538216144236,0.9815385475237355
31,QA,Mid,4.5893102776267805,32,2025,0.5933476450500209,0.5097704882821131,0.7090178496692565,0.49599450633491626,0.22073986733888737,0.3625072965925205,2.348664456645463,0.9131419411259871,72.64235262974643,66.41436543206463,0.5037174455923585,81.37591220737775,65.80250460477286,0.3044957864970495,1.2786538216144236,0.9815385475237355
31,QA,Mid,4.5893102776267805,33,2025,0.8868729843601322,0.8275635220531193,0.6749715609227913,0.7279243833225925,0.12228150254311265,0.8483889673388215,1.6392561953514422,0.9452765183436916,77.95722293378893,76.04069256261728,0.6115218428296259,80.6918951399846,76.44549579202892,0.3166228441688667,1.2786538216144236,0.9815385475237355
31,QA,Mid,4.5893102776267805,34,2025,0.8267663084919555,0.772061897818891,0.6649300251964144,0.6258825160507202,0.058807056917030615,0.3714704752523375,3.521991283293216,1.078207974044371,68.2395275522093,67.66776227628519,0.28318031206748934,79.25607790576638,68.74877651521497,0.3551742789274878,1.2786538216144236,0.9815385475237355
31,QA,Mid,4.5893102776267805,35,2025,0.7860919197205807,0.7329552118023144,0.67855683099138,0.6280230581903187,0.26665222901196856,0.7701603979585931,3.52464564210721,0.879008610285806,86.27998990264501,88.9278403690775,0.3915879617104599,80.53731201703712,72.76687354971017,0.3046574552485185,1.2786538216144236,0.9815385475237355
31,QA,Mid,4.5893102776267805,36,2025,0.772941228156727,0.7290892733182666,0.7633763552323121,0.27491595142831254,0.3868289608545942,0.8434587064633822,3.319785935321412,1.0355944965759907,76.26744866150815,72.63372994667526,0.6728646791626635,79.03682384155462,76.74710523068029,0.3484787006355763,1.2786538216144236,0.9815385475237355
31,QA,Mid,4.5893102776267805,37,2025,0.7643923288818095,0.7518495767514632,0.7920258760970105,0.40602689133673664,0.23252019487952386,0.8518836959675629,4.022861721702988,0.920253582534274,63.62051015467486,66.42787133189803,0.5670397888252633,79.77992328018517,75.1468312405408,0.3192180225053117,1.2786538216144236,0.9815385475237355
31,QA,Mid,4.5893102776267805,38,2025,0.8828446896626528,0.7703641945842826,0.6564869309968216,0.24598983543416786,0.3339218966104026,0.7292773197173794,3.168271218404768,0.916888304129532,80.90891725876072,71.64025353458983,0.08475678032836212,79.6980102240631,72.86691254636155,0.3192275756253806,1.2786538216144236,0.9815385475237355
31,QA,Mid,4.5893102776267805,39,2025,0.8850769978517291,0.9195925321783178,0.7393936813995268,0.46153009077802376,0.14104611614732643,0.7030844832573068,2.463121940705247,1.0626801924289675,74.78657049327076,69.37693366678927,0.5311422012474294,78.49521948815789,77.2441970349829,0.3584092094178111,1.2786538216144236,0.9815385475237355
31,QA,Mid,4.5893102776267805,40,2025,0.8240689397932499,0.7984263618384951,0.7160577037834281,0.43746804748499174,0.15014514338850518,0.761825771160371,1.8439080190742856,1.0653039472409667,66.39369847683159,61.32789797372938,0.9023578160096405,78.51068507917162,77.15802338277676,0.3588050804550965,1.2786538216144236,0.9815385475237355
31,QA,Mid,4.5893102776267805,41,2025,0.7968503223680067,0.7592522486707451,0.4625863796174483,0.8799764071615714,0.06536242800850782,0.8960855440527635,3.3719633817672414,0.8519927783086405,62.54931746016152,65.54675507800242,0.16405968563013235,80.32600971399025,66.64541072751445,0.301015141378476,1.2786538216144236,0.9815385475237355
31,QA,Mid,4.5893102776267805,42,2025,0.9048930357099324,0.917854354230684,0.6330408606360107,0.9790920484557382,0.1877751519434702,0.9379857331793834,3.9770153314057928,1.0157132786577474,66.45385789380002,61.89207828382554,0.19201594775900147,79.19587358490057,70.87595392699372,0.3431770425240448,1.2786538216144236,0.9815385475237355
31,QA,Mid,4.5893102776267805,43,2025,0.9480890145380925,0.9098235453733249,0.8449799144942004,0.2527791899915622,0.5980969748730033,0.9620485666591362,2.4040149040197862,0.9885990811019343,81.36202659402782,85.14620615398708,0.44028323173599304,79.6605882505081,80.4928775357141,0.33388158079948604,1.2786538216144236,0.9815385475237355
31,QA,Mid,4.5893102776267805,44,2025,0.7267991392771905,0.7107975362361426,0.5644537669484347,0.8161586465273377,0.09178936883759722,0.8530966539891235,2.5173912577423074,0.934431666697346,83.06577567622539,78.34857481300544,0.499108774487622,80.40628836454258,71.72368486400697,0.31683393030161433,1.2786538216144236,0.9815385475237355
31,QA,Mid,4.5893102776267805,45,2025,0.845465846803335,0.7910351416462151,0.6714952434983381,0.4167791339404045,0.5259167720090826,0.5939224082257497,0.3625512936002062,0.991810653819691,53.340034327384096,49.32469361283585,0.25461884338341995,80.3196220561766,67.3480071703086,0.3290319469624665,1.2786538216144236,0.9815385475237355
31,QA,Mid,4.5893102776267805,46,2025,0.6990391803415825,0.6009224879977257,0.6967249117523308,1.3340458210304105,0.49027625532178304,0.7131882952431177,2.218392785545797,1.077540993527854,64.46917255124255,66.06248801212108,0.452428268515661,80.06071978816281,60.32608148561529,0.34833553380421406,1.2786538216144236,0.9815385475237355
31,QA,Mid,4.5893102776267805,47,2025,0.6969825784498125,0.6465470265604875,0.6505193946673058,0.5279516890534961,0.15689139574781436,0.8254220179472868,4.263041691978083,1.04418240294747,73.57324272051865,79.36295508042552,0.06454823500497656,80.80287807035408,70.08332354083373,0.3354791633365433,1.2786538216144236,0.9815385475237355
31,QA,Mid,4.5893102776267805,48,2025,0.7785885598709932,0.7280594109300842,0.6840315515899702,0.7698399840110367,0.08257724634922659,0.7378975429315976,2.2038298383343617,0.8686922733498313,66.55240852384044,70.50257136154205,0.46625220864015043,82.72350698057214,70.95992665921557,0.28437589649853173,1.2786538216144236,0.9815385475237355
31,QA,Mid,4.5893102776267805,49,2025,0.7188448717113282,0.7235667900800368,0.5388434377662489,0.5975785646458011,0.20299118406458014,0.978397265136997,4.150102213808546,1.023201427224019,74.17085845518109,71.40003710143709,0.7404762850081759,82.03802517458479,74.67603807357452,0.32099007565659726,1.2786538216144236,0.9815385475237355
31,QA,Mid,4.5893102776267805,50,2025,0.7493011965823544,0.7552625375219384,0.8780492805415359,0.4961314020094548,0.17522340438195205,0.6084580575758936,1.997965656461226,0.9335476365460887,82.82416704975451,77.13519539341215,0.6080735893695163,83.33170161378312,76.52167027253192,0.29227868052769174,1.2786538216144236,0.9815385475237355
31,QA,Mid,4.5893102776267805,51,2025,0.9012483463046351,0.8918327793767697,0.7217897389897052,0.537170939084909,0.2327114781811777,0.8346790283850389,4.302959455472518,1.1700923817571367,70.89357446622982,68.35353060463089,0.682371721749337,82.03323857225591,76.79169419068901,0.3504081549159614,1.2786538216144236,0.9815385475237355
31,QA,Mid,4.5893102776267805,52,2025,0.8264383173368304,0.7107009959750977,0.7087771320492778,0.7688407549349081,0.2073516572863329,0.8577354705331374,1.8142375024801565,0.8255439021226817,62.42296334140759,57.57286046240599,0.593063590815948,85.39230981060817,71.1564542913898,0.2535061986694683,1.2786538216144236,0.9815385475237355
32,QA,Junior,1.4349471902413369,1,2025,0.857740808362287,0.8656432878751456,0.6929368604487818,0.6911819637218501,0.43003727659967456,0.8719915078214385,1.7600321601010893,0.7816150197032931,66.87415447300855,54.72835566041617,0.2899364320878554,84.10658741318682,69.22486032785305,0.2554347754974351,1.3157930210264626,0.9764346018813359
32,QA,Junior,1.4349471902413369,2,2025,0.9110386540040649,0.7715133771869801,0.7023579832834284,1.8602073609975183,0.5502422980913635,0.4295479762073217,1.5987280823367336,0.9683394060161771,64.11738361349003,61.38500354183793,0.37476360885863624,83.20668724284491,57.03789980339968,0.30027882084619456,1.3157930210264626,0.9764346018813359
32,QA,Junior,1.4349471902413369,3,2025,0.7293235322113819,0.6651598870038887,0.797630932685701,0.4550355104349397,0.33388560506013437,0.8900599161572227,3.927816619272437,0.8311564408940754,76.59568217815651,72.48443077982334,0.2935347916964282,84.88059707759662,72.36986030361605,0.25889297919884324,1.3157930210264626,0.9764346018813359
32,QA,Junior,1.4349471902413369,4,2025,0.7119399593393722,0.592190496534727,0.6355598694943779,1.6616169632594744,0.18921887520914027,0.6773750631842038,2.292217209614161,0.9371375239666918,79.42851669307107,76.42271140720764,0.049787217172424465,84.58333983802184,59.065602996186286,0.2825663394764896,1.3157930210264626,0.9764346018813359
32,QA,Junior,1.4349471902413369,5,2025,0.8750766538733277,0.8248436915563966,0.6948988431896319,0.49281156299209994,0.5004834844505713,0.6346764171159948,2.370801690209659,0.9349157558433425,74.69682727506097,81.42364892583521,0.7842645303555188,85.11782185644559,75.3796627528014,0.27766796903162194,1.3157930210264626,0.9764346018813359
32,QA,Junior,1.4349471902413369,6,2025,0.7256355757339658,0.7117039309474428,0.9358539280132385,0.25647869895392356,0.08086028511674485,0.5964583781714392,1.5890467288783143,0.8272289606915325,79.55400840194497,86.82330392417701,0.4245233762589044,86.45460577520825,77.72038643445029,0.24499074401157106,1.3157930210264626,0.9764346018813359
32,QA,Junior,1.4349471902413369,7,2025,0.8181591452207515,0.7801593610498397,0.7072198357341284,0.31775598950711964,0.5103661182339863,0.4677557940776592,2.4526529202442093,0.7561618860918076,84.70052387125595,84.647801393718,0.3060328118969696,87.45008282165759,70.72823585399658,0.22248168703788163,1.3157930210264626,0.9764346018813359
32,QA,Junior,1.4349471902413369,8,2025,0.7488662337195845,0.7417751925698586,0.8177449849035872,0.5229801302323475,0.09347505882084135,0.5846078904837745,1.1691432703179583,0.8432682737746783,73.69941147473614,77.85895597468195,0.7893949839737725,87.1255973088074,76.3531833477061,0.24260701051487393,1.3157930210264626,0.9764346018813359
32,QA,Junior,1.4349471902413369,9,2025,0.8870834965262199,0.8542223000600845,0.6432654848292709,0.698154882872337,0.22595984281265408,0.6423095316996624,3.546909740924715,0.7102415292985693,78.09938681021085,89.13998951387724,0.5595071720964935,88.50217206341404,73.42108353569165,0.2045302053312635,1.3157930210264626,0.9764346018813359
32,QA,Junior,1.4349471902413369,10,2025,0.704493262366161,0.6877945138701915,0.6820972034114493,0.8312911499409048,0.1606031223765299,0.4885829990035776,1.5062329598339317,0.9852079553706935,81.67393154670812,76.88817854320645,0.6518773760003715,86.55024173999807,70.96752817956597,0.2757895765741548,1.3157930210264626,0.9764346018813359
32,QA,Junior,1.4349471902413369,11,2025,0.8648007298948565,0.8263475746408138,0.5004618850250897,0.36001621629434133,0.035438288127664815,0.6025710490386185,2.304560810938476,1.101966543920521,82.8990549692954,79.90211014826241,0.7657648439376169,85.79580090530263,78.11695443142419,0.30542830123991566,1.3157930210264626,0.9764346018813359
32,QA,Junior,1.4349471902413369,12,2025,0.5308591972475843,0.4774712117790682,0.6726411981087669,0.1440080140293187,0.25552050347430394,0.5796465821717619,2.3083143555176413,0.930320557127046,76.40777729552528,79.15295909120128,0.3021151011657862,87.27780408301044,69.75705922753104,0.25874907740032216,1.3157930210264626,0.9764346018813359
32,QA,Junior,1.4349471902413369,13,2025,0.9135287296869854,0.9117828401597095,0.8055302154935531,0.3480703053427823,0.2651988683468265,0.8644606286594417,3.1989449140059847,0.9893310693552443,69.07371757192769,60.05536080642204,0.5512375620119406,86.84217561469458,80.27150598587731,0.2741814170819273,1.3157930210264626,0.9764346018813359
32,QA,Junior,1.4349471902413369,14,2025,0.7947348509182158,0.7177879768830856,0.6784904849899198,0.310077505231378,0.20576817098124614,0.24153566783401773,1.846337152934729,0.8843081378719251,75.66275066082561,73.87896823199166,0.817306806432807,87.64590343705142,73.69900992144066,0.24647909893228984,1.3157930210264626,0.9764346018813359
32,QA,Junior,1.4349471902413369,15,2025,0.9017597911557376,0.8805864561209114,0.554890863921506,0.6764623339417285,0.08751770253334219,0.8239677201576356,2.299072198050946,0.8605430152413458,88.11101642278815,96.83090613358054,0.6088350238821448,87.72718913473604,78.69180532826566,0.24104869359213552,1.3157930210264626,0.9764346018813359
32,QA,Junior,1.4349471902413369,16,2025,0.917022818534211,0.8798038955084408,0.7979365610402814,1.6785103301334297,0.12191841576046294,0.7548897650741835,2.0869574960190085,0.8605642653948158,58.73751812294989,50.28409409698761,0.599077134138136,87.5473912598051,66.90118096250075,0.24255125924725401,1.3157930210264626,0.9764346018813359
32,QA,Junior,1.4349471902413369,17,2025,0.890285254584169,0.7557087769565574,0.6730328927929186,0.21343200086894676,0.33252305065184184,0.5732494181245744,3.799333673657743,0.815829465932405,67.97118445177271,64.18205495613302,0.09070139097336312,87.65746857034335,70.80619581025968,0.23268698843361973,1.3157930210264626,0.9764346018813359
32,QA,Junior,1.4349471902413369,18,2025,0.8262720681508499,0.7232836502684237,0.78275371010926,0.359307935670367,0.35673170845815066,0.871507053389954,2.129140738981936,0.9745626789222218,82.25816758180939,81.30059933214613,0.2905911627575594,86.07524206762704,76.78342800781101,0.2776188518875523,1.3157930210264626,0.9764346018813359
32,QA,Junior,1.4349471902413369,19,2025,0.7376851577711477,0.6998221829105336,0.9935966592493435,0.48436402524555566,0.15263004150377346,0.7859883129751625,1.758754315019329,1.0056015714258046,68.44353369283712,68.49405898885136,0.8758598811198317,85.45456533898562,79.94973319069342,0.28899893646028074,1.3157930210264626,0.9764346018813359
32,QA,Junior,1.4349471902413369,20,2025,0.6117346790785171,0.6361891794643157,0.5738304285038776,0.8619061232405767,0.07874538609965696,0.6728191142629707,1.4144067140820566,0.9386724174438584,81.89329186837337,76.29448732629817,0.7447077052933849,85.56305812118966,70.38402578570762,0.2747089991455246,1.3157930210264626,0.9764346018813359
32,QA,Junior,1.4349471902413369,21,2025,0.7214772667547144,0.7235448958600552,0.819767922453351,0.5713112739944725,0.17023653045416734,0.4943497803299261,3.080091726498003,1.120534274265177,65.58345269077616,62.007972831356966,0.534182648037915,83.6328737090709,70.66148498512909,0.32716624061077787,1.3157930210264626,0.9764346018813359
32,QA,Junior,1.4349471902413369,22,2025,0.8800660711882027,0.8032204071036656,0.7568400258573059,0.6520888007126736,0.16894765097562586,0.8073124783103245,1.2044507319336752,0.9354067085858433,78.38703859940371,71.7311546124756,0.6451905799906643,84.59718636106865,77.30636038409038,0.2821047887082633,1.3157930210264626,0.9764346018813359
32,QA,Junior,1.4349471902413369,23,2025,0.8151293167362454,0.7468159947793556,0.8116361451834297,0.5900906511948115,0.2506474768908678,0.7680107672464953,2.8266608041364982,0.9746106415782302,77.27010532460717,72.11594169847078,0.6096246886726147,83.73296347212337,76.12570522262054,0.2971474327146179,1.3157930210264626,0.9764346018813359
32,QA,Junior,1.4349471902413369,24,2025,0.9834701950618521,0.9552754489448272,0.6770485262939334,0.28085594677189313,0.1617747829329352,0.6148435167151175,3.655372286610386,0.9736993061088488,67.56470838101252,69.24217664175947,0.2823445267491971,83.16380804210354,77.47403504200867,0.30170812753757364,1.3157930210264626,0.9764346018813359
32,QA,Junior,1.4349471902413369,25,2025,0.7328465806871305,0.6525365280760316,0.6935550721161842,0.5416702589541139,0.18570222926622912,0.5316515627596191,3.060264216357689,1.0308892245370138,67.46964146548615,70.81945960617709,0.21983691033195632,82.11239377451706,68.51786039108543,0.32190789678642723,1.3157930210264626,0.9764346018813359
32,QA,Junior,1.4349471902413369,26,2025,0.7064674313556385,0.6440577426627834,0.6207013346129788,0.5165193211266605,0.28362618716663834,0.6209697964549792,3.9645823098486312,0.8501969058028678,80.10547215893668,70.95160833451837,0.8865616780894483,82.9552489231136,71.81194043765038,0.2787456401346269,1.3157930210264626,0.9764346018813359
32,QA,Junior,1.4349471902413369,27,2025,0.7263267267930641,0.678918794732325,0.6591734890004383,0.8301612094920294,0.2709766874828857,0.7688102507869978,1.7476574967924106,0.9104516361013314,71.05115833657099,69.76633997856845,0.6068810434301268,81.87052767944928,69.36026207716648,0.29983592989152225,1.3157930210264626,0.9764346018813359
32,QA,Junior,1.4349471902413369,28,2025,0.7654980504298464,0.6718242831567419,0.8027177499473216,0.6431444051937764,0.34223954294729597,0.8199562199569356,1.9029844056239726,1.049151906371025,78.56362464993363,74.68540640899053,0.8355068692410809,80.16703059713056,75.00868649186611,0.34177179296478366,1.3157930210264626,0.9764346018813359
32,QA,Junior,1.4349471902413369,29,2025,0.7207329342948411,0.7231403838686761,0.7075630370677486,0.4970160357976922,0.16524463171155354,0.47535755840621285,2.957098793654788,1.0122302677407873,57.75464317236647,58.01751395428035,0.400985719497735,79.88595759239757,68.87547720966717,0.33672974027817765,1.3157930210264626,0.9764346018813359
32,QA,Junior,1.4349471902413369,30,2025,0.8492586364563147,0.8411089244292957,0.7453202917279569,0.9170789482738908,0.03252151418304704,0.37938729965350815,4.8220170400816755,1.0241632578119326,59.0167881208295,65.04772580936432,0.5420193124846091,79.23990224682224,69.80055127358808,0.34450013283886793,1.3157930210264626,0.9764346018813359
32,QA,Junior,1.4349471902413369,31,2025,0.8724857774462466,0.8553023405622427,0.7037167265629686,0.5760308913633206,0.35581457345248374,0.5674350884360455,2.3698669282712626,1.0436550429587748,76.27543649469591,78.92836752765976,0.05985851548825125,78.56726009221056,70.0394775982058,0.354003841156667,1.3157930210264626,0.9764346018813359
32,QA,Junior,1.4349471902413369,32,2025,0.6696384071265639,0.632622589089539,0.7961025808574734,0.541740056415018,0.12974396264961977,0.9239929756607355,1.632856594154004,0.9414463383675032,85.6006945649325,84.03643798769912,0.3898637817760275,78.90964017139254,74.9136872004361,0.3307089329118962,1.3157930210264626,0.9764346018813359
32,QA,Junior,1.4349471902413369,33,2025,0.8718029266985888,0.8559590348307813,0.5779788079061912,0.23618429453143666,0.14570153354294715,0.5301212321172927,1.9109691210938586,1.0462082932741295,75.76382989687274,74.24864607693779,0.4119809030889444,77.644604082488,74.89134815985877,0.3622032913007592,1.3157930210264626,0.9764346018813359
32,QA,Junior,1.4349471902413369,34,2025,0.6706493976049015,0.5813193333384759,0.7165818942663955,0.6528914174075615,0.1559772413771245,0.7631749146741303,2.9662657173109115,1.0717644092485883,77.25550477778262,79.38908205509257,0.7098506954160069,77.06778956607955,71.9892264852342,0.3721213021323881,1.3157930210264626,0.9764346018813359
32,QA,Junior,1.4349471902413369,35,2025,0.7039718314640585,0.7192302138631659,0.88850296120058,0.28025164364020194,0.22423686999307935,0.7077209737788142,3.954955682372252,0.8328873435963141,72.8357900269248,71.49107408488898,0.6038693941504016,78.66644529249999,75.25374769811921,0.31102375794842957,1.3157930210264626,0.9764346018813359
32,QA,Junior,1.4349471902413369,36,2025,0.7762778410142174,0.7424142258667642,0.849474551395522,1.0443878478467716,0.0586323384550273,0.8306941859018415,2.714697249703873,0.974654410372292,85.25087308573663,80.8961347330685,0.38122334136851527,77.28450767313113,73.03612589783509,0.35089331813169894,1.3157930210264626,0.9764346018813359
32,QA,Junior,1.4349471902413369,37,2025,0.658480451686141,0.6624471192921718,0.8606084067643994,0.5536300563923832,0.09142583931000063,0.46545906317209845,3.3734867873914345,0.8627566558811097,78.14321445815054,69.59825440186097,0.48984899266507886,78.0000618353574,70.42805321555741,0.32255081588157697,1.3157930210264626,0.9764346018813359
32,QA,Junior,1.4349471902413369,38,2025,0.763867783352606,0.6705369353911466,0.8907263509204291,0.224313168741114,0.37243523323961747,0.6776530813591914,0.9762563178927097,0.8449166825054442,62.861150435516436,58.502144633425125,0.3392672730410162,78.03394633900272,71.09910995890338,0.31870045034273276,1.3157930210264626,0.9764346018813359
32,QA,Junior,1.4349471902413369,39,2025,0.7947352154682947,0.799063728476601,0.8713691418643256,0.791504782940978,0.22376767551810167,0.7605004464784066,2.2530352316077704,0.8089387993881388,83.98667391789107,85.22280126823756,0.7340479863418169,78.28531377443143,75.20171740632006,0.3094101450906992,1.3157930210264626,0.9764346018813359
32,QA,Junior,1.4349471902413369,40,2025,0.7132698548220848,0.6890906627977563,0.6441470277298865,0.6768439179252937,0.2470171711336459,0.9155475074307318,1.2715287332784193,0.9265262182986124,75.55444995205815,68.64570227000576,0.5559354075780092,77.38107005265738,71.25446449613793,0.340462993220911,1.3157930210264626,0.9764346018813359
32,QA,Junior,1.4349471902413369,41,2025,0.8341130308227938,0.8699975941489868,0.7381765236222958,1.2001794666132257,0.16153433796883596,0.8139760547611287,1.7034398062291327,0.7962844516910967,88.20806533765699,88.9587986443475,0.6679337606692978,78.53183946887751,72.53169334460453,0.30482489476424013,1.3157930210264626,0.9764346018813359
32,QA,Junior,1.4349471902413369,42,2025,0.8368426963813387,0.8646751671838018,0.7015131077348556,0.38636980180022434,0.33889906476041765,0.5732171923162206,1.703133488997305,0.8910731474144487,56.08906742347766,55.56956886147233,0.8353664204198208,77.95315777679387,73.04660279008883,0.3286049813429408,1.3157930210264626,0.9764346018813359
32,QA,Junior,1.4349471902413369,43,2025,0.893789353893903,0.844359554306188,0.47667279462353224,0.7572195037529281,0.04604173603547306,0.7397128144415183,3.4864685939910025,1.065685196222691,79.05572369051801,83.65745374227765,0.7566368610002304,76.80406247148896,75.04086179436322,0.37310318531546355,1.3157930210264626,0.9764346018813359
32,QA,Junior,1.4349471902413369,44,2025,0.8539165784621316,0.8653601717669279,0.6672406118500074,0.9741300551763203,0.031703342870650415,0.5804943634253701,2.6737976077468724,0.95206805107498,77.28250288456213,76.14192648693816,0.9415018437896693,78.02536043146843,74.71680715777855,0.3402022732860925,1.3157930210264626,0.9764346018813359
32,QA,Junior,1.4349471902413369,45,2025,0.8606410915386618,0.7728519651268907,0.7729568556021211,0.6754672895768513,0.3693311704928269,0.5159473227574112,3.9405053235501524,1.0696666438284235,78.56566877576198,78.92272804533854,0.7010153088016418,77.45693727805366,72.41860897858263,0.3684588514485709,1.3157930210264626,0.9764346018813359
32,QA,Junior,1.4349471902413369,46,2025,0.9066234233520009,0.879269300946343,0.6312542861329036,0.6070685275126876,0.40697484798287525,0.6586938933491474,2.0375129689746885,0.795640128382717,74.10623453809342,75.19700753019734,0.28542475383548954,80.07608985127084,69.70108701139945,0.2918272769159531,1.3157930210264626,0.9764346018813359
32,QA,Junior,1.4349471902413369,47,2025,0.8134035921939095,0.7189886482308885,0.6835588149992581,1.2611074018209147,0.14233424978868317,0.832148879442824,0.5801295898576657,1.015093567738651,45.02926560756497,49.50051064240487,0.9800890740560543,78.79575189397156,68.5697434699317,0.3463874477646339,1.3157930210264626,0.9764346018813359
32,QA,Junior,1.4349471902413369,48,2025,0.7239524668855123,0.6379484588758314,0.7361695099369681,0.2784816055733084,0.1657714034452593,0.8359721800263612,1.550046475206237,0.9667112071310134,79.23197826777984,91.1150615536574,0.31917481493127065,79.6995186522696,76.01803873883625,0.32917958599062264,1.3157930210264626,0.9764346018813359
32,QA,Junior,1.4349471902413369,49,2025,0.73856640819055,0.6045950316396049,0.6881812396393882,1.0009737185890781,0.6376029032693338,0.9537289948848904,2.529465718646019,0.9319873610023496,60.4729877721028,64.61625073572746,0.832448031249604,80.52790084630507,66.56102474907138,0.31533163181459434,1.3157930210264626,0.9764346018813359
32,QA,Junior,1.4349471902413369,50,2025,0.7060785236424465,0.6401846545808917,0.7981872084036163,1.2212473989100254,0.13625610080684908,0.5490737225494966,0.7906682825678117,0.9397305930357582,59.271602069445905,56.56563015953933,0.8186601795455285,81.0424011038127,66.10813849804008,0.31259277607537916,1.3157930210264626,0.9764346018813359
32,QA,Junior,1.4349471902413369,51,2025,0.8480996896417511,0.7368906504487227,0.6299250233309704,0.8968095975494713,0.37139990695650593,0.5805227210325355,1.7194811466868263,1.015231260993914,66.29787716012868,66.96972859803923,0.632509118463863,81.0322906803086,68.18886260434654,0.32777716319621103,1.3157930210264626,0.9764346018813359
32,QA,Junior,1.4349471902413369,52,2025,0.6737702339255549,0.6138876609202149,0.5784788582081676,2.237856627584195,0.2570804640541627,0.7422902001843472,2.1271472286890067,0.7421637039030945,69.53316639040939,73.29823369835601,0.24352044159909356,83.8195145383118,51.86277060477865,0.2499367862946873,1.3157930210264626,0.9764346018813359
33,QA,Junior,0.9963470372789738,1,2025,0.7102444730146933,0.655728731534378,0.6555566111929578,0.31430791796336327,0.22342942002886598,0.7696237622995963,3.51587593838222,0.8623754324178108,59.31927926136919,58.474175771303095,0.7110590818313217,72.02044523417521,70.83446368367305,0.37230470953210204,1.3724740755791545,0.7954506483398371
33,QA,Junior,0.9963470372789738,2,2025,0.49149498015601045,0.37964778830311185,0.7000833891706226,0.32917471693768485,0.10246215818730736,0.2554621861657997,1.6553376709979313,1.0121870072491004,63.435642028823516,67.98777610854317,0.5600600272134272,71.41584755568606,63.99660761974671,0.40730533848576955,1.3724740755791545,0.7954506483398371
33,QA,Junior,0.9963470372789738,3,2025,0.6609721852962213,0.5996789187045886,0.7991613242562364,0.6569198871665631,0.35640181749131167,0.6867720518092228,2.964865640230145,0.9346355796449571,72.37293618255084,72.49310878347796,0.7582771002175533,72.61270509029409,69.4947224013443,0.38182124017654073,1.3724740755791545,0.7954506483398371
33,QA,Junior,0.9963470372789738,4,2025,0.6975304560848961,0.5868569322525038,0.5779279827613133,0.8651662446152026,0.27770541672134413,0.7656786828275042,3.4881111928057504,0.8758066740885868,87.99867726817634,86.38234911656073,0.6015757677015374,73.63392775975122,67.58560833858638,0.3615452701531239,1.3724740755791545,0.7954506483398371
33,QA,Junior,0.9963470372789738,5,2025,0.5172865454245062,0.5301445300879641,0.6871243156932423,0.23316955115960702,0.2776053825134663,0.7686848436143164,3.3559826726148856,0.9164323262096248,86.1188808494718,78.44319375734983,0.2185055478748838,73.82563041621985,68.82714627905071,0.36807287844009284,1.3724740755791545,0.7954506483398371
33,QA,Junior,0.9963470372789738,6,2025,0.7277008886931084,0.6889711419813221,0.5649903717765381,1.2238916055489413,0.06457041809067315,0.6775773129659248,3.524146469587988,1.021679002500159,63.663276193487384,65.96602753272558,0.8472449392848587,73.45894656344377,66.4848899053905,0.3921779124713337,1.3724740755791545,0.7954506483398371
33,QA,Junior,0.9963470372789738,7,2025,0.7142865920066607,0.6687344861623379,0.728734015749656,1.059760781305715,0.1939370351639657,0.6598775233585147,2.7682911671634125,0.9907652708223664,60.19670880176709,54.46863888246458,0.8462808828497347,74.13319686651764,67.14957646607516,0.3803764136101597,1.3724740755791545,0.7954506483398371
33,QA,Junior,0.9963470372789738,8,2025,0.6554243310118166,0.5440618826170001,0.6295808655527301,0.2769252270025814,0.16031294190303463,0.832089302248936,2.094669580187183,0.9463646128715916,81.2684310744782,72.25000679499503,0.8152682366281961,74.86076771873662,74.61020895835574,0.36543319158484644,1.3724740755791545,0.7954506483398371
33,QA,Junior,0.9963470372789738,9,2025,0.6806091201871585,0.594990316617761,0.6717027539631806,0.4486664513903046,0.04718400691172246,0.5751642873970696,3.6903477127362923,0.8635038051512687,82.4707574223612,88.41534316351947,0.47889232741935017,75.83601497929698,71.3960996704013,0.34073396953611224,1.3724740755791545,0.7954506483398371
33,QA,Junior,0.9963470372789738,10,2025,0.6288422679360347,0.5609542322783296,0.768363177727639,0.7609295187813973,0.3921334119832034,0.8738839697876544,1.3917676372393222,0.9283422278003036,72.0407604762678,74.71994123860361,0.5018628456790214,75.56510868326572,67.66975977062329,0.3559592065328464,1.3724740755791545,0.7954506483398371
33,QA,Junior,0.9963470372789738,11,2025,0.7417905208693412,0.6825811563198407,0.738609295695347,1.19551845427634,0.31555256371850793,0.8925463124973332,2.7459005514683206,1.08728801950457,99.46979708845154,96.90044474927174,0.67365970163814,74.47317022333478,71.02261332158967,0.3968478520397909,1.3724740755791545,0.7954506483398371
33,QA,Junior,0.9963470372789738,12,2025,0.5361367733047879,0.4968879267500791,0.6425747229460618,0.531675028009329,0.27887858382532255,0.9363020352464,2.088360127308085,1.0890451208582648,57.035547200903856,66.8525101076143,0.18253998376510633,74.56794869586523,64.24144256657293,0.3964094517061094,1.3724740755791545,0.7954506483398371
33,QA,Junior,0.9963470372789738,13,2025,0.7058513851442209,0.6331984264936459,0.6359243935007235,0.8733733936487527,0.4743846609367683,0.6317630925998979,2.6066888084067896,0.8724630988242894,81.73274721745751,78.71717694540324,0.5692123860391933,76.33706050164676,65.11638494944762,0.3383504489178015,1.3724740755791545,0.7954506483398371
33,QA,Junior,0.9963470372789738,14,2025,0.5284077300861713,0.5012698164938756,0.6680423391403816,0.19551475909671967,0.16476974744228545,0.638975376386845,2.7338050003718264,1.0437296400770724,69.37718798994703,70.63041139573866,0.7205450567909009,74.93047254211476,70.90603759080116,0.3843253234977915,1.3724740755791545,0.7954506483398371
33,QA,Junior,0.9963470372789738,15,2025,0.5794970713169095,0.5326666230304291,0.7520755086808476,0.3778590286865626,0.27510070176064133,0.8368414677176337,3.417165663986085,0.7687642717327894,72.67797976630892,73.63112014694364,0.784804990737492,77.02136020550901,71.0682265214898,0.31190818596731607,1.3724740755791545,0.7954506483398371
33,QA,Junior,0.9963470372789738,16,2025,0.5776548617476345,0.47760569732906777,0.5987184362159064,1.3689297354067125,0.36068245656709164,0.928360005632302,2.854100192026208,1.0357269542189176,76.9898073187299,68.6272521243803,0.5066638048898527,74.70603087191681,60.463552817484945,0.38459513357781006,1.3724740755791545,0.7954506483398371
33,QA,Junior,0.9963470372789738,17,2025,0.6513118787806123,0.557026078789201,0.6157242590904128,0.18104272914724573,0.3293335190849255,0.823268973615054,1.8921870379801546,0.8110116577927857,73.98104373880422,73.85453579598942,0.6898029770307565,76.25595215816483,71.51762942897015,0.3267360635738502,1.3724740755791545,0.7954506483398371
33,QA,Junior,0.9963470372789738,18,2025,0.618463566823602,0.572250929283383,0.8608554236738656,0.7516370610408872,0.18682640238416695,0.8661831590731495,2.6703125497045717,1.0152658763766844,76.56344306220119,74.71438568023208,0.7077003345355164,74.30955761069588,72.37699568577915,0.3838068618528713,1.3724740755791545,0.7954506483398371
33,QA,Junior,0.9963470372789738,19,2025,0.615252893435373,0.5489517178709692,0.6553406969743126,0.5037561116238367,0.09666567044602285,0.6422920330655001,3.432683609622001,0.8680991883540905,91.68028438544889,92.78733737189151,0.6024494068401303,75.11452552626386,71.47338004967428,0.3476654582852859,1.3724740755791545,0.7954506483398371
33,QA,Junior,0.9963470372789738,20,2025,0.5531475831628009,0.47138386387383924,0.7229121343518042,0.08994828452615758,0.232741702336394,0.8394459051317721,0.7802377829192781,0.9529075545883066,73.04241593005166,72.49541417379825,0.5047571435597038,74.0091181467386,72.14541469800983,0.37383885969483965,1.3724740755791545,0.7954506483398371
33,QA,Junior,0.9963470372789738,21,2025,0.6882377651066371,0.6364118554384188,0.6220935319062545,0.8142016535004445,0.6334843391344744,0.7024077908510281,2.1991680995287073,1.0380877471045702,58.60512125076359,60.387356588397815,0.4061418583121024,72.85238704906028,61.11087134065214,0.40051432401207837,1.3724740755791545,0.7954506483398371
33,QA,Junior,0.9963470372789738,22,2025,0.6710668601650547,0.6152973428755735,0.6966310328295536,1.3587171057710776,0.14620053876937555,0.6598161305718134,1.6331172181102216,0.914804593489399,80.35753618501101,84.53373368478802,0.44401381014483626,73.32194440454474,63.553287396824366,0.3719447153266737,1.3724740755791545,0.7954506483398371
33,QA,Junior,0.9963470372789738,23,2025,0.5945539114456145,0.5164169842629242,0.7273458649681283,0.10872011844972598,0.38021329016561195,0.7860364081423006,2.691299378542824,0.9102550701210594,82.301874956317,82.58261058458382,0.4276306480806751,72.80774916648528,71.39257570227264,0.3753197709701679,1.3724740755791545,0.7954506483398371
33,QA,Junior,0.9963470372789738,24,2025,0.7171736185710632,0.7482230895338665,0.9176583714300034,0.6342528781806602,0.3644271644945333,0.6907594663363595,3.102542472371717,0.9744541201431887,74.61828494892578,72.14188020472861,0.6286248969600762,71.71771065253334,72.40825411514841,0.3972432352575266,1.3724740755791545,0.7954506483398371
33,QA,Junior,0.9963470372789738,25,2025,0.5651277180588864,0.4636754331945343,0.5402674659477266,0.40332871913237966,0.014746267712459042,0.6035539183909965,3.7586184290625013,1.0552181262606362,68.20730907292698,70.27552611259522,0.46050616174282305,70.47770368343261,66.22473498212496,0.42372942789018886,1.3724740755791545,0.7954506483398371
33,QA,Junior,0.9963470372789738,26,2025,0.6240326611249434,0.5868628843455541,0.6329839263565072,0.4474027779130154,0.3353077799385796,0.9402063431330188,3.757251829061131,0.9076324970520586,72.53254124405709,65.46716060854388,0.02576536265890539,71.05570531582461,65.52435623807563,0.3893956217785399,1.3724740755791545,0.7954506483398371
33,QA,Junior,0.9963470372789738,27,2025,0.6070760295426068,0.5650232741653427,0.7441825226929314,0.4134955093365859,0.20129401837126862,0.8159574320176057,3.266014655356953,0.898338614201522,74.99949685332155,71.18533548128421,0.7040102601889257,70.52737297735229,71.50743344544135,0.391939614695702,1.3724740755791545,0.7954506483398371
33,QA,Junior,0.9963470372789738,28,2025,0.5920164660963476,0.5746793717380245,0.5856852217153365,0.47929512334503593,0.4616045209817377,0.8338567486063724,2.39297301257987,1.0904352913623052,72.5140559228193,75.84033439759145,0.6671070642689191,68.39670463990484,66.99127903000993,0.4481145196065873,1.3724740755791545,0.7954506483398371
33,QA,Junior,0.9963470372789738,29,2025,0.7811515280817718,0.6938210519124147,0.404560940091928,0.3250050169455453,0.7298201159725132,0.60753132645151,1.6740236358918423,1.184887597041423,84.70255115328656,85.4129034829519,0.1879690070915243,67.06464008069702,62.53953054502297,0.4781055187358095,1.3724740755791545,0.7954506483398371
33,QA,Junior,0.9963470372789738,30,2025,0.687904878424218,0.6613944413689685,0.6819532087275956,0.5988462526245731,0.1052566801884376,0.8036529462440097,3.7693479680619397,0.7885807738876642,63.9280062596888,62.54985076134934,0.484516441911662,69.68450324092092,67.80922536962788,0.37701196110319185,1.3724740755791545,0.7954506483398371
33,QA,Junior,0.9963470372789738,31,2025,0.5960324030395373,0.44909215810086434,0.7602323683005094,0.9045052602433605,0.12828794566905308,0.5235633136201763,-0.9360623896680225,0.8168487700887783,56.655575674259,47.667962898632354,0.5978188189584603,68.94165139787506,59.926750300458664,0.3888559923687968,1.3724740755791545,0.7954506483398371
33,QA,Junior,0.9963470372789738,32,2025,0.540781016258341,0.5612862838705759,0.7051637722326859,0.20041687137503517,0.21202633961404121,0.4779140788114612,2.4245350232427554,1.0635147459436738,78.17374216168658,80.61936397048625,0.16047114868045984,66.4930340334877,66.27939033440357,0.4585943322430039,1.3724740755791545,0.7954506483398371
33,QA,Junior,0.9963470372789738,33,2025,0.5612044407952796,0.4956929677196832,0.8635629500775281,0.9090441301230952,0.37578708259085086,0.7850583363938983,3.94811766104496,0.7703216754123107,95.97886028650088,98.37551715482682,0.4418637073969835,68.41163814808709,65.57417530499576,0.3839673505150697,1.3724740755791545,0.7954506483398371
33,QA,Junior,0.9963470372789738,34,2025,0.646579063407495,0.5356104421436396,0.7422315185891449,0.17449934122876704,0.06884331376956988,0.5490050865471596,3.0859005509160577,0.8865943643611387,74.90931369857839,75.83588627902249,0.7272906438631696,67.10909104788368,72.28865542936478,0.41807644747319705,1.3724740755791545,0.7954506483398371
33,QA,Junior,0.9963470372789738,35,2025,0.5680546038601509,0.554083113700879,0.7574777340071058,1.5089818995819966,0.0713232864464686,0.8541541522066194,4.286290323886644,0.8092355188644951,70.92615676937181,70.01434775857393,0.4379469055565878,67.41560101305906,59.931937580010086,0.40005042866407353,1.3724740755791545,0.7954506483398371
33,QA,Junior,0.9963470372789738,36,2025,0.6146569025672592,0.5612550606541158,0.6183206272710728,0.24179098287225687,0.42182227301467545,0.7294896304168815,3.6564035100611925,0.7234177049348602,60.38563846986996,65.07051764494048,0.5860890927790338,67.85434243933511,64.84129513410383,0.3792306873258461,1.3724740755791545,0.7954506483398371
33,QA,Junior,0.9963470372789738,37,2025,0.632884107181193,0.605774836254857,0.6105764774259764,0.37612457593908977,0.03489156949204498,0.8789631905101284,1.052662887555002,0.7042599732046151,66.33254606655555,70.17622932450665,0.8605533523538833,67.82797641947388,71.11298315434247,0.37561885781197396,1.3724740755791545,0.7954506483398371
33,QA,Junior,0.9963470372789738,38,2025,0.5514345824386011,0.5531944576086061,0.5443233538871943,0.6248042437082809,0.10478654629644889,0.4691614430066623,2.274735702765337,0.9366871576241785,63.963809602543066,66.32869983091778,0.7864986174450067,65.85972366075738,64.16126758491295,0.4385064010185242,1.3724740755791545,0.7954506483398371
33,QA,Junior,0.9963470372789738,39,2025,0.49251664050443367,0.42008260519333307,0.5991597926730616,0.42427414228243787,0.6727282199219281,0.9085915146215922,2.9694542398375616,0.9124355378938691,72.01400469680078,74.36369009886155,0.2831582584710141,66.01728098909012,60.887348890671625,0.4323430993363561,1.3724740755791545,0.7954506483398371
33,QA,Junior,0.9963470372789738,40,2025,0.7107713235308326,0.6024707150530701,0.9535385011682016,0.6986875204455029,0.16941960712597182,0.8176224344055815,2.562236771560379,0.8802009790476247,61.192541312848135,58.525340998294155,0.6277651656586035,66.3116130893698,69.82881130015383,0.42344342006477664,1.3724740755791545,0.7954506483398371
33,QA,Junior,0.9963470372789738,41,2025,0.6166095330931697,0.558012332580891,0.6394420027243999,0.4722418295351827,0.3820789052414133,0.5910981776190567,0.836440772086817,0.9013374736887796,64.73983045096077,67.1260247602176,0.11300744467637694,66.25135641560058,61.10930221882074,0.42817285794108445,1.3724740755791545,0.7954506483398371
33,QA,Junior,0.9963470372789738,42,2025,0.5875468569660316,0.5748532425356827,0.6154589017788508,0.750485003723722,0.2791682802778803,0.8377103774437198,3.3306128006161373,1.0779644145104235,83.3076006670985,74.42658775337789,0.7204875546284559,65.0179687627306,67.13764655301678,0.4737764765459963,1.3724740755791545,0.7954506483398371
33,QA,Junior,0.9963470372789738,43,2025,0.6832405808145697,0.647171598324283,0.5854997051737476,1.0154725209635564,0.04199993518446633,0.9151884203966373,1.99903504186546,0.8508064497496879,75.63172861102616,79.00823276036034,0.6591608042858277,67.08303356597752,67.91434086425592,0.41113601023345825,1.3724740755791545,0.7954506483398371
33,QA,Junior,0.9963470372789738,44,2025,0.6585182562810035,0.5232698659607102,0.8190794708258742,0.9590465344790057,0.3116503997350276,0.8504524457548471,1.2614796283557614,1.0424719675489813,95.2910824938949,100.92089721870512,0.5486724611918776,65.86207022238094,69.36651110683584,0.4596438083232885,1.3724740755791545,0.7954506483398371
33,QA,Junior,0.9963470372789738,45,2025,0.657139300825522,0.6353372759477656,0.7661590762914882,0.43456578654516465,0.12381472800811406,0.8907893726037184,3.827193103646142,0.9945376366996337,69.42476938756727,74.35134975575791,0.2296989145913158,66.6179104577885,71.0775606568965,0.4437582735250226,1.3724740755791545,0.7954506483398371
33,QA,Junior,0.9963470372789738,46,2025,0.6009685091462541,0.5107768754574897,0.6533477073766785,0.9367111727729734,0.07616033311429271,0.6414603961942551,2.19830220181032,0.8475466243669445,64.38832211450644,63.884041919715315,0.11760650595955441,68.22077900610154,59.26662240895896,0.40100283315587615,1.3724740755791545,0.7954506483398371
33,QA,Junior,0.9963470372789738,47,2025,0.5743404259614917,0.5642089008248586,0.7232010104159794,0.7657688596939454,0.1563197134178331,0.7037963461115051,1.330670153184955,0.9934425115378125,55.64117624712884,56.17424788975237,0.38069749179355056,67.52890146628279,63.521173370090644,0.4359476567552059,1.3724740755791545,0.7954506483398371
33,QA,Junior,0.9963470372789738,48,2025,0.6220840332552691,0.5078407100239614,0.6311491792714643,0.2793905211739166,0.05680421775849724,0.7503248189234879,2.7016524181007475,0.9860498773111076,96.70254862976324,95.79767730727248,0.2715109213673951,68.10475041353338,72.44812243215868,0.4296703886827767,1.3724740755791545,0.7954506483398371
33,QA,Junior,0.9963470372789738,49,2025,0.5939338921642633,0.5872406740828495,0.624818231371193,0.6075605915931044,0.18073970064545997,0.9180111164048912,4.288215639982979,0.8017872400545019,56.02614067233587,62.71166489137585,0.8358160677271618,70.12944293659238,67.83276784103151,0.37594542353929716,1.3724740755791545,0.7954506483398371
33,QA,Junior,0.9963470372789738,50,2025,0.6145180606607176,0.6464505585970273,0.8247466049348751,0.3320300851772765,0.046364093675052176,0.7909575162352019,3.296848122828858,0.8207942776977248,84.24094530536073,89.09632682173607,0.3266806558971934,70.55383274922148,73.48655359059836,0.37621024929603253,1.3724740755791545,0.7954506483398371
33,QA,Junior,0.9963470372789738,51,2025,0.6711983414222925,0.5922141422845584,0.43088002439407885,0.14732406002398313,0.27430685411932676,0.5875688985076102,3.8140476234840985,1.082164280125006,77.49782398171854,75.38580439146773,0.5207116037507004,69.0567676499644,68.19293321350682,0.4409597922752979,1.3724740755791545,0.7954506483398371
33,QA,Junior,0.9963470372789738,52,2025,0.5735905380154428,0.48279979669554673,0.7296861013559917,0.12202354546168766,0.5789266072026719,0.7548811866966256,2.0397460296905807,1.0298936914095078,75.176880649184,72.5005671266323,0.35551182393053343,70.07761576096502,67.40480377224635,0.4219986069405264,1.3724740755791545,0.7954506483398371
34,QA,Lead,8.444908452002165,1,2025,0.9684662570553851,0.9134875217719229,0.6456203104522006,0.37782157063496724,0.1534820551292786,0.5299284358739934,2.592366561445184,1.0504955514445824,87.29381793803145,87.8639873802535,0.6692091898420125,70.03358005182926,78.06961075720396,0.42648594319033933,0.9823140251713733,1.1459254397094334
34,QA,Lead,8.444908452002165,2,2025,0.8904397371910638,0.8686303917210737,0.6721332055117423,0.3965659116771923,0.05899750144627699,0.5797572374109885,1.556729025578701,0.8993098658243881,83.48162873230434,75.92015857404678,0.22688700789188077,71.83696045695197,73.9216571464574,0.38122063602361117,0.9823140251713733,1.1459254397094334
34,QA,Lead,8.444908452002165,3,2025,1.045425479929983,1.0318254640345277,0.6459404383937222,0.03691092619148458,0.35982925766981194,0.6163970774812544,2.743207307404263,1.0904127575854776,81.92174527327336,74.47670782375525,0.2086670870561933,70.88458343663815,77.27529199689945,0.42737768954511096,0.9823140251713733,1.1459254397094334
34,QA,Lead,8.444908452002165,4,2025,0.9576183140777192,0.8759464627958652,0.7415205823464963,1.0842203301239484,0.06365694632299482,0.75547091788305,3.3243312893468415,1.0259385878320746,69.84719941839134,70.23964812493601,0.47976353025644564,71.95096821967154,72.21827333006316,0.4055963157358188,0.9823140251713733,1.1459254397094334
34,QA,Lead,8.444908452002165,5,2025,0.9973117813725579,0.9569858101048555,0.6134454936794158,0.5936677489559472,0.32637606649502593,0.938437498444541,2.2495413960040724,0.8432117128459773,69.7518891577472,71.12058604528464,0.12520834215762777,73.92949109299725,72.24513963017702,0.35256325012755163,0.9823140251713733,1.1459254397094334
34,QA,Lead,8.444908452002165,6,2025,0.8410591048286034,0.7242238003155679,0.5561695459334896,0.6551047587539943,0.388406887647077,0.9195548722782846,2.9813000957131925,0.9366606838483181,71.47702133516374,74.6321062683222,0.3044636833526983,73.65718888252673,69.03376962653263,0.3735222294152743,0.9823140251713733,1.1459254397094334
34,QA,Lead,8.444908452002165,7,2025,0.8534236379506092,0.7995041697115923,0.7407771485567121,0.25280306968660254,0.2800290986208838,0.5746118596986529,2.306604198839301,0.9134930534132311,85.36399689041087,75.26153103778813,0.31302009616336646,74.26947037565895,74.02240058389906,0.36378635755215494,0.9823140251713733,1.1459254397094334
34,QA,Lead,8.444908452002165,8,2025,0.8364880805443129,0.7762999763984689,0.7814423971687501,1.1411430535124196,0.2896520952642738,0.814139927997055,1.7942870229790708,1.0943936763697562,77.50008758771766,77.09394842195437,0.6035827479600878,73.19463098061952,69.83558963839242,0.40892347710212185,0.9823140251713733,1.1459254397094334
34,QA,Lead,8.444908452002165,9,2025,0.9719229032806126,0.9854292678371892,0.6255651054550507,0.4251987641980184,0.25872994908403973,0.36246333051859425,1.8613668351545376,0.9781832484054821,70.856519792627,72.47858714686967,0.7741415719664272,74.43667520313149,75.48091261630016,0.3753310229883341,0.9823140251713733,1.1459254397094334
34,QA,Lead,8.444908452002165,10,2025,1.0815747402942297,0.9943288722712069,0.5473735710321586,0.7774675225196044,0.30795225137144344,0.7618871466509757,2.7508922793702806,0.950948527789702,85.69868408540145,86.67399811284461,0.4040364346808218,74.90235405321876,75.13326003927708,0.36600342178111744,0.9823140251713733,1.1459254397094334
34,QA,Lead,8.444908452002165,11,2025,0.9477661657269402,0.9066561413899772,0.7216445345986412,0.8869041687527229,0.06291746532227366,0.6706249717852191,2.461335225320772,0.9268062582108714,70.32714398797793,62.585990659023345,0.35916403952654313,75.2751200835526,71.91532939935942,0.35806858427923594,0.9823140251713733,1.1459254397094334
34,QA,Lead,8.444908452002165,12,2025,1.0402508039189045,0.9717399621069758,0.7136970040788572,0.39918630807575883,0.1056349591509192,0.8018863345491815,2.403986849434999,0.8801972472841748,73.33475987296974,66.93827238402181,0.7686505142045906,75.75682745432617,81.04045543155561,0.34473255400411684,0.9823140251713733,1.1459254397094334
34,QA,Lead,8.444908452002165,13,2025,0.76136512059311,0.7154974012597699,0.6578567751609782,0.3909713085896116,0.07932115360499861,0.6660589088001023,3.8936967508477665,1.0053505986854039,73.72022286525367,72.85093827282095,0.615908564937038,74.79205627262607,74.68801698800944,0.3778029841318635,0.9823140251713733,1.1459254397094334
34,QA,Lead,8.444908452002165,14,2025,0.8025582023833876,0.7992782137501722,0.8249289356274856,0.6538987171979945,0.3178500749455579,0.9508003382313162,2.9518221575327948,1.0293331035013458,73.70138458459239,74.10060565237633,0.48046500023734356,74.5637406045888,74.70754580806354,0.38450211566202913,0.9823140251713733,1.1459254397094334
34,QA,Lead,8.444908452002165,15,2025,0.8774532649864437,0.8618986347122841,0.805061608900889,0.8794536729830593,0.13124551744044793,0.740375160282315,3.9427345295455494,0.8666905705698633,88.2945487891098,84.52286923748947,0.7705475538397139,75.75604558468065,76.54655893892502,0.34203773424163386,0.9823140251713733,1.1459254397094334
34,QA,Lead,8.444908452002165,16,2025,1.0121865905014351,1.010461404256433,0.6594421815042883,0.2605178915259862,0.1680641609376468,0.5076973132386435,2.8886043797536374,0.9875048501580527,73.79867592761133,71.49827237907454,0.5998953125495634,74.60990347427196,78.89916159591078,0.3757517744126775,0.9823140251713733,1.1459254397094334
34,QA,Lead,8.444908452002165,17,2025,0.8522155081635494,0.7934187639584466,0.7754424448236251,0.1965921723913375,0.5549729962976649,0.44893898812784133,1.9297436149763976,0.8363248920939328,91.00007639789354,94.76733690150196,0.7113486287400292,75.57154205362389,75.181347638656,0.3375021279719208,0.9823140251713733,1.1459254397094334
34,QA,Lead,8.444908452002165,18,2025,0.8988108574518896,0.923925481706833,0.7334729696602449,0.911083091540831,0.1321770686726884,0.5915297918318393,2.1256488960996873,1.1248267652459158,70.39910825435702,70.68120885108658,0.3356846140585663,72.95116626961025,69.80199920707807,0.4170389674690977,0.9823140251713733,1.1459254397094334
34,QA,Lead,8.444908452002165,19,2025,0.8389399734745141,0.7754654113865089,0.5013864745576981,0.6794891560112744,0.6185571858314108,0.8878807924972256,1.8786816247566378,0.7859034598981632,74.51997591809753,71.543593801629,0.6579362245718436,75.2901871237795,67.682914495651,0.32976246594813674,0.9823140251713733,1.1459254397094334
34,QA,Lead,8.444908452002165,20,2025,0.9916088669641028,0.879144435743384,0.6804824601734758,0.10156206708660265,0.43137338183799845,0.6817193080173158,1.4753331814080761,1.0079085178903013,51.19906714708624,49.92074532052178,0.1692510900763379,73.08720621019086,72.17254697222397,0.39252165182646975,0.9823140251713733,1.1459254397094334
34,QA,Lead,8.444908452002165,21,2025,0.9285802173002178,0.8903472927431503,0.6556596471747844,0.11384860561647954,0.32536331828439913,0.5773134574853837,2.9320334774580092,0.9387639646974575,58.01309366146917,52.310638389672306,0.2047050434823716,73.16507307818542,71.64540072071335,0.37804385062127965,0.9823140251713733,1.1459254397094334
34,QA,Lead,8.444908452002165,22,2025,0.9302272743065876,0.9213164977470163,0.7591198489969653,0.8136303355650384,0.1159983454500729,0.8507589937930372,1.6193199099639166,1.1065472896741901,60.832133528841865,54.50162186058624,0.815889098437695,71.30609860493463,74.87467505986653,0.4270919695603827,0.9823140251713733,1.1459254397094334
34,QA,Lead,8.444908452002165,23,2025,0.9311113652023371,0.8838582793650701,0.6222187211839196,0.6952513466193331,0.4106403684334753,0.8327799555209507,4.823728663629934,0.9448691875591368,81.6680671492652,75.10325724080822,0.620325439537145,72.04893199684888,73.60557522611902,0.3885660708714201,0.9823140251713733,1.1459254397094334
34,QA,Lead,8.444908452002165,24,2025,1.0064924528767851,0.9604593141182595,0.7670430176809223,0.6751027319805687,0.3201068440939838,0.6392272081429532,2.686021359555016,0.9909210749750428,80.01063247900592,76.62382036548168,0.07671973503096394,71.10407078374674,72.56867790448104,0.4056502917971191,0.9823140251713733,1.1459254397094334
34,QA,Lead,8.444908452002165,25,2025,0.9614900378886879,0.8296568056480951,0.8517641571056251,0.4359964070256984,0.022147011907934045,0.8698605462073197,2.367969507482945,0.8595016313377135,54.118591967319375,54.80566870815248,0.4706626282327107,71.5615314126842,76.2553669922341,0.375554231161841,0.9823140251713733,1.1459254397094334
34,QA,Lead,8.444908452002165,26,2025,0.9933253078734843,0.9520813005173266,0.6306190420803818,0.04581527172637689,0.1305931418169716,0.9438375344913773,1.3437292645113112,1.2063775372330827,89.87358277248643,88.49636873874736,0.31262470074510734,68.18384076424464,80.96146136063433,0.4730768344112446,0.9823140251713733,1.1459254397094334
34,QA,Lead,8.444908452002165,27,2025,0.88145076789557,0.8340417011780129,0.6366305228624777,0.8237293421658216,0.1626439827453737,0.7094205078360968,3.7733784899006384,0.8906046481312835,67.92226573789175,66.76178668830292,0.43800876542301825,70.10734047578242,69.20109926098141,0.39389309232806985,0.9823140251713733,1.1459254397094334
34,QA,Lead,8.444908452002165,28,2025,0.8152819891173748,0.8067819578164805,0.617294877908322,0.21302718563247255,0.1431054894294785,0.7472995499573547,2.121254184352601,0.9041234709704413,70.2998613393235,76.78989538932458,0.1379626135676611,69.40529497290798,72.49774236721835,0.4024472360865218,0.9823140251713733,1.1459254397094334
34,QA,Lead,8.444908452002165,29,2025,1.0604971404880619,0.9785441481455306,0.706877490662237,0.5544786793772898,0.3760683600809478,0.7870037603243872,3.6147915049614783,0.8946051658937982,86.72656945654862,93.52832528150624,0.4433588309404669,68.90499529974623,77.1841799428829,0.4047127390142077,0.9823140251713733,1.1459254397094334
34,QA,Lead,8.444908452002165,30,2025,0.8671960529272781,0.8284557446468168,0.6978301666248998,0.3182451180756707,0.3314818374239072,0.6060492532163207,2.3393181055135104,1.0179666129407228,75.38691501642798,80.95931464577878,0.04913969319559162,67.36751229836467,70.91364610376134,0.44219738676843895,0.9823140251713733,1.1459254397094334
34,QA,Lead,8.444908452002165,31,2025,0.8252475901234297,0.7236290811258562,0.436289033078078,0.8538486634103588,0.3284275392783078,0.9047671220381869,1.6351213191373128,0.8744863582066665,61.26353340437956,65.94818085479514,0.6321168143030029,67.99864646280018,65.84530163530466,0.4082418844513318,0.9823140251713733,1.1459254397094334
34,QA,Lead,8.444908452002165,32,2025,0.8984414282517763,0.8660590691818939,0.6937040602686825,0.7893289849684498,0.28001795135250845,0.9617656387864961,4.084160032047585,0.8557235838646263,85.34815628349969,87.49386388180773,0.1017257184788766,67.6734590999883,71.26142893542719,0.4071992242730227,0.9823140251713733,1.1459254397094334
34,QA,Lead,8.444908452002165,33,2025,0.8852392763922118,0.8796127296810589,0.8599019332100208,0.3385906126262452,0.17856935646180397,0.7214890103369269,5.2575347924161004,0.7884027211255701,64.00673079376412,64.85502176042128,0.9160961638884687,67.78508555224924,77.36682937686881,0.3928048312897036,0.9823140251713733,1.1459254397094334
34,QA,Lead,8.444908452002165,34,2025,0.8765757447526866,0.8097766388965826,0.6895567507505321,0.2724031441412737,0.0693010268809147,0.935323104276073,4.113972896116549,0.855901043008032,68.7993850598008,65.2157538644809,0.5468493829631089,66.87273338857676,76.54250804085339,0.4139074303634667,0.9823140251713733,1.1459254397094334
34,QA,Lead,8.444908452002165,35,2025,1.0868984570986644,1.055060261387514,0.6119392874458833,1.0228209329539375,0.6485929633122762,0.842458510980563,2.3996012300521588,0.9700068163462816,77.03645746992383,79.348867211297,0.36831509578746885,65.647526403073,69.7260045898618,0.446938643243648,0.9823140251713733,1.1459254397094334
34,QA,Lead,8.444908452002165,36,2025,1.0091319424288996,0.9529470157692398,0.8214834172197896,0.680583387807555,0.0586363610916547,0.7330212902772921,2.021593606178026,0.9974120413135277,70.27910477570656,62.736981259580716,0.7356231193943134,65.180483518174,77.9737227381726,0.4563117122779222,0.9823140251713733,1.1459254397094334
34,QA,Lead,8.444908452002165,37,2025,1.0921747431511573,1.074520588783781,0.744132217772988,0.32198786097024845,0.2724854163737923,0.8255614760291423,2.4283258420859215,0.9893022783304726,68.22854613234027,71.00887674554035,0.6262695143675404,65.06573374833526,80.81118495265244,0.45564600776330066,0.9823140251713733,1.1459254397094334
34,QA,Lead,8.444908452002165,38,2025,0.8936702260138707,0.8426586995568831,0.8137809131276501,0.9805802852525138,0.10260937324149146,0.6766720499010371,2.576021301266026,0.7761117465786003,64.21775455809227,63.5849853412956,0.5590445399190618,66.66242271899023,68.78774544843012,0.3997021599908015,0.9823140251713733,1.1459254397094334
34,QA,Lead,8.444908452002165,39,2025,0.827558858480705,0.7072345261007636,0.5041923311950338,0.6977090684411427,0.3901188941191695,0.4626552383133867,3.0059153880005605,0.9233642941404521,69.45067283996826,72.36990199038084,0.6477773276470628,65.44794670898568,64.67080657646336,0.43927330291987643,0.9823140251713733,1.1459254397094334
34,QA,Lead,8.444908452002165,40,2025,0.8462894187974659,0.7985043917656169,0.7095602849654056,0.26388363318697455,0.3612185221457509,0.8778624331888475,1.509273787352249,0.891066536147203,79.32513771698012,84.58070946442561,0.5744989423575804,65.7427844024414,75.84567572040173,0.4303567705424289,0.9823140251713733,1.1459254397094334
34,QA,Lead,8.444908452002165,41,2025,0.8644670517061119,0.7990544140527119,0.7448198728044032,1.2346804603774801,0.2050421981405945,0.553156881129323,3.5813706668059604,0.9092850162206583,66.88944075968591,63.089001120965975,0.4889947670873639,65.70587184521378,64.2359574190072,0.43430807120068354,0.9823140251713733,1.1459254397094334
34,QA,Lead,8.444908452002165,42,2025,1.052541255952058,1.0512308019476397,0.5779265432944373,0.8068662454016011,0.5502918646754625,0.8381139138602822,2.9620640113008294,0.8822218704277562,65.44606374342084,62.79607340852411,0.23428949818665032,66.10200488526017,68.00720961190875,0.42559433337504976,0.9823140251713733,1.1459254397094334
34,QA,Lead,8.444908452002165,43,2025,0.7869302201474523,0.7727084988684411,0.7227492767752101,0.43652132174863745,0.2908471985132668,0.7456680950863265,2.1299124171977457,0.823756690680543,77.48005538329107,79.66309166123409,0.44137049319108734,66.8175274083989,71.32191885708875,0.4079386097327844,0.9823140251713733,1.1459254397094334
34,QA,Lead,8.444908452002165,44,2025,1.0014414261059632,0.9670643506493009,0.5443421429527986,0.2937011722158772,0.265256777669894,0.568822187508413,2.01338635111753,0.9528514200200044,63.026868604319624,51.75181636389111,0.5264835223075918,66.09713037248099,72.4822340799395,0.439760864233326,0.9823140251713733,1.1459254397094334
34,QA,Lead,8.444908452002165,45,2025,1.111347175817625,1.0095507585775385,0.7218004702183094,0.4430644362473013,0.07312453429896085,0.6341125184620526,2.6228785601266673,1.0033833245812516,74.11516347908731,75.62843563230868,0.3526938692854849,66.06524072460378,78.28649887764067,0.4501329922112187,0.9823140251713733,1.1459254397094334
34,QA,Lead,8.444908452002165,46,2025,0.9464090024434254,0.8641256867108695,0.6032591951137787,0.6147416614917605,0.48171426914686255,0.827627877590538,2.5701451451028507,0.8650117035939582,64.80922429346793,71.84752817566239,0.8015114258877731,67.59915414215367,71.80822156173652,0.40967605620084446,0.9823140251713733,1.1459254397094334
34,QA,Lead,8.444908452002165,47,2025,0.8654597205568746,0.850009327385743,0.8058448052661642,0.9061021864671304,0.4447264463074859,0.5455741428129227,3.122145018510616,0.9154984279723263,74.69771840540804,73.62000680081347,0.5943697246973354,67.67054990467491,68.32523105956189,0.419178436388841,0.9823140251713733,1.1459254397094334
34,QA,Lead,8.444908452002165,48,2025,0.8559061500250171,0.7697479855101718,0.50049865153283,1.5367920468044174,0.06241259230785922,0.9152031226770686,2.396407111621375,0.7600014160684858,85.11519363974854,83.61415184627666,0.2771248764031155,69.43123387334258,63.339003350495496,0.373406667602509,0.9823140251713733,1.1459254397094334
34,QA,Lead,8.444908452002165,49,2025,0.9547957989914951,0.9340254022007475,0.7759916298318356,0.4088589719378667,0.21477750783373215,0.8110167436246652,3.0061612257039467,0.907608600369134,85.4166512261565,91.61582302262696,0.46379062785998765,68.80096782394355,79.16663082195136,0.4081803215409639,0.9823140251713733,1.1459254397094334
34,QA,Lead,8.444908452002165,50,2025,0.9602020653613086,0.8905551430460068,0.6965446994061316,0.31687965111251604,0.1847316445440487,0.8539320016211362,2.334871319562621,0.8348489986263083,74.43653292908122,77.25730476846057,0.3120632283379106,69.95949075166105,76.11144926227367,0.3839740434614196,0.9823140251713733,1.1459254397094334
34,QA,Lead,8.444908452002165,51,2025,0.7968131390235299,0.7856400991057907,0.705727133689171,0.7058703400494988,0.23394890472809968,0.75111381362857,2.427919321231097,0.9736200512328828,76.07187043560903,82.41012263963992,0.7970222693264314,69.44321725096961,74.00755622577675,0.41603053315516314,0.9823140251713733,1.1459254397094334
34,QA,Lead,8.444908452002165,52,2025,0.8397078662141099,0.8268978952002055,0.6988727380885617,0.6833584497451277,0.21969966401233287,0.788649132424126,3.011515675353852,1.2369728625406304,77.8649629080894,77.91503960827335,0.8872079233464051,67.93907816178425,73.48922957284587,0.4812355878265906,0.9823140251713733,1.1459254397094334
35,QA,Lead,10.176876252009635,1,2025,0.9571336195250751,0.9548085014046301,0.6660137711403409,0.5519034030164187,0.15744627631087585,0.5988016237747172,0.8820389419548522,1.0311767841033277,66.67045981909583,70.18020567779305,0.16654476421550649,61.73547663968988,70.70722157391182,0.49177305148991657,1.2833676872693935,1.057376785353022
35,QA,Lead,10.176876252009635,2,2025,0.7439147311607545,0.8046758864228091,0.5471959591990645,0.20009803814095398,0.5222515809033839,0.721342484645725,3.770733926546094,0.9225814666251608,85.61565687806112,87.10355847900968,0.8310418130423192,63.19813409967639,73.37656753979442,0.45786517582772895,1.2833676872693935,1.057376785353022
35,QA,Lead,10.176876252009635,3,2025,0.7930029121340948,0.7356173689200367,0.5899572411728343,0.3087423522206127,0.6148671266443777,0.3752790983464472,0.656948973534722,0.9311067746061032,75.45129839988313,68.60364595295898,0.8621302239686431,63.70637774960373,67.50124424309715,0.45533487367452286,1.2833676872693935,1.057376785353022
35,QA,Lead,10.176876252009635,4,2025,0.7707335510967511,0.7522515893608533,0.76999533570192,0.5243832348275744,0.19789098513808964,0.5231969392855162,2.3217487527544636,0.8929063167980051,67.55111597179891,66.21969347657182,0.8334281668508986,64.56257283707468,71.02518492503263,0.44055982305064534,1.2833676872693935,1.057376785353022
35,QA,Lead,10.176876252009635,5,2025,0.8628781516695004,0.8320572688042323,0.6375386994760948,0.6945865929276516,0.4701621608096954,0.5267722023590127,2.0183313751635077,0.7343517866072345,69.05398153389939,68.61613798247966,0.22887682866155912,66.34771695203779,62.67446550572583,0.3939727160544653,1.2833676872693935,1.057376785353022
35,QA,Lead,10.176876252009635,6,2025,0.6498027431792096,0.6802200350067555,0.7815978130127899,0.8582595792000396,0.19803709741142228,0.7995600640700176,1.4996766720464838,0.7811111399188675,78.9482274134287,75.46546584768932,0.48684054367094626,66.44893168309292,66.96170180100897,0.4024811306246658,1.2833676872693935,1.057376785353022
35,QA,Lead,10.176876252009635,7,2025,0.8616299171831941,0.8066525693412997,0.7350177215313871,0.2580645151815335,0.21832727336993574,0.9000286045626448,1.7416480157381717,0.8087636909485221,89.43527021776757,84.23855314220361,0.2731296237733658,66.6546517245072,75.71492926463375,0.4062973071521444,1.2833676872693935,1.057376785353022
35,QA,Lead,10.176876252009635,8,2025,0.7895642200365522,0.8033019212499148,0.7233304427491851,0.5045004482568213,0.20263735625683107,0.7542626706002447,2.3813792865081216,1.0252518604716017,85.42648525937197,82.43073977135884,0.3438043089690854,65.29511195693536,73.2455983084117,0.46092443911985903,1.2833676872693935,1.057376785353022
35,QA,Lead,10.176876252009635,9,2025,0.9004540346265906,0.8890517796675753,0.6680829782845192,0.672744289751746,0.20808100023699924,0.9373492750917664,2.2459270104404405,0.9975566793726744,77.70625273936501,75.01040973476526,0.14672995313120477,65.82903420452453,72.72282024520082,0.4509360508368304,1.2833676872693935,1.057376785353022
35,QA,Lead,10.176876252009635,10,2025,0.9001760145104313,0.8582491815276385,0.6851817649735231,0.24898639187137295,0.5186352479825324,0.6303277978695617,3.115941004281538,0.847306222574268,54.992855388086966,51.1436568580078,0.6616307604268759,67.27883894407282,70.01014821351882,0.40880425331424675,1.2833676872693935,1.057376785353022
35,QA,Lead,10.176876252009635,11,2025,0.767076437575891,0.7714046674572475,0.5431673544207349,0.15509283723057568,0.11656656635174023,0.8663155138557634,2.9391986597509185,0.9481986660122769,80.82118167343812,82.08156548527938,0.5422069535116331,66.65132727027193,76.39320076480641,0.4342120059501893,1.2833676872693935,1.057376785353022
35,QA,Lead,10.176876252009635,12,2025,0.8670630370429124,0.8339259109547047,0.7574173142113012,1.0444223754724637,0.08074568112901759,0.7514230851894628,2.840843211789403,0.9585960936923621,54.90145318105195,48.13435417176506,0.19186376470631536,66.67698313219125,65.87184185530457,0.4360776926368786,1.2833676872693935,1.057376785353022
35,QA,Lead,10.176876252009635,13,2025,0.6921981208121547,0.6023665460115863,0.6078445603654018,1.2819369926472828,0.13562307369635881,0.7318783389012353,1.7314785397214134,1.1243835901290917,67.39560261525816,57.39088344062016,0.28751751997493036,65.38713879020715,58.7768619973363,0.4799838947740922,1.2833676872693935,1.057376785353022
35,QA,Lead,10.176876252009635,14,2025,0.8332753366340748,0.7982037219441531,0.6440082155854839,0.457512890130499,0.14005581555032218,0.7784431305639818,2.1739566509077344,0.8972311602322809,78.17761425914463,65.10345025303553,0.8171781737559868,67.16790259987191,74.97624873381898,0.4197137103808569,1.2833676872693935,1.057376785353022
35,QA,Lead,10.176876252009635,15,2025,0.9398709882153765,0.9076194246963828,0.6572137277650217,0.9229795349788216,0.418404309925216,0.6919887186649333,2.1755651424747864,0.8141588658652255,53.66004607999283,48.09340325042599,0.2579441703755758,67.72364567144834,63.105408622009875,0.3984680592443089,1.2833676872693935,1.057376785353022
35,QA,Lead,10.176876252009635,16,2025,0.7804086192338497,0.7315941655141376,0.7197740335583297,0.27392593121708053,0.05814308980401368,0.7944050101466086,2.957917889036342,0.793890033375293,76.2093136125348,84.5230879263634,0.6773302077321804,67.70616845766462,76.16308851565282,0.39455993619452007,1.2833676872693935,1.057376785353022
35,QA,Lead,10.176876252009635,17,2025,0.8659054840689209,0.8664578350972116,0.5533604670461265,0.47696449030414745,0.21396445099549888,0.8987490510021147,2.2021388078030104,0.9505087358115234,86.45532799915965,92.25935954846136,0.7623839822404321,66.20541775301375,77.68851118215474,0.43838993255385683,1.2833676872693935,1.057376785353022
35,QA,Lead,10.176876252009635,18,2025,0.9419499855501552,0.8607497471104897,0.6257477557402911,0.5220861563314368,0.17105438218274222,0.6999714927957328,1.7706455586632945,0.8326837227232816,70.30275107367774,69.37671775171418,0.44091564248299364,66.83565705892191,71.61165416067283,0.40957293572030706,1.2833676872693935,1.057376785353022
35,QA,Lead,10.176876252009635,19,2025,0.9575844390400777,0.9501654013830712,0.6792068859095548,0.49252372753181695,0.13850700844949018,0.7272228831708262,1.57537695566977,0.9588560131103483,70.43203730329076,73.50627161858186,0.49947026106161463,65.4539131472126,75.67017126162735,0.446321926395298,1.2833676872693935,1.057376785353022
35,QA,Lead,10.176876252009635,20,2025,1.0323831684956797,1.0553150351517906,0.7095442077863322,0.35268715897806374,0.2645224677150193,0.5119839907118786,3.088549465416512,0.9455651685206069,65.36988846453536,68.96690160835351,0.512006449757993,65.13329945427901,75.35701942108845,0.4463355382517963,1.2833676872693935,1.057376785353022
35,QA,Lead,10.176876252009635,21,2025,0.6863180430349045,0.5989996769191213,0.6110261249626379,0.30905149638849827,0.07059709882603786,0.80483516731003,3.8979543425560426,1.083174605695617,52.64984879608035,60.65625236350009,0.2672904036484289,63.55713439933073,67.21082675453407,0.48699213447803397,1.2833676872693935,1.057376785353022
35,QA,Lead,10.176876252009635,22,2025,0.8649248137259474,0.7982218198765674,0.7068771746989692,0.22306495918193037,0.3505913316982855,0.8015950346225417,2.833347005966299,0.9448705889067524,81.89602378709293,92.93909760382242,0.7453504236619072,64.14685866020471,77.96180655277284,0.45441696227964457,1.2833676872693935,1.057376785353022
35,QA,Lead,10.176876252009635,23,2025,0.9209713662966023,0.8191981161683866,0.638494233451114,0.7579686004982853,0.12431230894790858,0.7221968872751188,2.4029263230376596,0.809132307561569,84.49442675563213,101.18133631804366,0.08890525674127558,64.68217348596,69.8840053227653,0.42280834912931375,1.2833676872693935,1.057376785353022
35,QA,Lead,10.176876252009635,24,2025,0.7610952861765364,0.7351531562413386,0.9195215588401613,0.5586020408120874,0.2876443215348821,0.6604383025136134,2.282023094419447,0.9440271670896705,59.343363028423916,53.01542308414965,0.7218637197677307,63.02656849596031,70.47323366521626,0.46358402928493153,1.2833676872693935,1.057376785353022
35,QA,Lead,10.176876252009635,25,2025,0.8062471582496772,0.7625150202928741,0.5180966212681342,0.46015019059738266,0.2701608030975965,0.5685484655196082,1.2026525900584562,0.9771857379222934,76.02749611308015,65.63290370968328,0.425087596377375,62.16740500913815,67.56214569127248,0.47737543917497405,1.2833676872693935,1.057376785353022
35,QA,Lead,10.176876252009635,26,2025,0.867051438850328,0.8708553834688296,0.7472239577643868,0.5915056855781871,0.30037047005935136,0.8687189909297052,2.391113990802476,1.0017364577840502,84.30618144963566,78.86968853411321,0.252906812596265,61.368315848967484,73.07731764399982,0.488944659482081,1.2833676872693935,1.057376785353022
35,QA,Lead,10.176876252009635,27,2025,0.7616960582963388,0.6568093221827586,0.6325231745527355,0.21806968210978753,0.09352574644708993,0.8596558380965607,3.2423329335252395,0.7458849054339594,83.97351702321656,85.29134464771585,0.7276349546935454,62.812444866491596,74.76006189014814,0.4257399405326952,1.2833676872693935,1.057376785353022
35,QA,Lead,10.176876252009635,28,2025,0.9247256946953476,0.8542317120131888,0.7145835812455925,0.2517228806231671,0.2708585759270923,0.8317837918597271,2.8968635052458014,0.9234339452867545,61.773087143615044,66.58052007615059,0.8074813136735842,60.79815762750806,76.47294167658887,0.4780354754947837,1.2833676872693935,1.057376785353022
35,QA,Lead,10.176876252009635,29,2025,0.9680824276536787,1.0036599685178094,0.5877327591351548,0.5595062727908318,0.07735392877887111,0.31524122774559826,3.3545555429633493,1.0218157613038055,87.87694413184173,82.73276312409946,0.6240165731040868,59.43465698559676,73.81239201042368,0.2679746683319433,1.2833676872693935,1.057376785353022
35,QA,Lead,10.176876252009635,30,2025,0.8237164265698632,0.7215301614735928,0.5787452554591732,0.7165547657394418,0.14641602179219798,0.7945665353437047,2.2962300922402323,1.0021960704821002,63.85049068182966,68.04372679848937,0.3035954421710064,59.04102308716425,66.98765987154178,0.263085246651497,1.2833676872693935,1.057376785353022
35,QA,Lead,10.176876252009635,31,2025,0.7035617509347307,0.7044438857144167,0.8709951900852417,0.9120365846204237,0.3658196595557616,0.5806600174749145,1.9945023017397894,1.0943299059068121,83.01240036024316,85.21092603051518,0.2444982177622728,57.78724453032961,64.21637054311367,0.32482439632428595,1.2833676872693935,1.057376785353022
35,QA,Lead,10.176876252009635,32,2025,0.8948660990213582,0.8452918230317331,0.6104776738348012,0.13924109451846922,0.604388930825502,0.6353762400865721,1.665515861231079,0.9513588901529294,79.62574648724167,79.19701096345077,0.382195703930054,58.45572309881248,70.68901030433162,0.24498290634130876,1.2833676872693935,1.057376785353022
35,QA,Lead,10.176876252009635,33,2025,0.8800911391140537,0.881677412203586,0.5037408162571315,0.9898004719521585,0.478869152736305,0.6499181310407995,4.20432451576063,0.9297089357828976,98.99817499786771,102.24907876380756,0.7535143568582753,58.20198228412119,68.96613055896452,0.23732968933993392,1.2833676872693935,1.057376785353022
35,QA,Lead,10.176876252009635,34,2025,0.7786151796334321,0.8221220422050862,0.7387531769053554,0.7427286730424383,0.22396237801796784,0.7962217185106487,2.9677419839592667,0.9316922894824328,68.56338201403997,64.74605010909931,0.2731347854713296,57.81374986591214,67.3381723022534,0.24317427141731457,1.2833676872693935,1.057376785353022
35,QA,Lead,10.176876252009635,35,2025,0.7619101356003297,0.6689841880895652,0.6318448598546473,0.6927488300785662,0.11371862043145749,0.8057488660672172,1.6116859582371341,1.0872233867867873,72.45655227546892,72.79868383739954,0.5203779460539318,56.25714028867954,68.00727618840688,0.34039743978489945,1.2833676872693935,1.057376785353022
35,QA,Lead,10.176876252009635,36,2025,0.6372237939652202,0.5937111283265883,0.6747604130619391,0.5840219853627007,0.29853402327720835,0.7164740602259203,3.5566463307233818,0.9178189353929289,53.88031724814249,51.21396911948321,0.5219748918478198,57.36457481466938,62.608597729711114,0.2418522825130972,1.2833676872693935,1.057376785353022
35,QA,Lead,10.176876252009635,37,2025,0.7410688118004055,0.7011135104673344,0.6984493894370295,0.24337685558646976,0.290521388165656,0.2939386155046053,1.6052670017894384,1.1945938930674125,75.85024590283028,77.65519002803732,0.6990623191248637,54.970747279570325,67.26710456580338,0.41016260553907713,1.2833676872693935,1.057376785353022
35,QA,Lead,10.176876252009635,38,2025,0.7482387562238707,0.6494680531366037,0.7993100820611627,1.3700126835857895,0.2638365155659849,0.9469470073079913,2.1916652704727766,1.1359152216856294,69.69281000394214,72.60916830222459,0.3835956214131029,55.33134136726458,61.89730233358337,0.37631584375200744,1.2833676872693935,1.057376785353022
35,QA,Lead,10.176876252009635,39,2025,0.923343294366862,0.9031899718072836,0.5272735252775762,0.35844171373988004,0.25309104206480165,0.7272932015472031,0.04965331492141978,1.0170304119293039,89.71297687721315,89.91824871936838,0.6366548067847703,56.24596421580545,75.65577589378658,0.3054406532670838,1.2833676872693935,1.057376785353022
35,QA,Lead,10.176876252009635,40,2025,0.8461559619189413,0.7950376554743267,0.7501021658484424,0.25949413429712603,0.24465791052720565,0.6394680345680334,3.589065980737688,1.063466449686112,83.27563228415902,85.65901112326657,0.6958418440772788,55.910931543260716,75.36048816925283,0.332846580552297,1.2833676872693935,1.057376785353022
35,QA,Lead,10.176876252009635,41,2025,0.8705575817862639,0.8012625273627088,0.5365790883595803,1.0407553271008445,0.06844643343078552,0.6281779947181159,0.8357679433864371,0.9058253141296346,76.23378762453304,68.77104754330536,0.1096198061122481,57.28089591107255,62.79030250653436,0.2369014581764105,1.2833676872693935,1.057376785353022
35,QA,Lead,10.176876252009635,42,2025,0.804898959432557,0.8097038596788394,0.6137385819163165,1.1145191016072578,0.047759347322054495,0.8336644860340233,2.61730933492102,0.8575868774125447,63.273084098404055,63.92251222172585,0.7105081907426417,57.846431278512455,66.68089214501165,0.2057130477248667,1.2833676872693935,1.057376785353022
35,QA,Lead,10.176876252009635,43,2025,0.7024614830265643,0.6577422606478736,0.7813424732320507,0.7511500725149586,0.24232866494060734,0.44340441231877636,3.5167258560044266,1.038730954402255,60.93030988822922,72.69833604967144,0.7587051120553916,56.645079747755794,65.57423902062844,0.31130198035418,1.2833676872693935,1.057376785353022
35,QA,Lead,10.176876252009635,44,2025,0.9486440682009236,0.8902472053121765,0.6953432811666523,0.5804438351767289,0.5548043687500305,0.4073792250764178,1.80470266244863,0.8805222624743146,72.82641469729523,69.51915741846072,0.4991747690768715,58.22311008197708,66.29966312831392,0.21247225521244378,1.2833676872693935,1.057376785353022
35,QA,Lead,10.176876252009635,45,2025,0.9781565663808578,0.936925944557,0.6942460964720116,0.33319506711792973,0.20070539594963646,0.7151963847508397,3.238078751686615,0.8913480407376106,79.68618825355992,85.83669916892607,0.23889630902984116,58.508869444483494,74.5880641338726,0.2143131523127616,1.2833676872693935,1.057376785353022
35,QA,Lead,10.176876252009635,46,2025,0.7911371567302958,0.7368826301349949,1.0019653142338043,0.4124462514961925,0.16409969943939615,0.5370613927132345,3.65072843764739,0.9255397417344793,95.75428852538187,98.03109489073469,0.7367943609106673,58.66227628616007,77.52320651988568,0.2294914172902387,1.2833676872693935,1.057376785353022
35,QA,Lead,10.176876252009635,47,2025,0.84091443393154,0.7375868545119253,0.7939829584787043,1.0198990081526713,0.07473147348272682,0.658836291234236,2.3394180967305753,0.977070759544572,78.85164865275901,75.09522023814283,0.07713199715265576,58.725317701227524,66.11673404025302,0.2544689085069419,1.2833676872693935,1.057376785353022
35,QA,Lead,10.176876252009635,48,2025,0.9114497013469718,0.8961847325615694,0.6574623031685246,0.5837035053252366,0.19198531302168464,0.86236363347677,1.8299023006295085,0.9363131492327333,76.93486847595253,80.05046896755097,0.4353997921654859,59.568086457159175,73.7066230684241,0.22355549390187696,1.2833676872693935,1.057376785353022
35,QA,Lead,10.176876252009635,49,2025,0.8380825067202748,0.8212162895180459,0.7439259489380675,1.1579535831532406,0.1656619025386152,0.8745977751701959,2.291596492162249,0.9904762433431327,66.29093161154947,76.87164948193745,0.48447726818855275,59.68537312928214,68.58868879439652,0.24917095755553953,1.2833676872693935,1.057376785353022
35,QA,Lead,10.176876252009635,50,2025,0.8767326878108391,0.8457281681448643,0.6290826872783253,0.4919468157863838,0.3039659276105812,0.9277413152018795,1.0828884262672545,0.8488686676132017,80.69745102057063,87.9512842206875,0.6127146235943508,61.39467984889648,74.30657535756062,0.458151401448503,1.2833676872693935,1.057376785353022
35,QA,Lead,10.176876252009635,51,2025,0.8580549297816509,0.8654255461401068,0.5624840850954618,0.8773759938039719,0.2590768627813208,0.8089455720941106,1.7587915037837463,1.0629394885263201,70.34936571286576,76.63132775789494,0.6205127370827137,60.2760082017527,69.14455572968085,0.5102878293573249,1.2833676872693935,1.057376785353022
35,QA,Lead,10.176876252009635,52,2025,0.73761050998398,0.681875080620581,0.681016952117336,0.7693237652169168,0.01629964834560519,0.9483983672725637,1.9682061566013287,0.8723046764949283,73.23439728973894,80.95083595449528,0.30227559765921497,62.40377009928046,69.40594852198772,0.4544295178049818,1.2833676872693935,1.057376785353022
36,QA,Senior,6.625916610133736,1,2025,0.6947140468930235,0.6404275969913882,0.7422777258701191,0.8573425476358173,0.06147852161397288,0.7009237158149167,3.559958264674334,1.0584259286802737,69.7243359510274,75.99689967783735,0.6307518329131566,79.50514150614113,70.88632228605182,0.34914233985154536,0.7327711135469266,0.8923861053425927
36,QA,Senior,6.625916610133736,2,2025,0.8306351880215843,0.7456652375192965,0.8520605454730974,0.544278443861074,0.14528407151322814,0.6492431803599437,1.6944287412365062,1.0004633388439608,91.6621840620681,84.93139994675295,0.645626587961317,80.5627371449928,78.77114195532629,0.3287365248938522,0.7327711135469266,0.8923861053425927
36,QA,Senior,6.625916610133736,3,2025,0.6663058553996063,0.560135179867922,0.7234629386680018,0.3096197230546004,0.2354301739268586,0.8349033092516037,3.09198374861178,0.9092323386624653,76.57617807122949,76.26200569752213,0.5761026235247745,81.86903126021966,73.98372599201272,0.2996045405639959,0.7327711135469266,0.8923861053425927
36,QA,Senior,6.625916610133736,4,2025,0.6553826472769961,0.6587202985884242,0.6275800624366645,0.9869877113051522,0.4214137537056775,0.5347555885480058,1.1527963640010777,0.7681865458810819,79.81228499597056,74.47093376919986,0.7692250884494356,83.54798902747687,64.4308934327706,0.25740406728057574,0.7327711135469266,0.8923861053425927
36,QA,Senior,6.625916610133736,5,2025,0.7022763070776393,0.6280192748577114,0.6883087198770905,0.3433556218333082,0.5752513686645505,0.8716907585727975,3.267651304856508,0.8389113276037273,70.23549938072257,66.67997506527358,0.9648665784920997,83.49889864713266,72.93583131153648,0.2719581101279733,0.7327711135469266,0.8923861053425927
36,QA,Senior,6.625916610133736,6,2025,0.9576783379268008,0.8784692750234929,0.6354003420746077,0.5144500602977032,0.2956233101750913,0.6888852211807188,1.119134425527627,0.9154034614799628,80.02005450935349,75.44818871073808,0.1741408045462076,83.36225113367097,73.55610550264613,0.28839526618206784,0.7327711135469266,0.8923861053425927
36,QA,Senior,6.625916610133736,7,2025,0.6469899162250627,0.5916043200200726,0.794886231297287,0.978188982604771,0.09014980919892852,0.8333820234159486,3.6998588661949166,0.9833046796159413,66.28109835291647,70.75457365965467,0.30503250734866016,83.24598183823467,68.53270386058338,0.30294442060456606,0.7327711135469266,0.8923861053425927
36,QA,Senior,6.625916610133736,8,2025,0.7357371556960767,0.6454906797467772,0.622805197923983,0.5707614417596911,0.3040543142809852,0.7012723338954944,3.1130263663814697,0.8242767237419049,58.251356364485545,51.619722538514644,0.44490646997992045,84.89057107383974,66.52793644101968,0.2574339191330498,0.7327711135469266,0.8923861053425927
36,QA,Senior,6.625916610133736,9,2025,0.7430910127547536,0.7544384460910671,0.8370955934485879,0.40922381187995094,0.3448652677913982,0.8522110961336623,4.432795855332998,0.7713600912496558,87.77988776954925,83.71371417510373,0.531039519658833,85.6262649325755,76.36131157321533,0.24071981047846872,0.7327711135469266,0.8923861053425927
36,QA,Senior,6.625916610133736,10,2025,0.7057012661481888,0.6279588958229837,0.8088652177755826,0.635839253921529,0.3146185416376392,0.6316961078635228,1.8691355495933903,0.9035126050826214,65.46935670791004,59.825034532881546,0.3197068855340547,84.8168459070728,67.67756465650412,0.2738954717909176,0.7327711135469266,0.8923861053425927
36,QA,Senior,6.625916610133736,11,2025,0.7307108537875484,0.6409006780005062,0.576691717171995,1.373301396489155,0.12863002750287042,0.2792476164759585,2.040324216714328,0.8054121254047988,76.04593256065566,83.33773847705646,0.1297541613337058,85.78127761819857,58.37258613514989,0.24623844492930502,0.7327711135469266,0.8923861053425927
36,QA,Senior,6.625916610133736,12,2025,0.6356026614917487,0.5964265873591644,0.7114637568154362,0.38841489513135385,0.05024651551747647,0.416026086392217,4.286294973956421,0.9392417666393204,68.69119334867028,63.105395314582054,0.8839816050113063,84.8194757716824,72.70795799762946,0.28101938856384406,0.7327711135469266,0.8923861053425927
36,QA,Senior,6.625916610133736,13,2025,0.7473659416374897,0.6566429616885767,0.8465185143372127,0.42648861954310163,0.35799719734550656,0.8356582572695076,2.339729701623728,0.9505907809480906,77.50729273032721,70.17584512457503,0.6278659428424932,84.76513928672198,75.85037202490626,0.28374199546693496,0.7327711135469266,0.8923861053425927
36,QA,Senior,6.625916610133736,14,2025,0.6778090973941382,0.6303687211966345,0.6607558233117453,0.43835080967939394,0.3424416098010053,0.8851743644813203,1.635479308647806,0.8869665196610963,63.11981166550483,65.41102977390507,0.2948526919406501,85.2376777475082,69.41557686166838,0.2670793227029842,0.7327711135469266,0.8923861053425927
36,QA,Senior,6.625916610133736,15,2025,0.7496395704278949,0.7164198537271093,0.6325102928105191,1.864537955911266,0.163358060166148,0.7011673239166055,1.8638312186471442,0.9847643588121527,83.06843063703343,82.4104047432229,0.7603383714007653,84.34645975093973,65.19674878709984,0.2940657071712661,0.7327711135469266,0.8923861053425927
36,QA,Senior,6.625916610133736,16,2025,0.6653597301394336,0.6053860735378087,0.5199095655335604,0.6759148773482933,0.25636571825552895,0.8340621702732871,2.6962931814630724,0.8839311560024928,78.12067049088576,90.21393423262519,0.5727512903776403,84.97349749971383,70.38071858342056,0.2686737520362167,0.7327711135469266,0.8923861053425927
36,QA,Senior,6.625916610133736,17,2025,0.724090484932135,0.5607888976851776,0.73127231467873,0.8643380764731987,0.34413551285876387,0.8011863103828541,2.7204092150596173,1.0372226880181719,54.28030887912098,56.388866192123416,0.6998424727278184,83.49936415842737,67.630362214902,0.31161650295007304,0.7327711135469266,0.8923861053425927
36,QA,Senior,6.625916610133736,18,2025,0.7869023896394354,0.7001787083788582,0.7665172116819817,0.5357111760691087,0.1398521452131877,0.8850442634052045,2.51628118937695,0.8265524562431544,84.40229305838848,80.10643126900607,0.33388342190069914,84.87236521382974,75.1378413936973,0.258040781133383,0.7327711135469266,0.8923861053425927
36,QA,Senior,6.625916610133736,19,2025,0.7969467639907576,0.7462585008581889,0.9359452622486324,0.6628142321173816,0.010858465874112582,0.6829252993030637,2.083627482663751,0.9046284422496075,60.78640635939769,64.69749992139235,0.1372085398179531,83.87539173716534,72.4431874824821,0.2819640906402103,0.7327711135469266,0.8923861053425927
36,QA,Senior,6.625916610133736,20,2025,0.71477244294305,0.6830649208716678,0.7763845545421433,0.42322772418055776,0.2587695265175171,0.6574502257613454,2.9828706012559234,0.9016981489646798,67.6425444637199,73.64752613185158,0.11779213295138319,83.47189363379323,69.94671176985896,0.28474051617799245,0.7327711135469266,0.8923861053425927
36,QA,Senior,6.625916610133736,21,2025,0.6991342953065215,0.54140433583679,0.675543980119699,0.5607814469827338,0.2681517104525714,0.4432718093828714,1.7748746455822646,0.9881011676245506,78.14802427871385,70.69729741750588,0.47902518954867596,82.30537992696607,67.95698958755607,0.3117420674668596,0.7327711135469266,0.8923861053425927
36,QA,Senior,6.625916610133736,22,2025,0.6243614484499677,0.5374190586887589,0.7658662285891913,0.3670524368486425,0.41698396647730895,0.6678839296086351,2.096020358417081,0.9898669752400912,97.27971464538041,90.70017764190486,0.24970975449646393,81.77454559260482,71.33677285005528,0.316518848442978,0.7327711135469266,0.8923861053425927
36,QA,Senior,6.625916610133736,23,2025,0.8070814780109785,0.7106291601762436,0.691871594876214,0.3454753077344595,0.35045722243979466,0.7694174812503587,3.484720848248692,1.0220013655727507,68.57491718120794,67.21359658294868,0.5899528507285359,80.96687904493737,74.28546837974902,0.3296762810734054,0.7327711135469266,0.8923861053425927
36,QA,Senior,6.625916610133736,24,2025,0.7182952448088202,0.6218156624406319,0.8166955947573822,0.7338479023017397,0.15517700046991545,0.538426514614121,2.3431270177500494,0.9984331348831094,60.37260435152264,62.32270913199448,0.23498125904634426,80.5789787766796,67.13048590996536,0.32819513717095844,0.7327711135469266,0.8923861053425927
36,QA,Senior,6.625916610133736,25,2025,0.7053767111876826,0.6295420444543933,0.9094374972418053,0.5903858938962216,0.12263924347818823,0.7961707224934453,5.120345599983931,0.9092056364775452,74.46243400312346,67.46716856610155,0.4078265866011243,80.69890384376296,73.18081842812651,0.30935026193081766,0.7327711135469266,0.8923861053425927
36,QA,Senior,6.625916610133736,26,2025,0.7750244892049242,0.752411030516562,0.7350937886917702,1.1282580642896225,0.08331082761042288,0.9341408359090166,3.4649825207966116,1.0001100855477143,65.79500657684089,77.03638042094374,0.3788423804109809,79.36898484992498,70.93201449214443,0.33861381002683466,0.7327711135469266,0.8923861053425927
36,QA,Senior,6.625916610133736,27,2025,0.6657184214073897,0.5910752665306188,0.704497972732861,0.8855326817032196,0.2454704363928736,0.6888639340984579,3.265835713748041,0.9543243996598159,88.47073641940088,88.27242275371086,0.89199515751954,79.13258693575156,71.737733772027,0.3314266554673668,0.7327711135469266,0.8923861053425927
36,QA,Senior,6.625916610133736,28,2025,0.6772013975260914,0.6185722491837988,0.5504020709525433,0.8502199604171553,0.2065874498625533,0.28073525668738825,1.9949655087575704,1.0624635424349882,63.39162826649002,68.48200400911804,0.48142403107511633,77.673578873389,61.68862632888812,0.3652128845420893,0.7327711135469266,0.8923861053425927
36,QA,Senior,6.625916610133736,29,2025,0.7716268189080012,0.6907817161577304,0.6247507073433028,0.6141323783971303,0.18515369151348351,0.7320694886123458,2.8521924646437222,0.8324541008737131,69.84502328869074,72.76882176960353,0.45909542740513437,78.93720829210432,69.71146901907807,0.3086807510738734,0.7327711135469266,0.8923861053425927
36,QA,Senior,6.625916610133736,30,2025,0.6734339348624087,0.6036715088565342,0.7305743282179096,0.34774735624978426,0.07374293690088647,0.7250152833450932,2.4770114749444065,1.0317483478414302,77.15543583398676,77.10135098246384,0.7705705841214172,76.79226289135642,75.89511827485069,0.3664141454736492,0.7327711135469266,0.8923861053425927
36,QA,Senior,6.625916610133736,31,2025,0.7822287584039317,0.6864836387013391,0.7918854749843016,1.1632144716029347,0.2522761370597948,0.9041472054245256,1.321467379616752,0.9706681787369603,74.32726391971096,74.10495838866309,0.26388332138180043,76.76419637075523,67.88746523333052,0.35443199932443176,0.7327711135469266,0.8923861053425927
36,QA,Senior,6.625916610133736,32,2025,0.6714409969352231,0.6152506892014468,0.7343900464632866,0.7990855050963384,0.15259599179461192,0.5975851252294996,2.7815613299344433,1.0264538744249678,72.08392516225625,70.6431907140653,0.49599525204532946,75.84262124770298,67.86031141045021,0.37326893115413545,0.7327711135469266,0.8923861053425927
36,QA,Senior,6.625916610133736,33,2025,0.6476567559467135,0.6301177701976045,0.7804386782352509,0.2897067506711663,0.3702986415430403,0.6194663520274248,1.303196844020442,0.8082196639445818,83.71519837551479,81.37113814745047,0.22286945550367998,77.16155448189454,69.05895532552472,0.3186309787731285,0.7327711135469266,0.8923861053425927
36,QA,Senior,6.625916610133736,34,2025,0.7792183836635529,0.7162923375776633,0.7238635795988304,0.6270131715631337,0.2140764443042153,0.8309139674471379,2.1324420682246177,0.9133448751435949,95.47308950921435,84.5708839092116,0.18157116935754686,75.94818720368966,72.51469546050014,0.3497674149979718,0.7327711135469266,0.8923861053425927
36,QA,Senior,6.625916610133736,35,2025,0.5588460882980674,0.49590821509906224,0.6589154828194879,0.8788772800515696,0.6069237029986664,0.6881007218418617,3.737359715735833,0.9481541189710546,72.45443207130269,74.33048516352524,0.3962580467624208,75.35735245427222,60.368387870685766,0.3616528866752758,0.7327711135469266,0.8923861053425927
36,QA,Senior,6.625916610133736,36,2025,0.6614379972143605,0.6026460389455527,0.5862734757070575,0.2862867978838414,0.06475909189464428,0.39291176990986526,3.9935716917990547,0.7770872450866027,87.76289573744114,95.19233348160205,0.2188605412299687,76.4780863601868,68.41779508079459,0.3181000626824305,0.7327711135469266,0.8923861053425927
36,QA,Senior,6.625916610133736,37,2025,0.6217902195458147,0.6107076688298947,0.6883264468968181,0.6694286552957944,0.21621050013613843,0.8934752538853095,1.7988456957154053,0.8702164980985883,87.86256081770766,84.48933077836261,0.23085587254663759,75.55342446238774,69.00455474689639,0.3444314290998198,0.7327711135469266,0.8923861053425927
36,QA,Senior,6.625916610133736,38,2025,0.6792505377854067,0.6743067965669506,0.6909793722276402,0.7657943873765547,0.6223432361622468,0.7100754285252353,2.7260238691716197,0.9909114853255528,72.15624158657644,74.23665344278433,0.08641488343897466,74.47902928121201,62.87811024434147,0.37752371972167714,0.7327711135469266,0.8923861053425927
36,QA,Senior,6.625916610133736,39,2025,0.6114522983739428,0.6016372610103268,0.7792898147586907,0.5160154464834378,0.3800467455368052,0.6284102162344642,2.4272199184111964,0.8620164134694931,73.12347059735964,82.1154440203976,0.7781268200951369,75.47373422655075,69.83802465371039,0.34345549747264237,0.7327711135469266,0.8923861053425927
36,QA,Senior,6.625916610133736,40,2025,0.8077521069239124,0.78497105296711,0.5194810696273734,0.6009878938420672,0.27913695172202135,0.4506830570533988,1.5130333295053089,0.9564286381351844,74.96929576975238,69.10991352442257,0.19683702666137662,74.75489205873495,65.90507504511113,0.36832829380424564,0.7327711135469266,0.8923861053425927
36,QA,Senior,6.625916610133736,41,2025,0.8376399786493149,0.8111826201021157,0.6070174427335239,0.30613704783273255,0.15435637137742525,0.7568955629284195,0.4805517249322615,0.9143247470847339,74.4419332819101,74.61316899842507,0.09046327214916917,75.20055847049856,72.65851148694065,0.3561936288294588,0.7327711135469266,0.8923861053425927
36,QA,Senior,6.625916610133736,42,2025,0.6750949889179286,0.6239989021561752,0.6993017324575845,0.43778491220888754,0.0457717991377553,0.7691506159304706,1.5810619076110446,0.8717311831068397,69.04336298327462,65.61061426238369,0.08108797525025824,75.7209348560249,68.62354248436652,0.34333844615449377,0.7327711135469266,0.8923861053425927
36,QA,Senior,6.625916610133736,43,2025,0.6700360676955427,0.550997748825128,0.7891764279914619,0.18878577726587867,0.293557994847826,0.7626527160015596,0.6697437895873346,0.8612685634560855,73.30935810032682,73.85308658776948,0.35057380148427414,76.05243689839196,71.27321646927467,0.3384834052046174,0.7327711135469266,0.8923861053425927
36,QA,Senior,6.625916610133736,44,2025,0.65265299073744,0.5658468401922655,0.6038969391904029,0.8502099567110776,0.3479207945502894,0.7768101187763737,3.6447560957602296,0.946809013187288,77.08888116310557,72.62184823763928,0.5746063020852554,75.68047409934012,66.01121431788475,0.35869118514295667,0.7327711135469266,0.8923861053425927
36,QA,Senior,6.625916610133736,45,2025,0.7773599053440258,0.6908242243985441,0.6237307374005256,0.7971404401921586,0.12798078564046317,0.9141487886609502,3.8571409014981453,0.8737051927350298,86.07129714606714,89.19727882355077,0.8290698303064116,76.63767025157097,74.93878476010359,0.33609378645058124,0.7327711135469266,0.8923861053425927
36,QA,Senior,6.625916610133736,46,2025,0.7234472050907562,0.5886460058358671,0.6972725176872084,0.5735656450367256,0.08100816141464083,0.7983058713586872,2.946074600505502,0.9326189591647157,79.72747222756905,75.8257278469936,0.32007672298121276,76.593300569785,71.27733399565983,0.3482462870847348,0.7327711135469266,0.8923861053425927
36,QA,Senior,6.625916610133736,47,2025,0.6891387916721896,0.6482564231090987,0.7226748096932849,1.210611399668907,0.18455112964181083,0.83627473658867,2.91051972470707,0.833996263013748,54.75892738791792,52.785139716873424,0.5046445383782262,77.85757169654093,63.162468419521545,0.31798615513157513,0.7327711135469266,0.8923861053425927
36,QA,Senior,6.625916610133736,48,2025,0.6957500881928961,0.6666785895118302,0.6648814234914642,0.4261058838854351,0.4281434497909979,0.7936064867561935,3.3207436642633263,1.1351009618880423,79.25634758135924,78.03518942188568,0.8481856280683121,75.96544197898352,72.61889061959876,0.39397484255274573,0.7327711135469266,0.8923861053425927
36,QA,Senior,6.625916610133736,49,2025,0.6795315161784489,0.7090289283692748,0.6630635127269228,0.6805178208174463,0.15099037380333621,0.8981755663455765,2.7147816255727237,0.9688062177422849,68.09547691357376,66.32598343239738,0.23829064290866434,77.84639135715574,69.65352352723848,0.3450413155721591,0.7327711135469266,0.8923861053425927
36,QA,Senior,6.625916610133736,50,2025,0.6760040209286388,0.5798337646518767,0.8259629228501038,1.2936107733150977,0.05685864993424354,0.6934276725096438,1.647987007339991,1.0345442437478711,80.55825173633619,83.9388032052944,0.21752581873857363,77.89693326288594,65.76506583446209,0.35776773822552477,0.7327711135469266,0.8923861053425927
36,QA,Senior,6.625916610133736,51,2025,0.7488770876190415,0.7851891713270553,0.8060645818149278,0.8805706697575634,0.3804936456856506,0.8040274632611869,2.137022922053092,0.9594619897784767,62.98111900482816,60.24448144004313,0.47771570002518265,79.09148621480226,69.1174888325911,0.3327966794990099,0.7327711135469266,0.8923861053425927
36,QA,Senior,6.625916610133736,52,2025,0.6381598569468164,0.5761278424976995,0.8628057209796539,0.3441725018016058,0.13212196924661476,0.9585937748763879,1.9194335634017803,0.7849985217761909,78.5956830025343,81.10234662460613,0.35063352518469937,81.08987736009718,74.45432070096027,0.2812507263544284,0.7327711135469266,0.8923861053425927
37,QA,Mid,4.188818535014192,1,2025,0.5968808449635523,0.49431157137010207,0.6604461079407227,0.6277671038514012,0.1292052854250576,0.8438687028402757,2.303853569247264,1.0161352044831806,89.66344792419355,85.23025823947849,0.7632597561271601,74.00898158618075,72.59516183396342,0.38648552767846317,0.9126315392055396,0.8298516300332655
37,QA,Mid,4.188818535014192,2,2025,0.7239170470926699,0.6107050268028893,0.7261935011593557,0.5398722477450176,0.4121796978569062,0.770539752642484,1.6127007205296646,0.9337108092592157,77.7447500431949,77.26768629762584,0.43655820152202834,75.26227166813364,69.63322008490093,0.35955656461739616,0.9126315392055396,0.8298516300332655
37,QA,Mid,4.188818535014192,3,2025,0.6626094736187266,0.6312536813540164,0.7317385935990305,0.5499688577334565,0.10513765220069701,0.7292809643794073,4.079334252383954,1.0244512497402503,77.66811595327145,79.71274326538045,0.6649274634205417,75.11279425806025,73.48811828478179,0.378950297797548,0.9126315392055396,0.8298516300332655
37,QA,Mid,4.188818535014192,4,2025,0.6001302711444804,0.5895589663237809,0.8447407633129672,0.46041242449044734,0.17909881993910073,0.6609120477771039,1.36252875332603,0.9568169210699038,85.56315462434691,87.98560691022644,0.27027984637168817,76.20446031242918,71.55992803805479,0.3563262149437376,0.9126315392055396,0.8298516300332655
37,QA,Mid,4.188818535014192,5,2025,0.7438857149298455,0.605612133058093,0.8087035951055092,0.08655384928820947,0.1516455708785745,0.7625144385472113,1.267479749808775,0.8548198540954957,81.24056731915687,77.49477469120532,0.4785232622744765,77.53714472166139,76.56925438249618,0.3248210981385875,0.9126315392055396,0.8298516300332655
37,QA,Mid,4.188818535014192,6,2025,0.6896596075110769,0.6259595474885367,0.6646575458688969,1.0660153705544408,0.05485516998930423,0.797051402240919,2.5822433192351633,1.0052365392357805,82.34810423888477,80.79435390434058,0.5264777483770208,76.8091007980873,69.62595611557866,0.3609714678630953,0.9126315392055396,0.8298516300332655
37,QA,Mid,4.188818535014192,7,2025,0.6426016075875896,0.5398537119304625,0.5107437087959876,0.5557780436367289,0.11244218388041541,0.9326860770855586,2.517757957491121,0.9529018734725869,77.45203400044694,78.65998528329409,0.16050365335676184,77.65471857384438,68.45725785830751,0.3434577199124809,0.9126315392055396,0.8298516300332655
37,QA,Mid,4.188818535014192,8,2025,0.6407270774839355,0.6038462624738888,0.7362233413481868,0.723721271014706,0.1816983185748235,0.9100789288326188,1.2190504309204242,1.0160162442321221,74.32862111868603,79.33075605928306,0.6268375671747713,77.52216919638087,72.40449983691818,0.3571851722099172,0.9126315392055396,0.8298516300332655
37,QA,Mid,4.188818535014192,9,2025,0.7497220027958209,0.7599147594569522,0.6973232521704763,0.7046649261127361,0.17534479789116478,0.6855419651007936,1.8065707573845189,0.9339548345105504,77.21225240807944,74.17020916097866,0.8137137454499889,78.49102127295122,73.74582609702524,0.33269912296085,0.9126315392055396,0.8298516300332655
37,QA,Mid,4.188818535014192,10,2025,0.6370206311571046,0.5961861131777083,0.6743466035559547,0.4377690830457658,0.2274252665887574,0.750492816459043,2.8521067959375683,1.040109568807711,71.64042721557705,64.44128892281975,0.15746891246599082,77.88958448373496,67.85726984592822,0.3589420430637508,0.9126315392055396,0.8298516300332655
37,QA,Mid,4.188818535014192,11,2025,0.632723047802731,0.5665713551725333,0.5460411128322069,0.5773311141184451,0.18519420950553775,0.9731920887988913,2.2556197495776686,1.000973972831655,76.89690995242431,76.87862593746833,0.27638930135917583,78.3822971252466,69.7174807767234,0.34700898518927603,0.9126315392055396,0.8298516300332655
37,QA,Mid,4.188818535014192,12,2025,0.8025195669000268,0.7869361622160482,0.6522257821222387,0.7093539377770882,0.1517162742726803,0.8432365291081692,1.611948881726979,0.8627631206436617,78.17525920314894,81.95455087103583,0.5609699019618902,79.59681922611055,73.91714186291458,0.30924579724447776,0.9126315392055396,0.8298516300332655
37,QA,Mid,4.188818535014192,13,2025,0.5614555745583403,0.511511736084114,0.586142111487032,0.3292897542941132,0.4252552096896482,0.4322056823062194,3.0949466602489535,0.8714224847693585,72.97981691800837,72.31696574241965,0.6111184775239604,79.56399994261471,64.98100040725608,0.31125116409874903,0.9126315392055396,0.8298516300332655
37,QA,Mid,4.188818535014192,14,2025,0.6995980719081581,0.6350473251138964,0.7111604501392895,0.9938410256511644,0.27892322122379803,0.9216255270999493,1.5076178599283707,1.0166550897499744,88.2529783422218,100.13502430601777,0.4529319371852648,78.36568347326005,71.36561718809533,0.3502836556728278,0.9126315392055396,0.8298516300332655
37,QA,Mid,4.188818535014192,15,2025,0.6635514952606902,0.5376727459051938,0.7066767455305716,0.20202905119193537,0.14852549283608024,0.5453408578692118,3.192853034501919,1.0739429794240152,65.6795044135734,58.516628551806555,0.6788095978815107,77.79854507250772,71.10438729917928,0.3664673869472386,0.9126315392055396,0.8298516300332655
37,QA,Mid,4.188818535014192,16,2025,0.603136766664702,0.5532142628216031,0.6339844908875196,0.6153221462684617,0.11787851087547249,0.6824878032292035,3.396047182294387,0.8921075218401597,63.24556252648833,60.11713040774137,0.49151434298894703,79.07360085947538,66.43047191731335,0.3194748305390705,0.9126315392055396,0.8298516300332655
37,QA,Mid,4.188818535014192,17,2025,0.5182799783586538,0.45094060715949497,0.7906004154505543,0.6220922208215747,0.4524921677733427,0.6950481598164839,2.054121784793886,0.8779935505802299,61.658058583020946,61.64325417875371,0.3506919510963413,78.93871154439378,62.28085086542203,0.31777611391276445,0.9126315392055396,0.8298516300332655
37,QA,Mid,4.188818535014192,18,2025,0.6746623959747214,0.6053709053790145,0.7747639964892709,0.6245262454396387,0.06371895331285418,0.5614921722512713,2.605384334468744,0.874665678732762,66.12828405768232,65.3638286735287,0.5644070118281137,78.65297372037575,69.23182153057203,0.31949168807675443,0.9126315392055396,0.8298516300332655
37,QA,Mid,4.188818535014192,19,2025,0.6979972559704417,0.6383106874911707,0.6897739205163533,0.565823896487902,0.1739905422249637,0.8795871211638073,3.8825844833260703,0.9750772009729846,91.52818489520872,98.40202410474508,0.30230526446789724,77.47731595384121,74.14200942612644,0.3493711405792535,0.9126315392055396,0.8298516300332655
37,QA,Mid,4.188818535014192,20,2025,0.7279141710066096,0.741491273267626,0.9102178395500186,1.106657203407329,0.137724694986829,0.9028651046476764,0.8216001418880168,1.1087247429204126,70.90836115335208,69.41284990080322,0.35283535348489486,75.98119516861026,69.63384116328561,0.38856832217899706,0.9126315392055396,0.8298516300332655
37,QA,Mid,4.188818535014192,21,2025,0.6314165444665438,0.5338626757066619,0.7671574564513689,0.9000877250449908,0.21571861890200997,0.4762549054501004,2.5461836165161773,1.1984580984245063,78.52417917562046,80.41924815920191,0.20734583973976753,74.7880387670293,61.873597030167524,0.4164579632929904,0.9126315392055396,0.8298516300332655
37,QA,Mid,4.188818535014192,22,2025,0.6650172918134775,0.640202728707602,0.7968519806091623,0.2985724440698954,0.2833700556685968,0.5337008888824067,1.1474260531689258,0.9027333360589127,70.07983268919556,72.13054247262139,0.5662123021771697,76.63712899251713,71.06371632227065,0.34190392560747307,0.9126315392055396,0.8298516300332655
37,QA,Mid,4.188818535014192,23,2025,0.5769245852364254,0.5910893515532603,0.6072277731246265,0.6633046345597884,0.1815628917952948,0.8943806108050593,3.0795255252509754,0.7715767127044525,78.81381490178133,78.87317795423492,0.38170045049217777,77.13579055434663,67.17496437343837,0.3115170879213353,0.9126315392055396,0.8298516300332655
37,QA,Mid,4.188818535014192,24,2025,0.7364260990429065,0.636166591537578,0.7341184101720714,0.41423519969620526,0.1753611011861729,0.7329834829377112,1.5725475260751693,1.0491793388150858,77.31648193722563,77.6842423238967,0.8646276170358422,74.33852343168667,75.68522171556926,0.3903481724989616,0.9126315392055396,0.8298516300332655
37,QA,Mid,4.188818535014192,25,2025,0.5118382865718462,0.39148810499541664,0.7703724208068972,0.9286545189899815,0.23029975342967374,0.603023499757184,2.57019722860629,0.8840984151506651,70.15245144503093,75.03786976184091,0.7147376870061624,75.06527590084087,63.31594654868632,0.35127571718979234,0.9126315392055396,0.8298516300332655
37,QA,Mid,4.188818535014192,26,2025,0.655437637906551,0.5766047387912072,0.5741618820734022,0.8291102243714233,0.18333710666545114,0.9249283391244449,3.4989933406838385,1.0666802367700947,93.11554719252331,92.24798797154773,0.4608999108475298,73.00193792660882,69.71310772632,0.4049865646322788,0.9126315392055396,0.8298516300332655
37,QA,Mid,4.188818535014192,27,2025,0.5591044198958055,0.47340718069387777,0.7015003532142188,0.37235487384742316,0.13085242351582088,0.8846856172549087,0.6568742146182283,0.9534928403604969,71.35472188688256,76.14269220945839,0.8071877563921486,73.304753696609,72.93082631093627,0.3798256206003577,0.9126315392055396,0.8298516300332655
37,QA,Mid,4.188818535014192,28,2025,0.764391022200011,0.696510691412365,0.5537560068251227,0.4679947060341089,0.11277233680941579,0.5639384401038675,3.249150423858042,1.0070975791345516,49.16480643154966,52.14335174469013,0.375741184922247,72.28202086625538,66.70315129803492,0.3990693419414488,0.9126315392055396,0.8298516300332655
37,QA,Mid,4.188818535014192,29,2025,0.7386124916034946,0.7309992339018079,0.6493858908228282,0.6164517901974507,0.32576540102001206,0.45435228263117144,1.7012328625699573,0.8374373842421597,66.0001474062028,71.02002240845675,0.5803361590422365,73.06285631161963,66.12848992881896,0.3586303409182684,0.9126315392055396,0.8298516300332655
37,QA,Mid,4.188818535014192,30,2025,0.6009471915628131,0.5455015456764861,0.617449286837389,0.29579750253074616,0.39447036159495497,0.8123684519444603,1.4545450332928427,0.853546121102816,81.98604848691303,83.31119406757814,0.14708144259866077,72.38339499172821,66.71648138666775,0.3675142659561615,0.9126315392055396,0.8298516300332655
37,QA,Mid,4.188818535014192,31,2025,0.6121862163329721,0.5836132449993621,0.6236984495815293,0.3811525713298271,0.15795618284761948,0.8789132901989694,1.4960768497570702,0.8179417212679977,71.72972464272233,73.92115216574187,0.16954917920672655,72.15152231696982,67.53588211815256,0.362325658278851,0.9126315392055396,0.8298516300332655
37,QA,Mid,4.188818535014192,32,2025,0.7332455980068817,0.6606826883162218,0.6868823662833732,0.9954571018800866,0.532736764272501,0.7814126500189321,1.9551067796276462,0.9625195341637752,67.36115743381771,64.69557414952314,0.7749832715398953,70.5196102562554,65.42507052084905,0.40484048803062667,0.9126315392055396,0.8298516300332655
37,QA,Mid,4.188818535014192,33,2025,0.5508277888328572,0.5546413535285651,0.765558560675865,0.3788257149254094,0.1655388691286472,0.8891073502866764,2.5743457556498233,0.9752079289626366,62.67369912831846,62.42919383040296,0.16022681843123782,69.99116264821299,67.90892542262604,0.4117818970574191,0.9126315392055396,0.8298516300332655
37,QA,Mid,4.188818535014192,34,2025,0.6529410398309659,0.5806941921952271,0.5089264906912125,0.2629154654777969,0.21731853333498635,0.31152585627163193,3.261955411457444,1.0498557154316233,79.58541753841715,81.51329771897251,0.28245060716252157,69.02161476784832,65.16398616510159,0.43479102002092196,0.9126315392055396,0.8298516300332655
37,QA,Mid,4.188818535014192,35,2025,0.6535532591916926,0.5926621879432526,0.7127872495410907,0.09911599569154278,0.22760494796795605,0.7769778185418521,0.4966560219178411,0.9277863213251402,73.84912383725568,68.13387296165561,0.371198815863958,69.68580912190241,71.67976073133721,0.4048421882491747,0.9126315392055396,0.8298516300332655
37,QA,Mid,4.188818535014192,36,2025,0.8459554432532886,0.8081996671158553,0.862679831077552,0.3017773757441809,0.056778563806321215,0.721364192314004,2.023055732040102,0.9333375937230125,65.33743400089989,65.56295574844859,0.5848545541096477,69.3935978575584,77.22655681404757,0.4083875365982825,0.9126315392055396,0.8298516300332655
37,QA,Mid,4.188818535014192,37,2025,0.6728547753609485,0.5855538667017726,0.7216866761291999,0.3543603795609895,0.16410467491746222,0.8949358021171253,3.487239656970483,1.0786871921509802,75.53675988835177,74.34062147088609,0.7078036665386822,68.05117319643148,73.73619667107015,0.44864432845993374,0.9126315392055396,0.8298516300332655
37,QA,Mid,4.188818535014192,38,2025,0.8405505470212634,0.8107941166475836,0.6912998183513173,1.0965653542515925,0.10760280067732557,0.5604208909155527,2.9944883411539793,1.0839522036072053,65.76680946376337,60.59679524247103,0.5388464762318712,67.90021782142166,66.09061174585956,0.45095529220959385,0.9126315392055396,0.8298516300332655
37,QA,Mid,4.188818535014192,39,2025,0.6215450135837589,0.6178584771326903,0.5303997812808388,0.8670908395255286,0.13722431629149395,0.682358518859848,1.5976045153597553,1.0057849821263993,73.59223752151334,80.52122608225642,0.8802214721756112,68.48909996375838,68.03961664005158,0.43041449672729337,0.9126315392055396,0.8298516300332655
37,QA,Mid,4.188818535014192,40,2025,0.8051623231885289,0.7779727155284372,0.6026396019154033,0.663112932448834,0.20572761154307462,0.8944820085291046,1.1544095337819416,0.9803917089270058,58.337175578542,61.65004128503689,0.8668583583639782,68.72870177886327,72.62951781356499,0.4233391602948739,0.9126315392055396,0.8298516300332655
37,QA,Mid,4.188818535014192,41,2025,0.562411758101739,0.5370481974369815,0.6439704109951476,0.12619577098400744,0.2160797426471298,0.531381382635139,0.6822434025469799,0.8477525870211968,61.66041144838843,58.51378323383752,0.2516250219605313,69.89865003746974,64.3282890747564,0.3870617670919916,0.9126315392055396,0.8298516300332655
37,QA,Mid,4.188818535014192,42,2025,0.701915551186694,0.6486965237500282,0.6661437871740278,0.36648769242607765,0.12123712288375794,0.7836915009032156,1.991363051606463,0.8255814309341225,66.848333290398,72.32778719643917,0.5179511000666713,70.25564715986953,70.82619108394094,0.3796525598545784,0.9126315392055396,0.8298516300332655
37,QA,Mid,4.188818535014192,43,2025,0.6382727863146236,0.5703344238389183,0.7057329747937782,0.6099552315858611,0.0971884493183883,0.7525002731670442,3.3163569837244666,1.0586669898843035,85.53276341526794,82.24852116914555,0.6640026225910862,68.6387637734291,71.50928790840263,0.43974369986495143,0.9126315392055396,0.8298516300332655
37,QA,Mid,4.188818535014192,44,2025,0.4093186813886029,0.38552768804952514,0.6427276855332317,0.43175881862922644,0.45880806332147883,0.4968800184161392,2.033840944309446,1.0590473167978331,79.19579297698505,71.43631422933106,0.5247216498699581,68.94808195691863,61.053707292039135,0.4372421137185781,0.9126315392055396,0.8298516300332655
37,QA,Mid,4.188818535014192,45,2025,0.6324676523702237,0.567972949354562,0.6223202077398349,0.7079016491825163,0.265476639661308,0.8153724973887763,2.811303605987119,0.8422561580969464,75.13103258278296,73.27539262980402,0.5365023343771067,71.05477681513851,66.1287818457809,0.376328091493235,0.9126315392055396,0.8298516300332655
37,QA,Mid,4.188818535014192,46,2025,0.7552751719951317,0.7092461874992833,0.6173258854147345,0.8283770488139226,0.2514359578074454,0.9443216225478778,1.5207664953243403,0.8687089213927781,82.80623413509066,75.04187368254748,0.38220352206738434,71.27009515842337,68.80487840446213,0.37982432462502747,0.9126315392055396,0.8298516300332655
37,QA,Mid,4.188818535014192,47,2025,0.6665344199791117,0.6595199728747126,0.661908706309221,0.2954733677922498,0.19421093291464675,0.7291111948799878,1.585518907516237,0.8975150348150807,54.51854531696155,49.31109838318977,0.8375884284249643,71.51493580859315,70.74981159868918,0.3835452085580732,0.9126315392055396,0.8298516300332655
37,QA,Mid,4.188818535014192,48,2025,0.6252369443832763,0.5603538330753942,0.7613778335050445,0.4782804602319912,0.13627374236419057,0.7548822652120234,1.299103084683691,0.9031069580538539,78.18343748567268,74.5365353507353,0.9183473911565265,71.9869082961199,73.43850658652973,0.3807304891431049,0.9126315392055396,0.8298516300332655
37,QA,Mid,4.188818535014192,49,2025,0.7029722963930075,0.6748862615039539,0.7417836428513926,0.16801320266319686,0.0863881128429189,0.7340755738295026,0.38368522783382364,1.0858618539843816,76.92123367610648,75.59785990884981,0.44604652910984394,71.07546055368185,74.80465780311627,0.42487686618286097,0.9126315392055396,0.8298516300332655
37,QA,Mid,4.188818535014192,50,2025,0.6563023601492283,0.658436063616652,0.7792547854016627,0.3907668928864201,0.5309463457541529,0.7546843905988043,3.0111748227104678,1.2792169397891673,62.71256237144656,59.033984672610636,0.49167329683108596,66.75446270354846,64.82995014744569,0.49955619876159635,0.9126315392055396,0.8298516300332655
37,QA,Mid,4.188818535014192,51,2025,0.7012463679248923,0.6915868511049937,0.6344749165162858,0.4290271654913047,0.5658778677611583,0.8853133090044283,2.546896036676116,0.8967957392709429,77.8991540195439,68.6436356499254,0.307367164556326,73.75833050532542,67.87682436357647,0.36470639364314344,0.9126315392055396,0.8298516300332655
37,QA,Mid,4.188818535014192,52,2025,0.5557319796017488,0.5023685715239281,0.6045326808762016,0.6165474594858621,0.2659942952927734,0.9030106633651559,3.7958078722150526,1.105285849834167,81.50241795140553,83.45177713281394,0.4470421118959024,72.69309302209624,67.29190576479986,0.4152813947826981,0.9126315392055396,0.8298516300332655
38,QA,Junior,1.4563362070328196,1,2025,0.7894903547052845,0.757074947607646,0.5915078694522421,0.5099794569223738,0.48841094582891215,0.6536612046066437,1.670132001520951,0.948556398124042,72.25093134243048,81.97264346646841,0.7212833312244752,72.53697353773325,70.63089227376987,0.38523650014369804,1.346459733471863,0.8787239773829685
38,QA,Junior,1.4563362070328196,2,2025,0.7090869120693434,0.6584518249352674,0.8305239678933901,1.101479693281858,0.2152648238951368,0.7749695267567673,1.7096369005942291,0.9720719433111198,72.16265650211535,79.5983522418071,0.6359089617357966,72.94274409639779,69.15142683754914,0.38655818785890905,1.346459733471863,0.8787239773829685
38,QA,Junior,1.4563362070328196,3,2025,0.7236283305941154,0.6609451941801697,0.7597582114939074,0.779880964884293,0.19699767695013887,0.7184639090984155,2.50844953855811,0.9296494464816243,73.39867714350419,67.36671632625054,0.9057640833112638,73.85857018480864,71.75459470247806,0.3704418044229195,1.346459733471863,0.8787239773829685
38,QA,Junior,1.4563362070328196,4,2025,0.8969032348805015,0.8435187124356097,0.7188219058690961,0.3661165464756906,0.11991930735551984,0.6728576228211998,1.118527701985559,0.9471246888038012,78.37046774636698,73.69867682119454,0.22537382976759907,74.2693596712374,75.06803928178036,0.37051360716711523,1.346459733471863,0.8787239773829685
38,QA,Junior,1.4563362070328196,5,2025,0.6224929411697733,0.5746361087816463,0.7479137161230978,0.28259837770951135,0.35371047221850804,0.8001313901035334,1.4431962921128907,1.018733581791479,91.4268739920044,92.68812347306361,0.48963270709870643,74.2131964007729,73.96547701607152,0.38530341301852167,1.346459733471863,0.8787239773829685
38,QA,Junior,1.4563362070328196,6,2025,0.7437488547270091,0.6762846963574111,0.5292051748268465,0.5985686913668901,0.1482831945385582,0.7647448472457475,1.8858941862082363,0.9042947030927051,64.24787681217818,70.218195890842,0.5762139964038535,75.60399698791129,69.49754000562261,0.35082563238594694,1.346459733471863,0.8787239773829685
38,QA,Junior,1.4563362070328196,7,2025,0.6567638612798717,0.5067171081625993,0.7300592413865307,0.44538209879391505,0.17279088984866703,0.9520876301990157,2.9005401786090466,0.9833628889448341,76.22072793720432,75.2345689122968,0.5685139959064975,75.39839195074579,73.41519156599723,0.36835264486608527,1.346459733471863,0.8787239773829685
38,QA,Junior,1.4563362070328196,8,2025,0.7011858317474052,0.5613669095748132,0.7934254002092423,0.26067806649962105,0.12623166885387002,0.8417174779655078,1.4869758399184656,0.8660157822414262,70.28382058431468,70.9329826040279,0.6628882944502269,76.70953439298583,75.01680942733456,0.3339570365067367,1.346459733471863,0.8787239773829685
38,QA,Junior,1.4563362070328196,9,2025,0.6939297589893092,0.6797892970780811,0.6655704256826113,0.6048386229422347,0.4531389478659423,0.6151040102942035,0.7592374149903987,0.9812466410727335,90.43828830521386,96.63075856695343,0.6683672534064246,76.10004832113314,71.52347361963486,0.3620822588717705,1.346459733471863,0.8787239773829685
38,QA,Junior,1.4563362070328196,10,2025,0.6043147389140984,0.4818357831366813,0.6596230099941194,0.27453977863504947,0.11223217713393595,0.8297784961336124,4.062354420416929,0.8143256770993104,71.85264326689628,69.65754740761462,0.32949694793356804,77.68321711808156,69.2425215267174,0.3155049927691824,1.346459733471863,0.8787239773829685
38,QA,Junior,1.4563362070328196,11,2025,0.7558030735881717,0.6946201938412394,0.7043867246493416,1.0858441076295235,0.3165258062692345,0.7148950798312489,1.1568189053606608,0.8396086466836339,79.70969162608408,70.11386186160632,0.12062803472631774,77.66058123511016,63.32340708634929,0.3207502190441421,1.346459733471863,0.8787239773829685
38,QA,Junior,1.4563362070328196,12,2025,0.5875105868772152,0.5543988547706006,0.7025917531581972,1.24651098456487,0.4393698711687764,0.26521855306112296,1.4456265607507848,0.8608569211379639,83.01725001696708,84.04616457437245,0.16096787795475326,77.59943032283552,55.731990011381725,0.32550946487063015,1.346459733471863,0.8787239773829685
38,QA,Junior,1.4563362070328196,13,2025,0.6226753926420603,0.6232251999246022,0.5751969652264948,0.10466985563167286,0.2782307054097464,0.9201859109962439,1.0166338516495934,0.9847789436744236,67.23794540349154,70.69798796653244,0.8720034288040461,76.64450977205357,75.70857114680261,0.35825154063443837,1.346459733471863,0.8787239773829685
38,QA,Junior,1.4563362070328196,14,2025,0.7233151648938272,0.6947285709876749,0.8644394114000483,1.2345757183372048,0.30233250488541114,0.6329576890492575,1.550461493006178,0.7857091491368152,64.09036489933803,64.14958642983073,0.4644609208457514,78.2006124988447,63.19149661514864,0.3054700590036572,1.346459733471863,0.8787239773829685
38,QA,Junior,1.4563362070328196,15,2025,0.8223492306852921,0.7511357859260716,0.7394133238852177,0.5504601271953155,0.4317712083718365,0.7990137298779723,2.275946832036913,0.7715225430867967,63.996981055813734,54.13437239944374,0.8604940482306709,78.20527006388485,71.32690318322831,0.3025939247516522,1.346459733471863,0.8787239773829685
38,QA,Junior,1.4563362070328196,16,2025,0.5986585320009497,0.5174066568202766,0.5908996743262322,0.5520577048671964,0.16455323499301686,0.7689760265411936,2.448905023928985,1.1064811284641571,66.70721801514148,60.93791850790674,0.5872459864489642,75.34597350716278,66.8344247731119,0.39341311313314153,1.346459733471863,0.8787239773829685
38,QA,Junior,1.4563362070328196,17,2025,0.7781432169865113,0.716267957142523,0.6079296660313329,0.7118159451427802,0.17116459660157612,0.6443142387542199,2.0346277739114793,0.9704009351370899,78.64996460755692,73.71535033253741,0.7357132696036733,76.1868139686183,71.89566345004697,0.3591900706222655,1.346459733471863,0.8787239773829685
38,QA,Junior,1.4563362070328196,18,2025,0.670440424375604,0.6372958276541424,0.7300331253247009,0.7732385949721285,0.07223513851993985,0.8764480804229199,1.7536512526431038,1.0818108130606756,73.4081090886207,75.87041374197803,0.379494160606017,74.98317414643184,70.21371058207293,0.39150237805853655,1.346459733471863,0.8787239773829685
38,QA,Junior,1.4563362070328196,19,2025,0.6456429315615132,0.587836463437566,0.9034188925790612,0.8079608148404251,0.3196859584067744,0.38069766453348075,3.60044472426004,0.7490783460882996,80.3926901821149,67.77681971149475,0.8401881709203757,77.27266829359807,66.37197914046628,0.3058767667710093,1.346459733471863,0.8787239773829685
38,QA,Junior,1.4563362070328196,20,2025,0.7964051286664608,0.7400561853244032,0.6380452887662927,1.9548985863653514,0.08164361061337376,0.848078050730683,2.19667478465309,1.1211487804852482,64.63692682262082,61.52479116088153,0.6874569250427456,73.86916436877095,61.370579025152836,0.4086533863572917,1.346459733471863,0.8787239773829685
38,QA,Junior,1.4563362070328196,21,2025,0.5857364767109838,0.5704786542447366,0.6570118363564349,0.6169683524651997,0.20078605433954333,0.7791459270754886,1.5332902784676912,0.6288781389561533,72.08165895227887,81.73651347106043,0.5279489054727748,77.33203994345551,66.13999058783209,0.2813419615957681,1.346459733471863,0.8787239773829685
38,QA,Junior,1.4563362070328196,22,2025,0.7692559169047106,0.6978731040377815,0.7213565292228802,0.5457698436970227,0.30563645672355433,0.7319284741873853,1.895607878207239,0.7890047269217784,81.9816626842857,88.74644329708258,0.5508544059087697,75.53431936629359,71.83030522868863,0.32834828399857574,1.346459733471863,0.8787239773829685
38,QA,Junior,1.4563362070328196,23,2025,0.7706079132503288,0.7789005895222637,0.580640689455391,0.671482946919753,0.39546109662373047,0.3257083441956314,2.389264833671201,0.9444761105482334,74.52571539359688,86.36174263534909,0.46414833848417936,73.73995687227577,66.11710185586237,0.3743955815073486,1.346459733471863,0.8787239773829685
38,QA,Junior,1.4563362070328196,24,2025,0.7280302626938986,0.6482566553047296,0.5596113674977967,0.9234114156279472,0.10854969104173655,0.6750812326962201,0.9199258882826356,1.1450248298860184,69.67534088954741,75.092288483629,0.5477316356163016,71.5591210037986,65.63798995254876,0.4326789576122154,1.346459733471863,0.8787239773829685
38,QA,Junior,1.4563362070328196,25,2025,0.7408094336112292,0.7411411384321936,0.5567161303848621,0.10041666549782557,0.5192864573169728,0.875266866158911,3.480402994885734,0.8837853848080549,83.92504374491361,78.91749376987059,0.6657286650349279,73.05514164426114,74.2735169147553,0.36796422992610145,1.346459733471863,0.8787239773829685
38,QA,Junior,1.4563362070328196,26,2025,0.7690685897737382,0.6890752241620856,0.5705497499287611,0.33637801947388785,0.09819585547347913,0.553506054871226,3.259166202759938,0.9227780417235371,82.68780225788399,82.68655638079312,0.10321271876286199,72.14051698766066,69.70660380439338,0.3833846334475352,1.346459733471863,0.8787239773829685
38,QA,Junior,1.4563362070328196,27,2025,0.7477931721954535,0.6755007934507224,0.7318129093980271,1.5739504704949847,0.24424984197057495,0.7099014199395658,2.0968879005982193,0.8710983821946721,71.37257858425359,57.92191437514819,0.29363666325311844,71.95127086261498,59.0627963830453,0.37462575258380965,1.346459733471863,0.8787239773829685
38,QA,Junior,1.4563362070328196,28,2025,0.6745488110135006,0.6287881287700636,0.7413905124235391,0.300738820299,0.03434192635099711,0.41659400014757797,1.9191558015482746,0.9733328725819087,71.50132681306408,71.4245938355561,0.37671206124899786,70.53950001935591,70.147280481508,0.4068374076884158,1.346459733471863,0.8787239773829685
38,QA,Junior,1.4563362070328196,29,2025,0.8294196352387417,0.8047033701704979,0.8377267671526805,0.2680830538042008,0.25618224837658216,0.46353288588785363,2.463961225005638,1.152698875620005,72.57057223347695,78.95688287023003,0.40569611418730056,68.52812588127625,72.43776215066532,0.4594720594466989,1.346459733471863,0.8787239773829685
38,QA,Junior,1.4563362070328196,30,2025,0.6744628911157502,0.6552035537949409,0.8883517072995316,0.44489450453875695,0.11053314705100636,0.8727989491498577,3.0847736306274074,0.8749786180621207,85.29148101232484,86.00235599739312,0.2419222357538489,70.19929651673316,73.80369369890772,0.3900015859729812,1.346459733471863,0.8787239773829685
38,QA,Junior,1.4563362070328196,31,2025,0.869917248899099,0.7826539494602233,0.6657650343281496,1.1877682000354954,0.25797146390728043,0.8339635653477477,3.0528064705268863,0.915063404011688,77.30703166025683,74.72009437448257,0.4410493056510775,69.36191035569968,67.38228587204446,0.40499676117150696,1.346459733471863,0.8787239773829685
38,QA,Junior,1.4563362070328196,32,2025,0.7116066631157827,0.6829273388843359,0.7731683559316264,0.5280404711028094,0.4576800496641647,0.5979802127773103,2.1897429204462067,0.8135979511333136,75.95986056818059,78.81633153026651,0.2896509737651203,69.69834442117848,65.95267148557743,0.3819000533835087,1.346459733471863,0.8787239773829685
38,QA,Junior,1.4563362070328196,33,2025,0.671648857549477,0.6740974572601613,0.6987001556969143,1.2984388969991354,0.3019469378104175,0.9056412764498363,2.973258757120292,0.8923487528043608,75.38412762868914,76.51507592841729,0.7877965038177214,68.64139755815857,65.91988080976051,0.4064581042428841,1.346459733471863,0.8787239773829685
38,QA,Junior,1.4563362070328196,34,2025,0.7367334653102995,0.6936640302744734,0.49783974965417277,0.7383848751041969,0.16756439664927583,0.5497933402840465,2.961485852663511,0.9827653785272601,92.67612193729278,96.6404045133696,0.4657464692489406,67.5456989637626,68.66665987835167,0.43367225100743034,1.346459733471863,0.8787239773829685
38,QA,Junior,1.4563362070328196,35,2025,0.6344711652025721,0.5229877057451957,0.6475327663881439,0.049042113014743566,0.39266551291566393,0.8942738290598639,2.835350026947146,0.9485692938898729,89.21022042741208,94.64501795357282,0.37134944414344073,67.50690684206393,72.83237588433484,0.42715630176077524,1.346459733471863,0.8787239773829685
38,QA,Junior,1.4563362070328196,36,2025,0.5741505047691265,0.557891484808039,0.8206623408364949,0.2668845368103629,0.3185558389498829,0.9545631007152574,3.7115942276594733,0.7341473826576901,95.20502819187027,98.10837466475978,0.3209181520280892,68.97448104676036,71.9843931996486,0.37204213447520174,1.346459733471863,0.8787239773829685
38,QA,Junior,1.4563362070328196,37,2025,0.8043298280821566,0.7573772440208415,0.5860191840006339,0.5055367634228703,0.4295245913859877,0.7739321826112203,1.9297277371054584,0.9770181618210455,65.69487933492506,65.29210108032491,0.7189805526264014,66.85188693975034,70.12481983042169,0.4383045745329562,1.346459733471863,0.8787239773829685
38,QA,Junior,1.4563362070328196,38,2025,0.5518660029667426,0.5377196473184193,0.7922180884961578,0.8882508085465445,0.08567755477262644,0.7364380103976135,3.166701819593133,0.9058106205005122,84.88904282340043,75.47472480636381,0.32188645161116336,67.3127119869546,65.4974583025739,0.42022285754214744,1.346459733471863,0.8787239773829685
38,QA,Junior,1.4563362070328196,39,2025,0.8041900756210187,0.7623781416510326,0.6348006590831574,1.3946111911656152,0.09326821936141352,0.4788594337353624,3.759180029281798,0.9730814502410493,58.520426511535376,54.135291742232205,0.5051856173341215,66.73808971952057,60.89166891643876,0.43846554238553836,1.346459733471863,0.8787239773829685
38,QA,Junior,1.4563362070328196,40,2025,0.5739532531447291,0.5057206606439992,0.8576722201103996,0.36172604333339875,0.4114176491514973,0.9362125664752712,2.3465689899906987,0.813791226054422,72.09951753490914,71.54666342026523,0.9222979982437942,68.04886714252332,71.4693430061374,0.39568435235652333,1.346459733471863,0.8787239773829685
38,QA,Junior,1.4563362070328196,41,2025,0.7899198128247779,0.778350712611114,0.6218223395570098,1.02837405139336,0.13943292222764675,0.7969666668151513,2.6074494205010184,0.8801410396758325,72.67227613884457,68.34976641630904,0.22005287954778785,67.62690391691204,65.29119411150418,0.4124706752942328,1.346459733471863,0.8787239773829685
38,QA,Junior,1.4563362070328196,42,2025,0.6668458779805191,0.5762579605787727,0.8590984327897158,0.49922386821922826,0.546560455146566,0.5973475244897591,2.1487889284242647,0.9410150609253549,66.20277299527129,57.61802980978385,0.29212624131573167,67.31953962061904,63.66202607097809,0.4272068486799123,1.346459733471863,0.8787239773829685
38,QA,Junior,1.4563362070328196,43,2025,0.632817184332321,0.5424274284765019,0.6720162921290803,0.7102427755732312,0.41934382524057456,0.7136029394333655,0.7062041118742597,0.8740778832768253,76.79778977378685,73.4265103654694,0.25319456178226263,68.10283812696831,62.3318668441877,0.4072919255972958,1.346459733471863,0.8787239773829685
38,QA,Junior,1.4563362070328196,44,2025,0.8579845293362877,0.798368112796501,0.7638274437860284,0.30749138580089186,0.1276917624451344,0.5648278443566245,2.707422363041629,0.9365057185714699,80.59151433678237,82.50211396567562,0.2624024321681598,67.91577624340893,74.12352171695412,0.4213363416858863,1.346459733471863,0.8787239773829685
38,QA,Junior,1.4563362070328196,45,2025,0.6896710128201617,0.6057789935971924,0.6474712363646533,0.5219587190236873,0.2377840472779629,0.31433313569732635,1.888973920979688,0.8753177010595272,71.72095137729659,68.74692254084718,0.6570876846730105,68.77764597211724,65.19906557155988,0.4019164904442618,1.346459733471863,0.8787239773829685
38,QA,Junior,1.4563362070328196,46,2025,0.5884250166447075,0.540465698393358,0.5482806065348576,0.6905839631949013,0.2473020478917354,0.6706385474194798,1.5376176153458418,0.8238164400080041,79.51790755658158,87.26238059794198,0.19119475471178762,69.61659651018095,62.28528913682359,0.3846249837500929,1.346459733471863,0.8787239773829685
38,QA,Junior,1.4563362070328196,47,2025,0.8039630325182555,0.725100034688025,0.6249877799545593,0.3408664870941075,0.30734150166401564,0.7356448926242598,3.8047150796123637,0.8788072942885805,73.12578736703472,68.71462668630092,0.4184889426613773,69.65195923348453,70.41763671969959,0.395328465245345,1.346459733471863,0.8787239773829685
38,QA,Junior,1.4563362070328196,48,2025,0.6233569320509196,0.5520773714471123,0.8921300537621015,1.5850262434496605,0.30460246301855043,0.5455879657280202,1.7758453810465662,0.9000858608391473,65.33829612210339,63.8026982312269,0.8224498371374881,69.99843857451694,59.734993665474036,0.3966968507135217,1.346459733471863,0.8787239773829685
38,QA,Junior,1.4563362070328196,49,2025,0.698076638479397,0.6896991883538165,0.6169274857274896,0.3178249373293289,0.052705964276519024,0.5991948765297103,3.4400258953931733,1.1068231732737313,75.06730350341931,77.5169465387534,0.7075736367557959,68.89513150004643,72.77471182342568,0.44723853882102593,1.346459733471863,0.8787239773829685
38,QA,Junior,1.4563362070328196,50,2025,0.8210377527545221,0.8426992096553111,0.7016612926303158,2.25071202437424,0.29730716433644955,0.8684084425542001,1.7750140133016445,0.8959745040294642,76.5111887932093,76.92649508026224,0.5071577471307123,71.15836696777546,59.56762365699456,0.3862085094077639,1.346459733471863,0.8787239773829685
38,QA,Junior,1.4563362070328196,51,2025,0.8518299010377302,0.7942047790904482,0.7990173664784448,0.16197207727012278,0.27442518752154726,0.757883286623773,3.23679037444366,0.716566418064019,61.95768750797704,61.02652096745393,0.19337420236560435,73.18752657566019,71.42813906245571,0.33341722881563557,1.346459733471863,0.8787239773829685
38,QA,Junior,1.4563362070328196,52,2025,0.7997211193857849,0.7926839366880517,0.6284255469761532,0.3749702684705931,0.2684118026940301,0.9374628677997414,2.487142647410119,0.8932910387610477,72.8021374906214,67.76321151559625,0.5710053734100725,72.37641301136058,74.29274409825544,0.37552143265753796,1.346459733471863,0.8787239773829685
39,QA,Senior,9.436063712881634,1,2025,0.7885682617316104,0.7819763892755891,0.6416080077632129,1.1269916758775058,0.21443265644639145,0.7168094666976937,4.649297249178259,0.8814047074500733,59.90760026919472,71.10120574869482,0.9057217576645185,78.78018442037217,68.98620956399841,0.3197794046535799,1.3279999998852687,0.9796918582496813
39,QA,Senior,9.436063712881634,2,2025,0.6386929239884483,0.60982741514908,0.7514851681115926,0.5082361218564481,0.2989673429881337,0.6985890369884963,1.7728823895701145,1.0302090705138118,71.71880851217226,61.69801955458696,0.09700881589474192,78.18364443602343,66.72823811103812,0.35451144380256716,1.3279999998852687,0.9796918582496813
39,QA,Senior,9.436063712881634,3,2025,0.8729959159584887,0.7723314018898124,0.49666057995950114,0.7754169676803717,0.40015709205580324,0.42785924932286035,2.384159383069052,0.9802025127527284,78.74492303114246,82.63080505997083,0.7060104664504642,79.16014301188699,68.99675378635472,0.33637264411815415,1.3279999998852687,0.9796918582496813
39,QA,Senior,9.436063712881634,4,2025,0.7798759063659066,0.756259230062235,0.4825933610306927,0.6456409405535214,0.6112631036563178,0.6899448725593399,0.2740807583239344,1.0923175325250625,69.55510399330655,68.12190136620575,0.8592695097039764,78.81381427871447,67.9351191160514,0.3616817208490586,1.3279999998852687,0.9796918582496813
39,QA,Senior,9.436063712881634,5,2025,0.8661094806084442,0.8580385804621748,0.5991083861884383,0.3118811381633153,0.4312323054696354,0.8116873637702153,2.303678447564132,0.914673602561668,77.47580976468224,82.03547861023952,0.10716800998848806,80.75167359185856,73.0787068297146,0.31000410724684563,1.3279999998852687,0.9796918582496813
39,QA,Senior,9.436063712881634,6,2025,0.6560401856463222,0.5929866791937513,0.7130719711711447,0.5444289716730902,0.0761627268727183,0.6054010332518976,1.3555059933988547,0.9508442200876123,74.0019854085967,75.15337129763542,0.9318477355458049,80.93759820919921,73.96615676563978,0.3156888589408624,1.3279999998852687,0.9796918582496813
39,QA,Senior,9.436063712881634,7,2025,0.8409347880463893,0.7853324862458415,0.569483203590158,1.279818518538575,0.15353199559368594,0.9635790286150029,1.012775292442135,0.9857294558368218,63.65818990200278,63.411992302799625,0.7252069607148164,81.08545677285706,70.03558069222913,0.3214337513935555,1.3279999998852687,0.9796918582496813
39,QA,Senior,9.436063712881634,8,2025,0.7235375608142813,0.7373621419755353,0.8039017307004589,0.9025517826291095,0.16932216555443927,0.49528222803240085,3.62064383772712,0.9763823327087622,61.556865368630525,64.56816853219806,0.4832829679943159,81.53259934649431,68.13368527605563,0.3158381386542998,1.3279999998852687,0.9796918582496813
39,QA,Senior,9.436063712881634,9,2025,0.8689869422025144,0.7429943630019953,0.5162566940056175,0.3747928654818561,0.6477219572116225,0.7162807701456098,3.216365564465175,1.0485079551973082,69.7795942365468,76.49817520628437,0.6688681477490315,81.26795516538371,71.3131822248858,0.3324686313279307,1.3279999998852687,0.9796918582496813
39,QA,Senior,9.436063712881634,10,2025,0.7209609746538488,0.6814684060140346,0.5897202514506331,0.5889120094011491,0.21816918582529646,0.629244244565028,3.440958373191676,0.8026454252121902,75.35751613283475,79.94981709137237,0.37239996067428804,83.48265649042568,68.49152974413485,0.26484028095555734,1.3279999998852687,0.9796918582496813
39,QA,Senior,9.436063712881634,11,2025,0.8315487218058185,0.819799995704874,0.6357991055750659,0.6764195775620243,0.10419577735239001,0.8593082621646081,2.693741900668106,1.034536522869933,75.8590801841663,62.49248539503428,0.45811089727379745,81.80715558286693,74.39713758711194,0.32518100805009553,1.3279999998852687,0.9796918582496813
39,QA,Senior,9.436063712881634,12,2025,0.731430574150392,0.6981502634957188,0.6551549909030236,0.5876240207892981,0.17692922916596654,0.7396344402256889,1.9133734355028627,0.7724573859365336,76.09728718926658,73.24320213306729,0.29072625977921546,84.01262396169413,69.52704334471468,0.25438627750652226,1.3279999998852687,0.9796918582496813
39,QA,Senior,9.436063712881634,13,2025,0.7264470060269136,0.618368104717674,0.45195202900893094,0.15870792554096486,0.4476763342149618,0.41014163333273423,1.3224539378666922,0.9708592964058838,82.06668546891004,76.33197924001104,0.5296841573837502,82.46186430744906,69.16799415067119,0.3069896567191012,1.3279999998852687,0.9796918582496813
39,QA,Senior,9.436063712881634,14,2025,0.7757851063971427,0.7857892758806165,0.7507164883717149,0.4023948842455667,0.4199521799607674,0.8358342174157977,3.48791301088529,0.9681422998006337,76.44918803102793,81.49705798087173,0.8566988487969771,82.44714465078133,78.1915384049703,0.3065689212036157,1.3279999998852687,0.9796918582496813
39,QA,Senior,9.436063712881634,15,2025,0.8343583389492726,0.7373651985285635,0.6743133640519634,0.7567263989654198,0.23210245963322396,0.7488562855226402,1.478372411079434,0.8621875421806817,83.63766385364427,88.8017438374208,0.7147954484221989,83.18594742838094,74.48829527794759,0.27922127986629514,1.3279999998852687,0.9796918582496813
39,QA,Senior,9.436063712881634,16,2025,0.7666864563385544,0.7271695994135866,0.7200863554560913,1.014575585388607,0.14682446516245232,0.6089900230599508,2.0919338027361936,0.9743876182934014,83.26826000607203,82.05186070842309,0.44853662118424825,82.108718945776,70.27444342998483,0.31063819911054685,1.3279999998852687,0.9796918582496813
39,QA,Senior,9.436063712881634,17,2025,0.8318824208147764,0.7334862732942719,0.7777294675342269,0.5607894754131523,0.10273853893211474,0.9416120646890285,1.2010376354008974,0.9232824306430435,46.51314469186245,48.88242439099644,0.208744593032631,82.26975936181783,71.73963880574199,0.2990751581134601,1.3279999998852687,0.9796918582496813
39,QA,Senior,9.436063712881634,18,2025,0.7732107398317046,0.6889997292855825,0.5409320489175534,0.7965318037681919,0.19684673959540977,0.6141364740043869,4.535033803828748,0.9310023820016564,72.62867492768045,74.23833476699221,0.4847825087815855,81.89563895215116,68.15512830338294,0.3037368184657383,1.3279999998852687,0.9796918582496813
39,QA,Senior,9.436063712881634,19,2025,0.855584740995464,0.8570671525433307,0.6897641132498826,0.5340585382443527,0.18069609870222822,0.9011211058113353,1.8962202040268488,1.0236017242583302,68.20187646923455,65.7207064225555,0.7544414093371458,80.782478625485,78.08301678136615,0.33153302297262444,1.3279999998852687,0.9796918582496813
39,QA,Senior,9.436063712881634,20,2025,0.7626743510314392,0.7186860181722667,0.721644850949344,0.9387464081755653,0.15449283525317403,0.6837471302516187,1.0406046700287956,0.8516682946913133,71.4990333332095,58.15848463129427,0.4226044337253863,81.7310056123696,67.52181580295922,0.2892419455018494,1.3279999998852687,0.9796918582496813
39,QA,Senior,9.436063712881634,21,2025,0.810768427439367,0.763739349053161,0.8414075795442186,0.3808616612435026,0.1975714197812,0.8351774015466854,3.2460046522328674,1.0288134643694165,103.51961879558402,110.24788947700964,0.6609737820863352,79.83855469739657,83.3106638910478,0.34044140372891185,1.3279999998852687,0.9796918582496813
39,QA,Senior,9.436063712881634,22,2025,0.5635094309069386,0.48200966963148034,0.6706681131794722,0.4420958192515507,0.41261677973482863,0.7243035436865846,2.0152715046345993,0.9985606530467738,79.94675198211905,83.6677856050306,0.5159122228343237,79.5638693145408,69.00903426203496,0.33667988632151485,1.3279999998852687,0.9796918582496813
39,QA,Senior,9.436063712881634,23,2025,0.6736396389611571,0.6221745834738156,0.5819463610091403,0.15428609968298482,0.24344743677676273,0.8133939489140529,2.6680714389772606,0.9075867102066625,68.80644253788742,51.566227966696964,0.2020856931568779,79.74106943225551,69.31721944315011,0.31700843010586993,1.3279999998852687,0.9796918582496813
39,QA,Senior,9.436063712881634,24,2025,0.6568793337181824,0.6493170535117165,0.8878847617911929,0.2856441482819461,0.26724652840362056,0.832075815027902,2.445700236137103,0.9389079077735397,80.7549102914517,79.59494942319546,0.30787264682593174,78.9140537379456,74.9026830746403,0.330164467071828,1.3279999998852687,0.9796918582496813
39,QA,Senior,9.436063712881634,25,2025,0.8137820857361925,0.824515185143902,0.5887745736058855,0.23070573123456525,0.3347473017241517,0.5900662183077866,2.067069526584509,1.0313822932023535,87.54807067744461,93.40718084975097,0.4494080416034303,77.58036373435392,75.52546366340084,0.35977342752085467,1.3279999998852687,0.9796918582496813
39,QA,Senior,9.436063712881634,26,2025,0.9037445763735753,0.7503292118915712,0.8058361880246355,0.7327802360120098,0.029273483243661493,0.8371028011625988,2.1364058560071815,0.9499765481937102,78.51327505070334,75.34295126549269,0.5764211627506712,77.62892629314645,77.13516937744883,0.34308759052918836,1.3279999998852687,0.9796918582496813
39,QA,Senior,9.436063712881634,27,2025,0.7843340808663145,0.8132209367916815,0.7004835749315257,0.40649935868940246,0.2584315421647721,0.7869683668655434,3.3947336081196484,1.024365710990905,70.62217352394829,67.92637803147025,0.14885801915476038,76.43112958949229,72.11400070256438,0.36794706228574525,1.3279999998852687,0.9796918582496813
39,QA,Senior,9.436063712881634,28,2025,0.8153876079876877,0.7321797163686603,0.7598388906784389,1.1448518627744564,0.20918551641315183,0.663239569013286,2.657825786754268,1.0131037573182329,80.69492327679588,80.39872748004848,0.47097807731763797,75.92733029871249,69.12157293642693,0.3698929989743759,1.3279999998852687,0.9796918582496813
39,QA,Senior,9.436063712881634,29,2025,0.8291925269541307,0.8090494311922886,0.8257062585829766,0.5904717173690697,0.11611856979575409,0.7024447629805469,3.257476910153581,0.9224908279820687,78.10116841141107,84.55387672102242,0.5583429217684683,76.07578761962691,76.47383504247507,0.35053326876618945,1.3279999998852687,0.9796918582496813
39,QA,Senior,9.436063712881634,30,2025,0.7761521086152973,0.7124455954119251,0.6042812735264118,0.16543259158491913,0.05534780102313204,0.904556519780807,1.567920942098444,0.9251557254094167,80.583283953441,85.2034538496006,0.867457786388986,75.50387701520197,80.70623073781312,0.35583216995520034,1.3279999998852687,0.9796918582496813
39,QA,Senior,9.436063712881634,31,2025,0.8889885610105375,0.8299998112283006,0.8230031144583981,0.5957291828472231,0.1841515361191317,0.5722983456931056,3.7171842328615776,1.0141849485552314,78.96998824011895,80.99521498149093,0.4042130859708713,74.2749353565985,74.71522002887922,0.3838791950727254,1.3279999998852687,0.9796918582496813
39,QA,Senior,9.436063712881634,32,2025,0.8391664299570654,0.7975425526968285,0.8881244000351405,0.5016783246158937,0.12710560894374948,0.8697312783704264,0.8747300033838217,0.9528435250620335,79.53732070404762,86.90116784845719,0.18863197238736315,74.29037718699588,76.94833258173267,0.3714822284541076,1.3279999998852687,0.9796918582496813
39,QA,Senior,9.436063712881634,33,2025,0.9050928895904903,0.8534724996838983,0.8150545301369327,0.17617683220682612,0.14996838236873572,0.5399286189012155,1.4853542133056294,1.0419193936662103,74.75886156828582,81.36931951908997,0.5241342385210458,73.15082978851095,78.64059842440689,0.39879363049565086,1.3279999998852687,0.9796918582496813
39,QA,Senior,9.436063712881634,34,2025,0.8006024715681753,0.7258666053328432,0.6494950739689855,0.12167276103028227,0.2600747745968104,0.5028795729372328,4.476658133167406,0.8846494876913268,64.17656290161025,62.2298066388585,0.43554605868333585,74.03662344769724,70.71846190760589,0.3599580354741217,1.3279999998852687,0.9796918582496813
39,QA,Senior,9.436063712881634,35,2025,0.8134871599916902,0.7886330050262942,0.8923045817820869,0.5684161821994008,0.2938929099741581,0.5851020331001662,2.9567981098362135,0.923028968897529,85.2601511105376,83.42922656947654,0.24296619570202252,73.41722679924985,72.40946216793296,0.3727955704524238,1.3279999998852687,0.9796918582496813
39,QA,Senior,9.436063712881634,36,2025,0.7929740300937811,0.7226327382551193,0.6494410460002454,0.16745164392884906,0.15811134321701834,0.5519986870276264,2.0364486990835626,0.7768353627840144,92.30172055771641,98.42983627581518,0.4798892578933286,74.33897456299694,75.03800762965342,0.33587561786516174,1.3279999998852687,0.9796918582496813
39,QA,Senior,9.436063712881634,37,2025,0.7516840482074454,0.7131283099770086,0.9167853017256673,1.0921990127198742,0.30818259885058746,0.6111678935204852,3.686687477227967,0.9542231437257228,71.96698177800627,79.12007954914347,0.4248753633380604,72.74024444176008,67.26410356293637,0.38467592506381054,1.3279999998852687,0.9796918582496813
39,QA,Senior,9.436063712881634,38,2025,0.880993477185504,0.9087196850161517,0.6257047139377392,0.6500032237892763,0.2667730330658334,0.8724802240874756,2.0178140818022,0.99722707451579,83.18582487295288,79.71305473957398,0.5422576912176454,72.28737771207955,75.74206580591958,0.3970506006358284,1.3279999998852687,0.9796918582496813
39,QA,Senior,9.436063712881634,39,2025,0.7132040069850986,0.6803101848315879,0.6452382763973042,0.394514932636962,0.38043649249938744,0.6199916614675939,1.9092287021196963,0.8601212780540567,66.75848008218048,71.16976639082938,0.8617076005211273,73.34776845426367,70.3061718019219,0.3607928518252807,1.3279999998852687,0.9796918582496813
39,QA,Senior,9.436063712881634,40,2025,0.9040672808419818,0.9024102661751892,0.6313761282680564,0.726398276683678,0.3555409659357985,0.7418835170263933,1.1433814679516303,0.7468044606453765,89.40518699642715,90.42701225867764,0.6853620642601275,74.29075862304285,73.38095781822794,0.33027123693705157,1.3279999998852687,0.9796918582496813
39,QA,Senior,9.436063712881634,41,2025,0.9604038785586246,0.8671033111263572,0.7251192702313388,0.07375754963404463,0.2573630195715582,0.7457685605804841,4.386856835109503,0.9389218948264627,65.97505091942108,69.05941554234458,0.510997130786324,72.86265443295417,78.37589360985484,0.3805955920240078,1.3279999998852687,0.9796918582496813
39,QA,Senior,9.436063712881634,42,2025,0.7274980662883683,0.6982815167882337,0.6075722496446436,0.39030947442881136,0.21435429612653478,0.7504227943576659,2.9919282624544685,0.8583896781485859,71.91154443170974,70.92562130246696,0.3361263340811526,73.68654004008037,69.61504125588249,0.35762343529571405,1.3279999998852687,0.9796918582496813
39,QA,Senior,9.436063712881634,43,2025,0.8009974048996847,0.6916815717447875,0.6480155655852055,0.8379638814258059,0.21864018479937639,0.5264697267227215,3.2173906066377174,1.0272791390900984,74.4103659315106,65.3211266398613,0.3898478303590687,72.5832254377093,66.18493672501693,0.4005956158371088,1.3279999998852687,0.9796918582496813
39,QA,Senior,9.436063712881634,44,2025,0.7841014019506847,0.7511567382326675,0.7232034678503911,0.2625635927113717,0.3139995737970298,0.80381741769996,1.3433638080586994,1.0742309960979954,78.88094992721605,79.81522891612536,0.37366115010808715,72.51997138044389,74.35157350996371,0.4105131043825666,1.3279999998852687,0.9796918582496813
39,QA,Senior,9.436063712881634,45,2025,0.8849852583646202,0.8898005467337542,0.6787354548081536,0.6733834227586428,0.1809390666865718,0.8810910197056967,2.4282604424404877,0.9159749619540184,79.60466504481178,71.94514938170396,0.7231090988767471,74.15838524220848,76.6325060447201,0.365208448705733,1.3279999998852687,0.9796918582496813
39,QA,Senior,9.436063712881634,46,2025,0.7936156564390879,0.7671133685071231,0.7225904245372861,1.618237039986517,0.3893475457115268,0.7248442626069223,2.465407492335701,1.128666251621856,89.6568383769653,89.77216448237556,0.42105289358472103,72.8837953745173,63.225218073555524,0.41836828887006033,1.3279999998852687,0.9796918582496813
39,QA,Senior,9.436063712881634,47,2025,0.8373919761682718,0.7700403698198058,0.6119572363076731,0.5377480145036876,0.4609411757093059,0.9714599149735409,2.4059636729500236,0.9286619523986273,88.13631046237738,97.5058652487797,0.41510408420143047,74.95911932585133,74.30764489424605,0.3610730627642977,1.3279999998852687,0.9796918582496813
39,QA,Senior,9.436063712881634,48,2025,0.8120412255648269,0.7606766394177324,0.7161167396656317,0.5316723803630474,0.07734578112169993,0.6982402751970346,2.097082852234361,1.0033740864681604,73.84615510947151,66.98768894799926,0.6842758799525168,74.87813012673202,75.44727111859399,0.37669039957086525,1.3279999998852687,0.9796918582496813
39,QA,Senior,9.436063712881634,49,2025,0.7963800624966691,0.7420300419427004,0.6322589637469644,0.4033583518829145,0.06636722248644883,0.9620230796367548,3.7578784603459052,1.008015344412426,67.31401715893978,68.21107136929241,0.6888026869527555,75.39159148818405,77.33144565309547,0.37333980648095144,1.3279999998852687,0.9796918582496813
39,QA,Senior,9.436063712881634,50,2025,0.7124413890992274,0.6078486804859389,0.6216445195958938,0.9079736892685564,0.45701259414981893,0.8320956729428274,1.7662913327641152,0.7929532927948917,76.5424503492418,79.91992677651317,0.507416457678952,77.68853401489922,65.04167202760817,0.3111862084348182,1.3279999998852687,0.9796918582496813
39,QA,Senior,9.436063712881634,51,2025,0.8938070915920142,0.8727077612418999,0.7537737894388981,0.282778989908756,0.03245922044117133,0.571194972247556,-0.3923811347818118,0.9496629417439657,76.8030672036008,74.76936493417365,0.8075416053162772,77.02875174346778,80.54190779546168,0.34802632381989496,1.3279999998852687,0.9796918582496813
39,QA,Senior,9.436063712881634,52,2025,0.729899067540131,0.7479452661642895,0.5101778648375588,1.6929238095589705,0.40443030675032826,0.5213391449092178,3.116560367328895,0.9422817652960299,78.27824416892598,71.10373269462461,0.4180454159288874,77.69048455632789,57.235588790591216,0.34103564842314027,1.3279999998852687,0.9796918582496813
40,QA,Mid,3.4166447754858478,1,2025,0.6590809185613992,0.6063541043421817,0.6221108694689292,0.7230987913333857,0.1384272748215355,0.59624544685339,3.4641834345711873,0.867816256703866,84.6724162279477,91.64093565378784,0.5982672569992631,72.8080730454085,68.6734991255064,0.3668293092957023,1.0256460481953704,0.9183376521197961
40,QA,Mid,3.4166447754858478,2,2025,0.6398256004185449,0.5719297589724611,0.702961539705604,0.49581745432855656,0.10665240370952063,0.6459814038716633,3.5025573058961577,1.1526684778364698,80.80207681255017,80.1772236281436,0.3185040971124249,71.12315019650885,68.17353363415336,0.43784077726305354,1.0256460481953704,0.9183376521197961
40,QA,Mid,3.4166447754858478,3,2025,0.6842319492454733,0.6237634359380684,0.7580073529700013,0.5694275015986588,0.40799865459750584,0.870320438210277,1.7719810944894272,0.9588184719158125,74.38755824826924,66.22261517194825,0.9809749391980535,73.250396357649,72.92373506046003,0.38134372473608746,1.0256460481953704,0.9183376521197961
40,QA,Mid,3.4166447754858478,4,2025,0.6334097282132035,0.5726349690517258,0.6116502391481459,0.21587637122809522,0.553173495812113,0.5197984123282715,2.8179796548634446,0.8107958394354449,60.788977826574786,58.28895617959724,0.4103387519675059,74.9851688424981,62.796374909121944,0.3372827608662715,1.0256460481953704,0.9183376521197961
40,QA,Mid,3.4166447754858478,5,2025,0.7810328481618857,0.7579262872054529,0.7532209684627472,0.6149552748520781,0.11786645877277088,0.8318079959900762,3.6463337251918944,0.9757834129425462,68.12751391529044,71.30157738950962,0.5066703503477703,74.18197612787823,73.97155886259009,0.37697354818952405,1.0256460481953704,0.9183376521197961
40,QA,Mid,3.4166447754858478,6,2025,0.8472891156913795,0.8325559107966037,0.6075682432399458,0.6384261584027241,0.17965632792612657,0.7446059058908451,1.2488892869352377,1.0943494791383104,84.87081665961493,87.19292399428383,0.43745003923762704,73.7087371558603,73.42855994746928,0.40463041952882617,1.0256460481953704,0.9183376521197961
40,QA,Mid,3.4166447754858478,7,2025,0.760434726760035,0.6935250245596913,0.7656695963050995,0.2384996036443095,0.5783470391323751,0.606549778500086,1.6684467918658603,1.0696346888163721,80.31062172128375,70.39881801936623,0.2788167362282746,74.33339592808734,69.47022299922448,0.3944819716958799,1.0256460481953704,0.9183376521197961
40,QA,Mid,3.4166447754858478,8,2025,0.7824340852574505,0.7092685231999771,0.7554558146530177,0.38420064689505384,0.4043538586186276,0.7898661415046534,3.955745301833038,0.8625024935623213,71.25281013754783,80.16432555231336,0.5475301766012545,76.36281907873253,72.97330588512808,0.33614367305635984,1.0256460481953704,0.9183376521197961
40,QA,Mid,3.4166447754858478,9,2025,0.687585256437255,0.6467454121349978,0.7521960946755917,0.4246476917410591,0.3925627252411043,0.6305287128321276,3.406694852458222,0.8564653966772993,57.874904089486535,58.352272944182424,0.47053701700275774,76.72347665261047,66.93482081148903,0.3319307738970392,1.0256460481953704,0.9183376521197961
40,QA,Mid,3.4166447754858478,10,2025,0.805387621302342,0.7715882934950218,0.6820859835526077,0.9699338416215944,0.05023465722102368,0.8375729326102092,2.340532204289631,0.8116577267638238,76.69754299951072,75.8328271944507,0.4416558846269775,77.3297390970793,70.56475797420705,0.3179170528771039,1.0256460481953704,0.9183376521197961
40,QA,Mid,3.4166447754858478,11,2025,0.7419034323724301,0.6989504875888947,0.7770653716567502,1.0149396433181626,0.06291766138438555,0.6987215067321736,1.5984766599802747,0.7493597368936178,79.2759646061207,83.37711014468404,0.16363676485492512,78.00775088974413,66.81560468457857,0.29980735663085584,1.0256460481953704,0.9183376521197961
40,QA,Mid,3.4166447754858478,12,2025,0.7800770566015879,0.7073393970619031,0.894117059151146,0.4320733410702066,0.29531386559681017,0.45595225392628486,2.628515103140548,0.877155882165815,76.21382260666259,73.89807120212188,0.3479749847406862,77.09421701092657,70.88302804746095,0.3329793680087749,1.0256460481953704,0.9183376521197961
40,QA,Mid,3.4166447754858478,13,2025,0.8881058663726357,0.7624948860218704,0.7788355372824207,0.8282777867416189,0.4296492650777094,0.6233995168020053,0.7079110062755236,1.0568294011900026,73.45762053242464,76.20261302075234,0.5543443903347248,75.6932844882428,70.13197693873794,0.38058850950264383,1.0256460481953704,0.9183376521197961
40,QA,Mid,3.4166447754858478,14,2025,0.7290019445593584,0.7097617492696591,0.7427307953294465,0.9888647646554644,0.10165189389038086,0.5511257396165937,2.2330026710395314,0.9194010674219946,59.83859945593059,67.04410471952183,0.3498016649421788,76.75625552887713,65.48499428203708,0.34424475074375616,1.0256460481953704,0.9183376521197961
40,QA,Mid,3.4166447754858478,15,2025,0.7381467466701105,0.74728046577657,0.6966589099275033,0.9662258555666221,0.7002792632889725,0.47992374380966774,1.865590689002785,1.0205384570031604,77.81825578493087,83.6480259709447,0.3174666814985436,75.83832112886779,62.65057669137302,0.37212168199340045,1.0256460481953704,0.9183376521197961
40,QA,Mid,3.4166447754858478,16,2025,0.8289297838117673,0.7106880514416161,0.6275781433903813,0.5494965896177644,0.383877283624526,0.9679574056390977,3.0696996707580375,0.9142204191560297,77.69886027796389,80.2262578907542,0.5375325107683175,76.50923755794166,73.35730366469923,0.34526710418169204,1.0256460481953704,0.9183376521197961
40,QA,Mid,3.4166447754858478,17,2025,0.7909663988694728,0.7608619534870653,0.711457186016712,0.4953239456338392,0.07074184310364434,0.8086848130754009,2.9056767518696174,0.6887236912018107,86.09488562244609,90.55098402504134,0.4490437548171211,78.06541029641438,74.68841205164203,0.287199652436909,1.0256460481953704,0.9183376521197961
40,QA,Mid,3.4166447754858478,18,2025,0.6252955496790624,0.55953689816406,0.5967201187504845,0.7131843048831408,0.127933033229041,0.4888258034608665,3.725126892021497,1.0073052339422273,74.74696785472395,68.09175974019303,0.4936072287211064,75.20439715569327,65.56733347557532,0.3747577371576682,1.0256460481953704,0.9183376521197961
40,QA,Mid,3.4166447754858478,19,2025,0.778047773315621,0.7901332777046604,0.7835656382182528,0.4339783261702418,0.06660347967892871,0.7084940498355929,2.4030221927328217,1.0221824992173223,75.54659971134755,71.38194863437171,0.250831697668428,74.71301344487975,74.36931049100176,0.3818280544694665,1.0256460481953704,0.9183376521197961
40,QA,Mid,3.4166447754858478,20,2025,0.7516191176182271,0.7330377602962868,0.5249958030364688,1.0997382690625068,0.22596722736189903,0.6984472973869792,2.0026389619922655,0.9883677248639335,59.91040357367275,59.95856318791836,0.535522447473009,74.55659119005533,64.1646218452717,0.37636861838899227,1.0256460481953704,0.9183376521197961
40,QA,Mid,3.4166447754858478,21,2025,0.7738192198035948,0.7332621213171294,0.8328294707443031,0.6222813449498675,0.2246473647568012,0.7762382734614889,2.732685882677974,1.0557061614219916,53.19959146344431,51.086199296200384,0.8361422532417122,73.54259414004267,72.47768306231464,0.3982862811173761,1.0256460481953704,0.9183376521197961
40,QA,Mid,3.4166447754858478,22,2025,0.7687448571492146,0.6849704948407913,0.887244027357434,0.5175226426370928,0.12633131840113462,0.7595878859322766,1.8497561427256812,0.8587294086389146,81.53293963394331,83.01150022466182,0.40723482221875723,74.60170028887035,74.50278710267656,0.35006504598719673,1.0256460481953704,0.9183376521197961
40,QA,Mid,3.4166447754858478,23,2025,0.7129426850033006,0.6442118747974233,0.7136599618348968,0.5219135411649343,0.2795794616984117,0.5026183217971337,1.5203888081914958,1.023516040696103,76.90134094393309,82.1573916923578,0.7647877233187589,72.73281580740667,71.26145183616552,0.39859640974416505,1.0256460481953704,0.9183376521197961
40,QA,Mid,3.4166447754858478,24,2025,0.6636265979938851,0.6550585092311407,0.4818673698180055,1.2667334161077102,0.31599069428658766,0.5610388951475098,3.8485330117748138,0.9984222314179405,67.49620532308236,63.972085908681535,0.24614450169435764,72.35712016785708,57.40145440947836,0.3967084448847792,1.0256460481953704,0.9183376521197961
40,QA,Mid,3.4166447754858478,25,2025,0.8418579291548138,0.8414894803005836,0.7818146085625208,0.6266605963081429,0.09130770693170502,0.7947753719425472,3.9735817353580956,0.8753831228101538,75.75101384287471,76.66048214175963,0.7710628050777361,72.7475381165582,76.9254927977808,0.368847140257379,1.0256460481953704,0.9183376521197961
40,QA,Mid,3.4166447754858478,26,2025,0.6744618285592614,0.613699021075203,0.7758190463144616,0.33811450890106426,0.274193308840201,0.6628536905522758,1.7030252229681522,1.0459979267471162,93.67077494833775,83.19755330677383,0.4268252937911302,70.77993628378589,72.52141625029273,0.4193667829845409,1.0256460481953704,0.9183376521197961
40,QA,Mid,3.4166447754858478,27,2025,0.8176684815498749,0.7879695388093979,0.8975336238618878,0.7116312543675741,0.1263596192021155,0.649490703890111,1.8374464034013147,0.9659932695429965,70.93000017313568,69.82996070219222,0.39154039248900885,70.81729014014223,72.40434125294833,0.403054569407414,1.0256460481953704,0.9183376521197961
40,QA,Mid,3.4166447754858478,28,2025,0.8135914531546714,0.7286496140979769,0.6311659508672011,0.22910586748801456,0.233376613928258,0.6218854489980419,3.382573660560423,1.0129532918935238,80.85863057220158,82.48803059971931,0.7769492265811702,69.84771504117684,76.14615817029038,0.42052636636889773,1.0256460481953704,0.9183376521197961
40,QA,Mid,3.4166447754858478,29,2025,0.6651721818023462,0.5485118063344167,0.7500950246790978,0.33745849526252214,0.20576140239303387,0.8573428227957969,2.119741697156457,0.8942983590480343,65.9080485822015,72.49376446873046,0.18492875246954354,70.22050839016586,68.85785357319159,0.39368876855822466,1.0256460481953704,0.9183376521197961
40,QA,Mid,3.4166447754858478,30,2025,0.6872012422097121,0.6377793206737332,0.6770506779713961,0.6806992155311766,0.2772828361761611,0.805150005076825,2.422527533830752,0.859136495433867,91.16437900697395,85.26810615777748,0.9292263826276148,69.95121187407304,72.45443365057795,0.3889005334694981,1.0256460481953704,0.9183376521197961
40,QA,Mid,3.4166447754858478,31,2025,0.7326678279509955,0.6266266028289494,0.7729723150580762,0.4805705735214707,0.29626056759835007,0.6205166978647375,5.323730274278889,0.7240299427192619,63.74080924718086,63.48228342920239,0.26765110873655584,70.51535642235294,64.77019689180267,0.35717801835757795,1.0256460481953704,0.9183376521197961
40,QA,Mid,3.4166447754858478,32,2025,0.7922388081238491,0.762434290594367,0.6493826241966966,0.39367539179633226,0.03057956808919932,0.6327461041684813,2.4824283203909587,1.1020703940689394,78.49328909478496,82.72438416997417,0.4293564171859646,67.01574325400733,73.08652864447579,0.4619495516970601,1.0256460481953704,0.9183376521197961
40,QA,Mid,3.4166447754858478,33,2025,0.827579013070936,0.7379533341101557,0.6562044364452748,1.032023102501392,0.07902679111724246,0.5589455703188285,2.3107837761657035,0.9528375062066317,94.12629226098366,96.51134959383938,0.3412644677275299,67.78266590725427,68.9632126654248,0.4257119520142074,1.0256460481953704,0.9183376521197961
40,QA,Mid,3.4166447754858478,34,2025,0.5960963418688028,0.5038122150131383,0.812922366618402,0.8350558248857056,0.5415922322054916,0.7829350523109663,3.431561154110829,0.9101455946274148,84.55872424424035,72.79256010780632,0.5259590173335339,67.75183561127523,64.10807788882695,0.4174304888315228,1.0256460481953704,0.9183376521197961
40,QA,Mid,3.4166447754858478,35,2025,0.8064801812571288,0.8134272337545283,0.539112577814467,0.5587395535131678,0.36937717706577033,0.8857233804103491,3.2750550727479952,0.9006791615680199,62.40041399827364,65.52035284760562,0.5404031445888321,67.51520627695261,69.16839998773027,0.4175091133389988,1.0256460481953704,0.9183376521197961
40,QA,Mid,3.4166447754858478,36,2025,0.5723542791978755,0.4531823723955102,0.6747351629124048,0.49737007431438446,0.18440420154727732,0.7214520391721592,3.094923630196654,0.9248691568837755,70.52399782599224,68.73308480080186,0.6361215948724381,67.07388522926554,66.83442333347548,0.4260247877995422,1.0256460481953704,0.9183376521197961
40,QA,Mid,3.4166447754858478,37,2025,0.6271786443939587,0.5609705618247287,0.712395840615458,1.1548968293653559,0.26035007145153927,0.32912414321433275,1.445265772202239,1.1189487370471378,78.87814930043518,81.8969688205353,0.760440680511152,65.34162071425546,61.02079563645941,0.4792762414572988,1.0256460481953704,0.9183376521197961
40,QA,Mid,3.4166447754858478,38,2025,0.612303885118763,0.5280994769751398,0.7772659461735478,0.6330421393929475,0.020307897847559875,0.8095132495240697,3.7168192524108443,0.9105043278791323,84.2592921407143,82.579394275907,0.4461208881601941,66.90034070423948,70.38153258497415,0.4245980263738307,1.0256460481953704,0.9183376521197961
40,QA,Mid,3.4166447754858478,39,2025,0.5440718507556416,0.5131001332249242,0.5610714633641319,0.6651707948031906,0.28184429300818986,0.7638798441019254,0.5157685916727313,0.8399620716571704,51.08914779965052,51.098176376946085,0.451406862440531,67.42822312450545,59.65869565582569,0.4060905549605553,1.0256460481953704,0.9183376521197961
40,QA,Mid,3.4166447754858478,40,2025,0.9309233869742188,0.9544561264929282,0.6261284042523775,0.23024815477072208,0.12321862070388624,0.8454915436701134,2.6761634393778375,0.9895643067439495,75.4640203045168,70.29347180305119,0.29909700880755785,66.26786087332096,77.42892064315035,0.44568068740444855,1.0256460481953704,0.9183376521197961
40,QA,Mid,3.4166447754858478,41,2025,0.6638778883543357,0.6232001940679011,0.7336611520802554,0.47617294712341107,0.18262115236622403,0.8207753719061508,1.2744979385141584,1.0119454490366728,73.29324121377964,74.29673039250449,0.3957463587368591,66.19764701833917,70.5117360095447,0.45074203132117485,1.0256460481953704,0.9183376521197961
40,QA,Mid,3.4166447754858478,42,2025,0.5051186813675974,0.4857335154115244,0.7278968418921182,0.33110280910874784,0.2909701272920184,0.8615778543310733,2.080104866076058,0.8310725816338141,73.16273947851599,72.39215469962363,0.7402177438798029,67.82425783126523,68.97284043156755,0.40101236773288595,1.0256460481953704,0.9183376521197961
40,QA,Mid,3.4166447754858478,43,2025,0.6701051255268176,0.556362525072469,0.5649394256645546,0.7923022902858649,0.3778425354819832,0.8989793834694482,2.6018163552823323,0.8590486007447536,67.92198521909856,62.175894471709,0.12679917076022745,67.84825076353874,60.607268816585446,0.4064076304527945,1.0256460481953704,0.9183376521197961
40,QA,Mid,3.4166447754858478,44,2025,0.684202580921562,0.5784942308382519,0.6468748767320563,0.3616063746438048,0.5450335683165147,0.6216698479856609,3.37006913914901,0.8677784850639936,65.07220032637605,76.71402258507045,0.3731449555107962,68.09077248778259,64.21908138143894,0.40613259294794385,1.0256460481953704,0.9183376521197961
40,QA,Mid,3.4166447754858478,45,2025,0.8407499749240861,0.7813938834539201,0.8799680272842922,0.5364692200731981,0.13072934438570116,0.8855340332177362,2.525469343796856,1.0020869966079964,92.3702837592938,92.46584505580223,0.7705757816441581,67.38866998404335,81.05425875977396,0.43884514945457137,1.0256460481953704,0.9183376521197961
40,QA,Mid,3.4166447754858478,46,2025,0.9319025428062937,0.9569449328229783,0.7564377173610037,0.08156412723174379,0.08646023626450243,0.5889862439197933,1.855817339850319,0.8442767432657633,105.09862195787916,113.02543398498632,0.26134049328318815,69.07809246043274,81.71588925323381,0.3932045781495465,1.0256460481953704,0.9183376521197961
40,QA,Mid,3.4166447754858478,47,2025,0.6879738692633828,0.6226949184585181,0.7705693031290508,0.8645836605667565,0.01424433651579705,0.8203209210441912,1.3467889882066895,1.002747672302866,82.55553854605681,77.77920527422486,0.4726489326468693,68.28561458568412,71.04682987867837,0.4315027462465389,1.0256460481953704,0.9183376521197961
40,QA,Mid,3.4166447754858478,48,2025,0.613166836138049,0.6051479565172746,0.7272034704963672,0.19546590630708469,0.08951318294489995,0.5566401039329545,2.795240218295332,0.9079154070273169,79.8317853743497,84.44385197837842,0.7595709148634952,69.56098058132544,73.91450750060214,0.4019082432277513,1.0256460481953704,0.9183376521197961
40,QA,Mid,3.4166447754858478,49,2025,0.7602925583313868,0.7655623039837385,0.7252818904941981,0.35037433630377013,0.11529120408021543,0.7246606302288762,1.95844996017538,1.0006647988691248,81.20948847225159,84.55900352358458,0.826106757794936,69.36957687159715,78.2937263372043,0.42205315251051545,1.0256460481953704,0.9183376521197961
40,QA,Mid,3.4166447754858478,50,2025,0.8304933391202911,0.7826017610713132,0.7995537834928117,0.9440521472810357,0.2773471701555436,0.7792039041130389,1.1634285028214186,1.0565578030444382,85.831680212249,87.23844532974648,0.572028616826416,69.49887895196953,72.31898001980818,0.43215423600914155,1.0256460481953704,0.9183376521197961
40,QA,Mid,3.4166447754858478,51,2025,0.8271206292529557,0.7710281749409559,0.5923560713272311,0.6281817795604727,0.28134135297325297,0.7420750157263116,2.2753649223939294,0.9127206791679559,80.47903893749967,85.81611987778177,0.43354917765499634,71.24347086314255,70.96671364168598,0.38884854530740326,1.0256460481953704,0.9183376521197961
40,QA,Mid,3.4166447754858478,52,2025,0.7692811845678802,0.7079610355342137,0.8252782874534157,0.3682399186519333,0.3401747585288524,0.5237423773405794,2.0013257992622666,1.0495692447016898,76.7375500510973,77.96930746298322,0.5683974352747865,70.7513657401493,72.37305506032948,0.42031913443909386,1.0256460481953704,0.9183376521197961
41,DevOps,Junior,0.6793913689074526,1,2025,0.6705989794808012,0.6172056824545243,0.6627497645983013,0.0487319268496726,0.20597759854068004,0.946146443491938,3.6620443375078193,1.0369258660962684,81.15923906875724,84.76311139465525,0.5522807896790131,92.74108377071309,80.21945111624802,0.2345428084633113,0.8702420282361742,0.8025784073128046
41,DevOps,Junior,0.6793913689074526,2,2025,0.5773390817991491,0.530713900976058,0.7353711623370521,0.19736104252964606,0.2881072485153768,0.6922327555109556,4.1001241735578295,1.3568601896669346,93.11197237404882,91.35736296660768,0.8804090997102401,86.49318182630572,74.39667038639392,0.35059552271417266,0.8702420282361742,0.8025784073128046
41,DevOps,Junior,0.6793913689074526,3,2025,0.5702983097951063,0.47083738915849316,0.6857960364181271,0.6629503346339951,0.038802501788558826,0.8261842892863837,4.4613093875449525,1.6,65.92324429207765,63.51221589207044,0.6504514881534458,82.20683173341929,64.26931148756158,0.4349430688881726,0.8702420282361742,0.8025784073128046
41,DevOps,Junior,0.6793913689074526,4,2025,0.5103932340886662,0.40966011598544466,0.5864745815043009,0.36521861530334393,0.10886062173686314,0.5846349175579733,0.11824099527146181,0.8038327750428329,67.81435276249236,70.74268100717967,0.6932524709676104,96.32676095808279,68.99940393866845,0.1580435470245434,0.8702420282361742,0.8025784073128046
41,DevOps,Junior,0.6793913689074526,5,2025,0.7849909466004675,0.7703984624411375,0.7585536276959264,0.18359688510469296,0.09130729320320041,0.875542680831715,2.592884549994979,1.3588733271743174,71.69889690369058,70.72406600567683,0.6482881980057256,88.09666448837605,78.25396980391639,0.3376357946983964,0.8702420282361742,0.8025784073128046
41,DevOps,Junior,0.6793913689074526,6,2025,0.7129621095723246,0.6493957670657353,0.6214797289420171,0.03927179809695639,0.31898055070125164,0.7744198825185078,2.861453729044331,0.8423994640724374,75.1855013790889,70.90117026182347,0.7980448880641179,97.01022487683109,78.00804457220725,0.1600613521742284,0.8702420282361742,0.8025784073128046
41,DevOps,Junior,0.6793913689074526,7,2025,0.6652900290873381,0.6361001521067228,0.7888958141704675,0.481772710294186,0.18749833537077978,0.8977269642121608,1.4095558295300736,1.073049962852397,76.34845220384265,78.13633534625471,0.33397782986007163,95.59196133624295,75.60712521585802,0.21801031476845484,0.8702420282361742,0.8025784073128046
41,DevOps,Junior,0.6793913689074526,8,2025,0.7384647848549126,0.7158571910507686,0.5226832062189202,0.6112690051091535,0.3711450326828869,0.8688812242206913,2.5744271166107366,1.007441617468575,80.0033894228041,84.16472620403015,0.6188145499924295,96.4891936879263,74.95954596172645,0.19741170942766242,0.8702420282361742,0.8025784073128046
41,DevOps,Junior,0.6793913689074526,9,2025,0.5246172291052447,0.5026974713045387,0.7481625064988667,0.9164913698578642,0.17434807765737803,0.8007513230191429,2.557763826653063,1.2059717295741532,65.33390796324959,62.42643772981755,0.459438407171994,95.21331358987943,65.80659653504382,0.24775006599916874,0.8702420282361742,0.8025784073128046
41,DevOps,Junior,0.6793913689074526,10,2025,0.7154455502529962,0.6319358483638647,0.720208608496204,0.15435351522038765,0.27592109811255916,0.5105459936445,1.9988055921640462,0.6,75.3178780581921,69.61602941902092,0.1280170194805432,100.3088885116337,69.57353547882315,0.08409259573638589,0.8702420282361742,0.8025784073128046
41,DevOps,Junior,0.6793913689074526,11,2025,0.572564183059065,0.5104702712098367,0.7867378603795381,0.8864744591186565,0.13953699255768856,0.6112971994539017,2.0985304538788636,0.712829915685885,71.997982633431,66.63144535516646,0.5298121994836403,99.58587705984979,66.74866162293112,0.11268367430509543,0.8702420282361742,0.8025784073128046
41,DevOps,Junior,0.6793913689074526,12,2025,0.5299612746514348,0.5446933821293846,0.8268969485925403,0.5344383433801053,0.19255319742523289,0.49632362886319775,2.8606445927132027,1.1932261938802038,77.59034448657266,73.47909047903484,0.3139840883533557,95.85154211765526,68.36994241979154,0.23988238779558024,0.8702420282361742,0.8025784073128046
41,DevOps,Junior,0.6793913689074526,13,2025,0.4741594643546215,0.4531548188554792,0.6530148657244722,0.28094106104599353,0.4923216963591648,0.7750820714567965,1.6541004917300517,1.0204392413036727,67.75788636116079,65.8096204935086,0.36572716450390375,97.27029336777724,68.21395225224323,0.1935020701959242,0.8702420282361742,0.8025784073128046
41,DevOps,Junior,0.6793913689074526,14,2025,0.6274280555965809,0.5402329014213918,0.6599798216790436,0.2412203964247377,0.09968985335556209,0.9239541187926523,2.7564873730116015,1.4291043888996802,62.76824535410064,71.10779092328026,0.5638540495118067,88.81526389070328,71.5171151385859,0.345693678690742,0.8702420282361742,0.8025784073128046
41,DevOps,Junior,0.6793913689074526,15,2025,0.7357797775839315,0.7228177710120424,0.5507005455583504,0.43511562876897497,0.25540809521750596,0.9015577859757777,3.2222999706240505,1.2537299216394944,72.74877618145507,77.09371695772022,0.6169570968490665,92.21391795254699,73.91560012287995,0.28229666805667397,0.8702420282361742,0.8025784073128046
41,DevOps,Junior,0.6793913689074526,16,2025,0.7560903678135013,0.7117949174059067,0.8399626176108607,0.13896439615891618,0.25773919985910376,0.730400065838086,2.3610897644437814,1.6,87.05274225130395,95.00304609555275,0.13403929554548644,85.1088885116337,72.32293074697532,0.4107592624030525,0.8702420282361742,0.8025784073128046
41,DevOps,Junior,0.6793913689074526,17,2025,0.5019738429010714,0.5260924966740405,0.7421495750320425,0.9026134097802545,0.11597544300053733,0.554338619899601,1.985141128637056,0.7278919575428908,71.28822305241904,73.84281539527724,0.7382772811170809,99.03795176612954,67.23193731637026,0.12026212679083206,0.8702420282361742,0.8025784073128046
41,DevOps,Junior,0.6793913689074526,18,2025,0.747701892561627,0.6510153106811646,0.6911426008190722,0.4625922094133892,0.1352140165722696,0.9123432404575597,1.697189245226605,0.9889478632674107,67.20567316995968,58.0411266176122,0.1943679708007466,96.63714372153561,74.21702980996537,0.19248004164068536,0.8702420282361742,0.8025784073128046
41,DevOps,Junior,0.6793913689074526,19,2025,0.5055775133337315,0.41302845523901044,0.7014985572907421,0.4205155751330932,0.02127030700182596,0.7615625348929892,3.3191487928466037,0.8881105303208476,79.46962834880797,79.6257231513297,0.1597912155505511,97.07147679649535,70.64597572464771,0.16869313276004158,0.8702420282361742,0.8025784073128046
41,DevOps,Junior,0.6793913689074526,20,2025,0.6739348814795777,0.5549010569695982,0.6822581796288779,0.2376466164645339,0.22950360806102665,0.7427114581751795,3.923479582434549,0.7033439175048055,98.17821643489677,104.0695898376706,0.3653291926595132,98.12266924937215,75.74450605954915,0.12297987308952656,0.8702420282361742,0.8025784073128046
41,DevOps,Junior,0.6793913689074526,21,2025,0.6234424566970914,0.6037131055210065,0.6353711791747969,0.15141909694040764,0.17138645090656598,0.9717599718659627,2.345682292629438,1.6,70.94990828659908,70.9285598918383,0.6505942523226252,83.2741310318624,70.98686682957988,0.42604890806781337,0.8702420282361742,0.8025784073128046
41,DevOps,Junior,0.6793913689074526,22,2025,0.6844437512414984,0.6640017837180667,0.6080067398804291,0.22096860577755192,0.04908627803142631,0.5891314145510629,2.4901404508563254,1.5165509966221546,73.95320680192144,82.76587953925821,0.804684944841247,84.42640322598237,72.20111641061341,0.3997568391079112,0.8702420282361742,0.8025784073128046
41,DevOps,Junior,0.6793913689074526,23,2025,0.692307477886429,0.6558852925630232,0.8011109307202983,0.32226936507899684,0.07496222406487328,0.7821763488905279,3.1838523816255604,1.575551492850385,61.233536744470676,56.402173218716754,0.45435398160234225,82.6958018764116,68.88783923743898,0.4259786162666471,0.8702420282361742,0.8025784073128046
41,DevOps,Junior,0.6793913689074526,24,2025,0.7089775770818934,0.6675264617092966,0.6103528992763266,0.31501317347555,0.019918723896300013,0.275912966478659,1.0644244310303814,1.1567998428934496,70.41190870068786,73.84290333101514,0.4824231226296068,92.3759868764968,71.16495284541617,0.2615600779412166,0.8702420282361742,0.8025784073128046
41,DevOps,Junior,0.6793913689074526,25,2025,0.6981327481945439,0.6749185333111725,0.8080011025947273,0.24189737996179828,0.3032976507318201,0.8620683303086898,2.5032857344160844,0.9981799860096721,72.47752562652065,79.08557981274073,0.9650369463608915,93.05105081140586,81.59504549129434,0.22421057377355225,0.8702420282361742,0.8025784073128046
41,DevOps,Junior,0.6793913689074526,26,2025,0.57649281398036,0.5000843212023882,0.7673087593520176,0.16243593278297008,0.39773035645916266,0.6904733016963951,2.785213005761439,1.107646870852015,85.33106853860869,86.5473599563264,0.7679593067164852,91.5726323313905,75.42913413476052,0.25842410474214894,0.8702420282361742,0.8025784073128046
41,DevOps,Junior,0.6793913689074526,27,2025,0.5686370551661257,0.5557749968777063,0.6454777741542798,0.1036466477470485,0.27304908518184395,0.6957470030721785,2.630263904464322,1.128491233328341,88.04796026936452,86.57774634849793,0.9050058343027402,90.80319403030327,77.03497828764635,0.2690049630798076,0.8702420282361742,0.8025784073128046
41,DevOps,Junior,0.6793913689074526,28,2025,0.65924565068525,0.5750927752504944,0.5370644167803719,0.25666912057416186,0.22537862025263733,0.6041218755985096,1.663352506404057,0.7499992897242047,70.93048335400005,74.37887053788575,0.5304077317726926,93.2372346589752,70.10689945095741,0.17302290245338098,0.8702420282361742,0.8025784073128046
41,DevOps,Junior,0.6793913689074526,29,2025,0.8027857378365866,0.7214194678175082,0.5869850076899141,0.3076358595005838,0.4863006315913277,0.7959082464962939,2.982169182343971,1.1462017990964168,48.271051871552686,47.98070452193241,0.586193120058375,89.4911684702226,70.08139526800066,0.2834806225674283,0.8702420282361742,0.8025784073128046
41,DevOps,Junior,0.6793913689074526,30,2025,0.6858135892756851,0.5351585550229803,0.6709437790448238,0.26488296111595205,0.2301588354157078,0.8962267653500343,3.823003438075895,1.4086036540929525,38.80457901996295,50.754091885081685,0.731359265094071,81.93811835612873,67.98002168037456,0.39890307785085116,0.8702420282361742,0.8025784073128046
41,DevOps,Junior,0.6793913689074526,31,2025,0.6699013692643403,0.5530847884369668,0.6708336489244856,0.6771141038467782,0.1383812574719786,0.7727784507710297,2.8628654363047836,1.1273631670163877,72.08536769853714,76.1337853033456,0.679854114874286,88.57457822841974,71.67508317508005,0.28735114816644636,0.8702420282361742,0.8025784073128046
41,DevOps,Junior,0.6793913689074526,32,2025,0.6442533189094091,0.6082500186432899,0.7134255236678173,0.2980088369331224,0.12495849956525351,0.942228826637318,3.4113882579143597,1.0153394217936418,62.20435551323756,57.62020956155586,0.7289776417653198,88.9954786326535,76.69721722374632,0.26143889575328255,0.8702420282361742,0.8025784073128046
41,DevOps,Junior,0.6793913689074526,33,2025,0.5823363956563964,0.5314144704956283,0.7110348455181268,0.1461862088750621,0.47692142677177146,0.6269551231927284,2.4493324018090656,1.2180209882603847,78.63979986636136,72.91788693127462,0.5643055696281162,86.94708565126804,69.6743220620335,0.31904515055817667,0.8702420282361742,0.8025784073128046
41,DevOps,Junior,0.6793913689074526,34,2025,0.4716005773115555,0.42128270609400403,0.6649251714440373,0.3515762224817212,0.10353188471259415,0.7396192741139614,3.775964139629413,0.8077451654196355,65.75236078839751,65.07826148208524,0.1323663375201644,89.85692664538125,65.77615199199651,0.21274131103908328,0.8702420282361742,0.8025784073128046
41,DevOps,Junior,0.6793913689074526,35,2025,0.802108984318467,0.7608387102879499,0.695621108062052,0.1266166220142764,0.2270477328748118,0.5019339497931661,2.237499469270408,0.863266725620029,92.5621208322392,103.78923109968231,0.7122582295852327,89.10039336498033,80.32413923786233,0.23015006708250307,0.8702420282361742,0.8025784073128046
41,DevOps,Junior,0.6793913689074526,36,2025,0.6625176334787929,0.6220680905983021,0.7031092112675409,0.4226067222961168,0.501579694099888,0.739301827292891,3.3820192325338194,0.9678975474880425,73.10279597462554,72.25536760913498,0.6533333796228531,88.0155457048752,71.93031854460183,0.26011662862364854,0.8702420282361742,0.8025784073128046
41,DevOps,Junior,0.6793913689074526,37,2025,0.6231553014942618,0.6134584878716521,0.5557555579100759,0.3231813692611238,0.4608671691896745,0.7005937208332793,3.0356454688228327,1.0922377412247775,59.62010168727234,56.48065739593467,0.4421148699476893,86.84119628127814,66.68618842775625,0.2947709125676376,0.8702420282361742,0.8025784073128046
41,DevOps,Junior,0.6793913689074526,38,2025,0.5993785760927285,0.5280737963826329,0.6252090519740756,0.061471398450785454,0.5278117464449896,0.784751273271965,3.934458423509093,1.061606904957064,71.71793129966389,72.18800881323183,0.7505927371434685,86.97740768805984,72.85040500641713,0.2875096502575808,0.8702420282361742,0.8025784073128046
41,DevOps,Junior,0.6793913689074526,39,2025,0.7218891624970776,0.7265523820554842,0.793333918996292,0.18294132659633636,0.4033041379008849,0.6582338409621732,1.297114950263227,1.1877566285859409,66.51037812960475,73.5092183229642,0.8915966795005127,85.93175426951909,75.97513892077295,0.3214533734711958,0.8702420282361742,0.8025784073128046
41,DevOps,Junior,0.6793913689074526,40,2025,0.7519032365622303,0.7089735539889769,0.858507379340972,0.31688190280811696,0.39650976915574226,0.714620968287238,1.4538694599621773,0.8405368285964484,93.42694221669626,101.75979606109524,0.680398716218628,88.74596829894476,79.13645669239976,0.22855762989475004,0.8702420282361742,0.8025784073128046
41,DevOps,Junior,0.6793913689074526,41,2025,0.6049537757037814,0.5202320956977797,0.6086205680258968,0.20523903241567687,0.23649666716934567,0.7641543566747167,1.4416910207859117,1.1337670162530775,56.817991716522926,53.03846459245734,0.5474312267445921,86.50896208105173,69.30353261854498,0.30584538590851773,0.8702420282361742,0.8025784073128046
41,DevOps,Junior,0.6793913689074526,42,2025,0.6209816673346308,0.6202422862130652,0.8385628742020803,0.044038884337429356,0.018540589688197384,0.9241637475649207,2.213831923233857,0.9383817899690852,77.08211970283179,76.2551240676722,0.6628703003003663,88.25167176502686,81.90759080813946,0.25224575995192655,0.8702420282361742,0.8025784073128046
41,DevOps,Junior,0.6793913689074526,43,2025,0.6203437884493525,0.6431836782993893,0.7362341865884681,0.2902626073188304,0.2465992634800275,0.719220536883925,2.493420413507944,0.8424949385668159,66.58402034796175,68.91477393495352,0.6839219484779255,89.26656766140604,73.59160589434057,0.22461092386831283,0.8702420282361742,0.8025784073128046
41,DevOps,Junior,0.6793913689074526,44,2025,0.6598020621553592,0.5901900728335009,0.6745299325883021,0.6072005368754527,0.5746026727667486,0.7044870976467906,2.3148778473075766,1.0768934622719681,62.01476216159739,62.91042160348162,0.5880276755181862,87.70374027056259,66.56940958146775,0.28451419019970536,0.8702420282361742,0.8025784073128046
41,DevOps,Junior,0.6793913689074526,45,2025,0.6870561082028548,0.5741171034986429,0.8060890619396902,0.23735553537798804,0.19859462199883224,0.5748753695736701,1.155521394441365,1.0068917882542991,73.9051432251767,70.91612217870252,0.28115617915812446,88.63611925131673,73.25262506451959,0.2627440305565537,0.8702420282361742,0.8025784073128046
41,DevOps,Junior,0.6793913689074526,46,2025,0.730037404495219,0.6975535011735605,0.8671511050375392,0.3811913821742156,0.6274230560455448,0.8390254666761492,1.9058609064918723,0.9125026555825744,71.79822078258267,69.84723426069233,0.9438208717326427,89.81817276234204,76.53376729547942,0.23401575809699787,0.8702420282361742,0.8025784073128046
41,DevOps,Junior,0.6793913689074526,47,2025,0.7115148021333852,0.6184538576755232,0.7711013899267634,0.35530338353710716,0.031592452351857085,0.8833409980802752,2.177478546558901,1.1059962663527267,62.92465538104801,60.156490078544344,0.43849271245820154,88.74551343372902,75.1949689808439,0.28165330798947025,0.8702420282361742,0.8025784073128046
41,DevOps,Junior,0.6793913689074526,48,2025,0.6017441844725546,0.5566187971000964,0.6772993539850919,0.1591464366687705,0.3776785042191457,0.6629464534492842,2.992363089833804,1.1413025139862931,66.2394511242548,61.780455465201975,0.9058427981080128,88.97977132609743,72.5818556126577,0.28676240841311335,0.8702420282361742,0.8025784073128046
41,DevOps,Junior,0.6793913689074526,49,2025,0.7230613933644536,0.7179786371028399,0.6567332200650671,0.14175443492819867,0.14860577208577655,0.8584816507302425,3.824129401790673,1.4291976286534147,75.32616338429887,73.94059960295704,0.6656458711381946,82.07683028992565,74.78704946665222,0.40186593998130254,0.8702420282361742,0.8025784073128046
41,DevOps,Junior,0.6793913689074526,50,2025,0.6390348130799901,0.6027872563432879,0.6987621577804448,0.12113021709684822,0.16740923172131164,0.8117971481446549,1.349232192167366,1.5054086143310093,71.18019649857904,74.89550521617538,0.9718708159189622,81.12905669014864,73.76578101374695,0.42500625044829654,0.8702420282361742,0.8025784073128046
41,DevOps,Junior,0.6793913689074526,51,2025,0.48898201307374184,0.4041808273977696,0.7220504513276742,0.29975704684294213,0.17965138450374535,0.46902622511515407,1.5380896261233474,0.7513146394184222,77.098328932592,83.93188236213524,0.36645765116161244,93.82060678158261,67.49691703820993,0.16842453803716267,0.8702420282361742,0.8025784073128046
41,DevOps,Junior,0.6793913689074526,52,2025,0.5484048343944955,0.4620020659640915,0.5176596348858113,0.3664932677877883,0.41444694937011217,0.5469104009824274,2.6317199189995746,1.0739664887593976,66.85017509393155,80.33880324940264,0.4848415621334407,91.84207538813143,66.07860560871933,0.24944266951745095,0.8702420282361742,0.8025784073128046
42,DevOps,Mid,4.139734361668985,1,2025,0.72561861337794,0.6596522813790469,0.638633671040381,0.7763338132429427,0.47755462918118735,0.8772920844420976,2.9063770949855963,1.1233650270152111,63.912386867632605,67.44025516270725,0.6229818158015842,90.08981316719994,68.95728595375118,0.2739245623430428,0.7536790268540323,0.8771014894565825
42,DevOps,Mid,4.139734361668985,2,2025,0.7613503615589886,0.714346894829559,0.7030063751697242,0.5403090208447527,0.05523878790457793,0.6779808895972909,2.267592845263012,0.8434805132058003,66.23474699989073,67.27166222376961,0.6818892353879029,92.92278419783638,74.96022360187924,0.1943395676591903,0.7536790268540323,0.8771014894565825
42,DevOps,Mid,4.139734361668985,3,2025,0.7422628998813052,0.7291549403738231,0.6982790751386263,0.3833949718334671,0.4856563635859019,0.3939832337609525,1.083681154435288,1.189334322793523,72.62861133268855,65.77851509817324,0.5265869465300578,90.7323998349095,68.85897312634312,0.2817635326011254,0.7536790268540323,0.8771014894565825
42,DevOps,Mid,4.139734361668985,4,2025,0.6353905429539164,0.5276776839638575,0.6889626663521566,0.09089238600721575,0.04685860374349677,0.8729205620441848,1.491652098194962,1.083208235143063,62.95681541519775,69.5266902095822,0.5566435147943654,92.13199996111933,76.84429681816327,0.24887498068595149,0.7536790268540323,0.8771014894565825
42,DevOps,Mid,4.139734361668985,5,2025,0.7340807856914743,0.6271757560777713,0.7736642062365295,0.22498919012880153,0.385733496792784,0.5269115911087479,3.2646018063566355,1.0959365067361175,81.66086649258466,91.15386660463932,0.4459195091152357,92.54688166181184,74.7338944641112,0.24796328749879154,0.7536790268540323,0.8771014894565825
42,DevOps,Mid,4.139734361668985,6,2025,0.7367757943992365,0.6426847525368775,0.617491951691696,0.2711541907328341,0.18175589429612563,0.8878832240193284,1.8899090884323124,0.9961798145222144,72.50672743310527,64.05261496887891,0.4936586681537294,93.82022475707126,76.69081361780448,0.21740075659551578,0.7536790268540323,0.8771014894565825
42,DevOps,Mid,4.139734361668985,7,2025,0.7701699251828985,0.7668889904106476,0.7166676695056022,0.3307379956437823,0.26185105751246124,0.595810183386206,2.4796175564197727,1.2989352521998982,95.78116217326267,87.79410935200576,0.5441575210782076,88.23789867890254,75.34317579161684,0.3244712281157919,0.7536790268540323,0.8771014894565825
42,DevOps,Mid,4.139734361668985,8,2025,0.6685520674628541,0.5960546433450504,0.7654733035096429,0.4316017438277419,0.03212050282547774,0.8882099533111695,1.9085406489844912,1.4236743273213224,67.0916537815071,63.2029282631755,0.3142933140913898,86.11548276508684,69.96703773712963,0.36710584242187416,0.7536790268540323,0.8771014894565825
42,DevOps,Mid,4.139734361668985,9,2025,0.6996463894135948,0.7147793800269053,0.689023049666808,0.08036522699248501,0.17090842798905417,0.5228998719969671,3.402374362768014,1.4767576481622675,87.27476073554291,85.93100508357826,0.43746600094388993,85.3661771470657,72.46554781753952,0.3839667200735727,0.7536790268540323,0.8771014894565825
42,DevOps,Mid,4.139734361668985,10,2025,0.6946076602716336,0.5402098535786861,0.7510391445409283,0.8411501728494812,0.4106868765381401,0.930887878314188,3.594890509744328,1.1784199739009844,66.26821552690075,59.882143293734295,0.5544450185822254,93.7217714042642,68.23104684185417,0.25466923307799516,0.7536790268540323,0.8771014894565825
42,DevOps,Mid,4.139734361668985,11,2025,0.5323829229959742,0.4539624477754531,0.5957730913677376,0.18167566974818986,0.08601791957549253,0.4377737275195439,4.0736901716218075,1.3985598922267863,79.81608573199557,71.61221456488207,0.23862259524564033,87.35756122463954,64.70925835588133,0.3517323015733611,0.7536790268540323,0.8771014894565825
42,DevOps,Mid,4.139734361668985,12,2025,0.7149047846615058,0.668704453509727,0.7038899718812195,0.2917536884876824,0.036627482321985136,0.6681312302767662,2.595214864181104,1.2022352368951184,61.79197638210456,68.18270039296533,0.390604005020182,93.81971245737432,73.69251891421118,0.25861611023423764,0.7536790268540323,0.8771014894565825
42,DevOps,Mid,4.139734361668985,13,2025,0.7807283043698322,0.7134278529367235,0.7735168714056571,0.1514632535429153,0.2374224083610476,0.6166828195240263,2.9159285087839737,1.1572734840155197,62.252954520806455,57.678000148922486,0.4089932760984324,94.21586210992085,74.52336989559372,0.24632251255376353,0.7536790268540323,0.8771014894565825
42,DevOps,Mid,4.139734361668985,14,2025,0.7451266571197979,0.6788920494927677,0.7435406843234946,0.05051073313626378,0.04235955863299329,0.8835800833519052,3.4708241492380654,1.4956332258855098,64.43413425573468,74.73110920303185,0.8156540454193605,85.52492983482507,77.51929258896484,0.3864188965535597,0.7536790268540323,0.8771014894565825
42,DevOps,Mid,4.139734361668985,15,2025,0.6997525474919887,0.587320501218785,0.4899749436376385,0.6755004811789814,0.30420700349584345,0.6729209891253229,3.195852159553242,0.6753226185257715,80.88622598188341,84.19181183283388,0.23911041453320006,95.0,65.48309059703179,0.14339785703848767,0.7536790268540323,0.8771014894565825
42,DevOps,Mid,4.139734361668985,16,2025,0.615451438672499,0.5459228593427645,0.6256892095767047,0.2994612254069306,0.3921373864615499,0.8009112097941998,2.0791841336306187,1.0904867548665127,93.622741276969,99.25367960524184,0.5232324587360739,94.42523715653998,75.05380253383777,0.23122037466880271,0.7536790268540323,0.8771014894565825
42,DevOps,Mid,4.139734361668985,17,2025,0.6559976932201368,0.601079645937609,0.6507736319910548,0.16662559419717463,0.05894340117746256,0.7017623849396014,1.5011497285719557,0.901087981323834,67.92484852817006,62.98809887061641,0.3559547031532226,95.0,74.0748956187083,0.1885509295981002,0.7536790268540323,0.8771014894565825
42,DevOps,Mid,4.139734361668985,18,2025,0.9175436858871517,0.87007355753251,0.4790592511858371,0.6766861676943678,0.07119912741531803,0.8287283450797177,3.8088626323229144,1.3622277092296835,68.8524097237827,64.8259482715454,0.28473415763944465,87.34441512691961,70.29662712316453,0.3445754157882733,0.7536790268540323,0.8771014894565825
42,DevOps,Mid,4.139734361668985,19,2025,0.7357328047247508,0.699364175590113,0.804651355042199,0.2261764100092322,0.25022439590120316,0.7805070892426528,0.9436510388593933,0.9406646566962867,58.94474769693561,59.070020452600126,0.5439486013485214,94.69128646933022,76.70268380432736,0.1990388774281721,0.7536790268540323,0.8771014894565825
42,DevOps,Mid,4.139734361668985,20,2025,0.5543132087459447,0.549320078142437,0.6321952356553602,0.7233052381039409,0.0534918538636879,0.5674978225344522,3.6796599332522755,1.3340429802906526,77.25658262177929,84.03345416228808,0.49008374999161636,87.10880366743592,66.02657617958508,0.34090189882949784,0.7536790268540323,0.8771014894565825
42,DevOps,Mid,4.139734361668985,21,2025,0.5757431124226474,0.5586376051520254,0.6605327572667653,0.13794231105898586,0.11926447248310622,0.5071629176591953,2.902203064002263,0.7514418480334653,86.02125708101381,83.52975170768133,0.5736916050509067,95.0,73.59119896597727,0.15862170294002642,0.7536790268540323,0.8771014894565825
42,DevOps,Mid,4.139734361668985,22,2025,0.7289768619595967,0.6697638298324621,0.6412384853694993,0.17873547009034632,0.2684316795101097,0.590584875433999,1.2287902754257756,0.792967468797981,50.50088356225356,47.8256259388108,0.4395277694474447,94.45392609188,69.84465551837751,0.17147744299392947,0.7536790268540323,0.8771014894565825
42,DevOps,Mid,4.139734361668985,23,2025,0.5355070860681271,0.4842317971627442,0.6767285294675144,0.38591108622077647,0.21042960356093804,0.44904030682557566,3.5730727670234987,1.0724434016772066,58.53544165339183,55.74150028969875,0.6976471163630072,91.66752720384002,67.69897623811273,0.25059262030344115,0.7536790268540323,0.8771014894565825
42,DevOps,Mid,4.139734361668985,24,2025,0.8172708665516979,0.7868723277955051,0.5554840077637803,0.41379832816466017,0.22555650544301778,0.8418344157918286,2.045230819883082,1.1853799663422286,83.50429740491042,82.57385482043136,0.5812075866843691,90.18758857274496,76.57120122138579,0.2855127551622378,0.7536790268540323,0.8771014894565825
42,DevOps,Mid,4.139734361668985,25,2025,0.6838336967541097,0.5916741639398724,0.8373492437459312,0.043061291934083736,0.008895190189604787,0.3234062058802265,0.5138400715280234,1.1907032290320696,82.2956316529314,84.37714271331475,0.4052801473782636,89.55110755106507,75.39633852498085,0.291881416214205,0.7536790268540323,0.8771014894565825
42,DevOps,Mid,4.139734361668985,26,2025,0.5400229868492892,0.5295243039185725,0.6162210376101485,0.3866819303830803,0.3971777440463546,0.7812086425099326,2.4889178705444435,0.9955592426082776,56.60252427942527,57.92733622153181,0.7247210476283104,90.50957604117878,69.50108453429638,0.2448653815118324,0.7536790268540323,0.8771014894565825
42,DevOps,Mid,4.139734361668985,27,2025,0.7305206359468776,0.7276305309127988,0.6281204851862369,0.22825807834743708,0.27235452677333655,0.8225217210187675,2.9368173757245164,1.3052538852522197,75.20020257261285,85.19614697920109,0.17901948377780624,83.766288875724,71.61091682708512,0.3629983697527439,0.7536790268540323,0.8771014894565825
42,DevOps,Mid,4.139734361668985,28,2025,0.5577039983799292,0.4494106862145248,0.6660738161761098,0.1768433089958358,0.1951800786814909,0.9228773795075175,2.7527162447854177,1.2743993927355601,79.5078942907583,81.22899884994806,0.6089081825974485,83.78948380589601,72.58861100984944,0.35663418016464526,0.7536790268540323,0.8771014894565825
42,DevOps,Mid,4.139734361668985,29,2025,0.685069869742171,0.6636766003075977,0.7370238626995828,0.3647989835755176,0.258852932849034,0.678951261617895,4.854123386393777,1.2802159549621919,99.4574337120313,94.65147835286673,0.3815816154046239,83.09670644758849,73.13201586197843,0.36357063726253436,0.7536790268540323,0.8771014894565825
42,DevOps,Mid,4.139734361668985,30,2025,0.7640336871822448,0.6523727255677143,0.765535694070519,0.37234028968779675,0.20941145875411601,0.5242752831923816,2.782130414046951,0.9652704582323283,74.09708431098821,70.48562548722488,0.6511663261543859,88.42827045596754,74.90401850275387,0.2561518378467361,0.7536790268540323,0.8771014894565825
42,DevOps,Mid,4.139734361668985,31,2025,0.7408604188742405,0.6753749968613347,0.7945733657992974,0.42803042199961305,0.3259301243762777,0.659844827141514,2.3835419038300247,1.228565164420786,68.81129471830091,69.78526386337542,0.8562867110806509,85.80520493302294,73.52393456345727,0.33066965844229934,0.7536790268540323,0.8771014894565825
42,DevOps,Mid,4.139734361668985,32,2025,0.6399654725003603,0.6743874951515371,0.47814521819753486,0.09515884939967548,0.48276038156870255,0.6618014219801015,0.8884786269209142,1.0951331575172125,63.139873727927,62.724376153477984,0.6635643449087912,86.39737143070333,70.11365321451099,0.29904853624758143,0.7536790268540323,0.8771014894565825
42,DevOps,Mid,4.139734361668985,33,2025,0.7269857138820964,0.6711857093787693,0.7586406256502778,0.12195124678904842,0.07203800960926786,0.8824933262336025,4.178873122501438,1.1135678917572196,61.41751116376363,59.94927497782278,0.41839656198225655,85.82295310713175,76.59051460889053,0.3075223024586793,0.7536790268540323,0.8771014894565825
42,DevOps,Mid,4.139734361668985,34,2025,0.8268181459692235,0.7291779480306086,0.9417220488779412,0.18509576539543657,0.14699475135710868,0.7673700492730078,2.7143638972447115,1.164032562564091,74.79063051263033,83.57182841411499,0.3575731424539512,85.046870152064,79.32920064175964,0.3240825945789515,0.7536790268540323,0.8771014894565825
42,DevOps,Mid,4.139734361668985,35,2025,0.8093531818947284,0.8041238740193457,0.8497757678731408,0.5459699295049892,0.4677143118658508,0.8015150562399485,1.313265177622434,1.2985787606128865,73.96319030149222,75.93589318073889,0.3772079744475991,80.07519464152122,71.06460201368012,0.3924224634432337,0.7536790268540323,0.8771014894565825
42,DevOps,Mid,4.139734361668985,36,2025,0.6038375879466689,0.6025135717167451,0.7305365980079767,1.008448405376784,0.22926543738955701,0.8136238230528019,3.517308551539659,1.1872876415410756,82.73312174153125,82.15720112280191,0.30240807982026974,84.30066763628932,66.2824265322244,0.3349519646724708,0.7536790268540323,0.8771014894565825
42,DevOps,Mid,4.139734361668985,37,2025,0.6617946535167823,0.614079643431089,0.48775369565946314,0.3729781961790532,0.33852912019261944,0.8522341951790704,2.4490929963840706,0.9911091406118151,75.13435770869428,78.3933691493814,0.8138746998617072,85.69046777002022,73.90134527737261,0.2841345967055279,0.7536790268540323,0.8771014894565825
42,DevOps,Mid,4.139734361668985,38,2025,0.6903383000008111,0.6688275429872838,0.7916309106503459,0.5474810769477039,0.07258685417085635,0.4844286984248476,2.0392453195851608,0.9718887482559689,68.17578578784412,61.89799914953024,0.4473100218683107,85.73539562550698,71.27715656526958,0.27991611943863565,0.7536790268540323,0.8771014894565825
42,DevOps,Mid,4.139734361668985,39,2025,0.6583094628036876,0.5626922053644893,0.6656912160791221,0.15027710915939038,0.16115269963069886,0.5108276743102255,0.9143758603189218,1.1333519596908972,70.59304417354308,71.53332273460487,0.2725934829620348,84.40723430451783,69.81519095086625,0.32327677273386424,0.7536790268540323,0.8771014894565825
42,DevOps,Mid,4.139734361668985,40,2025,0.6997562684963449,0.5972411767243333,0.8990674689121444,0.09609794689011825,0.10010223276811155,0.5693192945106551,2.6150228373584734,0.8272221627508869,62.34688558690504,64.25665952551499,0.63728416411195,86.89272830954764,75.73157007394713,0.24133836330394703,0.7536790268540323,0.8771014894565825
42,DevOps,Mid,4.139734361668985,41,2025,0.6787195876990195,0.6871358325729003,0.7077029818687554,0.10166617257632163,0.19231031828469974,0.7948891203303559,3.111772285075367,1.2617216389534907,61.32134865645764,61.191390920365826,0.5941559892613013,80.38490811584492,73.14559832835661,0.3824700934919904,0.7536790268540323,0.8771014894565825
42,DevOps,Mid,4.139734361668985,42,2025,0.8020678388411979,0.7563335717665928,0.6899071624262983,0.25782596007981695,0.12698632300614196,0.6273001184684284,2.6153403545388496,1.2323243325173487,86.54582239155617,77.52756647967762,0.5390541831846156,83.94037410847913,75.97021762893954,0.34696174893281034,0.7536790268540323,0.8771014894565825
42,DevOps,Mid,4.139734361668985,43,2025,0.6817240931486467,0.5755813764668294,0.7381345938163005,0.2696867535387359,0.30930651073069465,0.5618708340554146,2.8058492739583687,1.0970699165968014,51.31987550472977,51.224534210893125,0.36138640350373435,85.27021052100454,67.54374946578339,0.3088288956443225,0.7536790268540323,0.8771014894565825
42,DevOps,Mid,4.139734361668985,44,2025,0.7761695301680798,0.7520609739042364,0.6163080171494381,0.24816394601655198,0.24881431757079306,0.7833007796711009,2.366631011703894,0.9763839484553506,80.40644876537127,88.23080730090741,0.5991303063751512,86.54805906493392,78.48080697079534,0.2740429641499541,0.7536790268540323,0.8771014894565825
42,DevOps,Mid,4.139734361668985,45,2025,0.732563245574357,0.6114995211830098,0.7361970643408979,0.07788987493576884,0.04461868213096601,0.9012977733799508,2.2045551140179334,1.1506695724452223,95.66548794484461,89.29991694371849,0.5607772205182388,85.52613966162772,81.3509421344105,0.31741608397548005,0.7536790268540323,0.8771014894565825
42,DevOps,Mid,4.139734361668985,46,2025,0.7965373644332089,0.774800868402042,0.7950200705225092,0.08750474565512423,0.2920952908135604,0.25028415711527807,1.585158630786401,1.0498035453295578,84.50858966996647,89.88752007549473,0.47763906574835313,86.76000832820456,76.57925092292075,0.2869606396642069,0.7536790268540323,0.8771014894565825
42,DevOps,Mid,4.139734361668985,47,2025,0.5684971401089807,0.5061098607704461,0.6243987591114907,0.03859057549565274,0.23102676563425634,0.26909324985270827,2.940139165512498,0.8479296312263584,69.67049541762727,67.54205059560142,0.7619823330162727,88.85028919857835,69.68658181897324,0.22916684959045203,0.7536790268540323,0.8771014894565825
42,DevOps,Mid,4.139734361668985,48,2025,0.7856114845386543,0.7411054634133329,0.6906116068558921,0.024920625522999926,0.27811506221163546,0.5355478948515048,3.0915258327063166,1.3385925743219125,76.048485291085,76.08091935882835,0.17179296210872666,81.37858263538791,70.88566231686083,0.38956365956948324,0.7536790268540323,0.8771014894565825
42,DevOps,Mid,4.139734361668985,49,2025,0.6774449145610775,0.6920946987390353,0.6932125714657239,0.32762667505356585,0.1329070434537896,0.38715651722503036,3.2701123988840637,1.097786397802727,80.59465220072909,86.39137675895051,0.5050121653858127,87.91873436441051,73.39180771349069,0.28690115985712444,0.7536790268540323,0.8771014894565825
42,DevOps,Mid,4.139734361668985,50,2025,0.6909922835149531,0.605960404865336,0.8547899046837129,0.5083406760179213,0.33728819324820986,0.7329682589233095,1.558879012785123,1.0103081333796513,79.80104888835288,74.7713502354273,0.4126002554363259,89.19500659357001,73.57691881084968,0.2587699050628468,0.7536790268540323,0.8771014894565825
42,DevOps,Mid,4.139734361668985,51,2025,0.7397018115370998,0.6911311038929027,0.5519641073556497,0.654030211524843,0.21766971675033,0.9426715353445564,2.7447267341512607,1.0054579354355055,52.65985603459918,53.78479133788609,0.44578261202277525,89.82770309728434,70.5738369686565,0.2525273946097316,0.7536790268540323,0.8771014894565825
42,DevOps,Mid,4.139734361668985,52,2025,0.6873354674150969,0.6482055643506099,0.6118118436837907,0.4633863770140143,0.15468193326819046,0.902261341437224,2.576192455520646,1.3022245034207343,75.09922970193388,69.63575039910344,0.7030626281159136,84.42955991363031,72.48674249446591,0.35686523473722764,0.7536790268540323,0.8771014894565825
43,DevOps,Junior,1.6411775729253462,1,2025,0.60707535784763,0.6449370093927804,0.7860335128574,0.2525533404403746,0.16839164328543105,0.9187691535881897,1.203810979911947,1.284661707490815,74.85569611212144,75.22940940031474,0.3951200229648311,79.9562146372539,72.98228252443919,0.3906305528543806,1.3560752210983504,0.7066165832353759
43,DevOps,Junior,1.6411775729253462,2,2025,0.5989043541547553,0.5267063878022874,0.7495644556679748,0.2939916583913031,0.05809793784912759,0.5179134093330484,1.5068112673136618,1.2582690905147178,81.44605182028646,77.55783250844996,0.9404532111465823,81.07796189693701,73.24923416097499,0.37600413562846846,1.3560752210983504,0.7066165832353759
43,DevOps,Junior,1.6411775729253462,3,2025,0.6558389260507945,0.6258900963915104,0.6541290066698973,0.23508237839504373,0.15304276886112816,0.6173279173284424,2.257936557305283,0.969175146783623,61.77245770730141,59.094356059088604,0.6016207449660698,87.06638864673727,72.75557235743756,0.2682817906339141,1.3560752210983504,0.7066165832353759
43,DevOps,Junior,1.6411775729253462,4,2025,0.4185577000633613,0.34057101633862796,0.7784651986910521,0.10751202100464792,0.24945744268630565,0.8339450149468808,2.370487831205618,0.9571745088940888,79.98860690157682,84.26167042655526,0.41060396594340315,87.71298517485971,72.43347320473114,0.2604933586549868,1.3560752210983504,0.7066165832353759
43,DevOps,Junior,1.6411775729253462,5,2025,0.5774207184226813,0.5095973334079428,0.6056066164403724,0.34791941912237373,0.050311220257884856,0.9561134478507587,4.294731608881572,1.0892979554446272,65.9078888607353,62.14661515543078,0.48173472654118277,87.17270547589234,72.173394798254,0.2914203787898225,1.3560752210983504,0.7066165832353759
43,DevOps,Junior,1.6411775729253462,6,2025,0.5377340362100724,0.4715383738360651,0.6215314566502204,0.321187035457179,0.1365937663135981,0.9614325584180982,0.37605045173775364,0.7742443166516415,67.57320898705026,70.55597991910072,0.2515412021214162,90.16842414378442,69.32506403499484,0.20344532879879146,1.3560752210983504,0.7066165832353759
43,DevOps,Junior,1.6411775729253462,7,2025,0.5146480075632511,0.4299981945832476,0.6549957241985175,0.27898889704499913,0.14929563680722777,0.43929680349664585,2.09018330462387,0.7658563452575202,78.97803389765843,90.2538153702239,0.6256531182292957,90.66246836458892,69.46593262380466,0.19765069934659638,1.3560752210983504,0.7066165832353759
43,DevOps,Junior,1.6411775729253462,8,2025,0.6120705776380283,0.512831884808522,0.8704084289125048,0.5020551603907079,0.71999358643025,0.630078777490266,1.3083266354177419,1.5534459302462582,76.79197505859975,84.77905161815426,0.2206977063980975,78.0927661103367,60.10886793769363,0.4599161351297792,1.3560752210983504,0.7066165832353759
43,DevOps,Junior,1.6411775729253462,9,2025,0.5483453591620956,0.4314907298241366,0.6322792992897944,0.40199910761492513,0.15446299337092662,0.652516422409176,3.3976852872972407,1.2282322288124383,78.92971613096819,78.63614537250761,0.531816309270175,87.64818768356012,68.50301192106383,0.31524488173281995,1.3560752210983504,0.7066165832353759
43,DevOps,Junior,1.6411775729253462,10,2025,0.5300118848932219,0.45900772811561336,0.7142277148559621,0.26420006647849154,0.5489151160535667,0.5883422714530627,1.4890765259016623,1.1465169482187894,91.66315968420487,94.37655380910203,0.22447654141225665,88.54971101347034,67.5424773651245,0.29138913119817167,1.3560752210983504,0.7066165832353759
43,DevOps,Junior,1.6411775729253462,11,2025,0.5137552633004574,0.47571129864741435,0.5228661942675941,0.19808867026460156,0.2893490291108872,0.5573071372805446,2.506631729845079,1.1183535498037491,87.97956840235044,87.12046922188776,0.9116309302301775,88.95464607449384,72.2827763343171,0.2823819926733012,1.3560752210983504,0.7066165832353759
43,DevOps,Junior,1.6411775729253462,12,2025,0.5401293498138928,0.41745512349757835,0.6682287905494978,0.7090937028849627,0.058703567333044535,0.5969182684064039,0.9350381711907019,1.0663642177897363,81.79784358714862,86.14533296428183,0.5685824045396539,89.47939601396595,69.24583598140359,0.267611210108231,1.3560752210983504,0.7066165832353759
43,DevOps,Junior,1.6411775729253462,13,2025,0.585880618758696,0.48034141575062983,0.7371849295079964,0.4503129840242518,0.20975319334868203,0.830276983329254,2.6452441555988893,0.8149568795500992,63.71140822737793,62.58893239601444,0.35674957980757677,91.52711034939279,68.79614827799581,0.20026545633174667,1.3560752210983504,0.7066165832353759
43,DevOps,Junior,1.6411775729253462,14,2025,0.5231765654011149,0.52976143255187,0.6118169062780652,0.6545553862465004,0.11596923984102259,0.8323309994868175,2.4228840882206173,1.4117261334755207,68.87516686064608,75.78846403062492,0.17223841012430544,81.77578708677343,62.77087367581219,0.40088033430532555,1.3560752210983504,0.7066165832353759
43,DevOps,Junior,1.6411775729253462,15,2025,0.6746514138434024,0.5951253287895842,0.4769030499236734,0.5855363581710693,0.12367578478846876,0.8941784837927806,1.3721363184296458,0.9522951969923478,80.26295254386649,80.47670010651942,0.8526765364432733,90.28311289698506,75.14075675662907,0.23809976525692741,1.3560752210983504,0.7066165832353759
43,DevOps,Junior,1.6411775729253462,16,2025,0.7298770537204545,0.6404584652471668,0.7188862754092259,0.2641103451360525,0.4196194394081734,0.6691217697610453,1.3334109677560118,1.3525665400015725,73.9214449379343,69.99355035090525,0.5009729406393572,82.6705157991892,69.24621574728964,0.3815923430070711,1.3560752210983504,0.7066165832353759
43,DevOps,Junior,1.6411775729253462,17,2025,0.557290297793278,0.4939433751844295,0.6947729678750663,0.33726880525143255,0.05943658571999545,0.8053189071477777,4.161270012255197,0.8187886683937806,77.10499706326905,69.91090057563576,0.12900609523497772,90.92373616690938,70.01939329646504,0.20605993228784464,1.3560752210983504,0.7066165832353759
43,DevOps,Junior,1.6411775729253462,18,2025,0.4582806494007275,0.48680420524284046,0.608302923181622,0.12990141103418143,0.3677137368803999,0.5371507802393753,-0.011973567730522827,1.0570273168931943,55.200682770276444,49.75509061568285,0.40775168967942393,88.7054661801163,64.98095096263748,0.272193245211003,1.3560752210983504,0.7066165832353759
43,DevOps,Junior,1.6411775729253462,19,2025,0.5664854567717535,0.5367075107836712,0.693741713849025,0.29349671237052255,0.5800211400952003,0.9035326472673587,3.695640663895099,1.598999080829593,64.83268830124318,67.25083084108608,0.317270682339395,76.80933751005723,61.33825241402203,0.47972200358210837,1.3560752210983504,0.7066165832353759
43,DevOps,Junior,1.6411775729253462,20,2025,0.5755159150930277,0.6973315544557479,0.7545726875651092,0.03263631379997221,0.14658518982584134,0.7577467817726806,1.2752788825238528,0.8325678531488108,64.15247327126369,59.530395775428815,0.6881614955278119,89.70183585180706,76.3761340382535,0.2189982718647033,1.3560752210983504,0.7066165832353759
43,DevOps,Junior,1.6411775729253462,21,2025,0.6230576499638308,0.5729870455125812,0.7980437141608516,0.47582347243827217,0.28293050685175763,0.7465421853928145,3.821956767034698,1.1889078101451689,74.0976969368552,72.33435115016135,0.24372498358093367,86.375826638288,68.96005147119469,0.3179830067099671,1.3560752210983504,0.7066165832353759
43,DevOps,Junior,1.6411775729253462,22,2025,0.46667897073822934,0.45784794316527844,0.6572611981312322,0.11631873059220008,0.32044480934344716,0.6430492798165569,5.2965792913368706,1.319177406723232,73.10445349335316,72.41156202691633,0.8338637095661962,80.98683311154778,68.42000561731409,0.38894520541508154,1.3560752210983504,0.7066165832353759
43,DevOps,Junior,1.6411775729253462,23,2025,0.6142709447734431,0.6098146106994462,0.6395100278397546,1.0949738526282897,0.24313230974748523,0.7724825310973772,2.6360813485053947,0.8605151953324804,77.84401134850904,75.16771920392337,0.09613557664737131,87.93566825834641,63.2262803123612,0.23930580358027598,1.3560752210983504,0.7066165832353759
43,DevOps,Junior,1.6411775729253462,24,2025,0.35543262561479433,0.3691462125521722,0.6974317778149306,0.20005459830292002,0.41549392413348635,0.7364863137983986,2.6212939877743424,1.116914197427935,57.01038852769683,52.1984920687335,0.6512259921281502,85.30803012780788,65.14374895334376,0.3124825884205213,1.3560752210983504,0.7066165832353759
43,DevOps,Junior,1.6411775729253462,25,2025,0.5712162533662415,0.5645646494725438,0.7883804796892974,0.15042197486857237,0.2637201645537071,0.9369064998964359,2.5317808200919374,0.9862165026052553,73.16458166797548,71.68951893439807,0.4805096872045572,85.75971676622815,75.85111065840752,0.28257899413581644,1.3560752210983504,0.7066165832353759
43,DevOps,Junior,1.6411775729253462,26,2025,0.6495048535396152,0.4677141020115123,0.7556089388078279,0.3284618233775804,0.39508562749335174,0.4395443986073546,1.662334417681656,0.8523398150792365,73.24270704175318,77.37996246200034,0.504472141724493,86.22804686515968,67.8905176003729,0.25190090580618324,1.3560752210983504,0.7066165832353759
43,DevOps,Junior,1.6411775729253462,27,2025,0.6391462787505022,0.5956779420071351,0.8109169849780098,0.2359542188433054,0.22943914161602527,0.8758597436899165,1.9087052162909612,1.1466318936068205,79.65638831954898,81.4802329019524,0.9077838229107426,83.27102683566241,78.36330057439754,0.335401155090844,1.3560752210983504,0.7066165832353759
43,DevOps,Junior,1.6411775729253462,28,2025,0.5531463307320169,0.4340678946683928,0.7759888877544163,0.06625204225677579,0.013431688368988629,0.4994649787171255,3.9113331389185952,1.3371955754493383,79.20338366051472,83.22471236652689,0.6459195967404419,77.10627555536902,71.12553082452729,0.4248868187951258,1.3560752210983504,0.7066165832353759
43,DevOps,Junior,1.6411775729253462,29,2025,0.529734285079671,0.4793282634652103,0.6937034381162297,0.05681166426875346,0.08483937024477646,0.8751539914216759,1.1081681603194984,0.724095776555258,86.70122101409433,86.69291892353489,0.6186764265129042,85.48097473813884,75.5540739897137,0.23247769915989464,1.3560752210983504,0.7066165832353759
43,DevOps,Junior,1.6411775729253462,30,2025,0.5068117906213548,0.48439074381846375,0.7162830324189963,0.5520895407464103,0.28514072646759175,0.7949924179046315,1.8726995702387916,0.8996854577116838,67.08584944519478,65.72380254969973,0.09804707531294764,83.52566586388127,64.42286868278838,0.2838898760099928,1.3560752210983504,0.7066165832353759
43,DevOps,Junior,1.6411775729253462,31,2025,0.536025279922958,0.4906604420254088,0.5172308834086133,0.3511357198896978,0.3007606231955104,0.7385321663762144,1.4174052989129473,1.2050096445575051,64.95743974702931,64.33510763689127,0.5334906906301955,80.56636449567776,65.03876390623415,0.36961555811418634,1.3560752210983504,0.7066165832353759
43,DevOps,Junior,1.6411775729253462,32,2025,0.4635409239073754,0.3499756758304092,0.6630475633571267,0.05453415524663344,0.36036331176285263,0.6173628151961362,1.391159683489601,1.2576072179399873,78.15881781349236,67.43002299625307,0.6624958932074895,76.57900773578986,66.15286052217276,0.4133630457897487,1.3560752210983504,0.7066165832353759
43,DevOps,Junior,1.6411775729253462,33,2025,0.4241413133053418,0.406842185341776,0.6109085910442053,0.05059915287113895,0.3834392256743104,0.8335684945573648,1.6456221618048716,0.9417714034860794,91.7560935480479,94.07366638509042,0.4160743333537402,81.77004041704944,71.26070484566489,0.30693727722180386,1.3560752210983504,0.7066165832353759
43,DevOps,Junior,1.6411775729253462,34,2025,0.6086471586853872,0.480348978450929,0.7086554202201586,0.05263820476584214,0.29388577409987854,0.7916344055443814,2.928400387088293,1.431308575266601,84.46677888139608,86.8800194325173,0.3642515485153196,72.30567455099327,68.73666477023292,0.48371442712837626,1.3560752210983504,0.7066165832353759
43,DevOps,Junior,1.6411775729253462,35,2025,0.6464784999157293,0.6359083427779649,0.6568571286139989,0.8229729530205978,0.3496733605171672,0.7453191058000981,2.7857472628161064,1.062875699943009,61.755124481641914,62.57194951889444,0.3786500575122541,80.11647965798346,64.6995665813146,0.34493780950540626,1.3560752210983504,0.7066165832353759
43,DevOps,Junior,1.6411775729253462,36,2025,0.6376421952525257,0.5995059389195015,0.5434802495810234,0.17520406995783783,0.1319491254141798,0.8165224177467759,1.5290726996207198,0.9673634429873966,59.43662650040996,48.85248871647571,0.4889570863772083,80.63277662846733,70.96523320510467,0.3215328833602516,1.3560752210983504,0.7066165832353759
43,DevOps,Junior,1.6411775729253462,37,2025,0.47560264157813015,0.3832756647912359,0.8178094468360996,0.04444570338057705,0.05580525119166674,0.8788543063944296,3.684086369123982,1.0634757401797752,84.9638038662084,89.01840293402248,0.12754211017260822,79.68425037722511,73.68888013985834,0.34865972822574576,1.3560752210983504,0.7066165832353759
43,DevOps,Junior,1.6411775729253462,38,2025,0.583773143291763,0.5155333067759109,0.817163200401781,0.18982762315368684,0.20240385673760747,0.6915939104690833,2.2361397065873057,1.0489095572893463,93.04033599559732,92.2661792886138,0.8648149335296718,79.69194455698855,77.9099467793095,0.34568237348296477,1.3560752210983504,0.7066165832353759
43,DevOps,Junior,1.6411775729253462,39,2025,0.5539939091071056,0.4822010555423137,0.7882573507075117,0.48119330839124175,0.15351436705428023,0.6864623754220883,2.61414591877328,1.274121475449237,70.50358273595039,77.63738910414115,0.2156279412205018,74.56433587680884,65.09949901121243,0.4334548294497737,1.3560752210983504,0.7066165832353759
43,DevOps,Junior,1.6411775729253462,40,2025,0.5503495179731395,0.5572866189426028,0.516412535300733,0.17086238612885932,0.22189307102264358,0.7413532923451461,1.878440790010227,0.9918496939244847,87.93659418610837,88.12661574820963,0.6266219974045915,80.14842346390743,73.66792311926122,0.3304664099190016,1.3560752210983504,0.7066165832353759
43,DevOps,Junior,1.6411775729253462,41,2025,0.482788709920717,0.46243426684630773,0.7285871056798451,0.42593857985758127,0.20404964626613092,0.8146286355171126,2.6287288889106932,1.578445970025217,79.50704395268885,86.12998933519931,0.5202173848988216,68.62313689815898,63.963033189070075,0.5438297198537186,1.3560752210983504,0.7066165832353759
43,DevOps,Junior,1.6411775729253462,42,2025,0.595363758458781,0.5762509682612794,0.5875056444465523,0.0653157627313065,0.3005486192844597,0.7785608473219728,2.8312395425541284,1.3848577497361998,84.82507038622211,87.88850247529379,0.33503899221595634,72.6745291776425,68.49744094070967,0.47135047346688586,1.3560752210983504,0.7066165832353759
43,DevOps,Junior,1.6411775729253462,43,2025,0.5073553784488166,0.40766886780164474,0.7497309106537525,0.137255272094258,0.1873645484767998,0.779682120285828,2.54626704769303,0.9525320582835841,77.5336559854558,73.7166472109618,0.460417517383454,80.99922879125886,71.93441263050742,0.31551283839622635,1.3560752210983504,0.7066165832353759
43,DevOps,Junior,1.6411775729253462,44,2025,0.43088600790059073,0.39890176479688966,0.6878970952522597,0.2494956450817269,0.17546824076124487,0.6727591459374687,3.4776047702045654,1.0947481599683406,68.84562429185338,64.2017934903539,0.3418878626449762,80.17386077657858,66.13615363353524,0.3508341255221799,1.3560752210983504,0.7066165832353759
43,DevOps,Junior,1.6411775729253462,45,2025,0.5283737268619035,0.4700107367991945,0.5891389052107914,0.4486527896804475,0.2219886518895085,0.8979526663475547,2.690455806996587,1.1924417657482018,73.26898081847668,76.45574267944484,0.5073961969387282,79.76467751895247,67.84073407834602,0.3737827071583698,1.3560752210983504,0.7066165832353759
43,DevOps,Junior,1.6411775729253462,46,2025,0.4686008662662836,0.412100442751919,0.6596076858898583,0.04161519149628425,0.10854973787636892,0.7441585353098543,1.9063833731010211,1.1558771686329572,75.74892475981115,73.23484070263677,0.4268667812534496,80.48413474552595,70.31158142990945,0.36047431084720855,1.3560752210983504,0.7066165832353759
43,DevOps,Junior,1.6411775729253462,47,2025,0.5693550035656882,0.48933352178835504,0.47758135404199886,0.0695298633942945,0.10899460237164096,0.8563553958276783,1.9891677963293377,0.6889045667449234,72.5465670269507,75.68033419355369,0.6696956064306767,84.69520511817841,71.61771377055575,0.2319875373641646,1.3560752210983504,0.7066165832353759
43,DevOps,Junior,1.6411775729253462,48,2025,0.6207802376887426,0.5739603044103018,0.7114249919152005,0.22176620775057335,0.39750484650682494,0.810359403704943,4.2530176654186835,0.7205532040407925,83.30631900226686,91.59625504456866,0.6119506916996398,84.9587238932484,73.00990842438713,0.23612127503108843,1.3560752210983504,0.7066165832353759
43,DevOps,Junior,1.6411775729253462,49,2025,0.5791764445562608,0.5455412471426999,0.720963286726737,0.24729600742049512,0.24021395776956667,0.7641300030340511,2.07303833754151,0.8832270794315564,90.72328587861568,91.49507890854487,0.4355446106600017,84.20792431512845,73.94362459808576,0.2749127132602408,1.3560752210983504,0.7066165832353759
43,DevOps,Junior,1.6411775729253462,50,2025,0.5169893453234193,0.49470816184452554,0.7410881342284575,0.1886624497094059,0.04636767652367214,0.9493169353799157,2.678997729032891,1.4321715055190267,73.2721199455975,64.25511768804564,0.42024480920897256,75.20675695397526,69.07632621506305,0.4597113264873448,1.3560752210983504,0.7066165832353759
43,DevOps,Junior,1.6411775729253462,51,2025,0.47668118655602415,0.38062832320016426,0.730628909503409,0.11627573999720892,0.16998022092899312,0.7109614083997319,1.562385714309629,0.9939556119107079,63.88936922020946,60.256358449696044,0.30240594025047923,84.49243708923129,68.99110605036407,0.2946874799718809,1.3560752210983504,0.7066165832353759
43,DevOps,Junior,1.6411775729253462,52,2025,0.5705458121481396,0.5106787522263396,0.7339552964570754,0.1979246450705021,0.1546094656341376,0.5389200090818369,1.7749177784353392,0.8348801882913921,65.47399476430412,63.983758146980634,0.37163410059143914,86.36772387946245,68.78371909098739,0.2472450053294247,1.3560752210983504,0.7066165832353759
44,DevOps,Lead,11.928940382986474,1,2025,0.9900474445012476,0.9683839586007355,0.6836726785051233,0.055098929022658755,0.4773604491943866,0.658321619232582,1.1040954162325383,0.7672066443372296,85.58052782001634,89.05197094751462,0.4819644459020732,77.65293791932423,78.31182951298736,0.3063335128730773,1.2462106009696166,1.1053023272848919
44,DevOps,Lead,11.928940382986474,2,2025,0.9192965206768117,0.85482407911744,0.6776812419248737,0.30012627171238426,0.09848762587878711,0.9411608122184705,0.4802045293021848,1.2344832263238894,69.90926414579225,60.77374900024735,0.6044365622967518,74.50862018359211,77.27914809509964,0.42599147706817697,1.2462106009696166,1.1053023272848919
44,DevOps,Lead,11.928940382986474,3,2025,0.7625187077785248,0.641905179247988,0.788146546157589,0.20631488416674118,0.2640018898280747,0.8390400755350287,1.936506642137557,1.2883191644899505,69.6564528529504,72.44864893001892,0.3086971395711319,71.19454881815912,70.99271023850598,0.4643759260799974,1.2462106009696166,1.1053023272848919
44,DevOps,Lead,11.928940382986474,4,2025,0.8691805257091114,0.7798753979746451,0.725720390613063,0.28050473553977273,0.12435788386308239,0.21119532756789505,3.2524343390934085,1.3748431964471692,57.17044323929302,59.159100883354405,0.39249781590392047,70.0146596040209,65.9262577346776,0.4915131425892596,1.2462106009696166,1.1053023272848919
44,DevOps,Lead,11.928940382986474,5,2025,0.9632593043523549,0.9574601713264952,0.747932389788873,0.12640693758122806,0.625556520489932,0.7721722048667453,1.0677330978945319,0.8496915635204307,95.41028940722413,99.73597208728216,0.23441800403316887,79.23069889823779,78.4756494744353,0.30968248855210456,1.2462106009696166,1.1053023272848919
44,DevOps,Lead,11.928940382986474,6,2025,0.9735462874602268,0.9433339950441312,0.7171161750823732,0.2755292823480048,0.1533451598158607,0.42224020785110933,3.190167624183214,1.1381963428381892,61.936348555855176,69.29992870613066,0.23299101408553818,77.39795022124392,73.48143363943502,0.3826563500572719,1.2462106009696166,1.1053023272848919
44,DevOps,Lead,11.928940382986474,7,2025,0.8813894207028706,0.8561439523750385,0.7141943974030014,0.49474895455673906,0.3955456163016401,0.8868525410780401,2.1314242562538115,1.4135784581686712,76.9500321115901,80.14297712342581,0.30889192808347465,70.65889225022752,70.15045684871126,0.4938915895485049,1.2462106009696166,1.1053023272848919
44,DevOps,Lead,11.928940382986474,8,2025,0.8924044855534967,0.8636040662423766,0.6915151527234336,0.2246678941055088,0.3548585053497139,0.3982048144945635,0.9852564711844629,1.537009466759846,71.61472984195005,70.36843257427176,0.46758562937887493,68.56263766701682,67.12797317658227,0.5360465794601623,1.2462106009696166,1.1053023272848919
44,DevOps,Lead,11.928940382986474,9,2025,0.5513781836586974,0.5425446194564957,0.714400159860051,0.18601126776603802,0.23031783216323082,0.7498748751018617,4.279849033589958,1.3668813020353576,85.67241180846457,93.10613260529685,0.42379032766198094,72.27756176030435,69.44610414521343,0.47106324573786856,1.2462106009696166,1.1053023272848919
44,DevOps,Lead,11.928940382986474,10,2025,0.992297909923946,0.9753123128720649,0.599188368021177,0.3182036193510122,0.2960649912565743,0.7604215504847772,2.431302199225041,0.695553263155642,82.76107174205944,78.64121864359652,0.44670953237020783,82.2985627809274,76.59112703068911,0.25328929612340007,1.2462106009696166,1.1053023272848919
44,DevOps,Lead,11.928940382986474,11,2025,0.7939210705326231,0.6960258917129207,0.7019266237594181,0.45528306575514027,0.2712383951323744,0.8751738000142437,1.5141602827351837,0.8046875836543221,82.39557833150732,83.71381954070719,0.1841775485731919,81.60511609064113,72.41362545154732,0.28089488264218826,1.2462106009696166,1.1053023272848919
44,DevOps,Lead,11.928940382986474,12,2025,0.9174781849246749,0.8195943349838769,0.7095473943913368,0.4140628528957931,0.4871998589308508,0.6993376853858839,1.9512941502209782,1.0419643416742703,63.58121183350144,62.52298405852271,0.4693741661869836,79.81573730984155,72.53898193644092,0.3432617240861745,1.2462106009696166,1.1053023272848919
44,DevOps,Lead,11.928940382986474,13,2025,0.8810222945455009,0.8110230518607158,0.5805235888023634,0.10550891579060143,0.30954157032713076,0.600887718772718,3.1301668891170022,1.4917943884543752,71.05382347633316,65.21908928073114,0.05173353683276352,70.35201990365795,66.00560982123834,0.5120920451603922,1.2462106009696166,1.1053023272848919
44,DevOps,Lead,11.928940382986474,14,2025,1.1238598710136187,1.0309903049264895,0.6406309504559892,0.12222961153257127,0.30136990653217877,0.6926394801769489,2.74771624676108,1.172992506180077,69.00950250893318,69.23534166201371,0.17074299577086471,78.76751199379511,77.30328893536668,0.37820256795438945,1.2462106009696166,1.1053023272848919
44,DevOps,Lead,11.928940382986474,15,2025,0.9190835705794633,0.8509534148072596,0.6897984952225492,0.7064362920957008,0.3065976586143182,0.5366592519252391,1.8506598176733169,0.7018023556932627,86.85496012860469,89.26403657481814,0.5347553804815481,82.42819791432962,71.98378787707347,0.2534588218525724,1.2462106009696166,1.1053023272848919
44,DevOps,Lead,11.928940382986474,16,2025,1.0760918574153977,1.013233168762205,0.7061256618806067,0.36679790680921764,0.34241216136488595,0.7661772687668489,2.861438345043315,1.130736228028487,78.69023366124976,75.8148488848958,0.33782798589135377,78.81709906194463,78.16362820688053,0.36933808675615876,1.2462106009696166,1.1053023272848919
44,DevOps,Lead,11.928940382986474,17,2025,0.6841668354802702,0.6594968703355641,0.7563640503828777,0.25353104674478355,0.06753640990366702,0.9123248673943865,2.3834118623695075,1.4822390411396782,61.91087273995187,60.589538648147595,0.47521502740348637,69.97040697821794,69.60205422876903,0.5133610834094529,1.2462106009696166,1.1053023272848919
44,DevOps,Lead,11.928940382986474,18,2025,1.099041484201134,1.0789957015238618,0.8467738876397409,0.3389606824392302,0.25369528856487705,0.8162724675013938,2.989178425717302,1.4634041630493788,77.68760681993813,84.40827758617665,0.2884246411515891,70.03474374122615,77.37864136989981,0.5090579680996579,1.2462106009696166,1.1053023272848919
44,DevOps,Lead,11.928940382986474,19,2025,0.9825662324241182,0.9584298985282325,0.7417313862441153,0.009923472844371917,0.4534183678313841,0.7194592857566956,0.7581560251996085,1.2037910977624788,84.88529144849768,89.11880250353379,0.2340227608474077,77.30013263150114,78.34578746719103,0.3965904476233196,1.2462106009696166,1.1053023272848919
44,DevOps,Lead,11.928940382986474,20,2025,0.9453865740337204,0.8531336087427183,0.7558567079770394,0.6071062137608655,0.03665500743961424,0.6807615262509321,3.701160509852474,1.2874065973592197,81.9356642205201,72.23595131781971,0.5693984741950083,72.75538901676504,74.63211135906715,0.4511864109988019,1.2462106009696166,1.1053023272848919
44,DevOps,Lead,11.928940382986474,21,2025,0.80191730049922,0.7746498866683496,0.7250430461562813,0.4687375585159922,0.1560607035902667,0.7758146994483548,1.856958335911062,1.3877313355003023,66.40418676412253,64.98048930578895,0.4850870852877377,70.27360469639518,69.59785896712458,0.49193289463010065,1.2462106009696166,1.1053023272848919
44,DevOps,Lead,11.928940382986474,22,2025,1.0576681390495155,0.9984649598564617,0.7561949036604578,0.18244837527230617,0.13906112519355118,0.9128740214228508,1.8683931521925095,1.0620039902831537,68.19299912965556,70.42403550955774,0.6031837797393804,77.01549161069907,83.91262904662271,0.3706050346341385,1.2462106009696166,1.1053023272848919
44,DevOps,Lead,11.928940382986474,23,2025,0.7445871107215946,0.6907956728799435,0.7374867575744096,0.0733457115528298,0.28721126443551986,0.73179815480806,1.915210704392765,1.220445008951656,87.67146463297972,87.39216529686378,0.5975133260171381,75.19737203634489,76.21852511996272,0.41744423482079046,1.2462106009696166,1.1053023272848919
44,DevOps,Lead,11.928940382986474,24,2025,0.9636243573177771,0.887218193947185,0.669850644970495,0.05762614417444665,0.2409308659214934,0.37357114960820287,4.015533282399565,1.1194146641024625,71.82390246442216,70.18019233026679,0.7242127179062685,75.42916868136354,76.91396955849106,0.39530652714246306,1.2462106009696166,1.1053023272848919
44,DevOps,Lead,11.928940382986474,25,2025,0.9123718453980797,0.8297743540903479,0.7998675070183369,0.42602014205987565,0.14024412120834578,0.7948193291449684,2.3279948484988036,1.5358574782317311,72.88851413032745,64.77000527766948,0.3047197121475685,65.07344150938745,69.60257009964826,0.5648928164014508,1.2462106009696166,1.1053023272848919
44,DevOps,Lead,11.928940382986474,26,2025,0.8827591748723997,0.8008297178473025,0.6720236228978353,0.33700081438162915,0.36836930671079754,0.9804985617951827,0.44654204722738067,1.5424316837879963,63.3907711329261,66.97571494341577,0.3731307083494416,64.33927399698553,67.92074021778528,0.5723257201160532,1.2462106009696166,1.1053023272848919
44,DevOps,Lead,11.928940382986474,27,2025,0.8719216842051651,0.8578987340145912,0.8589689442584365,0.49092052021535265,0.1266676682937459,0.7446982389015732,2.650018168681644,1.0091466884380433,68.16804400931889,73.38990867605536,0.5468158169989564,74.5120507639645,77.78178706728478,0.38089558132123785,1.2462106009696166,1.1053023272848919
44,DevOps,Lead,11.928940382986474,28,2025,0.8288026691603265,0.8425301285630078,0.8796789456916085,0.08466347213985881,0.18831569688713734,0.9190617425713737,1.9611037336309822,0.9676703386371077,72.79687594665242,69.84764395775422,0.613707150036815,74.24996664221081,81.97601959026115,0.37478434570899816,1.2462106009696166,1.1053023272848919
44,DevOps,Lead,11.928940382986474,29,2025,0.7434936111932997,0.7325882010053683,0.6516593486468856,0.20753613378757732,0.22780102032658853,0.8666048338359115,0.3363397495438112,1.3785403417427489,77.663924036989,68.33975011961527,0.12111282107090879,65.8440764026778,68.17018073335728,0.5270074316595682,1.2462106009696166,1.1053023272848919
44,DevOps,Lead,11.928940382986474,30,2025,0.9760140033678218,0.906458695060462,0.38747845446004314,0.3994911841836786,0.3134801151172193,0.6951643558525927,4.2548880592176515,1.2182579438303955,84.39601374719241,87.7830385158759,0.43759530967185184,71.11822826188344,72.0988473498095,0.45099968658371703,1.2462106009696166,1.1053023272848919
44,DevOps,Lead,11.928940382986474,31,2025,0.9847448645639575,0.9671943388971764,0.6397072160981652,0.052710221523403704,0.31341313189217573,0.7545967706969025,0.3494084572471783,0.8969861582383469,79.59054546753144,82.97253253311219,0.2749354435584745,73.1716946731829,78.43646661339767,0.3696331093711453,1.2462106009696166,1.1053023272848919
44,DevOps,Lead,11.928940382986474,32,2025,0.9215917333993291,0.7766814868178538,0.5673863752213613,0.18953125736716822,0.15599459760460074,0.7267959264185717,2.4394289215300007,0.8275082238693061,70.89614856788627,73.48547120783624,0.6792037271925352,73.25222859058702,75.91689591005498,0.35506640651896937,1.2462106009696166,1.1053023272848919
44,DevOps,Lead,11.928940382986474,33,2025,0.8658822160603039,0.8184476553430144,0.7015796692825585,0.18681332080131255,0.11058075558342105,0.4034007370562748,2.876577977229068,1.255647307734017,79.28642833014445,80.06448107355236,0.6179005103232413,66.33240777720961,73.54526969743094,0.4983593967367233,1.2462106009696166,1.1053023272848919
44,DevOps,Lead,11.928940382986474,34,2025,0.8335461535392742,0.7698080835311016,0.9104454776958548,0.2723343017836186,0.16390262942243744,0.6566220471631735,1.4052707076880526,1.1192216806170785,82.5235167539775,69.27508533178971,0.4344593966331758,70.11921489834054,75.98317465915756,0.43951754530391113,1.2462106009696166,1.1053023272848919
44,DevOps,Lead,11.928940382986474,35,2025,1.1562622668355895,1.1941316972456082,0.7363480536170562,0.16503301735866613,0.4057159674111015,0.8936895932459445,2.2454746020101113,0.8902193980485031,72.83446999154728,68.596045652816,0.6218095915418017,71.63887236009138,83.44738173535231,0.38105327660893906,1.2462106009696166,1.1053023272848919
44,DevOps,Lead,11.928940382986474,36,2025,0.7797796829111685,0.7296702321334043,0.6676863188031437,0.18466417343270478,0.40381282432785304,0.7663179296743684,4.0083027913596405,1.1040912599630028,100.02902335229489,97.0393218622348,0.8778180578186057,69.68009637961435,78.32114869483038,0.44015078216248094,1.2462106009696166,1.1053023272848919
44,DevOps,Lead,11.928940382986474,37,2025,0.8056252388295199,0.741587894455494,0.6682141261230816,0.11027653702535316,0.24545389891341152,0.8169011932818516,2.088491956253181,1.6,82.26586151884369,77.39421510343118,0.6021941357595639,58.33319858561519,70.07264137299771,0.5708350176798102,1.2462106009696166,1.1053023272848919
44,DevOps,Lead,11.928940382986474,38,2025,0.8197594609681965,0.7439146491760456,0.6401862607931406,0.13557672277219063,0.12240525855645537,0.7402124535454023,1.9118954245908215,0.8166214575258908,69.18853291422893,79.08148855919978,0.281521868976915,71.69139164204806,73.40526152415427,0.36589602782144437,1.2462106009696166,1.1053023272848919
44,DevOps,Lead,11.928940382986474,39,2025,0.8697090389001986,0.8783066220612793,0.78191217067447,0.3344375405570348,0.13364917347420713,0.6448933583106636,1.894160714023716,0.930251529132624,88.08478663758439,87.51898101484373,0.7648461182050562,70.74589543968446,80.15962525749583,0.3965011771624876,1.2462106009696166,1.1053023272848919
44,DevOps,Lead,11.928940382986474,40,2025,1.0105240358942227,0.9229616220176499,0.7307395033985014,0.5082764714911719,0.27467568243306195,0.8230857959413534,1.444458118672221,0.9842317550370268,78.89216756968774,75.02207330581334,0.7340091754079977,70.35050926195898,79.19260313066391,0.4105921071577472,1.2462106009696166,1.1053023272848919
44,DevOps,Lead,11.928940382986474,41,2025,1.0772553595084648,1.0518427497371536,0.6968320473037876,0.40492726348145164,0.21854611134480165,0.6082903671687566,2.9620526348993472,0.9837318241184978,69.75447983714851,67.83156508494719,0.30921333735927786,70.4633439926672,76.44008825230155,0.40955183155147284,1.2462106009696166,1.1053023272848919
44,DevOps,Lead,11.928940382986474,42,2025,0.9067731771052147,0.7731671984986936,0.7181949189683136,0.31259866212949233,0.05366239540573284,0.5346355188652799,1.314476820004226,1.2161876141609231,92.20427696381633,93.71659546512178,0.2238906722974223,68.783325546031,74.09409212434677,0.4700431432819263,1.2462106009696166,1.1053023272848919
44,DevOps,Lead,11.928940382986474,43,2025,0.9542095489554199,0.8946617659583519,0.9194324860377352,0.15028237120380225,0.5626792498667238,0.6342334961710151,4.16907943022468,1.5895655297371325,63.4565351479835,63.50426673580877,0.12099899339952404,58.96931694973675,65.91409262869131,0.5576663029968568,1.2462106009696166,1.1053023272848919
44,DevOps,Lead,11.928940382986474,44,2025,0.8230049881564552,0.8153359680667975,0.8426835540230632,0.15266191607418145,0.47975813978207643,0.5133198936919419,2.6292805260182806,1.3367947482705025,72.44440683816704,77.10309144103712,0.4614070712183826,64.33709337786712,69.81290730180505,0.5312165048385412,1.2462106009696166,1.1053023272848919
44,DevOps,Lead,11.928940382986474,45,2025,0.873930725592093,0.7725901315286385,0.7874880281004548,0.16343306965743234,0.3106309033089417,0.7899052589984504,1.9996233914482182,1.1791896786234428,84.79328644528938,92.13922051745965,0.47703127384309196,70.01183650290241,77.32435388148397,0.4524059648671685,1.2462106009696166,1.1053023272848919
44,DevOps,Lead,11.928940382986474,46,2025,0.9048080873481404,0.9021022616272961,0.5717034105546859,0.22936077219112308,0.3897046040272504,0.5933378539023647,1.0410963741784838,1.1787507836270574,74.86215702295797,74.6836265661329,0.6828999893866365,70.44228811252502,73.5396291251263,0.4487310891210363,1.2462106009696166,1.1053023272848919
44,DevOps,Lead,11.928940382986474,47,2025,0.9425269331580814,0.8740968661691829,0.6911749631340096,0.050574372275635764,0.26513937521257475,0.6341397111870413,2.884209800878996,0.9139728085784873,69.07467519931036,68.83383204411689,0.8817502780445857,73.03580147046178,79.56553796498285,0.3741628827951826,1.2462106009696166,1.1053023272848919
44,DevOps,Lead,11.928940382986474,48,2025,1.0717060016494213,1.0540505758182,0.7220848284804744,0.3053628909023372,0.2777286079134375,0.8096327471682541,2.5841159138342094,1.1211446438973773,80.20453148690346,78.94683364328753,0.3346172249675442,71.8951346613476,79.44662073110968,0.42510280660157884,1.2462106009696166,1.1053023272848919
44,DevOps,Lead,11.928940382986474,49,2025,0.9449629461047795,0.8615134333458233,0.5441260773461057,0.1505212885122371,0.07543667373252276,0.7770534077389653,3.0450443956327744,0.6785956406705078,57.62355529947027,54.14449951326661,0.9931643197434963,75.98611811216871,77.02132652308829,0.3025014771993623,1.2462106009696166,1.1053023272848919
44,DevOps,Lead,11.928940382986474,50,2025,0.8874539148570886,0.865225732065398,0.869926658385819,0.07041642770734403,0.39695252094554706,0.7736203971591643,2.4019391541572106,0.8493774769718301,72.15770017137288,70.12119975410569,0.5877676472410702,75.19630953553303,78.62175730065596,0.3432395825982574,1.2462106009696166,1.1053023272848919
44,DevOps,Lead,11.928940382986474,51,2025,1.0702477169806626,1.041677255489873,0.6073050280800663,0.14356809556687902,0.2844091975388535,0.650923500706829,1.1018896805603455,1.0963231629323018,86.65219462954093,91.65961449007433,0.8953803035965954,73.81463896801041,83.68247191667868,0.40414264118637355,1.2462106009696166,1.1053023272848919
44,DevOps,Lead,11.928940382986474,52,2025,0.919129990090762,0.8058774014530107,0.7181192447706571,0.18454365472981088,0.16130889574460025,0.8188353937496717,2.270875203695493,0.9172669228511741,67.22558759719132,71.24504926954347,0.3304543825056439,75.84977228993606,77.02399680359356,0.3513719488207676,1.2462106009696166,1.1053023272848919
45,DevOps,Mid,4.312901539863683,1,2025,0.726649847089699,0.6767036572846331,0.7573028051117636,0.7639025042232274,0.4014351706483542,0.5981631243009358,2.887583403502241,1.536634124177855,64.74370839711312,67.20925609586526,0.33311529610214047,64.30679410122768,58.84408598705734,0.5714368739920069,0.7059200700608895,0.8456335861674171
45,DevOps,Mid,4.312901539863683,2,2025,0.7750134519548889,0.7149980273710811,0.7447993393179942,0.05646140815674146,0.08387574394061019,0.5825536160930639,4.616807270532586,1.1311757242384366,72.37730433058807,70.02226161653991,0.4623613654594211,74.58396571103845,75.15146316687999,0.4047020972557003,0.7059200700608895,0.8456335861674171
45,DevOps,Mid,4.312901539863683,3,2025,0.4824699160455281,0.4279693080201185,0.7578745218996366,0.2180107910492065,0.056092111340313694,0.47562903799036577,3.6871523174314955,0.8921051479019003,78.42290872985139,72.32561924412559,0.509674055499499,77.07297643550564,68.95891543559985,0.33614622595116644,0.7059200700608895,0.8456335861674171
45,DevOps,Mid,4.312901539863683,4,2025,0.6645064953179075,0.5714343304554301,0.6907217545160517,0.13484201600024512,0.12845126300857979,0.7444935779151007,-0.2527941232091697,1.2855265437625478,72.69074682578226,81.51464784149334,0.4368681876571293,71.04987816847604,70.93832547695801,0.46502299068187586,0.7059200700608895,0.8456335861674171
45,DevOps,Mid,4.312901539863683,5,2025,0.8235432399075467,0.8032053132812376,0.7451610086315716,0.5945681258804784,0.11252348364139715,0.7995230663863013,2.4786447118961332,0.6178933150532322,87.15723919283266,85.42412708456533,0.44011115730271927,80.33397039673808,73.82455193596145,0.2541289097044958,0.7059200700608895,0.8456335861674171
45,DevOps,Mid,4.312901539863683,6,2025,0.45816544905476814,0.3780146292443762,0.8882118896723645,0.3522943467029057,0.25054225960312076,0.5947955482682716,2.131105518401344,0.9613396466567952,74.49586625248435,61.87720135771053,0.4871205638346531,78.06168930145778,67.5052356574311,0.34175385181921086,0.7059200700608895,0.8456335861674171
45,DevOps,Mid,4.312901539863683,7,2025,0.6011992169703458,0.5303685265151725,0.6815320991439806,0.5185681856552791,0.20992981047923023,0.9057917013257222,4.674252279021623,1.2859600972603722,70.52843615841307,72.42595199288591,0.5277426644534677,72.46014497915621,67.3331103836012,0.45335747795910597,0.7059200700608895,0.8456335861674171
45,DevOps,Mid,4.312901539863683,8,2025,0.7439455290090926,0.7351280294853381,0.6908614099492816,0.07649979161625571,0.3121844357819814,0.7385989771915163,3.517495656328813,0.6,70.59655636558486,76.18593891781127,0.8404177808862947,81.75171251297644,74.93301436779596,0.23873572905852963,0.7059200700608895,0.8456335861674171
45,DevOps,Mid,4.312901539863683,9,2025,0.6035271307330189,0.5260492389695139,0.5190952702972025,0.43814885818971905,0.1958944645250491,0.780588096751926,1.5043496124805387,1.0433884110458078,88.93835455049405,77.5896160233857,0.38658431990019987,78.51696602340775,69.39734381428674,0.354369632014097,0.7059200700608895,0.8456335861674171
45,DevOps,Mid,4.312901539863683,10,2025,0.568303258531691,0.5245075338367825,0.5221874366197438,0.12089013412264382,0.26301731455828214,0.6619140738638488,1.762552306643724,1.1517670272965639,66.7773078767762,62.98688953611306,0.5132319857426293,77.89773817856272,67.37285435270212,0.3812055873046234,0.7059200700608895,0.8456335861674171
45,DevOps,Mid,4.312901539863683,11,2025,0.6666804655927113,0.6482191588362787,0.759925176206523,0.12645649074327406,0.15702000426374088,0.8885298827087815,1.9719657500468235,1.1070244600803578,77.00944877731145,82.7420803012196,0.39090288104422055,78.43530658999555,76.40819877042915,0.36777733709944194,0.7059200700608895,0.8456335861674171
45,DevOps,Mid,4.312901539863683,12,2025,0.7338263365882153,0.6759551292504208,0.6710114093025275,0.16578428128696868,0.3087088211932349,0.6038434043362358,1.7113468305032769,1.3560729206796622,73.47216795996799,74.48730312230398,0.3833067081625541,72.27887914040518,68.25296005771123,0.46889059129922267,0.7059200700608895,0.8456335861674171
45,DevOps,Mid,4.312901539863683,13,2025,0.7201108815504278,0.7337801776370121,0.6185026747759016,0.6939027090385343,0.1372417979817221,0.9843358601810877,0.5839473598637688,0.7355610462296887,63.751716090241885,61.39616295922257,0.2914485006361717,81.55230481367064,68.54183674119328,0.2675096691320157,0.7059200700608895,0.8456335861674171
45,DevOps,Mid,4.312901539863683,14,2025,0.7118246553877912,0.669635349400261,0.5165964854623696,0.70989213240692,0.4324453773955849,0.5234619554148872,1.783051353387024,1.1568402051488964,72.58209214588638,71.09319044810297,0.5372699796366389,78.14561591280726,63.80352765521642,0.38015457508971884,0.7059200700608895,0.8456335861674171
45,DevOps,Mid,4.312901539863683,15,2025,0.6860414602053184,0.6013926813548867,0.6146959647449328,0.6919625967081501,0.14358704748966183,0.84129022139206,2.2473745307562005,1.1752413480768407,65.08801355482574,73.47480421404246,0.32771844580803783,77.8895714860237,67.08913893845006,0.3859685072318373,0.7059200700608895,0.8456335861674171
45,DevOps,Mid,4.312901539863683,16,2025,0.691300101199206,0.6246617261806309,0.7025032072608355,0.20858451357160673,0.10683590541359037,0.8415996941274927,2.5806871363308184,1.3351834900896828,76.68154521531483,73.5015849911213,0.65386229333792,72.40820459514158,73.11683073031548,0.4636349930584234,0.7059200700608895,0.8456335861674171
45,DevOps,Mid,4.312901539863683,17,2025,0.8797331126802053,0.7318938852540172,0.7812904880680172,0.4099200410564265,0.030220697607231024,0.9457403079591691,3.279851745046262,1.2994970920250908,64.64473248744444,59.28727849522995,0.5034481527023529,72.87413147127239,74.3637751547856,0.4526149894777482,0.7059200700608895,0.8456335861674171
45,DevOps,Mid,4.312901539863683,18,2025,0.6724245041796225,0.6793670346210717,0.6333902086033526,0.3633560118035181,0.024763345507769676,0.935759779982719,3.2417821466468215,1.0021823733782624,92.97886899052105,86.803863867157,0.6254055336270162,78.53425352595033,78.99535437277096,0.3459843619593997,0.7059200700608895,0.8456335861674171
45,DevOps,Mid,4.312901539863683,19,2025,0.6695361509398161,0.593024394446203,0.6322276126588137,0.14800957319265637,0.21427194537976912,0.49184964006164356,2.453256265836136,0.921379623764327,90.85185276903155,87.27076385665575,0.23066519300179095,78.80830993424905,71.14193438236353,0.32754000863412325,0.7059200700608895,0.8456335861674171
45,DevOps,Mid,4.312901539863683,20,2025,0.7637901401453525,0.6504740198243046,0.7567255201602439,0.02557520112177073,0.5842133171771468,0.5253137587659781,3.980709937527589,0.6025522884568095,98.90156142731487,97.62155849082733,0.7014767989164091,80.93198816705765,73.61598156880346,0.24607722296588147,0.7059200700608895,0.8456335861674171
45,DevOps,Mid,4.312901539863683,21,2025,0.625235756773875,0.5538064924008044,0.788372340282154,0.1510846422413268,0.06369350139524964,0.923441894462116,2.5449581964801467,1.1962738743121653,69.40982039206762,71.36104840919873,0.5700282463829703,75.70692592266661,74.82455685936372,0.408363725506878,0.7059200700608895,0.8456335861674171
45,DevOps,Mid,4.312901539863683,22,2025,0.6987235977157972,0.6584750504131497,0.7135253333194577,0.11977606780637085,0.4862774567997908,0.8777461580246916,1.4918513339986892,0.984947564888023,68.57681790130292,70.77388548689932,0.42526243761321864,76.88082852462283,73.14474149718039,0.3563159419390811,0.7059200700608895,0.8456335861674171
45,DevOps,Mid,4.312901539863683,23,2025,0.6316409302036365,0.594366214733773,0.7235122531207079,0.1256046764722652,0.2784266724197525,0.6879952330698589,2.182419689144809,0.9156274995964594,71.12327658338099,77.94586182674391,0.5104051044037246,76.88479762194916,72.55786424468664,0.34241885306971553,0.7059200700608895,0.8456335861674171
45,DevOps,Mid,4.312901539863683,24,2025,0.8522919553490861,0.86945640038486,0.563981237460462,0.5723176335721016,0.028997736318068474,0.7606280618096908,3.2017321481330674,1.3684874136260354,70.4397070976524,58.78151721079627,0.3864617421911904,68.26362323242523,68.59739761504804,0.5048339557883301,0.7059200700608895,0.8456335861674171
45,DevOps,Mid,4.312901539863683,25,2025,0.8598294643530896,0.7607493614079637,0.6956561102582116,0.382925589706616,0.361751200168761,0.7666986972080646,3.923386092648631,0.9106009557845995,47.626629437869184,59.32511118077382,0.46781539288619706,75.75466893850798,70.73062714707142,0.35083128333602015,0.7059200700608895,0.8456335861674171
45,DevOps,Mid,4.312901539863683,26,2025,0.6474986514178064,0.5911690863426442,0.7772425411087228,0.032548926001371735,0.23884513781280392,0.6047104067899621,2.746279234388701,0.9111347953666273,73.40009072510674,66.3466850234933,0.4222178735755939,75.14771482057515,72.11814836398646,0.3559960022351992,0.7059200700608895,0.8456335861674171
45,DevOps,Mid,4.312901539863683,27,2025,0.6856515329675585,0.6121103230967404,0.8528400997072982,0.7503291665169305,0.10289176224931004,0.43893391563026213,3.1250908336340695,1.281334253619275,76.88847292856535,78.47853039190292,0.4183319931952346,68.20742470984605,65.28474579453307,0.4878716448084713,0.7059200700608895,0.8456335861674171
45,DevOps,Mid,4.312901539863683,28,2025,0.8565944051591656,0.788943876491434,0.6352162718125692,0.2738598571945087,0.19787938958257828,0.9034476982415565,1.25122711303823,0.9918447000356408,91.98325571402285,97.77221773214357,0.289036038954942,73.30545726178525,78.56332004257051,0.38749012949225103,0.7059200700608895,0.8456335861674171
45,DevOps,Mid,4.312901539863683,29,2025,0.7379578389606635,0.715494257404309,0.8021584693423922,0.18904496447725058,0.3027757145804242,0.8172886454844296,2.5015033164045852,1.5920367750796047,85.50505481266723,86.1717383573172,0.10131526853550481,60.82303324670339,67.25864728174173,0.611548744626726,0.7059200700608895,0.8456335861674171
45,DevOps,Mid,4.312901539863683,30,2025,0.6659790644978467,0.5698690288543161,0.5456018693521201,0.05331211827947615,0.3221912109159311,0.6782863192584133,2.3714408676155907,0.9730679820411962,83.41033639937585,71.18907058477372,0.0451449767814529,72.32863346695976,68.19192636217679,0.3918749841835746,0.7059200700608895,0.8456335861674171
45,DevOps,Mid,4.312901539863683,31,2025,0.6886924082976938,0.6698973748100729,0.8172034512511347,0.5831351984772164,0.31644570894994306,0.5195197794616232,0.735031196535525,0.965908868811939,82.48603291000599,79.63576160235027,0.5867573185276997,71.86919849935687,70.41672649790755,0.3942717862677473,0.7059200700608895,0.8456335861674171
45,DevOps,Mid,4.312901539863683,32,2025,0.699153125485442,0.6249754719697869,0.6946112572455669,0.3050748404699867,0.22690627533158714,0.712364969032259,2.7086252838131144,1.3492853540371281,61.473506305788405,64.64049652717615,0.7148386037696094,64.13547281156163,67.65792225262165,0.5353947973777454,0.7059200700608895,0.8456335861674171
45,DevOps,Mid,4.312901539863683,33,2025,0.6156903857827557,0.553192939276002,0.7123658267264864,0.198329248373571,0.14060446116509495,0.6767087953288781,2.7927940174317922,0.9502796843911901,97.47555223771371,100.01032594460973,0.20146007933014454,71.09200196752313,72.96934011283376,0.39762258714887855,0.7059200700608895,0.8456335861674171
45,DevOps,Mid,4.312901539863683,34,2025,0.7114230173064571,0.6318411803245613,0.6143805801313207,0.12513087611726273,0.3864350448539746,0.8950322294000952,2.3827200216444337,1.1793903194641686,74.61402014717405,77.51667124072375,0.823516564881453,68.88675129832653,73.60993303970737,0.46182180307344595,0.7059200700608895,0.8456335861674171
45,DevOps,Mid,4.312901539863683,35,2025,0.52146665442007,0.43566732951248144,0.6745046185679541,0.05979454885685005,0.27921066829148367,0.8820352540315215,2.495233961307011,1.27716501681885,70.08898481323067,64.46498880636042,0.779477870748372,64.46621271886511,68.5733687849681,0.5182145640398941,0.7059200700608895,0.8456335861674171
45,DevOps,Mid,4.312901539863683,36,2025,0.6301373873917445,0.6045836282522525,0.8030408964204528,0.08215210844566832,0.01643119405594953,0.8670583778126881,-0.22249562859124294,0.9260607046638532,62.804751833658266,62.58929480158459,0.32664375570232684,70.35322633277026,73.79906389182254,0.39893525482635184,0.7059200700608895,0.8456335861674171
45,DevOps,Mid,4.312901539863683,37,2025,0.6233822333458602,0.5453743118506297,0.8125176700715303,0.00957920336750384,0.43251039161147486,0.8847034202385161,3.9916138497725875,0.7550802270106447,78.03359710285986,88.51999660599623,0.5649735896763415,71.54144228029274,73.31993948709274,0.3548373597330228,0.7059200700608895,0.8456335861674171
45,DevOps,Mid,4.312901539863683,38,2025,0.6497275713898243,0.598678481052256,0.7083854113950355,0.27971094870938934,0.14791847453336174,0.9291574162210293,2.2066785712362735,1.2212185865551377,86.39173371788372,90.707838769363,0.4780142855726118,67.70350012057679,73.35072046869247,0.48004788297288764,0.7059200700608895,0.8456335861674171
45,DevOps,Mid,4.312901539863683,39,2025,0.6737881400670971,0.6225298317901062,0.6697842644552399,0.5125661669141018,0.38235816239704834,0.8838697807042211,4.1167849683207605,1.2175027581321218,65.13236245166621,58.99296618446708,0.42168838399521824,67.69677111845118,65.30133368022351,0.4793607923059979,0.7059200700608895,0.8456335861674171
45,DevOps,Mid,4.312901539863683,40,2025,0.649997714749839,0.6303334417014124,0.6122843472606518,0.4566100009054568,0.19653030184353645,0.6943798111184942,3.885667317461922,0.7158894010958632,77.54066102116781,80.29271957339583,0.74953217024165,71.74613360425099,69.37640483304307,0.34529343351708114,0.7059200700608895,0.8456335861674171
45,DevOps,Mid,4.312901539863683,41,2025,0.6978710089932981,0.6760015948169997,0.772092927256272,0.5422585037612074,0.2071594335835019,0.7010244621087498,2.9875399932607904,1.143934156646876,75.31592885976245,73.77829668407915,0.36884400656222616,68.43061084320289,68.94686815704866,0.4585317409693511,0.7059200700608895,0.8456335861674171
45,DevOps,Mid,4.312901539863683,42,2025,0.8007650739473975,0.7409768340518166,0.6553063929133632,0.6330320650263783,0.09129331851649757,0.47268162732698343,2.6906446438170395,0.8652877742563794,90.30746386433312,94.72914825290174,0.4422115670127095,70.83940977603005,71.1027588375287,0.38272914005102543,0.7059200700608895,0.8456335861674171
45,DevOps,Mid,4.312901539863683,43,2025,0.7935529565986772,0.7473770057738341,0.6579277147852565,0.3975107666147557,0.19969523367281797,0.5222075311695408,2.969194862136383,1.1053688039406213,77.14373647649909,75.19084023314251,0.3441176716137796,69.16656262371714,69.8013088078134,0.4446857389238148,0.7059200700608895,0.8456335861674171
45,DevOps,Mid,4.312901539863683,44,2025,0.6546836387928073,0.7029166680633651,0.8158861261760819,0.7059196480761302,0.39444183120661713,0.6413101615389903,2.368310088057256,1.5011188442640826,65.04536418474217,63.43697768525773,0.5962161868183887,60.29949696875823,61.15010348858673,0.5977279607798314,0.7059200700608895,0.8456335861674171
45,DevOps,Mid,4.312901539863683,45,2025,0.652509645127747,0.567429819076884,0.5410036558085981,0.22755741866049067,0.06126579727774823,0.8763424344344269,1.7817841687817166,1.3216430425369954,79.48472911038291,78.4470283854709,0.8386291844405881,64.26137859191275,71.71451278034499,0.5288171202414595,0.7059200700608895,0.8456335861674171
45,DevOps,Mid,4.312901539863683,46,2025,0.648188227803673,0.5964317699312516,0.7258968187235817,0.5039649998858726,0.41289121326970735,0.7189713949898526,2.5483418251511867,0.8280750799987568,79.35584087660946,80.55478878541749,0.4118323786882848,72.49657925231413,67.28429020309572,0.3614768555638002,0.7059200700608895,0.8456335861674171
45,DevOps,Mid,4.312901539863683,47,2025,0.7357057909388515,0.7450655434453916,0.5582547206147381,0.41184677136826825,0.20802266273237857,0.8287209151876666,1.3267666920485448,1.2078946247307911,65.10022293825799,57.07768243262585,0.38206633775838594,69.93331245200605,67.90070945598946,0.45880132117944117,0.7059200700608895,0.8456335861674171
45,DevOps,Mid,4.312901539863683,48,2025,0.8103730640695798,0.7585109090806292,0.7555077063986647,0.5080794791014168,0.2404466395383583,0.8780246437685982,3.5231243542578747,0.9529166312434632,81.88405514248879,84.77178827455556,0.4635605096739701,72.48984427334162,75.59317375062756,0.3865012906375125,0.7059200700608895,0.8456335861674171
45,DevOps,Mid,4.312901539863683,49,2025,0.6578482724744881,0.6048817031913103,0.7440843059879481,0.27629326535754956,0.10159478632921604,0.9014178405005665,1.652280637890831,0.6,58.326413684104125,59.04589844785719,0.26966458731893617,75.86376874829548,68.09970775982046,0.28780192709753766,0.7059200700608895,0.8456335861674171
45,DevOps,Mid,4.312901539863683,50,2025,0.7796200281607568,0.7315922386750049,0.5673600361553752,0.2203075784425299,0.08878184500063849,0.7397058985399595,2.8469544487718004,1.108376151599697,66.58515007646398,58.34036664815961,0.1378780970967469,72.37320564927279,70.06063474939847,0.4185651832426662,0.7059200700608895,0.8456335861674171
45,DevOps,Mid,4.312901539863683,51,2025,0.679775351397345,0.6055198701860411,0.7574702330820446,0.5470009469551128,0.24628943858076893,0.7227090602523799,3.1529134763401085,1.0801708395612795,75.8812381585699,73.73925519734225,0.6451474018150509,73.1927430657413,70.95902880270135,0.40609464236441173,0.7059200700608895,0.8456335861674171
45,DevOps,Mid,4.312901539863683,52,2025,0.7460988134083711,0.7461228447202966,0.7344439742873281,0.3721392827640116,0.39746981620231964,0.653091036551175,2.3575453799162136,0.9310383486428994,48.288213170589465,48.2301621113834,0.4031615391990169,74.98848639436497,67.64329752974237,0.3613036164422051,0.7059200700608895,0.8456335861674171
46,DevOps,Senior,7.468977981821954,1,2025,0.6380459669977793,0.6469797182152816,0.5523374628966538,0.41321822911873496,0.13713522250502047,0.7612121460600556,1.0385782534053252,0.7957053111256076,81.28144220382255,78.15114297421998,0.48758724802619835,77.4970971264823,70.25849228033888,0.3133319195044356,1.226989537796924,0.962284682757798
46,DevOps,Senior,7.468977981821954,2,2025,0.732820605803261,0.6931666794507116,0.6817481706545085,0.49769134702247175,0.38948963272254244,0.8628170119568932,2.4472261865648646,1.1545079782958343,71.731193501607,66.60821995927031,0.354305797154249,75.22057070928165,68.86366019603786,0.4040635064151531,1.226989537796924,0.962284682757798
46,DevOps,Senior,7.468977981821954,3,2025,0.6428794693041784,0.5851390490902788,0.8136793719428835,0.1995809977408566,0.27459363013060306,0.7160692065124092,3.2596079676254246,1.0590365349591895,87.20120252705624,85.41015004106791,0.4453429814601847,76.5607883697497,74.46956334552804,0.37380073724392376,1.226989537796924,0.962284682757798
46,DevOps,Senior,7.468977981821954,4,2025,0.681669518463883,0.5892966690525364,0.6335724121212328,0.007405510986377567,0.5517664933113784,0.697027777622205,2.6368231447053083,1.298045244509369,63.73197188383267,61.64082174377542,0.7443093240175603,71.622767184242,67.94406180858049,0.46275265569985713,1.226989537796924,0.962284682757798
46,DevOps,Senior,7.468977981821954,5,2025,0.5932321518160307,0.5539968783547053,0.5925641431429033,0.1818978237873157,0.2022673089697028,0.840310560308827,1.852090563740758,1.2158026023572819,74.40962419062568,70.16699827942635,0.43186294725762575,76.37395912900806,69.68140595490082,0.4067108610630559,1.226989537796924,0.962284682757798
46,DevOps,Senior,7.468977981821954,6,2025,0.7558572695194263,0.7109622269203401,0.7428382461140386,0.11488715924783033,0.1318104180847704,0.44104887659580033,1.6914335772304505,1.3948753035461214,85.36355880740219,86.72209407101755,0.6751898402408433,70.67816343449208,73.00945219261091,0.48999036542179025,1.226989537796924,0.962284682757798
46,DevOps,Senior,7.468977981821954,7,2025,0.6662789985992369,0.667215621873247,0.6326324912383319,0.2838878736524571,0.2616266028414182,0.5511665830777847,1.394432914620056,1.1744341136915293,91.6837215098446,86.64344203564255,0.5299397993419024,77.6071370455338,71.69317765720066,0.38816068069219084,1.226989537796924,0.962284682757798
46,DevOps,Senior,7.468977981821954,8,2025,0.8043928724127741,0.6897981154098467,1.0158233427715464,0.11751681469804809,0.18021616905135243,0.9071397559198715,1.9418661631799838,1.6,102.20464346152433,94.9283792431626,0.5744427538088234,67.37497554367881,77.92326594461872,0.5585418704693432,1.226989537796924,0.962284682757798
46,DevOps,Senior,7.468977981821954,9,2025,0.645799916633917,0.5726312384282345,0.8962835194797735,0.1752871269305091,0.4958091427093737,0.8232141821796424,4.37610717539531,1.234432997729572,81.61869018902591,87.4072847746727,0.5893767450197586,77.81187236064001,73.60649019109582,0.3984543298739143,1.226989537796924,0.962284682757798
46,DevOps,Senior,7.468977981821954,10,2025,0.6178136958289433,0.5417439738619297,0.786852319349702,0.5816181785746901,0.7742360084228375,0.8006077924678817,0.5160358178666105,1.3922443623452405,67.05584170798102,69.93063919375084,0.3152630339006399,72.09025018073281,59.628992792435945,0.477696787629608,1.226989537796924,0.962284682757798
46,DevOps,Senior,7.468977981821954,11,2025,0.8001878005768118,0.6873729665971029,0.620416216817962,0.29843000317188734,0.11818434666296956,0.859405722452054,-0.7881567312576157,0.8117946610279234,67.21779232185997,68.76840938730761,0.5641599777891914,81.62040801311741,74.62418572318137,0.2821888654296062,1.226989537796924,0.962284682757798
46,DevOps,Senior,7.468977981821954,12,2025,0.7224089395667804,0.5903383356386924,0.7378758952744641,0.2521767533197266,0.06984237938689346,0.5221151919332448,2.7139974521984422,0.9249209574900596,83.46821814685687,78.0261574852265,0.1558945333515663,80.82423292478033,72.01879864312156,0.3114489171248425,1.226989537796924,0.962284682757798
46,DevOps,Senior,7.468977981821954,13,2025,0.855558511655577,0.7095271494035308,0.9353245638665562,0.25377778970763853,0.2686273130354616,0.5027957908235379,2.572809020223298,1.270428723717063,93.40632142286702,95.42486128063166,0.5230600245944156,74.85148173986927,76.10660535126605,0.43032339691116867,1.226989537796924,0.962284682757798
46,DevOps,Senior,7.468977981821954,14,2025,0.9398825089523173,0.8475128013018527,0.6146275956041011,0.05890640632388214,0.4240060838258309,0.6269607106758581,3.0030430729300686,0.8913368191566666,86.53850328675149,78.91047438056378,0.7160365863466035,81.09290603144747,78.76811074604942,0.30249314690260437,1.226989537796924,0.962284682757798
46,DevOps,Senior,7.468977981821954,15,2025,0.7502349655809002,0.6569594601278377,0.9003625497189175,0.09607893304245549,0.09953359927420412,0.416846358512478,3.1274442125576023,0.6799906574921435,73.87578636449791,76.74497607128322,0.06921603773985102,82.67484004140366,71.28980863435811,0.2470411311533982,1.226989537796924,0.962284682757798
46,DevOps,Senior,7.468977981821954,16,2025,0.8056682751723295,0.7278571325155876,0.5621050272454874,0.3224348089488794,0.2279146729870625,0.5108805351803464,1.9545432866650438,0.8351567709393031,86.16491202945865,82.87739896294667,0.31693524612735235,81.25388326012319,71.21610236512497,0.28991566035350075,1.226989537796924,0.962284682757798
46,DevOps,Senior,7.468977981821954,17,2025,0.7700891851586794,0.6981910544012669,0.6457991934288896,0.2344390440807721,0.22783447766014428,0.8804698234774749,2.3180593892320838,0.8721521342842882,60.48444500718871,58.04275777378863,0.8446731670387606,80.71011926820228,75.65343737642313,0.3018460996218387,1.226989537796924,0.962284682757798
46,DevOps,Senior,7.468977981821954,18,2025,0.7965059375467046,0.6741517689450464,0.7862705477254948,0.10254719842745703,0.13866956259591368,0.5239421132395958,1.8902692608090346,0.8068120586250889,84.73649041640486,85.20200746039228,0.2170118292191214,80.9204790746781,74.57416497800756,0.2870250861027003,1.226989537796924,0.962284682757798
46,DevOps,Senior,7.468977981821954,19,2025,0.7488126698347517,0.7031749176533695,0.5534455838080151,0.2943530162464344,0.052975420915299935,0.727671974863138,2.272033729946208,0.6,84.54342686536978,83.9113857555164,0.37287169944749315,82.20260995506605,71.93705152477534,0.23497825037444958,1.226989537796924,0.962284682757798
46,DevOps,Senior,7.468977981821954,20,2025,0.6482826253929816,0.5209469996740294,0.6919920529746276,0.10710947466017132,0.16139880619540464,0.8720684697188974,1.4039772087972013,0.6375018852875161,72.86672128313933,71.70278032175452,0.2983300534620329,81.47565442311438,70.53175250069285,0.24853659019821672,1.226989537796924,0.962284682757798
46,DevOps,Senior,7.468977981821954,21,2025,0.801633945424313,0.8030407311911737,0.6437791577951673,1.102648850579621,0.3790368682535791,0.5195482857890202,2.218479141862439,1.18973377686734,67.1841717912421,71.15361971458773,0.1668542287250563,76.58250973292759,61.05831271855982,0.3997591742657381,1.226989537796924,0.962284682757798
46,DevOps,Senior,7.468977981821954,22,2025,0.6267321660252726,0.5431234301846047,0.634773116978828,0.2570954976816611,0.2403949366600964,0.7350420127543745,3.5842495499941744,0.8540026826437239,79.60182981145111,80.63476812741348,0.3600873458573812,78.7516506132796,70.12834687206156,0.3145367814180815,1.226989537796924,0.962284682757798
46,DevOps,Senior,7.468977981821954,23,2025,0.8007609747287886,0.8557757162357634,0.7131531943937808,0.1718120764506418,0.18630748636853564,0.33691678730330105,1.232101141970969,1.2755629798076764,69.73858458973434,76.55831975323552,0.5370650068296805,71.52182105326969,71.49307941926057,0.45909742051762115,1.226989537796924,0.962284682757798
46,DevOps,Senior,7.468977981821954,24,2025,0.7204583094894517,0.6875974911145075,0.710672002090079,0.6133910674285502,0.20633644300916773,0.5718240681296779,3.07651369583562,0.9569782682486655,74.2924217721559,70.34370358275248,0.6788790099651301,76.800808389659,71.04625503873699,0.3513889170692414,1.226989537796924,0.962284682757798
46,DevOps,Senior,7.468977981821954,25,2025,0.8688867758072342,0.8645467941676301,0.6835759660007303,0.4165498308679082,0.278189837760014,0.8611721952269448,1.8922447901003043,1.1928921991536736,87.8815566397655,85.67099536018706,0.5483938640414302,74.31960202225777,76.66884728682277,0.41924842297858667,1.226989537796924,0.962284682757798
46,DevOps,Senior,7.468977981821954,26,2025,0.873454309226928,0.7914558734802138,0.8159215667366952,0.23363407441491285,0.17903204697574443,0.8334929210769674,2.1670368618880373,1.0918240244940773,70.46569643075134,68.10938903414339,0.49083235886192955,74.52546401825792,77.75300827302804,0.39731927141333284,1.226989537796924,0.962284682757798
46,DevOps,Senior,7.468977981821954,27,2025,0.7236795628978173,0.6698698662094946,0.6111201294004267,0.3573603352280858,0.1295183386119537,0.9886698455920231,2.2050877323307554,1.0719230050135364,69.62415747274194,72.34725406934515,0.9377858838199981,74.08198877282564,77.0046902770715,0.3970346945624936,1.226989537796924,0.962284682757798
46,DevOps,Senior,7.468977981821954,28,2025,0.6985397717221515,0.6866335789530486,0.6367380751447421,0.35169123489636,0.2883533081443843,0.4432548178355204,1.2147510720241752,0.8430593271789577,77.23218732068436,76.71983311595858,0.747848845603022,75.31900327534109,70.22343731104299,0.3409535048079491,1.226989537796924,0.962284682757798
46,DevOps,Senior,7.468977981821954,29,2025,0.6491151048270347,0.6772979255511489,0.833657249126579,0.06090986317895801,0.314820937393007,0.3482140028072727,1.3178491798655334,1.0465850284841467,76.19264652870434,80.42766763583268,0.46577365351847744,73.11435155112468,72.08587722926141,0.4000307427707903,1.226989537796924,0.962284682757798
46,DevOps,Senior,7.468977981821954,30,2025,0.6553070162039134,0.5638586469445868,0.5738310701509599,0.04497845065770183,0.3120452320803804,0.7275481854480689,2.507571805458305,1.00897694730765,92.93101429321642,102.73385398433507,0.6131595701211223,72.8646247755305,75.65631745147515,0.3945901829987758,1.226989537796924,0.962284682757798
46,DevOps,Senior,7.468977981821954,31,2025,0.6975062994798158,0.6713566160852936,0.6288613459045935,0.519820856139066,0.48112681844092897,0.5693905771212441,1.153191393335799,1.197328680772329,61.18025526231819,60.929902757099335,0.19372636343484392,70.84110303437613,61.13266507416737,0.449123210867998,1.226989537796924,0.962284682757798
46,DevOps,Senior,7.468977981821954,32,2025,0.756706095316555,0.6941399488096445,0.8672531137168494,0.22723924781460536,0.11396679603069408,0.8303296583618229,2.869688114490857,0.8372285138057525,78.55563689173432,75.01447909525673,0.40124468489411286,73.24661481256054,76.19593802443661,0.3570572459898127,1.226989537796924,0.962284682757798
46,DevOps,Senior,7.468977981821954,33,2025,0.8227142092778457,0.7668250142225912,0.6805463404387788,0.08193407707467254,0.04204192304829398,0.6848754796514152,3.5871455443778144,1.1213272161604846,94.32647472266638,96.86374120234791,0.1822511584348149,70.54688474407116,77.37146730336812,0.43637473703150387,1.226989537796924,0.962284682757798
46,DevOps,Senior,7.468977981821954,34,2025,0.6263820479873903,0.6021727138802616,0.669377907824343,0.9951557202982485,0.5222524285654322,0.8102602332066066,2.4034450053549423,1.4196938799638885,68.01922250854764,69.91248985907113,0.805251551108946,62.751259285464485,59.53263532485935,0.5610116152805737,1.226989537796924,0.962284682757798
46,DevOps,Senior,7.468977981821954,35,2025,0.7903122728681631,0.7205077746775266,0.7926464086647793,0.2347466434451848,0.1772381695090565,0.8894770362522234,4.540279142915153,1.0099693899173374,69.74356066893522,74.59923660266499,0.25799763107861484,70.75302096660579,75.53652969403615,0.41238536992841923,1.226989537796924,0.962284682757798
46,DevOps,Senior,7.468977981821954,36,2025,0.6953381943679476,0.6608179337065682,0.5334056632112527,0.8386098911035776,0.005270050370199532,0.7233570352780233,1.830052998194303,1.0079418700449188,68.33725631007181,68.76664899886308,0.39238429052601187,70.52144004042411,66.81287995760991,0.41390970700544955,1.226989537796924,0.962284682757798
46,DevOps,Senior,7.468977981821954,37,2025,0.7320365047381663,0.6809310596298568,0.7765352416287847,0.17263412182706886,0.2981382089016184,0.5431280220457131,3.315418859544492,1.2393849995016533,71.58984703511878,71.1133652890119,0.4382327515942509,68.49026713106704,69.47944806115721,0.47712477380810536,1.226989537796924,0.962284682757798
46,DevOps,Senior,7.468977981821954,38,2025,0.8045124318778172,0.7597827709951109,0.7494543649308861,0.3662291958254104,0.2699751323096654,0.8654512439338437,2.5143369465920817,1.0263545740994016,63.43357696034362,58.87745559432858,0.616347395784634,70.08567525092505,74.22691033188165,0.4212236210621716,1.226989537796924,0.962284682757798
46,DevOps,Senior,7.468977981821954,39,2025,0.8037162963262272,0.7399779333860422,0.7343969427108261,0.06933257839733356,0.3211500166504537,0.6396152702373203,2.1275074873814837,0.8868419654187819,67.43119347049867,65.58204892451934,0.4859454012579425,71.16532049086028,73.17408724668142,0.3843240556599207,1.226989537796924,0.962284682757798
46,DevOps,Senior,7.468977981821954,40,2025,0.7469718111473783,0.6785942925932564,0.787927621023225,0.25054997787437955,0.1120100132873824,0.9177274420462629,1.8419533163525859,1.2177973108817122,53.26881394852126,52.225778230066744,0.5149820769401867,68.55413335666657,71.99933289119942,0.4722750175374544,1.226989537796924,0.962284682757798
46,DevOps,Senior,7.468977981821954,41,2025,0.8744575836723538,0.8016895926058043,0.7207349943879926,0.4882929687868665,0.41047611226090963,0.8667609779034562,1.5562337177998362,0.995675314050161,87.45075619105897,87.15460731676787,0.8379274607067212,70.43994461467899,78.11803965172889,0.41213552435437395,1.226989537796924,0.962284682757798
46,DevOps,Senior,7.468977981821954,42,2025,0.7958963122996167,0.778198115647055,0.7531750102365448,0.42247317791660044,0.16414225361587087,0.7041429985216398,1.7222182285073542,1.1399529748655104,88.08310564460528,83.19650391902158,0.5658103316143517,69.46535120185938,75.12973988670318,0.44911266829094065,1.226989537796924,0.962284682757798
46,DevOps,Senior,7.468977981821954,43,2025,0.7596293324778333,0.745009785317611,0.6012967634375215,0.11257534810323562,0.12170226150445905,0.37576056792076035,2.0395379294522233,1.3195202427815567,71.61633330991269,69.87766049041328,0.11661161299044821,64.44237123031336,65.58654706162802,0.5268842883037,1.226989537796924,0.962284682757798
46,DevOps,Senior,7.468977981821954,44,2025,0.529329280000793,0.4576770107022585,0.7616016719214461,0.3225003573482427,0.17000764282661537,0.5810757186933632,2.1425943956104083,1.1895506966144924,65.31473637123086,54.70158144911867,0.7940268686781936,69.62873131182631,66.7342136570728,0.45767071172434587,1.226989537796924,0.962284682757798
46,DevOps,Senior,7.468977981821954,45,2025,0.7498488769159276,0.7510315688140893,0.6637365336499887,0.22444857967496115,0.29173130863557645,0.8879911363690963,2.5727870221585345,1.118892316089668,63.18678990903382,67.65219223561583,0.20997859442918718,70.56636394463769,70.92975106425826,0.43572543034595285,1.226989537796924,0.962284682757798
46,DevOps,Senior,7.468977981821954,46,2025,0.6602942186359958,0.6390765981611909,0.638079169012668,0.1885780207941251,0.06612469537788905,0.5900191282767838,2.9197836231935312,0.8097811541163631,66.03838944175881,55.89253316801917,0.22245313003752007,73.46619369007566,67.5649595945486,0.3497379500726422,1.226989537796924,0.962284682757798
46,DevOps,Senior,7.468977981821954,47,2025,0.6689319765882604,0.6782569468129006,0.6809646374106627,0.17397896936722473,0.28838045751237384,0.8409186591552523,2.582329018125365,0.905076232179925,67.91917114777608,65.31311150632058,0.1453714141605395,73.17912262311536,69.98178819702528,0.37118922457669035,1.226989537796924,0.962284682757798
46,DevOps,Senior,7.468977981821954,48,2025,0.7204467340474399,0.6733517618670372,0.4468216011456106,0.2828375935040969,0.23960477210641895,0.5726153279441583,3.147000868370636,1.3048917436804597,90.1145217210183,89.4692522211593,0.6362625205317426,66.83860548038251,68.68185077499079,0.5039899697329043,1.226989537796924,0.962284682757798
46,DevOps,Senior,7.468977981821954,49,2025,0.7092818265365758,0.7396679212742701,0.7372938148027087,0.2202450236136271,0.35727839787108817,0.876979363242495,2.845187265073835,0.6003155200316566,83.85813512019895,82.18611002897151,0.6115732227060962,76.6845076187446,73.67717097856396,0.28102554051679296,1.226989537796924,0.962284682757798
46,DevOps,Senior,7.468977981821954,50,2025,0.7827780534415013,0.7131342898536106,0.6604844762216409,0.6155503862905735,0.1307868404060109,0.7414357087231733,3.8262023022957656,1.44220568221566,66.85441653350719,66.40259254425116,0.6726315190931955,65.21936424845956,66.91864742630665,0.5449464343726357,1.226989537796924,0.962284682757798
46,DevOps,Senior,7.468977981821954,51,2025,0.8296859209306792,0.7256020545251756,0.7983475752656211,0.08080455769519096,0.42962520201522997,0.5649695044368914,2.040325356487871,1.336204799662434,74.02702074298645,72.75457999020793,0.3054438408489257,67.93327681968523,69.30719589413624,0.5011303197684432,1.226989537796924,0.962284682757798
46,DevOps,Senior,7.468977981821954,52,2025,0.6635570563348747,0.6701278340375373,0.7686347930992631,0.1902823047230572,0.44485944843505904,0.7375707463823151,0.14586581173329272,1.0720738397530338,71.37221395262306,71.32965885713757,0.2390250549264051,74.68346549618627,70.1321784253094,0.39205255548238777,1.226989537796924,0.962284682757798
47,DevOps,Mid,3.568198488145982,1,2025,0.6834074097315064,0.7459342756110775,0.6594665313384755,0.07562920037546698,0.4699080049668083,0.6841217896030655,2.7616475504975506,1.1130006344635015,93.22199071288496,100.78715090173893,0.35783625693710264,81.83672481761735,75.17464056754703,0.3406274200792224,0.9185984284029499,0.7986295050420152
47,DevOps,Mid,3.568198488145982,2,2025,0.7189307275727503,0.7284982505065536,0.6528988825358712,0.22588576356703877,0.14968775005303323,0.29186114471173674,3.2728081033526184,0.7229718675137787,71.11668331030376,65.15257670662946,0.7205871667777718,85.5508498733763,70.92322013437388,0.23167062455795326,0.9185984284029499,0.7986295050420152
47,DevOps,Mid,3.568198488145982,3,2025,0.559638801391311,0.4665496915095589,0.6291138709766326,0.29101679438596906,0.45269745229971997,0.9459052206859794,2.933085890165428,0.9006920590240818,103.01220725090388,112.23091240173699,0.5708222418956453,84.70553445506877,74.77238877009226,0.27425895801257655,0.9185984284029499,0.7986295050420152
47,DevOps,Mid,3.568198488145982,4,2025,0.6502371477178115,0.5580091149019586,0.7082917389751197,0.5968668358140313,0.19508595786823296,0.5572081031068403,2.1627891629316958,1.3114826654353637,87.50742913749703,89.97789039129621,0.3238855953206558,78.23200904356031,66.48740756739137,0.41036312439073686,0.9185984284029499,0.7986295050420152
47,DevOps,Mid,3.568198488145982,5,2025,0.5643973650156837,0.5151663674218349,0.7076396834235502,0.20050164452716276,0.3044089383868046,0.9299997678840755,2.462116971866321,1.2852492583573598,57.79061598980997,63.64078082987857,0.5384915997505342,79.27338505855732,68.80499632822105,0.3964383095168276,0.9185984284029499,0.7986295050420152
47,DevOps,Mid,3.568198488145982,6,2025,0.6843952006547724,0.6517077020945499,0.6505412012467241,0.20833311699449122,0.5045003115564888,0.7505505606011428,2.171793652106275,0.6042399982360735,78.01743902379164,77.83763404715086,0.4681288409920201,88.61973979736413,69.69397523702014,0.18235016800251364,0.9185984284029499,0.7986295050420152
47,DevOps,Mid,3.568198488145982,7,2025,0.5390712471874559,0.41902189957896785,0.7297257784739911,0.14654456839433594,0.05011856695165356,0.5563303001064244,3.520597660630864,1.1256920925371103,83.09421275739652,79.84458068086258,0.7918025277979724,84.87506349260735,74.15769063846487,0.3178462227356941,0.9185984284029499,0.7986295050420152
47,DevOps,Mid,3.568198488145982,8,2025,0.7036375880441791,0.6433703400325725,0.6429691144755536,0.21302026938974056,0.1290665350545207,0.7462214549959688,1.2523218554585576,1.2687183392427115,68.14740531953309,66.58520461932781,0.014464117248375697,80.87859903666279,68.45743375410615,0.37975534254301907,0.9185984284029499,0.7986295050420152
47,DevOps,Mid,3.568198488145982,9,2025,0.6039558420518493,0.5313461135544946,0.8109039325452848,0.24780019081624502,0.04120084748656338,0.45511929342005,2.6161357802233547,0.6833024384827227,59.018551526295326,71.68325007073952,0.5076356950241322,89.098907112453,69.80859619915168,0.19416959509276943,0.9185984284029499,0.7986295050420152
47,DevOps,Mid,3.568198488145982,10,2025,0.6432698037226731,0.6042559413108746,0.6475568857100855,0.19752672355768103,0.3910729177334518,0.8635473458210133,3.0736915810605505,0.6,68.40226113323763,74.41982022827656,0.46688041277262293,90.01312770547582,70.04470117692514,0.1698906024543681,0.9185984284029499,0.7986295050420152
47,DevOps,Mid,3.568198488145982,11,2025,0.618216986375076,0.6102068286022427,0.6413904679240177,0.40120317580011905,0.2929786114673908,0.7606565499906303,2.6830168783593487,1.371931899437107,56.595244543527045,56.73414408703784,0.2853718199349432,79.55411759043686,63.59033587083778,0.41143539996711426,0.9185984284029499,0.7986295050420152
47,DevOps,Mid,3.568198488145982,12,2025,0.7928995529184295,0.6649480271373747,0.6027287211722298,0.11789011002029044,0.20969280151237865,0.5585185286331062,1.4068712482420456,1.1401199701337748,80.22308555358296,84.97433682406695,0.4393890073252296,85.98063110146882,74.63520965934475,0.3115187348478481,0.9185984284029499,0.7986295050420152
47,DevOps,Mid,3.568198488145982,13,2025,0.7467613806364981,0.7062650886825845,0.7575546112377899,0.09799103677598273,0.14724163228236883,0.8411187114514368,2.516191128084933,0.964880390083212,84.02456418978505,87.8475881186766,0.26956675284361303,87.41900337138304,79.7551040715722,0.2644843832551171,0.9185984284029499,0.7986295050420152
47,DevOps,Mid,3.568198488145982,14,2025,0.6707598693630147,0.5988858891477049,0.7247639331745195,0.6780625194304063,0.22096371948236698,0.7941323516077557,1.2383149329748315,1.4887108423029947,68.04300961953874,61.10366407114617,0.6711939049587197,77.32737401647913,65.53304981452295,0.45334738498993954,0.9185984284029499,0.7986295050420152
47,DevOps,Mid,3.568198488145982,15,2025,0.7432408357852731,0.718644344706091,0.5346037762384142,0.13936773992252116,0.1871578758143419,0.7800478826192887,1.523914255336459,1.160395552395643,90.47238004694984,82.98287118400887,0.30690990688283143,85.70959116001386,75.27314106931311,0.3178325174790131,0.9185984284029499,0.7986295050420152
47,DevOps,Mid,3.568198488145982,16,2025,0.7760437708936853,0.6927196534821862,0.767197322170212,0.08199821243551576,0.27459970677454715,0.7723296123313715,2.3318137520594786,1.2087899136445772,71.57280767946867,70.77978941533752,0.24951685080931463,85.14280839631921,74.32784584285635,0.3322345794262554,0.9185984284029499,0.7986295050420152
47,DevOps,Mid,3.568198488145982,17,2025,0.6572913758357845,0.6077546203607703,0.5821726461948512,0.12123474664540412,0.2567531688719521,0.7575487375447265,2.5124907468840663,1.073988248000732,81.49961629708503,76.27473542332157,0.8868809643829321,85.97342063630894,76.88882043349449,0.2983524776309052,0.9185984284029499,0.7986295050420152
47,DevOps,Mid,3.568198488145982,18,2025,0.600876654142057,0.5224321011110586,0.4998625228913691,0.06588420075909192,0.391616283436515,0.44690852036707357,1.4178605285958261,0.8587697478946928,80.43855836931002,85.69551616792685,0.5332042635432823,87.38280783835948,69.13553179701226,0.24356388425927622,0.9185984284029499,0.7986295050420152
47,DevOps,Mid,3.568198488145982,19,2025,0.6198026467522127,0.5448680334171284,0.7594983178352525,0.9226538652097909,0.1748355595151842,0.4996758306639819,1.9905252486127964,1.096855587564415,64.14478246676612,53.62725548421543,0.630974592572847,85.10575553238894,64.7818506309696,0.31015648807630847,0.9185984284029499,0.7986295050420152
47,DevOps,Mid,3.568198488145982,20,2025,0.639688378294439,0.574245091954509,0.8450747259655328,0.4081554376696889,0.19468423307184413,0.5332088252083071,4.584253974701042,0.9637192342383964,72.99458043579378,79.91984515661888,0.39650796288829293,85.74390590934554,72.01295127023653,0.27821129760313307,0.9185984284029499,0.7986295050420152
47,DevOps,Mid,3.568198488145982,21,2025,0.612674669060737,0.5661340809553748,0.6030149689228139,0.718829868231235,0.11460322981881689,0.8648429962183741,2.674055200244034,1.1139663303610814,66.87881067247596,62.43322637029325,0.41595191552162275,84.06663958281587,67.61080088093227,0.32223793621541735,0.9185984284029499,0.7986295050420152
47,DevOps,Mid,3.568198488145982,22,2025,0.5274458483647417,0.5280613732125937,0.6898266464666241,0.30981291645084974,0.16201831687105836,0.4405825724271779,3.90692900263672,1.02767299304829,70.63677277005122,72.62254853301339,0.6448268074434279,84.24027840788128,70.06837847350997,0.3035322785439807,0.9185984284029499,0.7986295050420152
47,DevOps,Mid,3.568198488145982,23,2025,0.5782879669889278,0.5066783827693679,0.7314836391720891,0.2909907805674488,0.4036185646540251,0.4658372096267069,2.1258511758906202,1.1236989434402609,90.23110871409003,91.65243250635733,0.2735120720218935,82.92147937973934,68.07494779341486,0.3337274605235576,0.9185984284029499,0.7986295050420152
47,DevOps,Mid,3.568198488145982,24,2025,0.6159073722675611,0.486164876313984,0.7224811530102561,0.33667493064025805,0.1159107186283504,0.8553741316660002,1.8663085998332059,1.3145489565532393,100.23343348571572,98.36940225283121,0.2751370109270959,77.04364568242174,71.75426444481091,0.4208794106238001,0.9185984284029499,0.7986295050420152
47,DevOps,Mid,3.568198488145982,25,2025,0.5820939129735176,0.5060051099519691,0.5588584469191126,0.29646459383307644,0.4122672464465943,0.9551513453127823,3.350518127769223,0.7602680901954211,81.59090486193554,87.01785466743526,0.28792355496626093,84.658585171762,68.65128025317355,0.24656540827440093,0.9185984284029499,0.7986295050420152
47,DevOps,Mid,3.568198488145982,26,2025,0.6916965615071219,0.5967843494715668,0.6883532205932934,0.36508982276002994,0.33721361342905465,0.811190469145772,1.3609793224283704,1.3251542805479235,82.64289675174453,89.08833303673445,0.30122212007288873,75.63496088109028,68.89299737009436,0.4347395154338324,0.9185984284029499,0.7986295050420152
47,DevOps,Mid,3.568198488145982,27,2025,0.7023517197423794,0.6012919957581483,0.6490030226957881,0.2599759776180407,0.32927290530913034,0.6179879486697619,3.268199900254481,0.6,77.17321519974647,65.46230791437596,0.4333338744847018,84.73536309077214,67.54085809760674,0.21387197424356547,0.9185984284029499,0.7986295050420152
47,DevOps,Mid,3.568198488145982,28,2025,0.5020211084326709,0.5000045774271861,0.6305207087552452,0.2640685356459213,0.287979717009136,0.6129613473279003,2.3660472749583525,1.3929739900212887,69.73614071557593,59.027254039077526,0.14919731579542206,73.08198837018519,60.11117317935266,0.46957822825271456,0.9185984284029499,0.7986295050420152
47,DevOps,Mid,3.568198488145982,29,2025,0.7275648292966361,0.6879419514954508,0.5195520015354633,0.4952602067483477,0.16490897792963202,0.7888176653193114,2.365061897368697,0.6,80.61477776223424,71.02062727681289,0.154746929567714,83.56502205683607,66.7647516701999,0.2236248161930327,0.9185984284029499,0.7986295050420152
47,DevOps,Mid,3.568198488145982,30,2025,0.6961828028795803,0.7359072828099855,0.7963114414235861,0.19086429273941222,0.30702647914147896,0.7326317727430635,0.1292760978165055,0.9696669579562038,71.88433109022573,70.28087267835733,0.5358884360245895,80.05709496818028,75.66236059450817,0.3267909335230718,0.9185984284029499,0.7986295050420152
47,DevOps,Mid,3.568198488145982,31,2025,0.5997089746415822,0.5571161521835839,0.6879186214641684,0.47095925960942076,0.3084990739989635,0.9270228099849352,2.414765706048902,1.0178283082625275,60.149345974346794,54.09041607424576,0.13937737584509588,79.15509629229274,66.58395612279004,0.34393985921673265,0.9185984284029499,0.7986295050420152
47,DevOps,Mid,3.568198488145982,32,2025,0.6765798042475758,0.6368110578042383,0.8032132945021253,0.22536016089475835,0.23103449853920968,0.5642958798067276,1.858717936218157,0.9220471470711868,59.21120108650295,48.49648037284851,0.8365562026082387,79.44605602427528,72.62681839101057,0.32235896254527674,0.9185984284029499,0.7986295050420152
47,DevOps,Mid,3.568198488145982,33,2025,0.6874182741262324,0.6875868963771748,0.6271207849617585,0.21345623286017615,0.07014615898802373,0.6232892530794072,2.5940745321311605,0.6256152015471,81.90187775306532,85.2737822953369,0.7587169966844706,81.39057113881644,74.1865450656618,0.24686828081928297,0.9185984284029499,0.7986295050420152
47,DevOps,Mid,3.568198488145982,34,2025,0.5420233232618963,0.5490716146036481,0.6516319419463995,0.45432754398019415,0.33963436565758254,0.6194672687880095,3.346177301211969,0.9140943595007037,74.34655210283078,67.60227588034552,0.4363769713767004,78.71037228657484,65.95974790375439,0.3268991028453504,0.9185984284029499,0.7986295050420152
47,DevOps,Mid,3.568198488145982,35,2025,0.5390437564410347,0.4825620217096869,0.7292862417047805,0.3000335329695581,0.5010879259233574,0.6656176556056336,1.7597104631407487,1.2236983642451411,67.75721313251793,56.58483938355423,0.7595132530611386,75.92117944982157,65.55047363432857,0.41206317743384857,0.9185984284029499,0.7986295050420152
47,DevOps,Mid,3.568198488145982,36,2025,0.7341689406165369,0.7456375484586658,0.8556399090671715,0.2545550059544558,0.1699062552649281,0.5379771862923378,2.736631785582169,1.246844816082908,64.27723782005725,57.20191345372066,0.3220519926937549,75.48820674995841,70.06750291157327,0.42030057363359485,0.9185984284029499,0.7986295050420152
47,DevOps,Mid,3.568198488145982,37,2025,0.648820257731881,0.5985616490873632,0.7974539496401586,0.36860078998758244,0.1813478386359406,0.556498038702239,1.9588145160922923,1.0696369621459632,78.94477838015266,90.1501888641579,0.4336265575861637,76.72624170775077,72.14601181681478,0.37454204486460285,0.9185984284029499,0.7986295050420152
47,DevOps,Mid,3.568198488145982,38,2025,0.5628017396230753,0.5327540604722414,0.7736418742258431,0.28681064266872996,0.25666994005121346,0.66030086902197,4.256147712217444,1.1704535767679984,74.88896096393225,74.03635109355487,0.49885398634340294,75.81087350741448,69.25328843361584,0.40233343612514566,0.9185984284029499,0.7986295050420152
47,DevOps,Mid,3.568198488145982,39,2025,0.776944623719889,0.6932274012035227,0.6737260976629252,0.4946044233591923,0.29827618275362516,0.5854059778951665,3.69137971861387,1.1650944647599553,84.67998215012017,86.27958844510536,0.45666465515700033,75.8172907739691,70.54007736660712,0.40120813650224857,0.9185984284029499,0.7986295050420152
47,DevOps,Mid,3.568198488145982,40,2025,0.7236743993609102,0.636966964629438,0.5537756808684415,0.7464907202702311,0.18510658478128827,0.7872713540370048,2.3260242170809957,0.6,70.32380986243119,68.20754674153571,0.5097272396493516,80.37450212155848,65.29790154629418,0.25021248232034604,0.9185984284029499,0.7986295050420152
47,DevOps,Mid,3.568198488145982,41,2025,0.5922612043635288,0.625177656294853,0.6352670458290866,0.3309694298917563,0.1756961102344427,0.9084783340266757,2.1980620141236633,1.1979818740806372,69.78808507066263,61.51671067859269,0.35831265595361483,75.69948241227338,69.05967339138775,0.4087673547138493,0.9185984284029499,0.7986295050420152
47,DevOps,Mid,3.568198488145982,42,2025,0.824934337946172,0.8458260334828519,0.5443118556176079,0.45594104538352,0.16097224903137622,0.5880323354053432,2.5130511198745973,1.2332932955166238,65.18895426811491,67.30147749613522,0.6776544011351779,75.59661891448867,70.93366561924496,0.41668683481591917,0.9185984284029499,0.7986295050420152
47,DevOps,Mid,3.568198488145982,43,2025,0.6636928187121206,0.5917879726749352,0.6573976706790718,0.3305083144053529,0.35042445432464836,0.5439452654155728,1.0871171848203722,0.9491736030929034,81.80209528170586,75.34130162859272,0.6816178380158863,78.11737753903947,70.88357680228515,0.33885657445991846,0.9185984284029499,0.7986295050420152
47,DevOps,Mid,3.568198488145982,44,2025,0.7450744108735841,0.6353536267020288,0.6842404851971328,0.06757663768999782,0.059957450040547304,0.7324380872509362,1.4291447536782194,0.970382227930085,82.38053806197743,82.54718624383916,0.49318952866323496,78.26006933913979,78.08016304871188,0.3419092010931854,0.9185984284029499,0.7986295050420152
47,DevOps,Mid,3.568198488145982,45,2025,0.7084445916112131,0.5861677885137849,0.8986513684496371,0.20807229640949482,0.06395854834399364,0.34901848627022436,3.240244926537156,0.6,81.45990041733006,79.63231678573584,0.33984831225820766,81.59549275119325,70.48532830632392,0.24003756040672292,0.9185984284029499,0.7986295050420152
47,DevOps,Mid,3.568198488145982,46,2025,0.651894758396198,0.6083114532138748,0.5691850698729678,0.17994888135823378,0.11209050950050845,0.829965386880933,2.2198208806467146,1.0027469797530781,57.123557951324614,56.51316848763914,0.6314830662793711,78.80045736282014,73.02156379303429,0.34387891792711445,0.9185984284029499,0.7986295050420152
47,DevOps,Mid,3.568198488145982,47,2025,0.6237770176910021,0.5476156303047645,0.7089260549590453,0.4840647377225339,0.24839028497620666,0.7760659651520541,3.0168514283394057,0.8142595517580496,69.80722957527756,69.9951509810672,0.22759269424107859,80.78364634432857,66.93086401791903,0.28965485748220515,0.9185984284029499,0.7986295050420152
47,DevOps,Mid,3.568198488145982,48,2025,0.524418073096922,0.5413007853685168,0.7152136457242192,0.15634662775527486,0.34482847625663693,0.7789078409766013,1.461413287690858,1.4856157867858568,79.78069982723609,81.38731967824648,0.5658187361975159,70.10211489611277,66.96625009150962,0.5129388665562317,0.9185984284029499,0.7986295050420152
47,DevOps,Mid,3.568198488145982,49,2025,0.6590308906896032,0.6018954157899574,0.8546764758859813,0.2961690021591267,0.5296214305986737,0.7763312738117083,1.7514339302597064,1.3269424997170691,73.60418176369743,72.53064184720463,0.1408032972307551,73.82617206249469,65.89604586690668,0.45017039942262477,0.9185984284029499,0.7986295050420152
47,DevOps,Mid,3.568198488145982,50,2025,0.718060905781091,0.6788790339041302,0.5445986483194674,0.10717076663212613,0.4800134156760417,0.8818236871384604,3.069513925618625,0.9023167562529251,88.94191037717633,82.37643366205344,0.4932780296449356,81.72293412058755,74.5287325678316,0.29943890024568875,0.9185984284029499,0.7986295050420152
47,DevOps,Mid,3.568198488145982,51,2025,0.5533721771733972,0.5194648287937581,0.6983026406036402,0.062278719698308886,0.47018219114372284,0.8854100658596066,2.102671026458964,1.1372230772376137,72.8413553698366,66.27920144092074,0.5036129467922991,80.43757847287121,70.64483552207477,0.3571314615069293,0.9185984284029499,0.7986295050420152
47,DevOps,Mid,3.568198488145982,52,2025,0.6607097866114411,0.6683067440691599,0.6171369907434519,0.11140816124835749,0.4364818742243751,0.8731656235801705,3.0030040022269704,0.8265347935644749,75.24758600137189,77.55633260479576,0.35445193941607533,83.52576814353294,72.18298577549554,0.26925889085012045,0.9185984284029499,0.7986295050420152
48,DevOps,Mid,3.282623055075649,1,2025,0.8046033198688033,0.7764109546245538,0.40127129060540434,0.24174405356946915,0.21675106925164755,0.8168901650793242,1.9709617781413764,0.8151859897442857,66.84703813856052,55.423780779455804,0.32140870483913186,73.71572950876403,68.97947962035876,0.34873945204249024,0.6664220762205741,1.0885052640768924
48,DevOps,Mid,3.282623055075649,2,2025,0.9407439129977238,0.8776017239036984,0.8013098675444214,1.0158167366507174,0.31339021611381856,0.5084784388597996,3.6768066139707574,1.0033639136231236,70.61292781999062,67.40346072336892,0.15237287825635862,72.80420103789449,67.1277202059716,0.3939711074088374,0.6664220762205741,1.0885052640768924
48,DevOps,Mid,3.282623055075649,3,2025,0.7771635112372726,0.7887969973072185,0.6654136889062902,0.3467221127465641,0.31374665731972384,0.5893972886618996,3.6277585323043287,1.5903956559422083,85.8529472229573,83.16410380992995,0.8029366135605688,61.5996453418102,68.3448506972503,0.6047487533400233,0.6664220762205741,1.0885052640768924
48,DevOps,Mid,3.282623055075649,4,2025,0.8822547049488054,0.8430817401478061,0.5706046280899102,0.21599619807811418,0.28960484650558027,0.674696947471263,2.3382832155735027,0.8088202145209883,81.7283273442943,87.9699595252457,0.5065022228758853,75.48758816949262,75.13645090370396,0.3327008081584258,0.6664220762205741,1.0885052640768924
48,DevOps,Mid,3.282623055075649,5,2025,0.9927236730258039,1.033117349415373,0.7220710416936524,0.3225210398064681,0.18233214522630858,0.7760806727382672,5.565525898375919,1.0462288512240736,59.58951775033077,52.35806934772601,0.7536831062035031,74.10502694930489,79.54720841694285,0.3917038790006074,0.6664220762205741,1.0885052640768924
48,DevOps,Mid,3.282623055075649,6,2025,0.9695984989406672,0.96030787607841,0.6714503170864876,0.28042198333972634,0.5874012471319751,0.87185398773379,1.285587892257587,1.3183287748230428,74.70053931227928,78.91976947433065,0.8312776939137956,68.58357182018482,75.60127646823632,0.49213598979640183,0.6664220762205741,1.0885052640768924
48,DevOps,Mid,3.282623055075649,7,2025,0.820599803800105,0.7469243030971009,0.6097950401108155,0.20023670541949404,0.23507792015958553,0.8771560634381667,4.32776900136369,0.9875961915636634,70.91003861278674,70.23016268756318,0.11024228552158699,75.4763182337879,73.46357509311132,0.3685499196978336,0.6664220762205741,1.0885052640768924
48,DevOps,Mid,3.282623055075649,8,2025,0.7417374852488183,0.6824076975443278,0.854466862156979,0.19370223756375318,0.28268251383907356,0.7100351189049176,2.2000867534304693,0.954287943135375,63.7667942542876,60.42757896198304,0.3885790763396264,76.11514980982697,73.23017747152869,0.35656467354518356,0.6664220762205741,1.0885052640768924
48,DevOps,Mid,3.282623055075649,9,2025,0.8913108484407367,0.8149328377056552,0.6969070455820361,0.3885550338394787,0.382169242242943,0.7496115056661193,0.43475131257399946,1.1879178173050187,82.83920263074685,88.3854957575416,0.6699256631401759,74.55847161526759,75.70797777987546,0.4162629666671071,0.6664220762205741,1.0885052640768924
48,DevOps,Mid,3.282623055075649,10,2025,0.8542143868515176,0.8189190742248039,0.7697611274771935,0.18634394630464562,0.18309872069467853,0.7418855091526922,4.107351133641394,1.2942504471749992,71.12407621673977,74.11155531845613,0.7987809486391049,70.42460629536879,76.82807113597563,0.4719783703069266,0.6664220762205741,1.0885052640768924
48,DevOps,Mid,3.282623055075649,11,2025,0.930100075042767,0.9368926085107893,0.7010958187625096,0.29549537996138414,0.10576322650083328,0.8882152468601262,3.6094418550158274,0.673543929152731,75.00790537998039,71.98977454930824,0.09891713765512948,79.10089167935011,75.46538964955982,0.2755346885026285,0.6664220762205741,1.0885052640768924
48,DevOps,Mid,3.282623055075649,12,2025,0.9404929562153755,0.8083707110687781,0.6003648672267534,0.340198074805932,0.11692041742470602,0.8011248203587668,3.7468004288037897,1.5563803657589608,82.50354311240734,78.81560257604269,0.6860996830098723,65.47047108075274,72.61104601666261,0.5656888141455192,0.6664220762205741,1.0885052640768924
48,DevOps,Mid,3.282623055075649,13,2025,0.7814482781611847,0.7381156431969484,0.7497617504661628,0.3622374374854252,0.656281745440602,0.9189734531781577,2.367808455017309,1.0030097087559326,65.58272757956645,71.52588511601631,0.483951437516389,76.61045635539423,72.35876409924195,0.3621814721229013,0.6664220762205741,1.0885052640768924
48,DevOps,Mid,3.282623055075649,14,2025,0.8714192752964764,0.8285669331622066,0.8316363159963073,0.35590318663246684,0.3271632344167359,0.7671231712733572,2.110141877009543,1.270073896304006,77.57758778602452,79.10071328169396,0.48838204253581774,71.19660046985184,74.36321629194225,0.4607097753453691,0.6664220762205741,1.0885052640768924
48,DevOps,Mid,3.282623055075649,15,2025,0.8614436959734035,0.8239463313357298,0.49587312060675737,0.028618976437223255,0.5168873142125804,0.6810978746575133,1.7130482158097275,1.3342727070268328,93.3384253287781,96.06458576322551,0.30744469279601894,69.8037889720353,71.41356797953382,0.485156299971739,0.6664220762205741,1.0885052640768924
48,DevOps,Mid,3.282623055075649,16,2025,0.7600708106105113,0.6614706543503808,0.7814101923000546,0.09753043475707034,0.0884001972597978,0.7404872956634494,1.8265775247042315,1.4299045466990021,59.61205943483979,59.325156291873476,0.5874298479791688,67.71152430488873,71.0205186500496,0.521718206799061,0.6664220762205741,1.0885052640768924
48,DevOps,Mid,3.282623055075649,17,2025,0.8038178766511028,0.7340371685257668,0.7812033728174975,0.8323690124103532,0.15825771528795182,0.5185672321329654,3.9876523235206243,1.0560387872963946,80.03151678892345,88.9706852483905,0.41716779861876324,75.61350385533659,70.7529915488484,0.381095225331474,0.6664220762205741,1.0885052640768924
48,DevOps,Mid,3.282623055075649,18,2025,0.6746236054565546,0.6131035423302728,0.6679101002194516,0.3787216885823888,0.22768952610951199,0.741078867870658,0.9260326969611994,1.1627869191447924,77.92892593790928,72.7057391853691,0.5028998169505887,74.44715800175163,70.27945055325641,0.4121644004810282,0.6664220762205741,1.0885052640768924
48,DevOps,Mid,3.282623055075649,19,2025,0.8727245176898423,0.8163062455152857,0.6366819475947867,0.24493461885205756,0.3547786484581589,0.8675019495914953,2.6435781870551462,1.4522614296609615,79.55167788929607,77.8534299042118,0.5239125159191441,66.33185917307797,71.56895466539004,0.5376867928232092,0.6664220762205741,1.0885052640768924
48,DevOps,Mid,3.282623055075649,20,2025,0.7652014747999047,0.7162540003668793,0.7505780289139976,0.24328214340072568,0.1081964969886707,0.815453425651924,1.7779755491759421,1.0608346315899193,85.66755409867145,83.94791836516272,0.6737994095023911,74.46347026392631,79.21432670262352,0.39163800745193134,0.6664220762205741,1.0885052640768924
48,DevOps,Mid,3.282623055075649,21,2025,0.9487155615162695,0.9132636135427913,0.6150610316751081,0.29567536044859005,0.1084380287179964,0.550831992082183,2.244935179726873,1.3648566556957396,76.64349763464986,73.056055845733,0.41262131541010305,67.17772464518268,71.81859489955123,0.5131569590959589,0.6664220762205741,1.0885052640768924
48,DevOps,Mid,3.282623055075649,22,2025,1.0212185131952665,0.9952662613193236,0.7832086348673077,0.08487096317908785,0.25195983468861766,0.23167290889356706,2.450792289615151,0.8885265132911914,75.40680389402674,75.07585165839797,0.11931534767106693,74.84993777933101,74.72765350681482,0.3539558211638132,0.6664220762205741,1.0885052640768924
48,DevOps,Mid,3.282623055075649,23,2025,0.9826448676077779,0.9668926664657219,0.8230480967891185,0.19446099614136755,0.24225805662527763,0.6349579238789561,4.569214128919381,1.3050120216679018,78.13376893442724,75.4626161423733,0.6378612530631453,67.30731802729633,77.58265841418522,0.5001080874394442,0.6664220762205741,1.0885052640768924
48,DevOps,Mid,3.282623055075649,24,2025,0.854382419841481,0.8402113787090674,0.6804703640996864,0.27111624601271633,0.12669550207978247,0.4386697612840011,0.9596907616730426,0.8851327076065625,61.08570528075216,60.81968376940786,0.3040437490637843,73.75005068602698,70.82561067917044,0.362442785804421,0.6664220762205741,1.0885052640768924
48,DevOps,Mid,3.282623055075649,25,2025,0.846900300353508,0.7989537191486631,0.5625599072495979,0.49977807909445526,0.12862865255166075,0.3696942084565031,0.2506093301552448,1.3418467670383594,61.40482164681481,63.314683644689026,0.2595340967301736,65.40028208595113,63.0313038810814,0.5233670026914125,0.6664220762205741,1.0885052640768924
48,DevOps,Mid,3.282623055075649,26,2025,0.8537088525753616,0.8172026560641054,0.7461475985156762,0.19430589688513475,0.11344982826289346,0.9479345151636622,3.1965297094145226,1.3965734640138332,65.36646791826196,65.41152793975984,0.3332060848271767,63.70306474516503,72.70171301603409,0.5484558199263914,0.6664220762205741,1.0885052640768924
48,DevOps,Mid,3.282623055075649,27,2025,1.0681214156929353,1.0719430990477292,0.7405674474911667,0.03620636370596025,0.2722323199528878,0.664994352568543,1.6784195825508224,1.0507177254535327,54.43196175211797,65.82682987438157,0.17070363456439885,70.62610882053683,77.6862996039736,0.42159263825289967,0.6664220762205741,1.0885052640768924
48,DevOps,Mid,3.282623055075649,28,2025,0.8379478202966902,0.785509113522677,0.5595336389066532,0.14467475895364112,0.19109088619893194,0.8578641224207354,1.6715168440647035,1.1559583092599024,98.01033609213353,101.70406719901834,0.1727295422891718,69.19028922992469,76.13217716438918,0.4546059182692747,0.6664220762205741,1.0885052640768924
48,DevOps,Mid,3.282623055075649,29,2025,0.8439655696423609,0.7866725229696907,0.686288950655004,0.10834222221677507,0.1624551722271856,0.8874098400524199,0.9740641171855358,0.8119027064664751,88.55055518555011,84.80455506894927,0.5466573258226404,71.36628793849722,78.99973392396461,0.36766147513915154,0.6664220762205741,1.0885052640768924
48,DevOps,Mid,3.282623055075649,30,2025,0.7842586563946112,0.7084826953009278,0.7742172487166323,0.375584723145886,0.20515328692165297,0.8193594361558438,2.0777488628347567,1.1093470768199123,76.12381399002695,78.8129440969457,0.33715226497104744,68.43614155066356,73.07351399152982,0.4515682357751194,0.6664220762205741,1.0885052640768924
48,DevOps,Mid,3.282623055075649,31,2025,1.145897707150075,1.1132674534836562,0.7024778144682396,0.0797989890238165,0.23244431941906415,0.584434201598105,3.111213148096713,0.6627075647676248,57.81475929009409,69.8859987481147,0.22985895563643097,71.49254977364491,75.9480888811597,0.3367702648398173,0.6664220762205741,1.0885052640768924
48,DevOps,Mid,3.282623055075649,32,2025,0.7500223986239424,0.6953765557749659,0.8995213200985354,0.47254718830688613,0.5709129484323529,0.5240147829982633,2.6815314469553924,1.249395423868396,69.01901120974581,72.54668077807177,0.16287611362943585,66.32375734329055,63.76532104999334,0.4971811069129246,0.6664220762205741,1.0885052640768924
48,DevOps,Mid,3.282623055075649,33,2025,0.7673652174835268,0.6737146713437338,0.6659549099771099,0.27212000513811624,0.3030869732884284,0.5271615252649309,1.8326061810676135,1.1535281286174859,81.80894217128392,82.0165068870035,0.6821453503489053,66.66375525564631,71.2702501534142,0.4751743319264446,0.6664220762205741,1.0885052640768924
48,DevOps,Mid,3.282623055075649,34,2025,0.9070474605837643,0.8271519675021299,0.8602313234889832,0.2660052448486339,0.34906851442969283,0.9654888037295184,1.3083369523836013,1.2654078703026623,74.79651282959317,73.31560330434317,0.7081653136646746,62.211457289920176,76.80398260999704,0.5346527633111977,0.6664220762205741,1.0885052640768924
48,DevOps,Mid,3.282623055075649,35,2025,1.0025062417478914,0.9527251510062386,0.7376905567661748,0.3406417787446133,0.21745263238992382,0.698063118903979,0.732227868495285,0.9621185795405149,83.06726193957012,89.01848268042325,0.13813517346970225,67.51030526085152,76.90330777561218,0.4298378387343402,0.6664220762205741,1.0885052640768924
48,DevOps,Mid,3.282623055075649,36,2025,1.0140559032479082,0.9524650730900776,0.6867070154912356,0.254163971469237,0.11399030079853568,0.7500673052229697,2.7085693695821202,1.6,70.86652731300813,66.21991800828727,0.7540749472891239,54.95945281201462,72.7917357847349,0.6130068398498173,0.6664220762205741,1.0885052640768924
48,DevOps,Mid,3.282623055075649,37,2025,0.819359872121732,0.7673492623614105,0.7988358623286853,0.1287028014272828,0.1597171335950725,0.7833133215937363,2.7096300881530726,1.1243454807481212,73.17060120807865,68.68781738655842,0.2286160225207894,65.78506109232646,74.25186726902862,0.4766602537135704,0.6664220762205741,1.0885052640768924
48,DevOps,Mid,3.282623055075649,38,2025,0.7873929339672248,0.7270989839118931,0.8433107930545521,0.3628737026555518,0.5901388475512059,0.6252868795397658,2.7185949394833107,1.3205385124916793,83.33748509991449,94.93131498780856,0.0949980133241437,60.26021940511784,65.86520106763847,0.5619392074556873,0.6664220762205741,1.0885052640768924
48,DevOps,Mid,3.282623055075649,39,2025,0.882522586671198,0.8634998462760746,0.8415032936241622,0.3106071658288449,0.08411258315410948,0.8526175745363535,2.955054558965923,1.3020719012138278,80.43791857704561,85.61506074251831,0.8090061766928474,60.59309600116514,78.88955766595241,0.5554719135663895,0.6664220762205741,1.0885052640768924
48,DevOps,Mid,3.282623055075649,40,2025,1.1786115691631187,1.1230808107261667,0.6115585861425689,0.2778109128932379,0.34461683623766665,0.5420905129079457,1.3720999672118412,0.967619505458114,75.59710340728427,70.94167527467899,0.3200937216622102,66.93003361128652,76.74860951128028,0.43577362099756844,0.6664220762205741,1.0885052640768924
48,DevOps,Mid,3.282623055075649,41,2025,0.7557879605438254,0.732182046648574,0.7943162350866838,0.13112976328456005,0.5115964108131931,0.8907447438651603,3.0838575767823064,0.6961235368866298,79.00629725872871,83.58425799517063,0.3100327058106567,69.2108366432184,71.8054664251993,0.36246773535050597,0.6664220762205741,1.0885052640768924
48,DevOps,Mid,3.282623055075649,42,2025,0.9577799582679235,0.8687178258801054,0.7602755819676824,0.3847474406694781,0.19747153414301322,0.7804773788076704,0.8398984353463381,1.2188261432851264,61.44533220456072,58.37160710569867,0.839106046478591,65.20884366573361,75.36145507533362,0.5003581981092452,0.6664220762205741,1.0885052640768924
48,DevOps,Mid,3.282623055075649,43,2025,0.9150437973350269,0.8335779592690635,0.7354937602952107,0.6178232029719101,0.23911458870487468,0.6366295245089636,3.569539700486166,0.6468644106072675,72.26332267398277,67.50293835751185,0.26174323047901804,70.0323386123175,67.70812011247457,0.345770060352141,0.6664220762205741,1.0885052640768924
48,DevOps,Mid,3.282623055075649,44,2025,0.7636526717150283,0.7502689413611022,0.6280446285137077,0.13492146687021847,0.15788569664756547,0.7652480329052189,1.9347399669023697,0.7397078456764603,59.94358706326233,64.15377929070891,0.43958326671191383,69.60195193056174,71.06442044215338,0.36792530304727755,0.6664220762205741,1.0885052640768924
48,DevOps,Mid,3.282623055075649,45,2025,0.8628202405563129,0.7488849968542592,0.7378353936319073,0.1204512011304757,0.1797019055737268,0.9358387433591423,2.3462302094124667,1.1234338432383715,44.34861227582853,41.39482037461611,0.3286681834212683,66.90450953867922,72.1681413471389,0.46714918915868076,0.6664220762205741,1.0885052640768924
48,DevOps,Mid,3.282623055075649,46,2025,0.772886994058027,0.6853723724976284,0.7261349389556528,0.38538672977642835,0.14868884392887383,0.6571846623172376,3.3526563198301815,0.9603149737430275,91.43127144601905,96.15979186383183,0.8578626158627708,68.6364009442935,77.66028366569536,0.42009298687949304,0.6664220762205741,1.0885052640768924
48,DevOps,Mid,3.282623055075649,47,2025,0.8778788155610908,0.8137626504245875,0.6720303382181358,0.419862079746324,0.1908214076071635,0.5643307023843956,1.0425135458186634,1.2322911718262595,85.60844311698136,82.75203027238626,0.358234004513435,66.93588091717584,71.24684017599024,0.4886592267221199,0.6664220762205741,1.0885052640768924
48,DevOps,Mid,3.282623055075649,48,2025,1.0283689165515042,1.04680028053537,0.7409046599227125,0.23864145089487648,0.5003652042444546,0.4083182024826536,2.2101777398763445,1.227858641247536,71.13527596366518,74.84126079580824,0.9523744106082599,67.48804903524257,75.99722092878788,0.4831713196224858,0.6664220762205741,1.0885052640768924
48,DevOps,Mid,3.282623055075649,49,2025,0.8513356804532798,0.7559533402957079,0.8873024062280409,0.327357106760971,0.4535948386189812,0.719820351298491,2.39192399579226,1.01786305190218,73.52871800513331,72.80989385601734,0.2979900451120497,69.71860517501158,73.12481900114508,0.42258423392200617,0.6664220762205741,1.0885052640768924
48,DevOps,Mid,3.282623055075649,50,2025,0.9112068077822737,0.8666816567151442,0.7233231343544868,0.06540932683862458,0.17564144560093042,0.5670220802729482,2.496283387972756,1.0138617887358923,92.98795320275053,95.03272016597076,0.4973265733328254,70.32706139411677,80.65587358902285,0.4167135127962054,0.6664220762205741,1.0885052640768924
48,DevOps,Mid,3.282623055075649,51,2025,0.8826943063673768,0.7729575977951231,0.6026432802394283,0.43267907809678186,0.049650111750037106,0.8732031818102781,3.324230956192248,0.9287102315664894,69.72927184203039,74.81225672120198,0.5885522206583446,71.60216877163316,76.0941127837291,0.3890573065496882,0.6664220762205741,1.0885052640768924
48,DevOps,Mid,3.282623055075649,52,2025,0.8069754780207095,0.8127690502655327,0.7759991003024075,0.13566023620031972,0.3777046659385259,0.9614518292119695,3.0258136823125037,1.2975034252613316,78.27900749228974,70.94994292891123,0.030505071764409038,65.68446552021507,71.38776009342426,0.5121301390504741,0.6664220762205741,1.0885052640768924
49,DevOps,Mid,2.0762573802322857,1,2025,0.6273229169793676,0.5426169314590698,0.7293106045971443,0.1397684749731789,0.08789954042431701,0.7796985631529872,5.484024506327075,1.0514977194408657,73.51914367838545,81.1488830041239,0.6422401078896076,67.0849301355712,74.39999058567662,0.4512584594250798,0.629663151324035,0.7762966491955313
49,DevOps,Mid,2.0762573802322857,2,2025,0.6390345472742006,0.5645134726820854,0.6298385448848464,0.4352892070969767,0.16307213675220222,0.6504599441455092,3.4728049913938697,0.9839265705874616,81.61847470172593,73.94079026906671,0.045390069834177746,68.21939424655959,66.18008029068665,0.42829036206282906,0.629663151324035,0.7762966491955313
49,DevOps,Mid,2.0762573802322857,3,2025,0.5539984675606274,0.5113967775745841,0.9122659551969576,0.32838783951112993,0.00962053464617412,0.6394720961325274,2.7908543650574678,0.8524813103008267,85.48408273969382,83.19437818393425,0.2593034157614511,69.84740244262757,70.93131998916917,0.38843457503826895,0.629663151324035,0.7762966491955313
49,DevOps,Mid,2.0762573802322857,4,2025,0.5460538655072454,0.47734431558813356,0.6722749323133443,0.4151908855973732,0.21462474590508257,0.8118882484576543,3.311356348700325,0.6709094301842234,92.12752766905088,92.46481452247598,0.48472882647886906,71.85056890856654,68.16503090280203,0.33542714513212346,0.629663151324035,0.7762966491955313
49,DevOps,Mid,2.0762573802322857,5,2025,0.5493057597907187,0.468165405981578,0.7450783310133711,0.2529580619536557,0.1548082669698572,0.687885461125369,3.451116272538887,0.9148869994375347,68.6797769155545,63.889402528986736,0.8692388807301844,70.415456227977,70.9705473326147,0.3961819313210319,0.629663151324035,0.7762966491955313
49,DevOps,Mid,2.0762573802322857,6,2025,0.6311701248038122,0.5819526024966506,0.6506124436006949,0.37364901445977744,0.5722834967592358,0.9616052302726833,2.2721227839545506,1.1794037365238084,87.07737119522253,88.35803091163011,0.799182799458853,68.77461188883501,70.9803575893952,0.46275898156446993,0.629663151324035,0.7762966491955313
49,DevOps,Mid,2.0762573802322857,7,2025,0.6915646333015952,0.6629910562345421,0.7533313555962974,0.22410705666498298,0.27915544617950216,0.5803700352039746,0.7643555774964352,1.6,73.80578584299128,70.36764146510036,0.07380908988940112,58.63678223067701,61.2872396420571,0.5670402221165375,0.629663151324035,0.7762966491955313
49,DevOps,Mid,2.0762573802322857,8,2025,0.6180651752864523,0.5443248377155987,0.6130717416073821,0.3510432540313674,0.20975811011259707,0.6865765412041057,0.7979844869075716,1.20143875618276,90.28526019578894,93.02224601194293,0.6589760663165541,69.3976377698277,70.47834298120121,0.46197410315465454,0.629663151324035,0.7762966491955313
49,DevOps,Mid,2.0762573802322857,9,2025,0.5213002682406518,0.4880951632579097,0.5718632170280498,0.822369568438381,0.11857298469612153,0.8006656050894285,2.8247655320479,1.2923583091593216,93.13264509946156,93.4604798271103,0.5334305855130311,65.47434243490112,64.2035924237241,0.5128521415410218,0.629663151324035,0.7762966491955313
49,DevOps,Mid,2.0762573802322857,10,2025,0.4322328828791339,0.3610359860951783,0.7692428655487482,0.23500667554880558,0.21278930382130526,0.7650626630463095,2.5602888843349088,1.2553731103115058,83.35120476055067,81.44107882345865,0.7401123237988911,66.46184749701845,68.2714534615632,0.4972258929204807,0.629663151324035,0.7762966491955313
49,DevOps,Mid,2.0762573802322857,11,2025,0.5729166314781704,0.5290542957855079,0.6352047649095953,0.23627374087030106,0.051070114436892855,0.9170778908357923,2.1977875370990834,1.0934838354116694,94.59366312111517,100.93972141733336,0.19136652987142683,71.0010668936584,73.31286473277588,0.4270212096351805,0.629663151324035,0.7762966491955313
49,DevOps,Mid,2.0762573802322857,12,2025,0.4553793815680691,0.374278235056748,0.7823060977490355,0.16372466963906102,0.09662015603573235,0.6136193936910713,0.7316581673985292,0.6335106370822482,71.96200756130278,72.29124346229017,0.37173005561152667,74.78968776365379,65.3789018515611,0.3034547293860014,0.629663151324035,0.7762966491955313
49,DevOps,Mid,2.0762573802322857,13,2025,0.584768373196629,0.5050363153698679,0.8833419642174777,0.2164189132539989,0.40117629080758843,0.4520399986436314,2.3981260268911133,1.1764101638197664,77.91438264093152,76.59410799986611,0.09426919423347786,70.48294717926336,64.75587425899165,0.44792413960342525,0.629663151324035,0.7762966491955313
49,DevOps,Mid,2.0762573802322857,14,2025,0.6187418074108599,0.5578651311180788,0.835962827275145,0.5196971298372928,0.6085548511006432,0.8834922421907829,4.116467003699997,0.9417136274868421,63.20131463162788,59.68274721411568,0.19769252594183695,72.32406384041704,64.52866664874068,0.3856421934938931,0.629663151324035,0.7762966491955313
49,DevOps,Mid,2.0762573802322857,15,2025,0.490500507706651,0.42842541679962126,0.7621291914031721,0.11163199350455073,0.30985057013507206,0.9385508183693713,2.7966125305325775,0.9944506181701257,68.16943199608762,63.92743646338437,0.6157392406001108,71.79333263159076,71.41101219291441,0.4006123517041022,0.629663151324035,0.7762966491955313
49,DevOps,Mid,2.0762573802322857,16,2025,0.7037241711223114,0.6754022108103244,0.6964035192460787,0.38539514547753895,0.2566616178103192,0.9353881494737131,2.220154350396164,1.1074091231269367,91.88747837588156,82.82022101326194,0.4000737706020777,70.71003671823308,73.71314660309163,0.4322315186401116,0.629663151324035,0.7762966491955313
49,DevOps,Mid,2.0762573802322857,17,2025,0.4636136590079049,0.5201793328631359,0.4987519464956131,0.22460769554526275,0.23694139401236775,0.926493625380992,3.4560561464781343,0.8876979956682242,75.75120022106488,71.02722367417648,0.5339094572031579,72.21992465274175,68.42124714449186,0.37570689369413024,0.629663151324035,0.7762966491955313
49,DevOps,Mid,2.0762573802322857,18,2025,0.6959864962938247,0.6412899453532839,0.7670877992656862,0.47994847693164977,0.0730480309020617,0.4665535381137804,2.7180924628953833,1.0909064447936885,71.37256036427327,70.29902028123566,0.34793872412545657,70.28189626094027,68.38753452320299,0.4324988201175688,0.629663151324035,0.7762966491955313
49,DevOps,Mid,2.0762573802322857,19,2025,0.6805960612778611,0.6714492599878471,0.6732344021809347,0.24600174608663838,0.2990911681997098,0.7769231080465203,2.47153567922428,1.3810018918008278,71.67011150145909,77.34499757756284,0.6312096624652228,63.01674439466045,68.6362799453616,0.5510608417379952,0.629663151324035,0.7762966491955313
49,DevOps,Mid,2.0762573802322857,20,2025,0.5138210447428989,0.46874837986207557,0.5255842186347874,0.03419768976339343,0.1367957021524123,0.9584185866301043,3.963211314460342,0.8687040064047993,73.82046576402303,72.94452512331601,0.4353850712540294,71.26020972978708,70.37305111271563,0.37990572019940083,0.629663151324035,0.7762966491955313
49,DevOps,Mid,2.0762573802322857,21,2025,0.573087867680791,0.48755755909390286,0.883525039842119,0.22898884584206508,0.16832342591152807,0.87137441730326,3.262363730878904,0.9801892932941477,79.68586716722301,79.23609967558845,0.9799488787584448,69.8930378771241,77.47252814150251,0.41359587634946204,0.629663151324035,0.7762966491955313
49,DevOps,Mid,2.0762573802322857,22,2025,0.7060349957825911,0.6195050083433338,0.8139087534128875,0.43326923189976124,0.2522035991752579,0.7925681039297847,3.0039412570575976,1.2700417017513568,71.514147093145,74.84840135834338,0.4183285878151603,63.817010315013206,68.37210986111654,0.5221999210584947,0.629663151324035,0.7762966491955313
49,DevOps,Mid,2.0762573802322857,23,2025,0.6686303155615725,0.6885211024086353,0.7460752967415701,0.17928081163193707,0.14804848192132036,0.8294552075729369,0.7234064968220877,0.7595409998567932,73.93174947196512,68.40575684055213,0.47378134391255083,70.59092492617984,72.71507454836151,0.36365049225319335,0.629663151324035,0.7762966491955313
49,DevOps,Mid,2.0762573802322857,24,2025,0.6153094261750148,0.5847212145602206,0.6949645049201592,0.2708249913030618,0.18796856052682137,0.6024735877410116,0.5484835759380879,1.289284758270354,86.60439123218146,83.44913420190221,0.5066564954312669,62.305111645852215,67.981482585135,0.5386476879386357,0.629663151324035,0.7762966491955313
49,DevOps,Mid,2.0762573802322857,25,2025,0.5761528732436328,0.538684946401202,0.47413627844814543,0.05230627567577288,0.4059260306874042,0.7617755700019246,2.7725097663837728,0.7518871579565802,71.2371177340517,78.11955647913086,0.5777589373179228,69.48181462744547,66.83591648126698,0.3713623096959371,0.629663151324035,0.7762966491955313
49,DevOps,Mid,2.0762573802322857,26,2025,0.6417050914026636,0.5466995486034012,0.9009392188020006,0.6689109975342514,0.36403737401471686,0.9166488566840019,2.1349435620372628,0.6,67.61260292850969,65.3769511346807,0.6492359852995182,70.0942284898215,66.29928707722198,0.3358814292514875,0.629663151324035,0.7762966491955313
49,DevOps,Mid,2.0762573802322857,27,2025,0.6575690888575937,0.5926516384223817,0.8454419995005376,0.15530621998601635,0.37408784673179635,0.5491753227384392,1.9234414426825188,0.9215099673856908,79.7359685589719,76.61346953038868,0.2608411571857516,66.91946534945937,69.20339413144855,0.4266397822316434,0.629663151324035,0.7762966491955313
49,DevOps,Mid,2.0762573802322857,28,2025,0.5993009719560541,0.621345590509388,0.6511811898671811,0.07595721828072771,0.24298645115382436,0.7334509284136098,2.6722287125242783,1.417212790456468,69.3566725933046,76.02208981834077,0.11785383163646387,57.35339435925435,63.74766230249463,0.4916889657375546,0.629663151324035,0.7762966491955313
49,DevOps,Mid,2.0762573802322857,29,2025,0.569234469638353,0.5154685305556572,0.7001732187991162,0.36572778422789815,0.2882372973468014,0.793232028278556,4.027116504980615,0.8941666638260162,49.9481312140559,50.15176787512191,0.5251647080821638,65.96787074400069,64.68725865548328,0.42910107656519747,0.629663151324035,0.7762966491955313
49,DevOps,Mid,2.0762573802322857,30,2025,0.6195404634003838,0.4848933219702138,0.7439752288269506,0.37942462880063177,0.3660314022414024,0.780831909485082,2.4376370964130016,1.240163515390394,75.0597916511964,78.78459416149546,0.4394283769351115,62.64930450647951,65.62713121814907,0.525955165524083,0.629663151324035,0.7762966491955313
49,DevOps,Mid,2.0762573802322857,31,2025,0.6621247311249265,0.5690464237169234,0.828901372492397,0.45234154836429274,0.3862360655816504,0.6702260694161878,2.4921571574466888,1.083972942780849,74.34464151896292,80.9961812711165,0.5287966102873973,63.38212121391892,68.4134167444618,0.48861024510684553,0.629663151324035,0.7762966491955313
49,DevOps,Mid,2.0762573802322857,32,2025,0.551949236712476,0.535170944876748,0.6135218237460947,0.12971347193681274,0.00939731921557701,0.6715092350540461,2.6133777491164647,1.050060672188586,67.64988939305653,72.61671129159978,0.11953242363243777,63.17812982110884,67.23384270700747,0.48352771926181015,0.629663151324035,0.7762966491955313
49,DevOps,Mid,2.0762573802322857,33,2025,0.5880279730818728,0.5692022274280386,0.6331243198424447,0.20676487379052302,0.28005764787124127,0.8316262694084932,1.724739553301581,0.7753695992531977,73.05765820456486,70.82348420095515,0.16309519851113233,64.94871795494042,65.61895760429488,0.4138346035594694,0.629663151324035,0.7762966491955313
49,DevOps,Mid,2.0762573802322857,34,2025,0.5893154401637213,0.6001329259968202,0.6642551753265317,0.17059923697584617,0.2259141252311652,0.6649044994040799,3.575421785018345,1.3287130304580739,67.78636406209411,67.73296674718625,0.34757478788324314,56.205048551191744,63.935709176117975,0.4617934083391402,0.629663151324035,0.7762966491955313
49,DevOps,Mid,2.0762573802322857,35,2025,0.5719467130913223,0.5258716536830561,0.8444902186120117,0.03876555840902126,0.4396109039077617,0.8011357270045727,1.7676466334778445,0.7992509069365529,79.7173664674525,77.67131564874377,0.4327135225040579,64.07294110606303,69.7601989193106,0.425909005503452,0.629663151324035,0.7762966491955313
49,DevOps,Mid,2.0762573802322857,36,2025,0.5447156506592057,0.5031190517653402,0.5799593609345799,0.3601823790647277,0.06517651369508667,0.7600177038587463,2.431362503511515,1.3662810351849337,79.84552926261291,74.29298384657638,0.6401201623419592,54.89352657269575,64.84801798302973,0.49697143543377,0.629663151324035,0.7762966491955313
49,DevOps,Mid,2.0762573802322857,37,2025,0.4356350863610686,0.3701096371660022,0.7593631891267961,0.1634016544395759,0.3592505850730009,0.8113606811404551,3.969346050818675,1.1050062785287937,70.58505152272625,65.13890526223184,0.28197606771074596,61.19946917446089,63.781611301387706,0.511005679251918,0.629663151324035,0.7762966491955313
49,DevOps,Mid,2.0762573802322857,38,2025,0.5676154421676732,0.5915766093261803,0.8896038341624659,0.2806050304341978,0.19147111046834508,0.6496089327938185,3.408470609326795,0.9717265156480747,76.2910247266475,86.30237020151957,0.35459543413601463,62.15687199414664,70.87839063404446,0.4763713698450596,0.629663151324035,0.7762966491955313
49,DevOps,Mid,2.0762573802322857,39,2025,0.7058273356566507,0.6622126147922764,0.8185501636168576,0.100592308768983,0.0851982552665299,0.8988898374016511,1.9308041002535483,0.6647751580011269,75.77515678653114,84.84206142868976,0.4719260140667738,64.57602722581248,74.66320539071869,0.3948214713851213,0.629663151324035,0.7762966491955313
49,DevOps,Mid,2.0762573802322857,40,2025,0.6734800047444944,0.6728995853982619,0.6230857671039612,0.11800352787760666,0.4435372356937188,0.43844739277771305,2.646710245954624,0.7667071537691263,78.59131598102886,82.69741265610806,0.7571169802166353,63.79702688917823,68.37219616417511,0.42169954001067333,0.629663151324035,0.7762966491955313
49,DevOps,Mid,2.0762573802322857,41,2025,0.7475265326872507,0.6932464109526302,0.5036397917218327,0.6451790487455823,0.013561340049741154,0.6890003175900848,2.954517040278295,1.0327222429066805,63.301692916208275,62.16100196338682,0.45497426437164834,61.77774145943779,66.69974030453967,0.4917299364193545,0.629663151324035,0.7762966491955313
49,DevOps,Mid,2.0762573802322857,42,2025,0.6378933046041938,0.5581743462036698,0.7244585154593616,0.24877629577878502,0.14555781272472165,0.9211664007897208,2.316665060130183,0.6,71.46016936893459,81.54666474545104,0.16611703616602597,65.41914727639443,67.38297203858241,0.3748404393633798,0.629663151324035,0.7762966491955313
49,DevOps,Mid,2.0762573802322857,43,2025,0.7437377940229689,0.7028276346586388,0.9772611283105619,0.44448770662335785,0.31547428192939186,0.8896351685911181,1.5960213294866021,0.7020162020772005,77.70108453837435,77.05754661512695,0.6452505345560339,64.85081874493785,73.35223921002776,0.3999797508742913,0.629663151324035,0.7762966491955313
49,DevOps,Mid,2.0762573802322857,44,2025,0.5748022046339762,0.48711839502696236,0.6483026100185132,0.5387559766789382,0.08263506251777455,0.593109164686455,2.0295584774436737,0.629770514470045,66.70809714336275,70.1609737481117,0.769781305415286,65.74114504459286,63.94857347279862,0.37811122752240184,0.629663151324035,0.7762966491955313
49,DevOps,Mid,2.0762573802322857,45,2025,0.6733159481903512,0.6278749908073804,0.7177319196081755,0.22714773619612919,0.3496775087813277,0.6641510238024061,2.2308626604300024,1.040855333163886,77.09565739401896,74.05390089213208,0.3852041658298515,62.824832083654904,69.24344654845211,0.4846307992689863,0.629663151324035,0.7762966491955313
49,DevOps,Mid,2.0762573802322857,46,2025,0.6619538899588041,0.6146590303861037,0.6116437569537992,0.5038036727941503,0.18106484043619636,0.6640094947188826,1.8883282010047666,1.5493871525339438,62.101915818751216,62.87278290784561,0.7743115469154314,52.59087214793865,61.26389114345224,0.6173076744177388,0.629663151324035,0.7762966491955313
49,DevOps,Mid,2.0762573802322857,47,2025,0.6500199334455464,0.5634262727961696,0.6330829434855811,0.401031661365947,0.3122343745908167,0.7414220042314472,0.33579993179303225,0.8758607505639376,76.00687054277968,75.36609615214803,0.6010628921684962,65.04701875165422,67.98086861206801,0.43311366051566896,0.629663151324035,0.7762966491955313
49,DevOps,Mid,2.0762573802322857,48,2025,0.42210523750925333,0.4324734790702498,0.7755367538543742,0.04264948102823788,0.37766290728284996,0.7971111603534184,2.048553731967968,1.345075447409259,71.01985841580718,70.25020246538604,0.2815872864444023,57.669103681417475,62.602674851187125,0.45167392768691106,0.629663151324035,0.7762966491955313
49,DevOps,Mid,2.0762573802322857,49,2025,0.4458062057147647,0.4721773223136177,0.629110804764175,0.6825607739942892,0.42698666700896176,0.559647012460755,3.8938332446988326,1.2931631058816546,71.46753457072545,72.40265867524374,0.2610186118706597,59.257941936975726,54.84363695067026,0.40585727872863075,0.629663151324035,0.7762966491955313
49,DevOps,Mid,2.0762573802322857,50,2025,0.46715669703095497,0.4458450195539073,0.795703586395516,0.26101852972923767,0.014908577410158518,0.77514759902077,2.4737329968935278,0.8219864081657303,82.86972828789338,89.30413483970072,0.6176963289549521,67.12175890305788,71.79825144747049,0.4050492907743304,0.629663151324035,0.7762966491955313
49,DevOps,Mid,2.0762573802322857,51,2025,0.4536869294558035,0.3566128385108998,0.7491366850924426,0.24078595528958108,0.1710529340950588,0.6948442353301351,1.6357643172552674,1.1936477878893048,74.60892697388712,71.6735279587248,0.3994915509984728,64.74236278543044,64.80972628788939,0.49920986769927395,0.629663151324035,0.7762966491955313
49,DevOps,Mid,2.0762573802322857,52,2025,0.6131050127376418,0.4989636097533089,0.6949375080318833,0.16583176207764122,0.18207518263159608,0.7147701850883984,2.598033864581398,0.8855079702950825,57.58775396648569,65.06947378340321,0.6142132676374424,67.81016472746084,69.0924296880335,0.4120168879968429,0.629663151324035,0.7762966491955313
50,DevOps,Junior,0.6618371404899567,1,2025,0.6077413881628807,0.5954643031645901,0.6674845971980432,0.10679411941427376,0.22349926964822425,0.76988229604681,1.6389094960850767,0.9797865611760199,81.18630264047046,81.6196179366438,0.3230357792947914,80.2462667940587,73.8789159747663,0.3272384222847149,1.2827796274400491,1.0685933869115436
50,DevOps,Junior,0.6618371404899567,2,2025,1.0177723151123985,1.0294426156033538,0.6720448394787343,0.33712864088928907,0.17878709011860236,0.7069463012956752,0.7112213865902173,1.2376092706320823,88.30078208380714,90.06176576724621,0.4155897102001844,78.77758003857136,79.55316467854607,0.3910420204716551,1.2827796274400491,1.0685933869115436
50,DevOps,Junior,0.6618371404899567,3,2025,0.7170561574310329,0.6587659081589533,0.6634231581833601,0.13744481098315825,0.17735269642119994,0.5143633267282895,4.5513485502539694,1.2982200048667298,63.85938074375487,62.49226725801446,0.6248815392911807,75.29050022006831,69.62286251183501,0.4322231658061101,1.2827796274400491,1.0685933869115436
50,DevOps,Junior,0.6618371404899567,4,2025,1.0409820607129046,1.0420957263401294,0.7516472337038929,0.070118955020635,0.043645448351359105,0.7440685497929455,3.7758008491117048,0.8474629478014615,80.4475089431957,78.09770510203117,0.34304854434964227,83.02578815999738,84.05162036177082,0.27761102156031414,1.2827796274400491,1.0685933869115436
50,DevOps,Junior,0.6618371404899567,5,2025,0.8263292360850969,0.7247259898033516,0.5594046791152377,0.16774569257199554,0.37515991765202733,0.6638287635592999,1.741848455251249,1.0475072476624523,83.95878729348176,88.92550119008911,0.5443619471163484,81.9421416345464,75.74990630940201,0.3266502692446037,1.2827796274400491,1.0685933869115436
50,DevOps,Junior,0.6618371404899567,6,2025,0.7036398145289545,0.7291045793458709,0.6472996869707192,0.11895688541029292,0.07519011424104663,0.811919596685517,3.0665158559643024,1.2450201765789075,75.60865109318372,78.93957992393415,0.41808965822012006,80.83732776076295,75.38108963800761,0.3753596373094236,1.2827796274400491,1.0685933869115436
50,DevOps,Junior,0.6618371404899567,7,2025,0.6660605233688653,0.5965763484344182,0.7267951547868743,0.3698289501507424,0.40292982738316,0.5524458243359808,1.8034371292732878,1.037700016062922,79.27614686410729,79.9918703553427,0.1369195643187365,82.92282949454236,68.31713482955927,0.31651642409139813,1.2827796274400491,1.0685933869115436
50,DevOps,Junior,0.6618371404899567,8,2025,0.936572518685536,0.8292869690009338,0.6488479466819967,0.2017123286677485,0.3024555422537012,0.8321442522258213,3.1629693376089643,1.279876242533428,65.6651488833827,57.042705541801496,0.630045458754971,77.99927036098995,74.8288323367474,0.40598132883176935,1.2827796274400491,1.0685933869115436
50,DevOps,Junior,0.6618371404899567,9,2025,1.1094797706922954,1.0915725660524056,0.5510666382049715,0.3267509203331716,0.12933954828179967,0.3926678558224151,2.7350550989086413,0.8985027267635894,61.369048535697466,60.39629931411703,0.47095626679981195,84.72113419634756,76.60993034196649,0.27369109371648814,1.2827796274400491,1.0685933869115436
50,DevOps,Junior,0.6618371404899567,10,2025,0.8685289656695054,0.8385146526728308,0.6997274098046036,0.5738743820100657,0.09268667250751693,0.8881376577815647,2.681066106880654,1.4298813770634309,61.150218632445466,59.37280708077158,0.7901578922111165,75.5593295543487,72.91852196680915,0.45631519579311375,1.2827796274400491,1.0685933869115436
50,DevOps,Junior,0.6618371404899567,11,2025,0.8801957566539413,0.8519687957140479,0.7128235671314799,0.0675923514392549,0.280613281270974,0.7937411073430976,2.1079480561974493,0.6349095378370295,99.4677865561757,91.57887633811644,0.8890565803382171,87.25730866662425,82.93052322384011,0.19983766867887048,1.2827796274400491,1.0685933869115436
50,DevOps,Junior,0.6618371404899567,12,2025,0.7219691142689212,0.6747650654708367,0.7297093823229506,0.14678812263149152,0.2191300491751065,0.9126864144274709,3.9917351227470252,0.6,79.67695944512813,76.83059599047002,0.34416647105735276,87.64542025268051,74.36259751645866,0.18962149789432908,1.2827796274400491,1.0685933869115436
50,DevOps,Junior,0.6618371404899567,13,2025,1.0180724671616985,1.026080479868427,0.5382561945897785,0.12011931604120735,0.23445461794486996,0.7034679380440418,1.3142997382534127,1.0391295905902893,57.532141931562236,51.277269385226,0.45262797262113436,84.16883915746793,77.90371865632616,0.30641892513915847,1.2827796274400491,1.0685933869115436
50,DevOps,Junior,0.6618371404899567,14,2025,0.7856776324809891,0.7170612173034917,0.9177816561606058,0.21289603972583823,0.20809512533119026,0.5629240585000779,1.6127647561445175,1.2432573256282462,72.43725734818754,76.42491133401072,0.4164998905146871,82.49936164765454,74.69778734458646,0.3611567847285281,1.2827796274400491,1.0685933869115436
50,DevOps,Junior,0.6618371404899567,15,2025,0.8611057340536491,0.7806867303920211,0.6898108341131397,0.23542949275481123,0.0632267826659325,0.7586390619886301,3.8946571222200346,1.302020390546929,77.09464896336341,85.65428718946471,0.797502115918988,78.29617715838192,78.70672205825694,0.4079359351228698,1.2827796274400491,1.0685933869115436
50,DevOps,Junior,0.6618371404899567,16,2025,0.6967364937069566,0.6419718630398213,0.8571870825305724,0.6535995676121777,0.297252129334261,0.6593875851910788,3.0694397021003783,1.329657274255121,94.9900258737431,95.29965654621202,0.704637661882054,77.56381161051489,71.9183157010489,0.4195663580967334,1.2827796274400491,1.0685933869115436
50,DevOps,Junior,0.6618371404899567,17,2025,0.9434971064348449,0.8386060131125658,0.551264501553523,0.39307452717912367,0.4256588925624263,0.7704620015435492,1.970246264623,1.2751870380680694,77.113275821528,78.01693485463858,0.647185540785656,78.4054152490949,73.26360728302501,0.4016589472044897,1.2827796274400491,1.0685933869115436
50,DevOps,Junior,0.6618371404899567,18,2025,0.7589086812912826,0.6673624359233827,0.7205847453950779,0.1526911602290035,0.14085612056448948,0.7792332681014459,1.7367776969432,0.7948199757304346,70.85327768086253,76.111173278478,0.7074040594760885,85.23823540581503,77.43020071563693,0.248645366764295,1.2827796274400491,1.0685933869115436
50,DevOps,Junior,0.6618371404899567,19,2025,0.9117233446174725,0.9010636052776986,0.824397771303094,0.12655765272954397,0.1969348522926224,0.2967191228456606,2.23500997197157,1.1824052139029217,72.1182575175518,76.97541887167871,0.10649638459064463,81.76518791182238,73.90568273147558,0.3551044768487312,1.2827796274400491,1.0685933869115436
50,DevOps,Junior,0.6618371404899567,20,2025,0.9603272305047734,0.9667850687608146,0.8134977961986155,0.272881970610045,0.23960641590050555,0.5319007309296722,2.292730914450773,1.2283862812141422,80.73960817622934,80.2157717316836,0.6957100505038764,80.97039892368107,79.46465984843216,0.3709239318788195,1.2827796274400491,1.0685933869115436
50,DevOps,Junior,0.6618371404899567,21,2025,0.8138614013768689,0.7715679213069291,0.740263352879882,0.015460450642310894,0.16005238067622535,0.7522324654474158,2.733497710152358,0.651044900229649,61.10084966403589,62.685906918584166,0.316599856273595,85.11384041400882,74.37023158510725,0.22092697659585625,1.2827796274400491,1.0685933869115436
50,DevOps,Junior,0.6618371404899567,22,2025,0.8234133876779332,0.7284543558437095,0.6648088209767868,0.22098229668089753,0.24495952453275016,0.8768079074038491,4.888738330850374,0.7938840627297188,95.28834399724234,94.90280500670183,0.4935519520763412,83.45441924057134,78.68407615739075,0.26332331887451593,1.2827796274400491,1.0685933869115436
50,DevOps,Junior,0.6618371404899567,23,2025,0.7709202074641026,0.7031214716736635,0.7693333714125635,0.131751942685915,0.1340436024057004,0.8313206029214372,3.6027932894197594,1.2582246334788316,80.83243936350685,83.06867778185652,0.2141731426233197,76.09040764782628,74.99900289365046,0.41755819629721397,1.2827796274400491,1.0685933869115436
50,DevOps,Junior,0.6618371404899567,24,2025,1.0396921860561261,1.0430589976836238,0.5183336667749044,0.8231040545862166,0.34893404445053855,0.8093610526895282,4.267707885882652,1.2004887887418376,78.35268771993974,82.83305766684636,0.6753453841657554,79.07454389369332,74.75951906911271,0.38114322530092326,1.2827796274400491,1.0685933869115436
50,DevOps,Junior,0.6618371404899567,25,2025,0.782663700442349,0.8393253546493434,0.7108362288657729,0.6116739422629374,0.19440710770567046,0.6494271576571382,2.114665129936796,1.164390167883156,84.86513582128059,96.80309431279473,0.832808084906862,78.76943794040162,76.52425365752518,0.3764660507399511,1.2827796274400491,1.0685933869115436
50,DevOps,Junior,0.6618371404899567,26,2025,0.9719928135526716,0.9104353115846013,0.6699781781651628,0.10394775457590265,0.0822657797837616,0.6232651668368092,3.0652644484649945,1.247900696735807,73.36874764175336,77.4497176944785,0.13935962447434622,77.49867030830379,75.96224873479918,0.4037578867779632,1.2827796274400491,1.0685933869115436
50,DevOps,Junior,0.6618371404899567,27,2025,0.9158932835704211,0.8283295373565065,0.8692262167220556,0.17321715432697304,0.08203585877481863,0.7798636736728728,2.1788361623446417,1.0031526302094285,79.13101992770979,87.70681492516327,0.14172964758588522,78.85397143923821,81.03686860247106,0.3435140973815673,1.2827796274400491,1.0685933869115436
50,DevOps,Junior,0.6618371404899567,28,2025,0.7660935414371314,0.721050688989387,0.6035166930700318,0.23718168256520583,0.330250514086239,0.7248704282060374,1.9477956540377193,0.6760833051045527,84.42732482405671,69.54851031415342,0.5166137888702935,80.87663111991603,71.48673648530267,0.26124473502161033,1.2827796274400491,1.0685933869115436
50,DevOps,Junior,0.6618371404899567,29,2025,0.7697163433035176,0.6804168966149533,0.8722464299786515,0.45216854466907097,0.2129214177918861,0.6519807246015507,3.283062581752115,0.6,87.87934632402855,100.53004237699983,0.4445597337094986,80.90885144697756,73.44190490532134,0.24575957127518694,1.2827796274400491,1.0685933869115436
50,DevOps,Junior,0.6618371404899567,30,2025,0.7947144281942943,0.815990503441116,0.5590951960533883,0.11936694897791231,0.26878760129108087,0.48453529354538344,3.045738480107646,0.7159904291294685,67.0805094415738,65.40074728630677,0.8712620367036743,79.43033658893566,72.88279294370948,0.28127861425142986,1.2827796274400491,1.0685933869115436
50,DevOps,Junior,0.6618371404899567,31,2025,0.737874175342612,0.6956036002070086,0.6203041442804431,0.3026956730937747,0.13190674542673353,0.8504966970485801,3.053747409148325,1.116596350361188,81.91624235823394,81.90728127847412,0.46834330591348255,75.70878134564495,74.90448216613986,0.3924127588585297,1.2827796274400491,1.0685933869115436
50,DevOps,Junior,0.6618371404899567,32,2025,0.8502147903951445,0.8396699769749038,0.8027415639200354,0.29878309820107124,0.3692042356741555,0.9309290638586961,1.0880876990418171,1.0301108392397536,65.03883128933903,66.04488924439761,0.5176716479014847,75.92537587706823,77.06186807351811,0.3733107022057155,1.2827796274400491,1.0685933869115436
50,DevOps,Junior,0.6618371404899567,33,2025,0.9636311758063969,0.9406283567618273,0.8075180203690462,0.05624573970792362,0.280613788838564,0.7815989391050656,-0.11577832261401699,0.7845527968311907,64.29350795750932,69.27237780147414,0.1804466503693515,77.46289976668521,77.06293693707012,0.3113863946438614,1.2827796274400491,1.0685933869115436
50,DevOps,Junior,0.6618371404899567,34,2025,0.7888527855455715,0.7790988488951509,0.6762052185676248,0.4274558307723695,0.2567301865189759,0.8814066442073132,0.49267333894139353,1.2033424203078589,91.99657614281145,90.80149817569887,0.7511558217322503,73.74021719025909,76.97359256262585,0.426166674142746,1.2827796274400491,1.0685933869115436
50,DevOps,Junior,0.6618371404899567,35,2025,0.8474464513657707,0.8579903277251846,0.7143525839674788,0.055009156409125605,0.03872971767146819,0.6192176936512085,1.4330108096642522,1.0916581650854367,62.57920813860076,62.675622865404534,0.45871623473942,74.3213304332407,76.88359867300102,0.3989872127400815,1.2827796274400491,1.0685933869115436
50,DevOps,Junior,0.6618371404899567,36,2025,0.9031342247608379,0.8207584956076008,0.8280609976082588,0.30427636847482253,0.1513953510239633,0.5382246168489736,1.9484400965209574,1.1094825922357492,80.6261636347348,88.21727669086748,0.820588572146597,73.93093393087717,79.59577866097676,0.4058054023565067,1.2827796274400491,1.0685933869115436
50,DevOps,Junior,0.6618371404899567,37,2025,0.7921825169490532,0.6916019947422178,0.6060744705364297,0.16959339671810944,0.3310908982879336,0.709446506357931,0.39337659408702885,1.3463428016799082,49.09075536940315,45.61697609370153,0.16092335345421327,67.70031076146182,63.38323130153134,0.5050993039904664,1.2827796274400491,1.0685933869115436
50,DevOps,Junior,0.6618371404899567,38,2025,0.6450523477970395,0.6258099094275882,0.8334206107292628,0.5328383922544223,0.1415372336850466,0.5978251667282009,2.7415096556983745,1.4615997964403613,66.74917897061063,49.99174674289564,0.5201338409259277,65.28633558289275,63.49881454621524,0.548267162763966,1.2827796274400491,1.0685933869115436
50,DevOps,Junior,0.6618371404899567,39,2025,1.0317708702412685,1.025128193748922,0.7614614204717063,0.2424515628798919,0.14452423764639696,0.5296557169665876,2.488573785121508,0.8227118526178707,69.32620508266821,66.04198157606439,0.5437694355843069,75.90018106124727,78.30109184813148,0.3320408616798469,1.2827796274400491,1.0685933869115436
50,DevOps,Junior,0.6618371404899567,40,2025,1.0193791865221318,0.8905722825880742,0.6713400872308397,0.20973152087103009,0.2475492832687798,0.720791690450777,2.5400127728208197,1.0987158603638438,76.11551140288786,76.62925243440121,0.845562549438736,73.72860462878921,80.56770629209262,0.4053381334995253,1.2827796274400491,1.0685933869115436
50,DevOps,Junior,0.6618371404899567,41,2025,0.9080989342217617,0.8082204409491749,0.47813572715293506,0.27221700151207223,0.217456415420043,0.68011516891988,2.831093582085562,1.558160727117189,60.29577658616482,56.143912252431306,0.4006276459989897,63.4639522527162,64.56971475243863,0.5827658766508028,1.2827796274400491,1.0685933869115436
50,DevOps,Junior,0.6618371404899567,42,2025,0.8448076055545425,0.780291882799764,0.8406046192964471,0.2615984068370266,0.2912995873072409,0.8620551240459996,2.536202973499144,1.1843341409472554,66.17789824894484,69.9051462832154,0.4329419619834626,73.33212154118512,75.01497669609428,0.4257658153462418,1.2827796274400491,1.0685933869115436
50,DevOps,Junior,0.6618371404899567,43,2025,0.890406313716729,0.8191671706387205,0.6916516204987234,0.12414470855211915,0.30908051261223385,0.4611942236384461,1.9168114131769391,1.2421970408166383,89.2772350478262,92.33998005637919,0.7926818020805232,73.11701942739109,76.84993492925196,0.4391309129350686,1.2827796274400491,1.0685933869115436
50,DevOps,Junior,0.6618371404899567,44,2025,1.132929289578111,1.0628347494787844,0.6393370032828793,0.8062793313272744,0.242504617500225,0.3927928416782363,1.1121989492348534,1.2799368002297353,80.0435504316434,67.51509541007155,0.803735882583047,69.76822054812725,72.4124318837436,0.4745855221448867,1.2827796274400491,1.0685933869115436
50,DevOps,Junior,0.6618371404899567,45,2025,0.8344966807285145,0.7403149536965429,0.6312848791292445,0.1486334743042455,0.0717748810232335,0.8231613601944532,1.9093329253296172,1.2519288657648322,77.11961374559388,84.67326040283776,0.6585054837769373,70.70074482603809,77.01262474410022,0.461212899602649,1.2827796274400491,1.0685933869115436
50,DevOps,Junior,0.6618371404899567,46,2025,0.9532853774377348,0.8735716368627742,0.6270685746837317,0.14999391015179056,0.43481415912521576,0.5444731104481375,2.6159711361490565,1.0817028920000331,68.47954753266811,70.0211567252428,0.3253110810574558,75.512639454986,72.78178572209318,0.38706858294179,1.2827796274400491,1.0685933869115436
50,DevOps,Junior,0.6618371404899567,47,2025,0.7478272998487341,0.6934211591484339,0.6991103231635629,0.21655255240125687,0.33092656658707237,0.8823809715251812,1.355447583320744,0.8120201086453982,62.04962036267531,63.54299892420861,0.5569527525267163,78.14539127937127,72.78897267374445,0.31119242773431904,1.2827796274400491,1.0685933869115436
50,DevOps,Junior,0.6618371404899567,48,2025,0.7831124602660765,0.7333882630352868,0.6536028602441262,0.04818236920193248,0.08701829217890711,0.950510178098797,2.2225084163879454,1.0331203828441844,75.10142386195965,81.88251166137779,0.24684194094415846,76.89329695921792,78.4759478313956,0.36584660190868756,1.2827796274400491,1.0685933869115436
50,DevOps,Junior,0.6618371404899567,49,2025,0.9730580662412741,0.9364079455368062,0.5698656012138493,0.30338911480940534,0.14783671735052054,0.7725216279086833,2.356605981181162,1.0798246300326542,84.91893353426286,85.25245329282937,0.2285182582114607,77.07025440671633,77.76795379838907,0.3737128059505614,1.2827796274400491,1.0685933869115436
50,DevOps,Junior,0.6618371404899567,50,2025,0.7790163079235627,0.7524181303052672,0.7573141286588013,0.17133544054521652,0.12134965877832007,0.4918554618854221,2.1740476606641526,1.4373309448846605,81.12158701696437,84.78452170472241,0.3653521997727326,69.53867866305924,70.76748628743498,0.5079772001181051,1.2827796274400491,1.0685933869115436
50,DevOps,Junior,0.6618371404899567,51,2025,0.8109977116866958,0.7698376827265345,0.7720738843313029,0.7534652513823084,0.19006620474248687,0.5430619436322874,4.688077215576925,1.1591948991815868,70.53669562833706,63.36924584468557,0.563442188923612,77.60563328746092,69.59075354233663,0.3851253691074763,1.2827796274400491,1.0685933869115436
50,DevOps,Junior,0.6618371404899567,52,2025,0.7950838815614457,0.7281681019416144,0.6559778025166287,0.27140264164406486,0.306632148793554,0.5645016037690092,1.9908366401214188,1.3599000509408254,76.35831581821553,75.46333814416185,0.4048022385016769,72.28387486337373,68.4098938788926,0.4696143863267173,1.2827796274400491,1.0685933869115436
