employee_id,team,role,experience_years,week,year,assigned_tasks,completed_tasks,story_points_completed,actual_work_hours,project_complexity,management_quality,KPI-1_Gorev_Tamamlama_Orani_GTO,KPI-2_Zamaninda_Teslim_Orani_ZTO,KPI-3_Goreli_Katki_Endeksi_GKE,KPI-4_Kod_Katki_Kalite_Endeksi_KKKE,KKKE_AltMetrik_ECO_Etkili_Commit_Orani,KKKE_AltMetrik_HDS_Haftalik_Dagilim_Skoru,KKKE_AltMetrik_CTO_Commit_Task_Dengesi,KKKE_AltMetrik_OCH_Ortalama_Commit_Hacmi,KPI-5_Bug_Yogunlugu_BY,KPI-6_Kritik_Bug_Orani_KBO,KPI-7_Code_Review_Kabul_Orani_CRKO,KPI-8_Ortalama_PR_Duzeltme_Sayisi_OPDS,KPI-9_Is_Yuku_Endeksi_IYE,KPI-10_Surekli_Asiri_Yuk_Skoru_SAYS,KPI-11_Toplanti_Yuku_Orani_TYO,KPI-12_Ekip_Katki_Skoru_EKS,KPI-13_360_Geri_Bildirim_Skoru_360GBS,KPI-14_Organizasyonel_Merkezilik_Skoru_OMS,KPI-15_Motivasyon_Skoru_MS,KPI-16_Motivasyon_Trend_Egimi_MTE,KPI-17_Gelisim_Katilim_Skoru_GKS,KPI-18_Genel_Performans_Skoru_GPS,KPI-19_Ayrilma_Riski_Skoru_ARS,KPI-20_Potansiyel_Performans_Endeksi_PPE,performance_band,attrition_risk_band
1,Backend,Mid,5.8,1,2025,10,8,39.8,34.6,0.5577,0.7931,0.8238,0.7135,1.7557,0.6481,0.6818,0.4,5.625,216.9446,0.5746,0.3328,0.3696,5,0.98175,0.0,0.2808,67.1628,76.2141,0.7538,76.1544,0.0,0.7106,71.3425,0.1849,67.3402,Stabil,Dusuk
1,Backend,Mid,5.8,2,2025,7,5,21.3,35.5,0.7746,0.8195,0.7193,0.6876,1.077,0.6799,0.8571,1.0,2.4,255.0822,0.5205,0.3272,0.4213,5,0.97933,0.0,0.1623,80.4474,81.196,0.5565,67.0064,-9.1481,0.6902,69.1486,0.3035,55.4156,Stabil,Orta
1,Backend,Mid,5.8,3,2025,15,13,63.9,39.0,0.6642,0.8563,0.8451,0.7197,2.5,0.7538,0.9474,1.0,2.7692,237.1669,0.5622,0.3486,0.4773,4,1.0978,0.0,0.2749,81.5262,79.0986,0.5345,80.0553,1.9505,0.8123,75.4894,0.1453,75.8288,Stabil,Dusuk
1,Backend,Mid,5.8,4,2025,4,3,15.0,36.2,0.5324,0.7994,0.8327,0.7666,0.6935,0.8001,1.0,0.6,3.0,135.0378,0.4957,0.3442,0.4805,4,1.01849,0.0,0.2648,70.9236,77.6752,0.6048,74.0838,0.6837,0.704,71.0623,0.207,68.5504,Stabil,Dusuk
1,Backend,Mid,5.8,5,2025,4,3,14.4,40.1,0.5887,0.7993,0.854,0.7482,0.5709,0.8449,0.8571,0.8,4.0,161.3283,0.5463,0.252,0.4325,5,1.10671,0.0,0.332,78.3443,78.5849,0.4979,77.441,2.5332,0.5781,71.3631,0.1296,66.0479,Stabil,Dusuk
1,Backend,Mid,5.8,6,2025,11,9,42.5,44.1,0.5935,0.8343,0.8041,0.7116,1.738,0.8916,0.9592,0.6,5.2222,152.2891,0.4989,0.3131,0.4318,4,1.15181,0.0,0.2845,76.6913,76.8544,0.6329,76.9017,-0.6104,0.6706,74.8964,0.2958,64.779,Stabil,Dusuk
1,Backend,Mid,5.8,7,2025,6,5,10.9,46.2,0.7361,0.8229,0.7797,0.7167,0.5641,0.768,0.7826,1.0,3.6,85.5365,0.5418,0.3385,0.3778,4,1.18503,0.0,0.2441,86.6162,75.5034,0.5991,77.5755,0.9936,0.7606,70.1819,0.2707,70.9305,Stabil,Dusuk
1,Backend,Mid,5.8,8,2025,4,3,9.1,35.5,0.4372,0.8072,0.8446,0.7564,0.4084,0.8689,0.9333,0.8,4.6667,111.7006,0.4975,0.2516,0.5572,3,0.93709,0.0,0.2362,77.0609,76.5706,0.7962,67.7983,-2.8254,0.6947,71.4621,0.3043,62.3172,Stabil,Orta
1,Backend,Mid,5.8,9,2025,5,4,11.8,41.1,0.4748,0.7652,0.7731,0.7085,0.5902,0.6498,1.0,0.8,2.5,288.905,0.5434,0.28,0.4215,5,1.12959,0.0,0.1807,77.7591,78.6957,0.5528,74.2273,-1.78,0.5742,68.5001,0.2618,59.1643,Stabil,Dusuk
1,Backend,Mid,5.8,10,2025,7,5,16.7,38.7,0.663,0.8207,0.7638,0.6561,0.8214,0.7592,0.7143,0.8,7.0,150.628,0.5698,0.296,0.4666,3,1.07437,0.0,0.2183,79.4926,78.145,0.5696,66.7845,-2.5944,0.6938,69.307,0.3466,63.1102,Stabil,Orta
1,Backend,Mid,5.8,11,2025,6,5,20.5,37.7,0.3671,0.8399,0.8146,0.7394,0.7287,0.8666,0.75,1.0,4.2,154.4607,0.4198,0.2865,0.5175,4,0.92301,0.0,0.2561,82.6395,74.9943,0.5733,65.2188,-1.5181,0.748,71.4483,0.1999,66.2862,Stabil,Dusuk
1,Backend,Mid,5.8,12,2025,12,9,27.8,52.6,0.5995,0.8272,0.7294,0.523,1.5314,0.7135,0.8056,0.6,3.2222,112.8453,0.6112,0.3016,0.4462,4,1.4597,1.0,0.3323,77.9938,81.9349,0.6893,71.0557,-1.1081,0.6599,66.811,0.4532,65.0468,Stabil,Orta
1,Backend,Mid,5.8,13,2025,10,9,34.0,37.7,0.5176,0.7955,0.8587,0.8444,1.3912,0.8528,0.9268,1.0,4.2222,87.9612,0.5813,0.3236,0.4703,4,1.00507,1.0,0.2626,80.8674,82.5399,0.6688,70.0618,1.5669,0.9254,76.3625,0.2332,81.3511,Stabil,Dusuk
1,Backend,Mid,5.8,14,2025,7,5,16.8,37.1,0.6129,0.8053,0.7035,0.6044,0.8134,0.7198,0.8621,0.2,5.0,203.9091,0.4442,0.2944,0.5285,3,1.0442300000000002,1.0,0.3043,69.8991,77.86,0.5521,78.2563,3.8119,0.744,68.0935,0.2697,75.2955,Stabil,Dusuk
1,Backend,Mid,5.8,15,2025,8,7,27.2,41.4,0.4561,0.8369,0.8959,0.7091,1.3823,0.6784,0.6304,0.4,4.1429,127.9704,0.4995,0.2302,0.4759,4,1.03224,1.0,0.2493,72.7842,81.8684,0.5763,73.1062,1.4346,0.697,73.5067,0.2087,70.6685,Stabil,Dusuk
1,Backend,Mid,5.8,16,2025,10,7,35.8,40.4,0.6891,0.793,0.7443,0.6876,1.3934,0.7756,0.8947,0.2,4.8571,165.2914,0.5413,0.2498,0.5984,2,1.12508,1.0,0.2756,61.0774,81.0025,0.6078,77.6538,1.7626,0.7592,72.3119,0.1839,73.7176,Stabil,Dusuk
1,Backend,Mid,5.8,17,2025,3,3,14.0,39.4,0.4852,0.8005,0.8714,0.8253,0.6424,0.8005,0.85,0.6,5.6667,124.7848,0.4668,0.2902,0.5425,3,1.06557,1.0,0.1813,72.2887,76.6596,0.5458,70.9393,-1.7403,0.6495,72.4076,0.2836,62.0039,Stabil,Dusuk
1,Backend,Mid,5.8,18,2025,3,3,10.1,45.5,0.3878,0.7956,0.8464,0.7491,0.4766,0.6508,0.6875,0.4,3.6667,189.8723,0.4251,0.3164,0.4717,4,1.1419100000000002,0.0,0.183,72.7306,79.6396,0.656,79.4148,1.2211,0.6079,70.9108,0.2175,65.6537,Stabil,Dusuk
1,Backend,Mid,5.8,19,2025,9,8,32.6,38.0,0.4627,0.8138,0.8392,0.7973,1.5825,0.7338,0.9487,0.2,4.625,97.8928,0.5295,0.2895,0.4845,4,1.03686,0.0,0.2772,63.2916,81.2549,0.6087,69.8054,-1.507,0.7296,73.4643,0.223,67.3555,Stabil,Dusuk
1,Backend,Mid,5.8,20,2025,7,6,27.6,36.2,0.4945,0.8091,0.7862,0.7058,1.3837,0.8718,0.95,1.0,3.1667,135.7084,0.4337,0.316,0.4323,5,1.0164000000000002,0.0,0.2533,82.3949,74.0004,0.4987,78.001,1.1575,0.6583,74.1397,0.2222,66.1319,Stabil,Dusuk
1,Backend,Mid,5.8,21,2025,11,10,26.1,40.1,0.4295,0.8008,0.8694,0.7955,1.2365,0.76,0.6471,1.0,3.3,173.5907,0.4328,0.2228,0.6565,3,1.0378500000000002,0.0,0.2541,85.6413,73.6855,0.6813,67.8095,-2.662,0.6906,76.3599,0.2994,61.521,Stabil,Dusuk
1,Backend,Mid,5.8,22,2025,6,4,14.3,42.5,0.6201,0.8336,0.7177,0.6689,0.6682,0.8899,0.88,1.0,5.5,117.6483,0.5647,0.367,0.4699,5,1.16534,0.0,0.189,82.0822,82.0711,0.5929,62.028,-3.3524,0.7244,69.0891,0.3623,64.4791,Stabil,Orta
1,Backend,Mid,5.8,23,2025,12,10,50.9,40.1,0.6948,0.7996,0.8126,0.7204,2.2692,0.7545,0.8718,0.4,3.4,149.5067,0.5301,0.3292,0.5165,3,1.1011,0.0,0.2164,72.52,79.5852,0.4435,73.4761,-1.9356,0.5903,73.1728,0.198,59.9135,Stabil,Dusuk
1,Backend,Mid,5.8,24,2025,10,9,36.7,46.5,0.6012,0.7893,0.8548,0.7468,1.4475,0.8901,0.9512,1.0,4.3333,105.3464,0.5826,0.3448,0.5121,3,1.23673,0.0,0.3189,80.8613,79.453,0.4976,72.9389,2.6836,0.698,74.3011,0.2785,71.9385,Stabil,Dusuk
1,Backend,Mid,5.8,25,2025,8,7,23.8,31.3,0.4611,0.8196,0.8176,0.7475,1.4102,0.6513,0.8667,0.4,1.8571,168.6805,0.3516,0.2135,0.5015,3,0.88649,0.0,0.2739,70.8926,79.9478,0.5838,76.3267,4.2359,0.6841,73.1004,0.2581,73.8866,Stabil,Dusuk
1,Backend,Mid,5.8,26,2025,10,8,18.1,40.8,0.6187,0.855,0.8263,0.7766,0.8297,0.652,0.7037,0.8,2.375,204.7627,0.6994,0.3674,0.5336,3,1.1495,0.0,0.2436,85.8874,83.3312,0.5161,75.7346,1.0163,0.7742,71.3963,0.1957,73.9267,Stabil,Dusuk
1,Backend,Mid,5.8,27,2025,11,8,30.1,43.4,0.4897,0.8253,0.7316,0.6166,1.426,0.8566,0.8444,0.8,4.75,177.3188,0.4522,0.1984,0.5276,3,1.1545600000000005,0.0,0.2334,80.4783,76.7302,0.6913,79.3251,1.8567,0.6409,74.6478,0.1988,67.2618,Stabil,Dusuk
1,Backend,Mid,5.8,28,2025,6,4,15.8,33.8,0.5883,0.8294,0.7026,0.5476,0.8064,0.7945,0.6364,1.0,3.5,152.4142,0.472,0.2598,0.4579,4,0.98065,0.0,0.2884,89.7776,73.5923,0.5958,75.9078,0.2334,0.6465,68.8216,0.2699,64.0337,Stabil,Dusuk
1,Backend,Mid,5.8,29,2025,5,4,16.6,33.9,0.5272,0.8312,0.735,0.7086,0.8677,0.6877,0.8571,1.0,1.5,215.4706,0.5055,0.2705,0.4968,4,0.92554,0.0,0.2406,87.2137,75.3835,0.6422,74.4548,-0.7257,0.6404,69.9366,0.1761,62.7974,Stabil,Dusuk
1,Backend,Mid,5.8,30,2025,10,8,25.5,37.2,0.7457,0.8007,0.7875,0.7084,1.432,0.6841,0.7647,0.6,3.25,199.5456,0.5522,0.3,0.5162,5,1.0324600000000002,0.0,0.3003,74.4735,76.5671,0.611,72.028,-2.3344,0.8147,72.186,0.3278,68.4843,Stabil,Orta
1,Backend,Mid,5.8,31,2025,6,5,19.7,33.7,0.4955,0.8195,0.844,0.8098,0.9094,0.7858,0.8065,0.4,5.0,169.8649,0.5528,0.34,0.5099,2,0.86658,0.0,0.148,69.3499,74.2699,0.6815,64.2837,-3.7299,0.7593,70.7566,0.3713,63.1227,Stabil,Orta
1,Backend,Mid,5.8,32,2025,9,7,26.3,31.2,0.4338,0.8226,0.7553,0.6921,1.4561,0.7991,0.92,0.8,3.2857,185.4223,0.4024,0.3257,0.5989,2,0.8435900000000001,0.0,0.2039,82.6458,81.726,0.5915,64.0063,-3.909,0.7046,72.7295,0.3638,62.6172,Stabil,Orta
1,Backend,Mid,5.8,33,2025,9,7,29.7,40.9,0.5553,0.8163,0.794,0.8213,1.1581,0.7099,0.65,0.6,3.7143,132.491,0.4878,0.2541,0.4587,4,1.1477400000000002,0.0,0.3726,75.551,81.8042,0.6624,67.0129,-1.5323,0.7556,72.5712,0.1991,68.6494,Stabil,Dusuk
1,Backend,Mid,5.8,34,2025,8,7,30.5,37.5,0.8041,0.7907,0.869,0.7627,1.4186,0.836,0.7667,1.0,6.5714,147.2141,0.4965,0.3217,0.5465,3,0.95216,0.0,0.2817,87.8987,80.4391,0.5206,67.7638,1.3447,0.6483,75.0426,0.205,67.9072,Stabil,Dusuk
1,Backend,Mid,5.8,35,2025,14,13,28.9,37.0,0.4655,0.814,0.9179,0.797,1.4573,0.7011,0.7407,1.0,3.0769,234.0317,0.5037,0.282,0.514,2,1.05303,0.0,0.2825,83.7803,73.6507,0.5819,64.0234,0.0802,0.7195,75.0199,0.1763,67.1,Stabil,Dusuk
1,Backend,Mid,5.8,36,2025,6,4,21.2,44.8,0.7136,0.8182,0.7397,0.57,0.8694,0.6519,0.7,1.0,1.75,210.4126,0.5093,0.3001,0.5358,4,1.31241,0.0,0.2839,82.1353,76.7097,0.7029,61.8787,-1.9143,0.6778,66.3464,0.3934,63.0225,Stabil,Orta
1,Backend,Mid,5.8,37,2025,3,3,8.6,37.9,0.6554,0.8391,0.8432,0.7173,0.4603,0.8178,0.8095,0.6,5.6667,148.3859,0.453,0.2744,0.3868,5,1.0582,0.0,0.2295,75.1999,81.1945,0.4772,69.2952,0.245,0.6678,69.9907,0.2633,67.2926,Stabil,Dusuk
1,Backend,Mid,5.8,38,2025,8,6,14.2,44.5,0.6748,0.8049,0.7588,0.6868,0.556,0.6856,0.6333,0.8,3.1667,190.7756,0.5884,0.381,0.4919,3,1.2436600000000002,0.0,0.2807,75.9055,79.4345,0.5437,77.8132,4.8786,0.7989,67.523,0.3235,79.9022,Stabil,Orta
1,Backend,Mid,5.8,39,2025,11,9,28.1,34.4,0.6229,0.8528,0.8353,0.8052,1.2209,0.8323,0.7719,0.8,4.8889,181.7358,0.4866,0.2372,0.4652,5,0.93423,0.0,0.2099,84.3451,82.7395,0.6275,69.2061,3.05,0.7882,75.5028,0.2168,77.5581,Stabil,Dusuk
1,Backend,Mid,5.8,40,2025,6,5,17.3,38.5,0.4524,0.8503,0.8501,0.7958,0.7588,0.8807,0.8333,1.0,6.0,158.1876,0.4117,0.2644,0.541,3,1.02938,0.0,0.2933,83.298,80.7783,0.7093,71.9762,-0.0564,0.6907,75.1855,0.204,67.7281,Stabil,Dusuk
1,Backend,Mid,5.8,41,2025,3,2,8.7,40.2,0.5813,0.785,0.8219,0.7994,0.3435,0.7578,0.7778,1.0,3.5,82.9227,0.5735,0.2976,0.3679,6,1.1258500000000002,0.0,0.3268,85.3239,78.1482,0.621,72.0922,-1.4393,0.8896,70.6161,0.2172,73.7282,Stabil,Dusuk
1,Backend,Mid,5.8,42,2025,8,6,16.9,40.0,0.695,0.8456,0.7985,0.6914,0.7725,0.7867,0.766,0.6,6.0,151.0042,0.5005,0.3469,0.4849,6,1.1233200000000003,0.0,0.2867,72.5812,77.0649,0.6175,73.0294,1.1586,0.5843,69.8925,0.1665,63.7252,Stabil,Dusuk
1,Backend,Mid,5.8,43,2025,7,5,19.7,37.5,0.5888,0.8163,0.7576,0.5505,0.86,0.7016,1.0,0.2,3.2,113.7332,0.4475,0.2867,0.4942,3,1.00914,0.0,0.1443,67.7445,77.5006,0.5324,74.7904,0.938,0.6858,68.2525,0.2357,68.0788,Stabil,Dusuk
1,Backend,Mid,5.8,44,2025,7,6,22.5,32.6,0.5483,0.8225,0.8285,0.7876,0.9949,0.7061,0.6774,0.6,3.5,169.5181,0.4295,0.2641,0.5338,4,0.93973,0.0,0.1342,70.9519,80.175,0.5401,77.1457,1.6921,0.7376,73.2055,0.1665,72.3907,Stabil,Dusuk
1,Backend,Mid,5.8,45,2025,6,5,13.6,35.9,0.4213,0.747,0.8581,0.8854,0.5572,0.7313,0.8,0.8,2.4,171.4999,0.4543,0.2559,0.5393,3,1.08372,0.0,0.2942,78.7418,73.0178,0.6768,71.439,-0.2416,0.807,73.5795,0.157,70.3419,Stabil,Dusuk
1,Backend,Mid,5.8,46,2025,11,10,26.9,36.7,0.6107,0.8527,0.8801,0.8538,1.3337,0.6328,0.6792,0.4,3.6,198.7044,0.5249,0.3138,0.4841,4,1.001,0.0,0.1302,70.0567,83.3907,0.6982,73.4992,-0.958,0.841,75.4511,0.259,73.8639,Stabil,Dusuk
1,Backend,Mid,5.8,47,2025,12,9,36.2,40.6,0.4073,0.8136,0.7907,0.7575,1.8462,0.8341,0.6792,1.0,4.0,147.2507,0.5159,0.2819,0.5039,4,1.04258,0.0,0.224,83.3478,79.8261,0.5431,72.8762,-1.0748,0.6935,75.4734,0.1931,65.9745,Stabil,Dusuk
1,Backend,Mid,5.8,48,2025,16,12,41.7,50.3,0.7129,0.8073,0.7414,0.6665,1.7063,0.6214,0.7353,0.6,2.0833,104.9432,0.6328,0.3343,0.4073,5,1.34123,1.0,0.3626,71.0956,79.9045,0.5334,57.657,-4.1969,0.7028,65.1628,0.5108,61.5394,Stabil,Orta
1,Backend,Mid,5.8,49,2025,6,5,17.8,33.3,0.3238,0.8126,0.8523,0.8395,0.9215,0.6706,0.6429,0.6,7.2,160.8171,0.4764,0.2831,0.3211,6,0.8729600000000001,1.0,0.2868,74.4222,80.6863,0.5512,67.8746,-3.2093,0.7905,69.8181,0.3405,67.2636,Stabil,Orta
1,Backend,Mid,5.8,50,2025,10,8,28.0,37.0,0.5776,0.8726,0.8413,0.7129,1.0151,0.687,1.0,0.4,1.625,168.1985,0.4094,0.2873,0.4294,4,0.94413,1.0,0.3133,66.332,73.9246,0.5815,65.921,-1.0648,0.6571,68.3813,0.2936,62.5838,Stabil,Dusuk
1,Backend,Mid,5.8,51,2025,8,6,20.0,31.6,0.6483,0.8535,0.8119,0.6879,0.8895,0.8754,0.875,1.0,3.5,145.6272,0.5073,0.3657,0.4332,5,0.8748300000000001,1.0,0.2469,85.457,77.2518,0.535,69.5315,3.367,0.7047,70.0835,0.1802,72.6493,Stabil,Dusuk
1,Backend,Mid,5.8,52,2025,7,6,28.2,37.4,0.4915,0.8167,0.8409,0.7215,1.2452,0.5474,0.625,0.6,2.5,237.2558,0.3746,0.2644,0.5723,4,1.05435,1.0,0.2265,78.6148,79.9343,0.7535,70.6337,1.1888,0.6633,73.2726,0.27,68.1865,Stabil,Dusuk
4,DevOps,Mid,4.1,1,2025,4,3,12.5,39.0,0.4033,0.7105,0.71,0.6553,0.6036,0.7878,0.9286,0.6,4.3333,94.6118,0.47142,0.3496,0.40095,3,0.9706,0.0,0.1347,54.6978,53.835,0.7146,72.0444,0.0,0.7308,64.9067,0.3232,61.5351,Riskli,Orta
4,DevOps,Mid,4.1,2,2025,7,5,14.4,34.8,0.5772,0.6803,0.7274,0.6071,0.8893,0.5971,0.8235,0.6,2.8,36.6824,0.51966,0.2895,0.4829,4,0.8625,0.0,0.2995,58.5871,55.4022,0.6506,76.4543,4.4099,0.6587,63.0946,0.2696,65.6524,Riskli,Dusuk
4,DevOps,Mid,4.1,3,2025,11,10,47.0,45.3,0.4883,0.67,0.8802,0.75,1.9067,0.8289,0.8889,1.0,3.2,181.6392,0.53163,0.3128,0.38445,5,1.1415,0.0,0.2408,63.8657,50.1188,0.5733,71.4636,-0.2904,0.6239,69.8724,0.4329,55.1563,Stabil,Orta
4,DevOps,Mid,4.1,4,2025,6,5,12.0,31.9,0.5019,0.7153,0.7837,0.683,0.4277,0.7616,0.8235,0.8,5.6,230.0006,0.40275,0.2252,0.53207,3,0.8267,0.0,0.1215,63.4928,50.4638,0.7095,78.3319,1.3872,0.7495,67.1602,0.2536,63.533,Stabil,Dusuk
4,DevOps,Mid,4.1,5,2025,11,9,44.2,34.8,0.7443,0.7104,0.8216,0.7368,2.0751,0.6336,0.7059,0.4,2.6667,170.0894,0.6147900000000001,0.3573,0.36212,5,0.8918,0.0,0.3218,55.1088,56.2851,0.6065,77.1022,0.8812,0.5792,66.4061,0.1808,56.8278,Stabil,Dusuk
4,DevOps,Mid,4.1,6,2025,7,5,10.1,39.5,0.5235,0.6952,0.771,0.7018,0.4622,0.8335,0.96,0.4,4.8,166.9093,0.4581,0.2692,0.5153500000000001,4,1.0323,0.0,0.2534,46.317,56.6841,0.543,77.8679,1.7983,0.7352,65.8257,0.2369,65.3981,Stabil,Dusuk
4,DevOps,Mid,4.1,7,2025,13,9,19.7,37.2,0.3458,0.686,0.6609,0.604,0.911,0.6975,0.7059,1.0,2.6667,212.1514,0.414,0.2604,0.41767,5,0.9398,0.0,0.3405,69.3298,56.4411,0.5869,64.2337,-4.1529,0.672,63.5808,0.373,53.1847,Riskli,Orta
4,DevOps,Mid,4.1,8,2025,9,6,16.2,41.0,0.7724,0.7112,0.6744,0.6017,0.6255,0.6213,0.8,0.4,2.0,179.0109,0.61542,0.3335,0.38434,5,1.0053,0.0,0.2085,51.8474,48.9429,0.6323,70.5691,-3.3233,0.6272,59.81,0.4183,50.214,Riskli,Orta
4,DevOps,Mid,4.1,9,2025,8,6,17.5,40.2,0.4471,0.6607,0.7731,0.6783,0.8264,0.7543,0.6786,1.0,3.1667,118.8812,0.37548,0.2313,0.539,3,1.0051,0.0,0.1648,62.1236,47.9898,0.5997,71.8154,-1.1822,0.7487,68.3599,0.248,58.7423,Stabil,Dusuk
4,DevOps,Mid,4.1,10,2025,8,6,12.6,43.4,0.4764,0.6986,0.7035,0.5881,0.5248,0.7185,0.8571,0.2,4.0,133.8915,0.4383,0.2801,0.51304,4,1.0865,0.0,0.2605,43.4295,55.6982,0.4699,65.9149,0.629,0.6849,60.4001,0.3331,61.0132,Riskli,Orta
4,DevOps,Mid,4.1,11,2025,5,4,18.3,40.6,0.5852,0.7062,0.7286,0.6235,0.8492,0.8809,0.875,1.0,3.5,149.7431,0.54531,0.3291,0.3916,6,0.9592,0.0,0.2475,61.017,52.2835,0.5252,70.3153,-0.6662,0.5163,64.1636,0.3756,50.3794,Riskli,Orta
4,DevOps,Mid,4.1,12,2025,5,4,21.1,47.4,0.8419,0.7176,0.7083,0.5265,1.004,0.6473,0.6522,0.8,3.75,53.6392,0.56709,0.3527,0.37378,5,1.2372,1.0,0.2899,58.4338,50.2354,0.7168,62.8641,-2.2453,0.6703,58.9712,0.5592,54.2246,Riskli,Orta
4,DevOps,Mid,4.1,13,2025,6,4,15.2,46.0,0.5285,0.6972,0.7305,0.7619,0.7156,0.9189,0.8,1.0,5.0,158.3161,0.5246999999999999,0.3273,0.50809,3,1.1004,1.0,0.195,69.5291,52.8533,0.7112,72.4691,1.2211,0.6108,67.6493,0.4113,57.7497,Stabil,Orta
4,DevOps,Mid,4.1,14,2025,4,3,10.0,43.1,0.5468,0.6844,0.7902,0.7205,0.5282,0.7142,0.7,1.0,2.3333,114.3778,0.62325,0.364,0.5368,3,1.0528,1.0,0.2419,60.8311,48.7317,0.6453,78.5465,3.4299,0.7419,64.7169,0.2624,65.8646,Riskli,Dusuk
4,DevOps,Mid,4.1,15,2025,10,8,37.9,41.3,0.5092,0.6779,0.7767,0.681,1.4814,0.6055,0.7857,0.2,2.75,114.7645,0.44802,0.2922,0.5845400000000001,4,1.087,1.0,0.2592,41.465,52.5893,0.5909,78.0618,5.1671,0.7502,66.6876,0.2477,70.1077,Stabil,Dusuk
4,DevOps,Mid,4.1,16,2025,10,7,21.2,42.9,0.5978,0.7372,0.7341,0.685,1.02,0.7286,0.85,0.4,4.8571,218.796,0.5140800000000001,0.3775,0.4616700000000001,3,1.0897,1.0,0.2611,50.8598,57.483,0.7376,76.0549,1.0273,0.6451,65.064,0.2564,60.3775,Stabil,Dusuk
4,DevOps,Mid,4.1,17,2025,10,8,29.4,38.7,0.5434,0.6769,0.7863,0.7458,1.1811,0.7336,0.6739,0.6,3.875,137.9749,0.41328,0.3346,0.41195,4,0.986,1.0,0.1513,52.4963,52.8018,0.6138,70.4097,-2.6417,0.7185,67.9665,0.4404,56.5469,Stabil,Orta
4,DevOps,Mid,4.1,18,2025,10,8,28.1,39.8,0.4243,0.7428,0.7989,0.7342,1.1423,0.9167,0.9143,1.0,4.0,147.5351,0.43101,0.3488,0.48906,3,1.0229,0.0,0.216,67.8405,48.7022,0.5915,75.6,-1.3031,0.601,70.7558,0.265,52.1217,Stabil,Dusuk
4,DevOps,Mid,4.1,19,2025,5,4,9.1,38.9,0.285,0.6942,0.8375,0.7828,0.4021,0.8197,0.8235,0.8,3.5,147.3478,0.37539,0.2407,0.60962,3,0.9769,0.0,0.2368,56.4605,52.2732,0.5188,75.6115,0.386,0.7439,68.8098,0.252,62.2596,Stabil,Dusuk
4,DevOps,Mid,4.1,20,2025,7,5,13.3,43.2,0.5102,0.687,0.6693,0.596,0.6557,0.7947,0.7037,0.8,3.8,148.8133,0.51534,0.408,0.49423,4,1.0594,0.0,0.2418,61.9647,52.7553,0.4875,67.6279,-0.8334,0.6962,62.044,0.3892,58.3549,Riskli,Orta
4,DevOps,Mid,4.1,21,2025,12,11,39.3,39.5,0.3549,0.6373,0.9261,0.8595,1.4449,0.7506,0.8511,0.4,3.6364,156.853,0.4057199999999999,0.3246,0.56342,2,0.997,0.0,0.2484,45.78,56.9876,0.5599,70.8453,-2.2248,0.8393,72.9937,0.425,63.8869,Stabil,Orta
4,DevOps,Mid,4.1,22,2025,6,4,16.6,37.2,0.6218,0.6838,0.7423,0.6642,0.8016,0.7764,0.7826,0.8,4.5,211.9081,0.45801,0.2885,0.44704,4,0.9664,0.0,0.3517,56.9231,54.7138,0.5168,60.9898,-4.0648,0.5368,63.0188,0.4196,46.7208,Riskli,Orta
4,DevOps,Mid,4.1,23,2025,4,3,7.5,39.4,0.2832,0.687,0.7695,0.6446,0.4049,0.6776,0.8889,0.4,2.6667,185.1614,0.35946,0.1764,0.36366,6,0.9374,0.0,0.2021,49.821,51.535,0.5606,75.438,1.3575,0.6798,63.6468,0.3154,60.6735,Riskli,Orta
4,DevOps,Mid,4.1,24,2025,7,5,17.8,43.3,0.7359,0.665,0.7631,0.6576,0.6673,0.7012,0.7917,0.8,3.8,244.4496,0.5904,0.3034,0.34265,5,1.0439,0.0,0.3071,60.0147,55.8608,0.6788,61.2987,-1.4192,0.6876,62.3309,0.3214,57.9841,Riskli,Orta
4,DevOps,Mid,4.1,25,2025,8,6,20.8,43.0,0.3397,0.6785,0.7241,0.6327,0.7977,0.7098,0.6765,1.0,3.8333,61.0367,0.3744,0.253,0.4499,4,1.0295,0.0,0.25,68.1515,54.7731,0.6921,73.7986,2.4287,0.6862,66.9193,0.3008,63.6066,Stabil,Orta
4,DevOps,Mid,4.1,26,2025,9,6,19.3,50.2,0.6223,0.6889,0.6419,0.6051,0.7913,0.737,0.6333,1.0,3.1667,182.2409,0.54513,0.3064,0.5528600000000001,4,1.1765,0.0,0.1912,67.3694,53.108,0.6672,69.6469,-0.4873,0.7437,63.3279,0.3343,61.1393,Riskli,Orta
4,DevOps,Mid,4.1,27,2025,7,5,17.5,40.5,0.6626,0.6694,0.6937,0.6293,0.843,0.7475,0.8421,0.6,3.2,170.4396,0.57528,0.3746,0.54307,5,1.0225,0.0,0.1658,52.9297,57.4338,0.6053,75.8805,3.9594,0.6731,64.5758,0.2458,66.2083,Riskli,Dusuk
4,DevOps,Mid,4.1,28,2025,5,3,6.8,30.8,0.564,0.7268,0.6374,0.5863,0.3064,0.7972,0.9,0.6,6.0,121.6595,0.56286,0.3722,0.54076,2,0.7914,0.0,0.1221,53.5955,54.8864,0.6874,64.0064,-2.3143,0.7155,59.4894,0.3756,57.5487,Riskli,Orta
4,DevOps,Mid,4.1,29,2025,7,5,22.8,43.7,0.6921,0.6827,0.7474,0.6714,1.0742,0.731,0.9167,0.4,4.4,217.3381,0.53964,0.3192,0.30998,6,1.0268,0.0,0.2496,47.7121,57.7639,0.7315,81.3406,2.3207,0.7642,66.511,0.2617,67.8454,Stabil,Dusuk
4,DevOps,Mid,4.1,30,2025,9,7,31.5,36.3,0.7036,0.6889,0.7352,0.5802,1.116,0.8378,0.7692,0.8,4.2857,145.6761,0.55881,0.3709,0.3487,5,0.9253,0.0,0.2433,55.8502,53.9274,0.6681,70.7741,0.2015,0.6343,64.4501,0.3159,57.538,Riskli,Orta
4,DevOps,Mid,4.1,31,2025,8,5,19.3,31.4,0.5086,0.6532,0.6345,0.5808,0.9403,0.7022,0.8462,0.6,2.2,167.9957,0.58707,0.3141,0.33924,5,0.8169,0.0,0.2613,49.6069,50.765,0.5281,74.6007,2.1216,0.6993,59.5996,0.3253,62.5135,Riskli,Orta
4,DevOps,Mid,4.1,32,2025,4,3,8.2,41.0,0.5526,0.6292,0.7811,0.6905,0.4258,0.6346,1.0,0.4,1.6667,90.9279,0.5013000000000001,0.2857,0.3784,4,1.0304,0.0,0.1117,46.4042,56.3998,0.6388,73.609,-1.9368,0.7656,63.747,0.4085,60.844,Riskli,Orta
4,DevOps,Mid,4.1,33,2025,6,4,13.1,46.3,0.3999,0.6617,0.7377,0.69,0.6432,0.7568,0.9524,0.4,5.0,229.8798,0.47052,0.3391,0.36927,5,1.116,0.0,0.2033,44.6556,50.514,0.626,70.8026,-0.0906,0.7694,62.8783,0.4436,62.1351,Riskli,Orta
4,DevOps,Mid,4.1,34,2025,4,3,14.1,30.5,0.6303,0.699,0.7183,0.5697,0.6448,0.6637,0.8,0.8,2.6667,232.1961,0.43317,0.2643,0.50479,3,0.822,0.0,0.1322,60.301,56.0579,0.5903,67.0252,-2.5533,0.4572,61.7325,0.4278,45.9017,Riskli,Orta
4,DevOps,Mid,4.1,35,2025,8,6,22.4,33.8,0.606,0.7198,0.7119,0.588,1.4007,0.6063,0.6667,0.6,2.6667,210.2549,0.49545,0.3401,0.4433000000000001,5,0.8373,0.0,0.236,58.373,54.32,0.5949,72.0324,-0.8507,0.5959,63.6344,0.2084,54.2828,Riskli,Dusuk
4,DevOps,Mid,4.1,36,2025,8,6,23.2,44.5,0.5492,0.7007,0.699,0.653,0.9045,0.7055,0.8696,0.4,3.3333,184.1355,0.48969,0.3469,0.40722,4,1.0707,0.0,0.1718,51.2821,48.3765,0.7001,59.1099,-3.0071,0.6638,62.1382,0.5077,52.1836,Riskli,Orta
4,DevOps,Mid,4.1,37,2025,11,8,18.3,40.8,0.4049,0.7014,0.7424,0.6535,0.9421,0.7655,0.9545,0.6,2.625,164.8567,0.50193,0.36,0.5117200000000001,4,0.9844,0.0,0.2512,50.7109,56.4719,0.5409,74.3067,0.8922,0.8626,66.0813,0.3387,69.6518,Stabil,Orta
4,DevOps,Mid,4.1,38,2025,11,10,23.0,37.5,0.4556,0.7173,0.8665,0.8,1.0939,0.7981,0.9302,0.8,4.0,215.6472,0.44514,0.3613,0.44374,4,0.8804,0.0,0.2309,55.9425,57.0175,0.7052,67.9872,0.3061,0.739,69.5178,0.2814,63.3389,Stabil,Dusuk
4,DevOps,Mid,4.1,39,2025,11,9,29.7,41.5,0.3515,0.6741,0.7818,0.7169,1.153,0.559,0.6571,0.8,2.5556,269.0817,0.39168,0.2572,0.47179,4,0.9596,0.0,0.145,60.6158,55.8309,0.5203,77.239,4.8068,0.5988,67.8939,0.1929,63.708,Stabil,Dusuk
4,DevOps,Mid,4.1,40,2025,7,6,12.4,41.8,0.6026,0.7425,0.8312,0.7907,0.4819,0.8071,0.7188,1.0,3.8333,122.9107,0.5244300000000001,0.3333,0.5661700000000001,2,0.9868,0.0,0.2399,62.3389,55.7299,0.5246,69.9183,-0.3913,0.8095,67.7865,0.2764,65.0343,Stabil,Dusuk
4,DevOps,Mid,4.1,41,2025,10,7,29.3,37.5,0.609,0.6943,0.7266,0.6669,1.1479,0.6997,0.913,0.6,3.0,217.3775,0.46332,0.2814,0.34804,4,0.8882,0.0,0.1907,58.9048,51.9205,0.6542,75.7329,1.5916,0.6105,65.8032,0.3009,58.0364,Stabil,Orta
4,DevOps,Mid,4.1,42,2025,6,5,12.3,37.1,0.4757,0.6623,0.7709,0.6883,0.6881,0.7125,0.85,0.6,3.4,93.7674,0.5366700000000001,0.2932,0.4737700000000001,4,0.8895,0.0,0.1691,50.5084,56.4695,0.6828,74.1342,-0.35,0.5343,64.2414,0.2796,52.9356,Riskli,Dusuk
4,DevOps,Mid,4.1,43,2025,8,6,19.1,41.3,0.4437,0.6917,0.776,0.7594,0.8274,0.7608,0.8214,0.8,3.8333,91.2475,0.57213,0.3248,0.40931,5,1.0406,0.0,0.3899,63.0545,48.7878,0.644,71.3248,0.2621,0.7386,65.593,0.2871,60.7809,Stabil,Dusuk
4,DevOps,Mid,4.1,44,2025,7,6,27.0,35.4,0.4665,0.7326,0.8993,0.8375,1.0714,0.6808,0.7027,0.8,4.3333,256.3734,0.50751,0.3385,0.36344,5,0.837,0.0,0.1777,58.0867,48.9494,0.585,78.0428,0.412,0.6618,68.4777,0.2532,57.6102,Stabil,Dusuk
4,DevOps,Mid,4.1,45,2025,7,6,26.4,25.0,0.4415,0.655,0.8159,0.729,1.131,0.7595,0.8333,1.0,2.5,192.8847,0.4966199999999999,0.2575,0.49302,4,0.6842,0.0,0.3117,66.9161,55.4938,0.6245,80.4531,2.5675,0.7012,68.058,0.3077,64.7158,Stabil,Orta
4,DevOps,Mid,4.1,46,2025,7,5,21.8,41.2,0.4887,0.7261,0.6995,0.6019,0.8302,0.7635,0.7895,0.8,3.0,167.0957,0.50436,0.2592,0.275,5,1.0226,0.0,0.1571,57.5135,55.0765,0.5915,67.2911,-0.9691,0.7404,63.8309,0.3102,60.8273,Riskli,Orta
4,DevOps,Mid,4.1,47,2025,11,8,22.5,43.4,0.6037,0.6998,0.7695,0.7148,0.805,0.6634,0.9677,0.4,3.75,257.1345,0.5485500000000001,0.3568,0.45386,3,1.0773,0.0,0.138,45.3967,49.3569,0.5675,65.6275,-5.0408,0.6298,62.4703,0.496,47.7707,Riskli,Orta
4,DevOps,Mid,4.1,48,2025,9,6,27.0,45.8,0.6078,0.6931,0.6315,0.5369,1.1119,0.743,0.8,0.6,3.3333,167.7348,0.52425,0.3496,0.38137,5,1.1399,0.0,0.2397,60.1035,50.4797,0.6964,65.283,-4.7174,0.4653,60.734,0.5179,41.2093,Riskli,Orta
4,DevOps,Mid,4.1,49,2025,6,5,21.3,35.2,0.4636,0.6769,0.7742,0.6772,1.2183,0.6546,0.6842,0.8,2.6,93.8524,0.49455,0.2815,0.4926900000000001,2,0.8661,0.0,0.2271,64.5457,49.2437,0.55,71.8931,1.3461,0.7557,66.5175,0.2725,63.3852,Stabil,Dusuk
4,DevOps,Mid,4.1,50,2025,6,5,17.0,38.8,0.5715,0.6782,0.7968,0.7087,0.7481,0.6997,0.9333,0.2,5.6,215.2297,0.58077,0.3693,0.56232,2,0.9346,0.0,0.3187,41.2121,56.6053,0.7112,64.426,0.3006,0.6783,62.9361,0.3249,60.4764,Riskli,Orta
4,DevOps,Mid,4.1,51,2025,8,5,20.7,42.8,0.8194,0.7215,0.661,0.5966,0.8126,0.9257,0.9375,1.0,6.0,151.8385,0.46692,0.2741,0.55143,3,1.0585,0.0,0.3052,61.414,55.1551,0.5935,54.2238,-4.0645,0.6336,63.4396,0.5055,51.2074,Riskli,Orta
4,DevOps,Mid,4.1,52,2025,8,5,17.9,39.0,0.4869,0.6977,0.678,0.6545,0.721,0.7474,0.7727,0.6,3.4,159.8097,0.5706,0.3122,0.33539,5,0.965,0.0,0.2648,59.0144,52.2034,0.6073,68.0779,-2.1648,0.6597,62.1595,0.3895,54.4664,Riskli,Orta
5,Backend,Mid,2.6,1,2025,11,7,15.3,39.4,0.3671,0.8379,0.6511,0.5615,0.6749,0.6984,0.7778,0.6,4.0,79.658,0.5559,0.2319,0.4289,3,1.03642,0.0,0.2824,60.2724,55.3914,0.5276,65.2271,0.0,0.7873,61.9466,0.2844,64.5439,Riskli,Dusuk
5,Backend,Mid,2.6,2,2025,4,3,11.9,37.8,0.6169,0.8387,0.6751,0.6135,0.6017,0.6862,0.6875,0.4,3.6667,136.6659,0.534,0.3606,0.3772,4,1.0410400000000002,0.0,0.1503,55.8058,59.4448,0.5076,59.1761,-6.0509,1.0,62.3251,0.3076,65.8788,Riskli,Orta
5,Backend,Mid,2.6,3,2025,12,9,27.6,37.0,0.6389,0.8232,0.7755,0.6853,1.2192,0.8341,0.9268,0.6,4.2222,133.9218,0.5663,0.3072,0.25,5,1.05127,0.0,0.2972,64.2579,53.4937,0.5004,56.883,-4.172,0.982,66.8923,0.3649,66.2203,Stabil,Orta
5,Backend,Mid,2.6,4,2025,7,5,18.6,32.5,0.7354,0.78,0.6781,0.5881,0.8599,0.7634,0.9286,0.6,2.6,141.2985,0.561,0.3349,0.3437,4,0.9218,0.0,0.2415,59.1356,53.049,0.5161,54.599,-3.4177,0.937,61.3493,0.3898,65.2397,Riskli,Orta
5,Backend,Mid,2.6,5,2025,6,4,14.8,38.9,0.6783,0.7879,0.7027,0.5732,0.5868,0.7495,0.7143,1.0,2.5,169.1049,0.5988,0.4021,0.4468,4,0.99792,0.0,0.3936,70.8237,54.9147,0.4683,58.6108,-0.398,0.9294,61.4037,0.2416,70.1745,Riskli,Dusuk
5,Backend,Mid,2.6,6,2025,8,5,17.6,36.2,0.3259,0.804,0.64,0.5487,0.7197,0.7145,0.6286,0.8,4.4,85.8433,0.5298,0.3295,0.4306,3,1.05061,0.0,0.3006,61.1971,49.9407,0.724,55.7845,0.0716,0.9385,61.6631,0.2972,69.8258,Riskli,Dusuk
5,Backend,Mid,2.6,7,2025,5,3,7.3,43.8,0.7119,0.8206,0.5944,0.55,0.3778,0.5846,0.9,0.2,3.0,240.3006,0.6147,0.4118,0.25,6,1.14037,0.0,0.3001,45.3824,52.269,0.6609,47.0515,-2.5469,0.8125,53.8138,0.498,60.7651,Riskli,Orta
5,Backend,Mid,2.6,8,2025,12,9,32.4,37.0,0.5496,0.8096,0.7209,0.6475,1.4539,0.7355,0.8036,0.2,5.0,176.8096,0.5672,0.3458,0.3889,6,1.01112,0.0,0.1949,45.8079,50.6141,0.5666,53.8195,-2.3107,0.8632,64.203,0.4077,62.9196,Riskli,Orta
5,Backend,Mid,2.6,9,2025,11,7,31.1,42.3,0.4766,0.8073,0.6756,0.6338,1.5556,0.7564,0.7619,1.0,2.2857,168.3858,0.5663,0.3647,0.3317,6,1.19141,0.0,0.3361,64.7875,50.5094,0.6997,54.3328,0.2413,0.7194,64.4007,0.3964,60.4007,Riskli,Orta
5,Backend,Mid,2.6,10,2025,9,7,19.0,38.1,0.6299,0.8167,0.7573,0.7284,0.9345,0.7135,0.8,0.4,3.4286,136.5565,0.7156,0.4054,0.25,7,1.02333,0.0,0.1243,52.7133,52.4972,0.5658,56.0014,2.7363,1.0,63.3382,0.3152,77.5246,Riskli,Orta
5,Backend,Mid,2.6,11,2025,8,6,17.7,34.7,0.3505,0.8355,0.7209,0.7164,0.6292,0.7903,0.6667,0.6,5.0,140.254,0.4327,0.2587,0.4377,4,1.0074900000000002,0.0,0.2266,59.8508,57.9586,0.5784,58.9307,1.7002,0.8042,65.6063,0.3399,68.7312,Stabil,Orta
5,Backend,Mid,2.6,12,2025,7,5,18.6,39.9,0.6569,0.8381,0.7096,0.6216,1.0246,0.6748,0.7,0.8,4.2,44.8363,0.6071,0.3177,0.5203,3,1.1261800000000002,0.0,0.2371,60.4459,54.6855,0.581,56.0401,0.8051,0.9974,64.7269,0.2925,75.0473,Riskli,Dusuk
5,Backend,Mid,2.6,13,2025,9,6,20.6,43.0,0.5032,0.8372,0.6585,0.6027,0.8429,0.9061,0.9286,1.0,4.3333,176.6508,0.6765,0.405,0.4687,4,1.2076900000000002,0.0,0.1265,67.9461,54.6055,0.6224,60.8668,1.1706,0.7413,64.4225,0.2995,64.0669,Riskli,Dusuk
5,Backend,Mid,2.6,14,2025,8,5,25.4,39.1,0.754,0.8635,0.5826,0.5751,1.2298,0.6875,0.9643,0.6,5.4,302.2242,0.5866,0.3235,0.3665,4,1.12068,0.0,0.1338,57.2421,52.5061,0.5944,50.8421,-1.9439,0.9496,62.239,0.3345,67.9481,Riskli,Orta
5,Backend,Mid,2.6,15,2025,3,2,9.9,38.2,0.5487,0.8181,0.7613,0.7262,0.5031,0.7986,1.0,1.0,7.5,207.327,0.5866,0.4245,0.4618,3,1.00166,0.0,0.2266,65.0962,54.5177,0.5678,64.5627,1.5543,0.9374,65.4294,0.2005,73.4687,Stabil,Dusuk
5,Backend,Mid,2.6,16,2025,12,7,15.0,40.6,0.6283,0.8408,0.5976,0.5492,0.5838,0.5911,0.75,1.0,2.5714,312.3154,0.5867,0.3092,0.3232,5,1.11804,0.0,0.2205,67.2757,52.8893,0.5138,62.1884,1.7685,0.9428,60.0025,0.3005,73.5544,Riskli,Orta
5,Backend,Mid,2.6,17,2025,5,4,11.6,38.6,0.4707,0.8071,0.7458,0.7409,0.5323,0.8494,0.9,0.6,4.5,157.9601,0.5096,0.3068,0.3915,5,1.04214,0.0,0.2603,62.319,53.3831,0.6887,49.3065,-0.6981,0.8429,64.8561,0.2159,65.3528,Riskli,Dusuk
5,Backend,Mid,2.6,18,2025,7,5,14.6,47.5,0.3667,0.8646,0.663,0.6448,0.6889,0.804,0.6667,0.8,4.4,156.9952,0.584,0.3569,0.4102,3,1.3031700000000002,0.0,0.2771,69.6882,57.7545,0.5217,57.7186,-3.3414,0.7504,62.0634,0.4422,58.373,Riskli,Orta
5,Backend,Mid,2.6,19,2025,13,10,31.5,37.6,0.6215,0.8436,0.7319,0.5857,1.5291,0.8876,0.902,1.0,4.6,106.4004,0.5692,0.3427,0.4963,3,1.06733,0.0,0.3314,72.7586,55.7024,0.5824,63.4895,1.2315,0.8042,69.1409,0.2746,67.3237,Stabil,Dusuk
5,Backend,Mid,2.6,20,2025,11,8,16.8,41.9,0.6189,0.8173,0.723,0.5547,0.8423,0.6911,0.8611,0.6,3.875,243.0176,0.5235,0.3036,0.4423,3,1.08218,0.0,0.1937,59.4027,51.0677,0.664,54.1001,2.0152,0.9059,63.5454,0.242,71.7357,Riskli,Dusuk
5,Backend,Mid,2.6,21,2025,12,9,26.3,40.6,0.5402,0.7953,0.7239,0.6499,1.246,0.6651,0.6226,0.4,3.6667,137.9004,0.5125,0.2871,0.3369,4,1.10924,0.0,0.1983,53.3646,55.4268,0.4789,47.6752,-3.952,0.8098,63.5453,0.3966,59.3933,Riskli,Orta
5,Backend,Mid,2.6,22,2025,15,11,25.7,41.4,0.5059,0.8095,0.7455,0.6619,1.2009,0.5848,0.9268,0.2,3.4545,264.2497,0.6011,0.2505,0.3232,5,1.15192,0.0,0.2969,45.9547,55.8478,0.5373,48.777,-5.0562,0.5797,60.6411,0.3777,47.4389,Riskli,Orta
5,Backend,Mid,2.6,23,2025,7,5,21.2,40.9,0.6169,0.8178,0.6863,0.6333,0.9451,0.8512,0.8947,1.0,3.4,173.9386,0.5464,0.3725,0.3163,4,1.10891,0.0,0.1504,70.6718,57.2468,0.4071,59.2154,1.6448,0.8565,65.6808,0.307,70.787,Stabil,Orta
5,Backend,Mid,2.6,24,2025,11,7,29.3,40.1,0.5972,0.8068,0.6529,0.5894,1.1556,0.8159,0.8438,0.8,3.8571,174.1849,0.5138,0.2723,0.3994,5,1.1899800000000005,0.0,0.2541,59.6176,51.548,0.6001,49.9244,1.7186,0.7006,63.0014,0.3976,62.1784,Riskli,Orta
5,Backend,Mid,2.6,25,2025,6,4,17.3,42.3,0.507,0.7894,0.651,0.6389,1.0251,0.7237,0.9167,0.6,2.75,190.967,0.6054,0.3094,0.3033,5,1.20703,0.0,0.205,57.6576,56.4918,0.5629,54.8634,0.8968,0.7184,61.7136,0.3468,63.1774,Riskli,Orta
5,Backend,Mid,2.6,26,2025,5,3,10.1,39.5,0.4237,0.8449,0.6739,0.6246,0.463,0.7589,0.7692,0.8,3.3333,122.284,0.5066,0.2772,0.3603,4,1.10847,0.0,0.2323,65.0652,55.5349,0.6592,60.0623,0.748,0.8899,63.7918,0.3615,70.3725,Riskli,Orta
5,Backend,Mid,2.6,27,2025,7,6,20.2,44.5,0.3572,0.8299,0.808,0.7308,0.957,0.5669,0.8462,0.6,1.8333,44.2793,0.4987,0.2781,0.25,6,1.1836000000000002,0.0,0.1888,62.0061,55.0031,0.5946,62.8608,4.4008,0.8995,65.9655,0.2999,76.3561,Stabil,Dusuk
5,Backend,Mid,2.6,28,2025,7,4,17.2,36.0,0.6254,0.8375,0.5605,0.4153,0.8779,0.8188,0.9048,0.6,4.75,191.5254,0.5837,0.339,0.3147,5,0.94347,0.0,0.2056,59.4198,57.6267,0.6205,46.5957,-2.2005,0.9508,58.4694,0.3485,69.1348,Riskli,Orta
5,Backend,Mid,2.6,29,2025,6,3,8.9,40.7,0.6738,0.7848,0.5638,0.5132,0.4652,0.8083,0.7,1.0,4.6667,97.4661,0.6904,0.4553,0.371,4,1.08328,0.0,0.291,71.3531,49.8989,0.628,50.6377,-4.4539,0.8401,58.009,0.3508,58.313,Riskli,Orta
5,Backend,Mid,2.6,30,2025,11,7,30.2,34.3,0.3722,0.8114,0.6497,0.5452,1.6959,0.7089,0.7812,1.0,3.5714,257.3341,0.6335,0.3393,0.25,7,1.01387,0.0,0.2462,71.9126,56.0185,0.6424,60.2875,-0.3678,0.8344,64.4343,0.2676,66.2794,Riskli,Dusuk
5,Backend,Mid,2.6,31,2025,10,6,22.2,41.8,0.5151,0.8311,0.6007,0.4824,1.0249,0.6648,0.8333,0.6,2.5,96.0924,0.5674,0.3354,0.3855,3,1.1060500000000002,0.0,0.2761,60.5866,50.591,0.5167,50.9663,2.2761,0.8267,59.3889,0.3151,68.4367,Riskli,Orta
5,Backend,Mid,2.6,32,2025,9,5,20.7,40.5,0.4834,0.8307,0.5995,0.5248,1.1461,0.7045,0.6304,0.4,5.8,145.3712,0.5773,0.36,0.3321,5,1.19306,0.0,0.3384,50.5571,55.7597,0.6273,55.2863,0.4625,0.8385,59.6434,0.4322,67.6845,Riskli,Orta
5,Backend,Mid,2.6,33,2025,8,6,12.1,40.4,0.5169,0.811,0.7792,0.7724,0.4718,0.6849,0.8667,0.6,2.1667,114.9237,0.5327,0.2684,0.2502,4,1.08515,0.0,0.2131,59.317,56.1266,0.6146,54.8369,-1.2031,0.7309,63.702,0.2442,60.3494,Riskli,Dusuk
5,Backend,Mid,2.6,34,2025,8,6,29.3,37.1,0.4729,0.8085,0.7327,0.7301,1.3628,0.6625,0.6875,1.0,3.6667,271.0775,0.4616,0.3104,0.4702,4,0.98681,0.0,0.2916,67.3955,54.0742,0.556,50.4532,-0.1989,0.8517,66.4821,0.2752,66.7395,Stabil,Dusuk
5,Backend,Mid,2.6,35,2025,10,7,14.3,36.2,0.5342,0.8344,0.6658,0.7017,0.7211,0.5629,0.7,0.2,2.0,133.4393,0.6286,0.4072,0.25,6,1.03708,0.0,0.1642,53.5976,52.666,0.6742,51.434,-1.5941,0.7676,59.2098,0.3144,60.3528,Riskli,Orta
5,Backend,Mid,2.6,36,2025,8,6,16.9,44.0,0.667,0.8278,0.7377,0.6293,0.6931,0.7601,0.9,1.0,3.0,228.6976,0.6069,0.3043,0.4058,6,1.15566,0.0,0.3165,71.0884,54.623,0.5784,51.4939,-0.9048,0.8098,63.1781,0.3275,63.9129,Riskli,Orta
5,Backend,Mid,2.6,37,2025,11,8,22.1,35.9,0.4743,0.8609,0.7514,0.6632,1.1828,0.6583,0.725,0.2,3.625,162.5479,0.6894,0.3815,0.3787,4,1.01046,0.0,0.2841,45.3972,52.6428,0.5429,52.5825,0.6448,0.8675,61.4218,0.2641,68.3376,Riskli,Dusuk
5,Backend,Mid,2.6,38,2025,11,9,43.5,41.3,0.6197,0.8502,0.7947,0.7181,1.7033,0.7127,0.9231,0.4,2.6667,132.2491,0.7342,0.4426,0.3722,3,1.09802,0.0,0.3383,59.1329,51.2447,0.4261,51.8644,0.238,0.7646,64.2698,0.2913,62.6522,Riskli,Dusuk
5,Backend,Mid,2.6,39,2025,11,8,28.3,32.1,0.2,0.8166,0.7196,0.751,1.2296,0.6253,0.6977,0.4,3.75,85.1851,0.4401,0.2328,0.3807,4,0.95051,0.0,0.2436,49.5896,55.7773,0.6084,60.2421,2.5526,0.8653,65.6116,0.2276,72.1623,Stabil,Dusuk
5,Backend,Mid,2.6,40,2025,6,4,10.9,41.4,0.431,0.8226,0.7153,0.7084,0.4781,0.7779,0.8235,1.0,3.5,214.001,0.4657,0.292,0.4701,2,1.0987900000000002,0.0,0.1498,67.0932,59.2445,0.6063,56.3955,1.9816,0.8044,66.1887,0.2603,69.5683,Stabil,Dusuk
5,Backend,Mid,2.6,41,2025,8,6,19.3,39.1,0.4239,0.8412,0.7956,0.7865,0.7619,0.7852,0.8065,0.8,4.1667,199.0345,0.539,0.3029,0.4037,4,1.07305,0.0,0.2106,61.2335,55.0762,0.5064,71.9575,5.6432,0.8502,68.6279,0.196,76.0982,Stabil,Dusuk
5,Backend,Mid,2.6,42,2025,8,6,26.9,40.4,0.793,0.8094,0.6948,0.6006,1.2296,0.6788,0.9474,0.2,3.0,182.1004,0.6163,0.3467,0.3961,3,1.10264,0.0,0.2278,49.0746,58.1004,0.6213,61.01,1.7866,0.9848,64.4527,0.313,77.0376,Riskli,Orta
5,Backend,Mid,2.6,43,2025,10,7,29.2,40.8,0.5817,0.806,0.7317,0.631,1.2747,0.5765,0.6571,0.4,3.2857,223.3312,0.6367,0.4091,0.4393,4,1.1433400000000002,0.0,0.2073,55.1573,52.9758,0.4379,54.5177,-1.6581,0.8444,62.3393,0.3444,63.8012,Riskli,Orta
5,Backend,Mid,2.6,44,2025,13,9,40.0,40.1,0.6605,0.8225,0.7036,0.6467,1.7687,0.6853,0.7959,0.4,4.3333,217.4379,0.592,0.3251,0.3744,6,1.1034100000000002,0.0,0.1603,50.963,57.5096,0.5164,64.3254,-2.9389,0.915,66.5276,0.3598,66.3337,Stabil,Orta
5,Backend,Mid,2.6,45,2025,9,6,13.8,41.6,0.586,0.8164,0.6178,0.5404,0.5654,0.6961,0.75,0.6,4.5,233.5745,0.6558,0.4069,0.4538,4,1.15104,0.0,0.2935,59.061,59.4186,0.4939,54.6302,-0.9332,0.8301,58.4808,0.311,66.2203,Riskli,Orta
5,Backend,Mid,2.6,46,2025,11,8,29.4,34.8,0.7106,0.8024,0.737,0.6212,1.4577,0.6709,0.8889,0.2,3.0,127.3718,0.6441,0.4019,0.3351,4,0.97482,0.0,0.2412,44.1111,51.6254,0.5959,68.3777,3.1885,0.7801,63.4031,0.268,68.0745,Riskli,Dusuk
5,Backend,Mid,2.6,47,2025,9,6,22.2,35.4,0.563,0.7884,0.6138,0.4326,1.1322,0.8364,0.8684,1.0,5.5,219.3805,0.6283,0.3006,0.25,7,0.93214,0.0,0.2842,69.3688,53.8521,0.5498,51.8306,-2.3737,0.86,60.2159,0.3822,63.6458,Riskli,Orta
5,Backend,Mid,2.6,48,2025,10,6,16.4,51.0,0.5479,0.8416,0.6139,0.4247,0.6711,0.7445,0.8667,1.0,2.1667,99.6208,0.6094,0.3975,0.3535,5,1.36829,1.0,0.2687,70.3439,55.1569,0.5289,46.5959,-4.065,0.8023,55.8462,0.4947,58.7976,Riskli,Orta
5,Backend,Mid,2.6,49,2025,7,5,24.1,39.3,0.5589,0.8224,0.7295,0.6308,1.2477,0.7723,0.9333,0.8,2.8,109.2319,0.495,0.3378,0.3756,4,1.13234,1.0,0.2106,62.3294,55.7191,0.4858,60.0839,-3.0116,0.9299,66.4592,0.3927,66.3577,Stabil,Orta
5,Backend,Mid,2.6,50,2025,10,7,33.7,42.2,0.6041,0.7836,0.7166,0.5596,1.2217,0.7866,0.7586,1.0,6.2857,101.5148,0.7247,0.3453,0.25,6,1.11155,1.0,0.3992,64.6366,58.0773,0.5199,50.0734,0.8216,0.7892,61.4384,0.3437,66.7191,Riskli,Orta
5,Backend,Mid,2.6,51,2025,6,4,20.4,35.5,0.6638,0.8281,0.6431,0.6248,0.9073,0.7677,0.875,0.4,5.25,192.0516,0.5614,0.3688,0.25,7,0.98538,1.0,0.2664,55.0861,52.529,0.5976,43.0593,-2.062,0.7592,58.7306,0.4721,59.2022,Riskli,Orta
5,Backend,Mid,2.6,52,2025,10,8,20.9,42.4,0.535,0.7925,0.7576,0.6398,0.9229,0.7251,0.8182,1.0,3.375,52.4973,0.71,0.3328,0.2822,7,1.1654500000000003,1.0,0.3004,65.3637,55.5875,0.6167,49.6007,-3.8463,0.7801,61.744,0.4578,58.2689,Riskli,Orta
6,Frontend,Junior,1.8,1,2025,7,4,11.7,41.0,0.5364,0.7261,0.636,0.6048,0.574,0.8554,0.96,0.8,6.0,119.5853,0.639,0.3315,0.2942,6,1.0054,0.0,0.2845,63.9164,57.4077,0.5376,65.5771,0.0,0.6058,58.67371,0.2515,56.9816,Riskli,Dusuk
6,Frontend,Junior,1.8,2,2025,11,7,33.3,43.5,0.4234,0.7319,0.6344,0.5818,1.6983,0.6159,0.6364,0.8,3.0,237.6218,0.4954,0.2613,0.3692,5,1.1043,0.0,0.3006,68.0479,62.985,0.4933,58.5739,-7.0032,0.9084,61.52732,0.4666,61.3299,Riskli,Orta
6,Frontend,Junior,1.8,3,2025,10,6,21.4,43.7,0.5387,0.7691,0.594,0.5113,1.136,0.6904,0.8966,0.4,4.3333,240.0307,0.6966,0.398,0.353,4,1.0583,0.0,0.2826,58.4795,55.6456,0.374,63.5187,-1.0292,0.7284,56.19953,0.3134,60.3633,Riskli,Orta
6,Frontend,Junior,1.8,4,2025,6,4,9.1,45.2,0.6248,0.7351,0.7092,0.6564,0.4519,0.7887,0.875,1.0,1.75,146.2229,0.6647,0.364,0.4105,4,1.036,0.0,0.2605,76.2639,62.7244,0.7186,60.6458,-0.9849,0.7307,61.255145,0.2573,62.6605,Riskli,Dusuk
6,Frontend,Junior,1.8,5,2025,9,7,15.1,38.9,0.6641,0.7153,0.7867,0.6128,0.7413,0.7698,0.7391,0.4,4.8571,141.2,0.6436,0.3601,0.3304,6,0.9527,0.0,0.2948,60.4961,56.9874,0.6648,58.6502,-0.2644,0.5941,59.62048,0.22,55.917,Riskli,Dusuk
6,Frontend,Junior,1.8,6,2025,14,10,23.7,43.5,0.897,0.7598,0.7139,0.5673,1.2054,0.8251,0.8571,1.0,3.0,131.3023,0.7477,0.5332,0.276,5,1.0964,0.0,0.2245,71.0052,55.0284,0.5333,63.4793,-0.2114,0.7805,60.189055,0.3093,63.8006,Riskli,Orta
6,Frontend,Junior,1.8,7,2025,11,8,28.0,45.0,0.5936,0.7594,0.7115,0.6094,1.1611,0.8106,0.9583,1.0,5.75,252.9779,0.548,0.3235,0.342,4,1.1166,0.0,0.1065,68.0797,55.8324,0.4952,56.6162,-0.7259,0.8215,62.31031,0.4199,65.0852,Riskli,Orta
6,Frontend,Junior,1.8,8,2025,3,2,6.2,43.4,0.618,0.7561,0.6858,0.6014,0.2704,0.7076,0.7778,0.6,3.5,194.7269,0.7051,0.3308,0.4513,4,1.114,0.0,0.2714,66.8318,60.0488,0.6856,53.1879,-2.325,0.6736,56.381455,0.4845,57.1928,Riskli,Orta
6,Frontend,Junior,1.8,9,2025,9,7,14.8,38.1,0.5381,0.7332,0.7426,0.6501,0.7363,0.7576,0.9643,0.8,3.8571,249.5846,0.4883,0.286,0.4278,5,0.9185,0.0,0.2214,70.0807,56.9865,0.5077,57.2912,-2.1993,0.8301,62.076325,0.4518,63.5134,Riskli,Orta
6,Frontend,Junior,1.8,10,2025,7,5,23.5,43.7,0.4102,0.7099,0.6708,0.5041,1.03,0.7575,0.7273,0.8,3.2,137.1818,0.5057,0.2924,0.4055,5,1.1044,0.0,0.2778,71.2947,60.6904,0.5283,57.6583,0.723,0.7902,60.42921499999999,0.351,67.3979,Riskli,Orta
6,Frontend,Junior,1.8,11,2025,8,6,23.8,43.7,0.5875,0.7416,0.7099,0.6816,1.1342,0.6756,0.7647,0.8,2.1667,195.2936,0.6191,0.3563,0.2984,5,1.0742,0.0,0.2449,69.5971,60.8431,0.4952,55.8159,0.8251,0.7,60.558225,0.3326,63.5403,Riskli,Orta
6,Frontend,Junior,1.8,12,2025,10,6,21.3,57.3,0.4627,0.7205,0.6129,0.5033,0.9239,0.7304,0.7045,0.6,5.1667,208.3946,0.6244,0.4056,0.3589,3,1.4351,1.0,0.2369,65.5931,59.4529,0.5656,56.3446,-0.4682,0.725,54.031915,0.4564,62.2279,Riskli,Orta
6,Frontend,Junior,1.8,13,2025,8,6,22.2,45.3,0.5154,0.7569,0.7208,0.5649,1.1838,0.6995,0.7333,0.8,1.8333,156.6401,0.618,0.3407,0.4373,5,1.167,1.0,0.2246,68.6751,57.6401,0.4809,53.1765,-1.2917,0.8584,59.585425,0.3356,66.4031,Riskli,Orta
6,Frontend,Junior,1.8,14,2025,3,2,8.5,44.5,0.5971,0.7128,0.6696,0.5371,0.438,0.764,0.7778,0.8,3.5,182.4231,0.5921,0.359,0.386,4,1.088,1.0,0.1729,70.2857,54.0756,0.5055,54.1671,-0.8115,0.7464,56.759365,0.3927,61.0445,Riskli,Orta
6,Frontend,Junior,1.8,15,2025,8,5,23.6,43.4,0.5899,0.754,0.6725,0.631,1.0697,0.6427,0.6786,0.8,3.8,258.6058,0.5918,0.2909,0.3653,4,1.1199,1.0,0.1674,72.554,57.9119,0.6498,58.302,0.6863,0.7935,60.74072,0.3798,66.6549,Riskli,Orta
6,Frontend,Junior,1.8,16,2025,9,6,14.9,42.6,0.4735,0.7602,0.6938,0.5989,0.739,0.7715,0.7073,0.8,4.8333,91.6801,0.6285,0.3415,0.2939,6,1.0776,1.0,0.3381,68.7671,56.4291,0.5373,56.7049,1.472,0.9497,58.691095,0.2613,74.4668,Riskli,Dusuk
6,Frontend,Junior,1.8,17,2025,10,7,13.9,40.5,0.4366,0.7337,0.746,0.6708,0.7421,0.7984,0.9565,1.0,3.1429,79.8706,0.5598,0.285,0.4644,2,1.0205,1.0,0.2315,75.9521,55.8555,0.5175,59.9317,1.5697,0.717,62.81096,0.3208,63.9747,Riskli,Orta
6,Frontend,Junior,1.8,18,2025,5,3,12.4,42.4,0.5583,0.7443,0.6884,0.5861,0.5391,0.7926,1.0,0.8,3.0,200.5172,0.4873,0.2592,0.303,6,1.0928,0.0,0.2298,67.3708,63.6741,0.4671,62.9665,1.7221,0.6091,59.57222,0.3641,61.7013,Riskli,Orta
6,Frontend,Junior,1.8,19,2025,7,5,19.4,39.3,0.578,0.7764,0.7169,0.6657,0.8379,0.7157,0.8571,0.6,4.8,258.1978,0.6173,0.4267,0.4024,5,1.0389,0.0,0.2441,67.2502,59.8163,0.4956,56.8182,0.3375,0.8639,60.568295,0.3191,69.8464,Riskli,Orta
6,Frontend,Junior,1.8,20,2025,11,7,33.6,46.9,0.6375,0.7379,0.6606,0.5879,1.5701,0.7199,0.6327,0.6,4.4286,182.2203,0.5895,0.3436,0.3181,5,1.2263,1.0,0.1085,58.9346,60.6476,0.541,56.6695,-1.5935,0.7674,59.788535,0.4166,62.7376,Riskli,Orta
6,Frontend,Junior,1.8,21,2025,10,6,16.1,46.7,0.5449,0.7408,0.6452,0.6374,0.8087,0.8923,0.963,0.8,4.3333,166.0394,0.5601,0.3191,0.3499,5,1.1349,1.0,0.2232,71.6551,55.6161,0.5162,60.1181,-0.8694,0.5986,59.87489,0.2811,54.7619,Riskli,Dusuk
6,Frontend,Junior,1.8,22,2025,10,7,23.1,47.0,0.597,0.7378,0.673,0.5272,0.9479,0.5963,0.8333,0.2,2.8571,91.3013,0.6605,0.4066,0.3762,3,1.244,2.0,0.1836,55.9993,64.1598,0.6185,53.6374,-0.6094,0.7592,54.77225,0.4852,64.9619,Riskli,Orta
6,Frontend,Junior,1.8,23,2025,5,3,7.4,46.6,0.4759,0.7701,0.686,0.5918,0.3206,0.805,0.9,0.8,3.0,165.0086,0.5198,0.2936,0.4241,4,1.198,2.0,0.2561,72.5564,64.6253,0.4422,51.0776,-2.3256,0.8245,57.25099,0.5074,65.3576,Riskli,Orta
6,Frontend,Junior,1.8,24,2025,8,5,11.4,54.8,0.4489,0.7198,0.6101,0.4724,0.4578,0.8048,0.7917,1.0,3.8,103.3187,0.5801,0.2511,0.4151,4,1.4182,3.0,0.2539,67.113,54.3325,0.4844,50.539,-3.1297,0.6709,51.71914,0.7279,54.1007,Riskli,Yuksek
6,Frontend,Junior,1.8,25,2025,9,6,12.9,41.5,0.6872,0.7427,0.693,0.6117,0.5685,0.6472,1.0,0.4,1.8333,205.824,0.6755,0.4072,0.4698,3,1.0304,3.0,0.2821,59.179,62.9552,0.5965,45.7304,-2.426,0.7391,55.15149,0.5095,60.8574,Riskli,Orta
6,Frontend,Junior,1.8,26,2025,7,4,8.8,40.6,0.6739,0.7881,0.6177,0.5072,0.3736,0.6887,0.7778,0.8,1.75,126.7385,0.6287,0.391,0.292,6,1.0195,2.0,0.3047,71.6012,57.8333,0.5622,57.2638,1.375,0.7204,54.379235,0.3644,64.4156,Riskli,Orta
6,Frontend,Junior,1.8,27,2025,3,2,8.1,43.1,0.717,0.7347,0.7456,0.6586,0.3247,0.7882,1.0,1.0,7.0,66.1635,0.6616,0.4099,0.3225,5,1.1116,2.0,0.2413,68.167,54.336,0.5462,58.4975,3.5409,0.8496,57.64695,0.4054,72.5655,Riskli,Orta
6,Frontend,Junior,1.8,28,2025,3,2,8.9,40.2,0.7197,0.7393,0.664,0.6013,0.489,0.6209,0.7143,0.6,2.5,205.5589,0.6598,0.4089,0.268,6,1.0614,1.0,0.3067,65.0091,61.9958,0.3102,54.21,2.6672,0.665,53.69419,0.3328,65.1934,Riskli,Orta
6,Frontend,Junior,1.8,29,2025,6,4,17.0,41.7,0.3956,0.7512,0.6363,0.5534,0.9404,0.5701,0.6923,0.2,2.25,131.4738,0.6234,0.3516,0.4725,3,1.0534,1.0,0.2615,56.1478,61.1597,0.5628,58.1,-0.1779,0.7376,56.73096,0.3546,63.7608,Riskli,Orta
6,Frontend,Junior,1.8,30,2025,9,5,14.7,42.6,0.6244,0.7284,0.5998,0.4907,0.6188,0.7067,0.8889,0.6,1.6,153.2833,0.5958,0.3789,0.4135,4,1.1176,0.0,0.2531,63.7712,54.8333,0.5837,59.8477,0.7941,0.6781,55.531395,0.3168,60.7064,Riskli,Orta
6,Frontend,Junior,1.8,31,2025,7,4,13.4,46.0,0.6438,0.7413,0.586,0.498,0.6601,0.8123,0.8889,0.8,4.0,194.1208,0.7119,0.4001,0.3234,6,1.1369,0.0,0.2279,68.0587,56.2952,0.4866,53.9489,0.0964,0.6083,54.43823,0.4327,56.914,Riskli,Orta
6,Frontend,Junior,1.8,32,2025,12,7,29.3,46.6,0.7054,0.7359,0.5765,0.4493,1.4097,0.8622,0.9737,0.8,5.2857,205.6962,0.6239,0.3883,0.4007,4,1.1553,0.0,0.2112,67.858,54.386,0.5575,52.4288,-2.2912,0.8418,58.77954,0.4699,63.1187,Riskli,Orta
6,Frontend,Junior,1.8,33,2025,8,5,16.0,49.7,0.4882,0.7436,0.6068,0.5438,0.8521,0.6886,0.9286,0.4,2.6,184.812,0.5612,0.3538,0.4687,4,1.1686,0.0,0.1536,60.4219,61.8612,0.5114,60.8914,0.1611,0.6827,57.62605,0.4475,62.0296,Riskli,Orta
6,Frontend,Junior,1.8,34,2025,6,5,21.4,42.9,0.3036,0.749,0.8182,0.6953,0.8342,0.6511,0.85,0.2,3.4,192.331,0.5111,0.2224,0.4443,3,1.0821,0.0,0.2733,54.3746,60.3038,0.5068,55.7925,1.3993,0.6763,61.12015,0.3282,63.209,Riskli,Orta
6,Frontend,Junior,1.8,35,2025,9,6,22.9,45.5,0.5053,0.7138,0.7212,0.6435,0.9828,0.6453,0.9412,0.4,2.6667,223.0617,0.6665,0.3729,0.3605,7,1.1627,0.0,0.3683,54.2711,63.2273,0.409,48.5952,-1.66,0.5833,55.436395,0.4255,55.1249,Riskli,Orta
6,Frontend,Junior,1.8,36,2025,6,4,16.5,49.6,0.7455,0.7741,0.6774,0.5367,0.6825,0.7195,0.8182,0.4,4.5,203.9151,0.6712,0.3337,0.4155,5,1.2707,1.0,0.2499,56.4978,55.5427,0.3854,44.5934,-5.6091,0.733,52.77668,0.5983,53.3842,Riskli,Orta
6,Frontend,Junior,1.8,37,2025,6,4,9.6,43.9,0.5817,0.7416,0.7044,0.6268,0.3875,0.7577,0.9333,0.4,3.5,167.9689,0.5729,0.2993,0.3658,5,1.0784,1.0,0.2224,55.7893,58.1385,0.5525,54.602,-0.7573,0.7822,57.3591,0.2869,63.9582,Riskli,Dusuk
6,Frontend,Junior,1.8,38,2025,3,2,7.0,50.1,0.7282,0.7143,0.566,0.49,0.2962,0.8785,0.75,1.0,4.5,143.2714,0.6983,0.458,0.4436,4,1.2526,2.0,0.257,70.086,60.6644,0.4899,50.2518,1.4978,0.6001,51.857365,0.5112,60.0422,Riskli,Orta
6,Frontend,Junior,1.8,39,2025,9,7,21.1,40.0,0.5422,0.7512,0.741,0.6075,0.9874,0.7106,0.8966,0.4,3.7143,201.6922,0.5111,0.2914,0.3877,5,0.9759,2.0,0.2631,54.8002,62.4868,0.3619,61.45,4.622,0.6984,59.761935,0.2763,69.8961,Riskli,Dusuk
6,Frontend,Junior,1.8,40,2025,6,4,19.5,41.1,0.5986,0.7781,0.6689,0.5877,1.0701,0.8213,0.8462,1.0,2.75,159.267,0.6335,0.3309,0.3437,5,1.0812,2.0,0.3107,70.8299,61.6057,0.5353,60.2055,2.8009,0.7762,60.17528,0.3491,70.2861,Riskli,Orta
6,Frontend,Junior,1.8,41,2025,5,4,10.8,48.4,0.5658,0.7437,0.7048,0.5759,0.607,0.672,0.9667,0.2,7.25,182.8591,0.5659,0.3084,0.315,6,1.2048,3.0,0.1392,49.0395,58.9228,0.5515,54.3157,1.0947,0.7961,54.88283,0.4673,67.7097,Riskli,Orta
6,Frontend,Junior,1.8,42,2025,7,5,18.2,38.4,0.6104,0.7976,0.7612,0.5795,0.6783,0.7291,0.9412,0.2,6.4,165.2369,0.559,0.3703,0.3716,4,1.0088,2.0,0.2894,53.2989,59.3204,0.4544,62.8907,-0.1568,0.6989,58.13696,0.2631,61.5021,Riskli,Dusuk
6,Frontend,Junior,1.8,43,2025,7,6,13.4,41.0,0.4633,0.7646,0.7965,0.7657,0.6147,0.6587,0.6441,0.6,6.3333,202.5172,0.5269,0.2842,0.3209,5,1.0186,2.0,0.198,58.6936,64.4975,0.4907,58.8002,0.4359,0.7817,61.176295,0.2962,67.7055,Riskli,Dusuk
6,Frontend,Junior,1.8,44,2025,11,7,16.5,44.7,0.7965,0.7551,0.6571,0.5498,0.6303,0.6179,0.629,0.2,5.5714,197.8044,0.647,0.3652,0.3924,4,1.1576,1.0,0.2718,50.8971,55.9285,0.6662,57.9799,0.6902,0.8022,54.545485,0.4469,66.4551,Riskli,Orta
6,Frontend,Junior,1.8,45,2025,12,8,34.0,44.6,0.4352,0.7616,0.7048,0.5914,1.6304,0.6599,0.7714,0.4,3.375,105.8606,0.5942,0.261,0.3153,6,1.1426,1.0,0.2338,56.7711,55.5422,0.4798,55.6966,-2.2403,0.7843,59.44226,0.4403,60.9552,Riskli,Orta
6,Frontend,Junior,1.8,46,2025,5,4,15.1,39.9,0.6157,0.7224,0.7061,0.6303,0.8032,0.7644,0.8235,1.0,3.5,224.1403,0.6223,0.3483,0.4001,4,1.0244,1.0,0.2794,68.4614,55.4993,0.6316,57.5301,-0.6093,0.7967,60.385135,0.3496,64.0497,Riskli,Orta
6,Frontend,Junior,1.8,47,2025,4,3,12.4,41.3,0.4741,0.7152,0.7142,0.7244,0.5868,0.8375,0.7778,1.0,4.6667,201.037,0.4926,0.2874,0.3409,5,1.0269,0.0,0.1636,71.515,56.7417,0.4538,59.9834,0.7844,0.8005,62.91185,0.2894,66.77,Riskli,Dusuk
6,Frontend,Junior,1.8,48,2025,6,4,15.2,51.4,0.5453,0.7404,0.7164,0.5873,0.6287,0.6913,0.8667,1.0,3.25,280.8774,0.6399,0.3479,0.4215,3,1.2548,1.0,0.24,75.0145,61.4301,0.5618,57.9546,0.9227,0.6774,57.5415,0.4901,62.8545,Riskli,Orta
6,Frontend,Junior,1.8,49,2025,10,7,19.3,42.9,0.3128,0.7276,0.7441,0.6818,0.8664,0.5926,0.6923,0.4,2.5714,193.7458,0.5493,0.3324,0.3009,6,1.049,1.0,0.2212,54.0784,62.9685,0.7332,64.6432,1.931,0.7166,60.474055,0.3424,66.6544,Riskli,Orta
6,Frontend,Junior,1.8,50,2025,10,7,27.4,45.6,0.5245,0.7223,0.669,0.5907,1.2199,0.8694,0.875,0.6,5.0,144.8746,0.5074,0.2932,0.4108,4,1.1424,1.0,0.2226,61.9201,60.7424,0.5437,53.202,-1.3656,0.5962,60.62273,0.3724,55.4173,Riskli,Orta
6,Frontend,Junior,1.8,51,2025,8,6,27.6,39.8,0.6063,0.7484,0.6878,0.6302,1.2911,0.7684,0.7879,0.6,4.3333,183.0408,0.5766,0.3369,0.2969,5,0.9761,1.0,0.184,63.1377,55.779,0.5249,50.2793,-3.4467,0.7787,60.68885,0.4528,58.8899,Riskli,Orta
6,Frontend,Junior,1.8,52,2025,10,6,20.9,41.2,0.6299,0.7552,0.648,0.5381,0.7613,0.6971,0.6512,0.4,4.6667,116.8715,0.6115,0.398,0.3991,3,1.0387,1.0,0.2363,60.7679,60.6806,0.402,52.9205,-3.8091,0.7167,55.97457,0.4126,57.0019,Riskli,Orta
7,QA,Mid,2.7,1,2025,9,7,27.6,43.6,0.2528,0.7925,0.8177,0.8056,1.1258,0.6921,0.6607,0.2,5.2857,161.1326,0.6613420000000001,0.3099,0.24833,6,1.1296,0.0,0.247,59.66,60.2994,0.4499,59.2169,0.0,0.6807,64.559417,0.4062,61.2222,Riskli,Orta
7,QA,Mid,2.7,2,2025,8,6,19.5,48.0,0.4323,0.8164,0.7542,0.5646,1.0503,0.8764,0.7879,1.0,4.3333,161.9975,0.6726004999999999,0.2728,0.288515,5,1.1765,0.0,0.2728,70.5357,64.4634,0.373,60.9463,1.7294,0.591,63.163781,0.3576,61.1373,Riskli,Orta
7,QA,Mid,2.7,3,2025,5,4,17.2,42.0,0.3712,0.7837,0.8176,0.724,1.0377,0.7057,0.8333,1.0,1.25,186.3599,0.6411020000000001,0.292,0.45771,3,1.1069,0.0,0.2289,79.1468,56.4773,0.4235,66.2032,3.4932,0.6578,67.048243,0.2988,64.5004,Stabil,Dusuk
7,QA,Mid,2.7,4,2025,4,3,12.4,43.6,0.5461,0.781,0.7347,0.6285,0.5343,0.6391,0.6905,1.0,9.6667,164.4492,0.771397,0.3942,0.33059999999999995,5,1.0969,0.0,0.2755,75.4662,65.0449,0.4542,64.4483,2.0951,0.7163,60.935497,0.2859,67.5215,Riskli,Dusuk
7,QA,Mid,2.7,5,2025,11,7,17.9,37.0,0.5388,0.7802,0.6739,0.5916,0.7947,0.7136,0.975,0.2,5.5714,83.1599,0.7736740000000001,0.3813,0.328795,4,0.9629,0.0,0.1949,59.3688,59.981,0.3949,55.6402,-1.7673,0.8099,59.749477999999996,0.2594,64.1769,Riskli,Dusuk
7,QA,Mid,2.7,6,2025,10,7,22.7,44.2,0.7287,0.8008,0.7077,0.6359,1.0767,0.6539,0.6875,0.4,6.2857,189.3073,0.770132,0.2844,0.32566,4,1.0419,0.0,0.1844,57.0493,64.4155,0.5155,57.003,-3.6409,0.7941,62.379148,0.3751,61.8721,Riskli,Orta
7,QA,Mid,2.7,7,2025,6,4,15.3,41.3,0.6437,0.7746,0.7315,0.7597,0.7546,0.6962,0.7333,0.6,2.75,136.5387,0.75394,0.3644,0.380475,4,1.0369,0.0,0.1485,66.6757,63.9,0.4905,53.3169,-3.2032,0.6641,63.091418999999995,0.4265,56.5493,Riskli,Orta
7,QA,Mid,2.7,8,2025,11,8,18.4,44.2,0.5324,0.8387,0.6903,0.5538,0.7123,0.7624,0.8125,1.0,1.625,147.5608,0.8706995000000001,0.4547,0.40299,3,1.1007,0.0,0.1847,72.6584,57.29,0.6779,53.7003,-0.9506,0.7165,60.304609,0.3105,60.4457,Riskli,Orta
7,QA,Mid,2.7,9,2025,5,4,16.2,41.1,0.5522,0.8128,0.7311,0.6867,0.7829,0.9333,1.0,0.8,4.75,139.3789,0.7366095,0.3865,0.42578999999999995,4,1.0365,0.0,0.2825,72.0236,60.2141,0.52,55.522,-0.4059,0.7041,64.683965,0.2561,61.6142,Riskli,Dusuk
7,QA,Mid,2.7,10,2025,5,3,12.1,38.7,0.4052,0.824,0.6907,0.6159,0.5993,0.7958,0.88,0.8,7.3333,145.8837,0.7935344999999999,0.3691,0.23883,5,0.9938,0.0,0.1234,72.4145,61.2348,0.4774,51.8436,-0.2598,0.7189,61.083034,0.3178,62.8158,Riskli,Orta
7,QA,Mid,2.7,11,2025,3,2,6.1,39.5,0.5705,0.7647,0.7096,0.5592,0.3165,0.8325,1.0,1.0,3.0,99.3691,0.7199115,0.3337,0.26087,7,1.0482,0.0,0.1482,74.1147,65.0071,0.4382,52.069,-0.8572,0.8228,60.79474999999999,0.3625,67.6902,Riskli,Orta
7,QA,Mid,2.7,12,2025,12,8,25.0,40.7,0.7304,0.8007,0.6575,0.5003,0.9653,0.8404,0.8085,0.8,4.75,119.934,0.808335,0.4123,0.4009,4,1.043,0.0,0.3991,67.6132,60.4862,0.3407,55.1251,-0.0965,0.563,58.856398999999996,0.2649,55.8318,Riskli,Dusuk
7,QA,Mid,2.7,13,2025,8,5,13.0,41.9,0.6712,0.7421,0.6859,0.6176,0.8405,0.7816,0.7419,0.6,4.6,171.0623,0.7355975,0.3639,0.32414,4,1.051,0.0,0.224,59.3261,55.8656,0.6686,62.9329,3.6324,0.6504,61.89958,0.2836,64.2036,Riskli,Dusuk
7,QA,Mid,2.7,14,2025,4,3,13.7,35.7,0.2839,0.7589,0.7391,0.678,0.92,0.8082,0.9,0.6,6.0,129.934,0.648439,0.2093,0.34314,5,0.8813,0.0,0.2896,62.5543,63.8307,0.4282,64.0484,4.3746,0.7805,64.612088,0.3019,73.6068,Riskli,Orta
7,QA,Mid,2.7,15,2025,8,6,14.9,42.4,0.716,0.763,0.7622,0.5747,0.6159,0.8802,0.9032,1.0,4.6667,201.9821,0.6880335000000001,0.3068,0.39767,3,1.0463,0.0,0.2577,70.2042,62.9653,0.4423,59.3796,1.3879,0.7707,63.770225,0.3093,68.2378,Riskli,Orta
7,QA,Mid,2.7,16,2025,8,5,20.0,41.9,0.525,0.7603,0.646,0.5524,1.071,0.7666,1.0,1.0,1.2,182.5466,0.6015075,0.3906,0.402515,4,1.035,0.0,0.3578,71.9293,60.1791,0.4022,61.185100000000006,-0.9912,0.658,62.008511,0.347,58.6161,Riskli,Orta
7,QA,Mid,2.7,17,2025,9,6,28.6,42.0,0.5719,0.808,0.6239,0.4725,1.5501,0.6077,0.8333,0.4,3.3333,247.9406,0.7717765,0.3745,0.31255,4,1.0356,0.0,0.2525,62.7753,57.6905,0.4125,55.0107,-2.5308,0.6209,58.840685,0.4216,53.7923,Riskli,Orta
7,QA,Mid,2.7,18,2025,7,5,17.5,36.5,0.553,0.8094,0.6968,0.6521,0.8883,0.7211,0.6739,0.6,6.2,168.6066,0.6976475,0.266,0.40375,2,0.8663,0.0,0.113,65.7638,59.2372,0.403,55.2398,-1.8594,0.6371,61.931881,0.29,56.0348,Riskli,Dusuk
7,QA,Mid,2.7,19,2025,6,4,8.2,45.1,0.4319,0.6992,0.7467,0.6809,0.3596,0.7802,0.8667,0.6,3.25,154.1971,0.7082735,0.3325,0.42350999999999994,4,1.1429,0.0,0.18,65.5268,59.6457,0.4792,52.8755,-2.47,0.7975,61.258119,0.4625,62.4232,Riskli,Orta
7,QA,Mid,2.7,20,2025,4,3,11.6,49.7,0.6619,0.7045,0.7607,0.693,0.5375,0.4713,0.7742,0.2,8.0,254.7582,0.778734,0.3927,0.33819999999999995,6,1.1677,0.0,0.2877,52.8279,63.9926,0.3051,59.444,1.0936,0.642,56.46399099999999,0.3307,62.2966,Riskli,Orta
7,QA,Mid,2.7,21,2025,11,7,30.2,42.0,0.5189,0.7676,0.62,0.5212,1.5056,0.7315,0.9545,0.4,3.0,174.4207,0.7382540000000001,0.3338,0.252415,6,1.0191,0.0,0.2665,59.9747,58.6438,0.4394,54.9492,0.5697,0.5906,60.251938,0.2415,57.5593,Riskli,Dusuk
7,QA,Mid,2.7,22,2025,10,7,20.8,40.7,0.5166,0.7707,0.7359,0.6352,0.851,0.774,0.6923,0.8,6.4286,155.1567,0.7391395000000001,0.309,0.38817,4,1.0393,0.0,0.2068,67.6273,66.1497,0.5375,60.7363,1.9088,0.7588,64.53895,0.2779,69.4755,Riskli,Dusuk
7,QA,Mid,2.7,23,2025,3,2,9.7,35.1,0.4368,0.7591,0.7102,0.6684,0.4545,0.9352,0.8333,1.0,5.0,154.8614,0.7161165,0.375,0.294025,5,0.9455,0.0,0.2042,71.4312,63.1381,0.3729,58.5604,0.3136,0.7002,62.610881000000006,0.3229,63.4412,Riskli,Orta
7,QA,Mid,2.7,24,2025,8,5,14.8,49.0,0.6085,0.7532,0.6727,0.5991,0.681,0.6614,0.7391,0.4,3.4,185.4801,0.8125094999999999,0.297,0.382565,4,1.2762,1.0,0.3224,55.8439,58.4307,0.4385,52.5591,-0.9346,0.6868,55.419495,0.4226,59.4746,Riskli,Orta
7,QA,Mid,2.7,25,2025,11,8,25.3,37.2,0.3776,0.7938,0.6832,0.6131,1.1809,0.651,0.8276,0.2,3.0,171.4895,0.687401,0.2933,0.384845,4,0.9308,1.0,0.2389,53.9826,59.6642,0.5295,55.8775,-2.0578,0.5969,60.57407499999999,0.3829,54.0439,Riskli,Orta
7,QA,Mid,2.7,26,2025,9,6,19.9,43.3,0.4183,0.7886,0.6596,0.6563,0.8884,0.7302,0.95,0.2,3.1667,149.5536,0.7486269999999999,0.286,0.35881499999999994,5,1.0592,1.0,0.3039,52.718,65.7999,0.591,62.0989,1.3934,0.7278,61.287801,0.235,67.1697,Riskli,Dusuk
7,QA,Mid,2.7,27,2025,8,5,20.8,44.6,0.4338,0.7862,0.6091,0.5543,0.8595,0.6345,0.641,0.2,5.0,90.1414,0.7393925,0.3388,0.336965,6,1.0751,1.0,0.2047,50.451,66.2574,0.4217,62.331,3.5537,0.5944,57.454264,0.3653,64.678,Riskli,Orta
7,QA,Mid,2.7,28,2025,12,7,23.1,40.8,0.6019,0.8078,0.5875,0.4952,0.9595,0.7085,0.8286,0.2,4.1429,171.4572,0.8122565,0.4014,0.40451,5,1.0288,1.0,0.3051,52.2229,62.2299,0.4737,54.4757,-0.3973,0.6988,56.720944,0.2709,61.9951,Riskli,Dusuk
7,QA,Mid,2.7,29,2025,3,2,4.6,30.7,0.4776,0.7943,0.6356,0.5828,0.2619,0.7226,0.8571,0.4,3.0,155.5711,0.8714584999999999,0.4276,0.41591,3,0.8008,1.0,0.2994,63.2225,65.6935,0.4445,54.076,-3.1924,0.7449,55.185143,0.4769,60.7389,Riskli,Orta
7,QA,Mid,2.7,30,2025,3,2,6.4,36.8,0.4606,0.759,0.6104,0.4643,0.3418,0.6835,0.8333,0.8,7.5,219.864,0.656535,0.3114,0.335065,4,0.8887,0.0,0.2057,64.9838,57.9632,0.3503,53.1962,-2.7804,0.8027,55.783148,0.4036,61.6653,Riskli,Orta
7,QA,Mid,2.7,31,2025,12,8,40.2,42.5,0.6567,0.8233,0.6338,0.5412,1.784,0.6594,0.6667,0.4,3.0,147.0328,0.7328145,0.4113,0.404035,4,1.0138,0.0,0.2142,59.4029,61.2113,0.4487,55.1326,0.1091,0.719,61.414677000000005,0.3365,63.3897,Riskli,Orta
7,QA,Mid,2.7,32,2025,8,5,16.4,42.7,0.7545,0.7879,0.5782,0.5006,0.8007,0.7274,0.875,0.8,2.8,90.8308,0.7033400000000001,0.3834,0.36023999999999995,4,1.0292,0.0,0.1857,69.1178,61.1509,0.3614,56.7971,1.01,0.771,59.093661,0.2158,67.1201,Riskli,Dusuk
7,QA,Mid,2.7,33,2025,8,5,12.5,44.9,0.5017,0.7758,0.6081,0.6309,0.5137,0.6991,0.6341,0.2,5.2,147.8627,0.7471089999999999,0.1999,0.410685,4,1.0718,0.0,0.3483,51.2445,59.8222,0.4133,53.6138,0.2917,0.7585,57.356003,0.2222,65.0334,Riskli,Dusuk
7,QA,Mid,2.7,34,2025,8,5,23.0,34.2,0.6158,0.8006,0.6768,0.5759,0.9705,0.7118,1.0,1.0,1.2,223.62,0.7301580000000001,0.3795,0.345515,4,0.8666,0.0,0.2304,74.9227,63.6856,0.4418,54.1645,-0.6088,0.7015,60.881856,0.2549,62.2241,Riskli,Dusuk
7,QA,Mid,2.7,35,2025,7,5,23.6,44.9,0.8622,0.8342,0.6564,0.4402,1.5209,0.8706,0.9231,0.8,4.8,189.3692,0.7843,0.378,0.31939,6,1.1572,0.0,0.4112,67.8035,66.6632,0.506,52.9225,-1.1073,0.6718,60.689311,0.3582,60.9983,Riskli,Orta
7,QA,Mid,2.7,36,2025,12,8,20.7,45.6,0.4175,0.7495,0.6673,0.6585,0.7816,0.6949,0.92,0.2,2.875,158.1077,0.8709525,0.3641,0.27502499999999996,5,1.16,0.0,0.2119,49.8552,57.7163,0.6153,51.3324,-0.8086,0.6425,57.205071,0.4097,57.4653,Riskli,Orta
7,QA,Mid,2.7,37,2025,5,3,7.4,37.4,0.513,0.7713,0.6716,0.6879,0.3016,0.5657,0.6667,0.2,2.6667,180.7274,0.7404045000000001,0.3051,0.40413,2,0.9557,0.0,0.1962,50.8831,65.6818,0.4006,50.0066,-1.4064,0.6541,56.867899,0.345,59.4416,Riskli,Orta
7,QA,Mid,2.7,38,2025,19,13,57.4,34.6,0.4144,0.7677,0.6626,0.5943,2.2861,0.7743,0.9483,0.4,4.2308,113.1249,0.706629,0.3277,0.39358499999999996,5,0.904,0.0,0.2325,58.0396,59.2177,0.4629,54.2958,0.2794,0.6211,62.388654,0.2673,58.6498,Riskli,Dusuk
7,QA,Mid,2.7,39,2025,15,10,35.7,40.9,0.95,0.7929,0.6744,0.5261,1.2057,0.6631,0.806,0.6,5.4,276.7774,0.8056785,0.4761,0.30666,4,1.0416,0.0,0.2091,64.1271,58.0101,0.3525,55.3864,1.6451,0.6429,58.899952,0.2814,61.4026,Riskli,Dusuk
7,QA,Mid,2.7,40,2025,8,5,26.1,39.9,0.673,0.8021,0.645,0.5388,1.2593,0.6979,0.8333,0.6,3.0,197.8179,0.7498919999999999,0.3932,0.338485,5,1.0064,0.0,0.4262,69.7997,59.3135,0.4223,58.927,2.7852,0.6874,60.513935,0.2572,65.5786,Riskli,Dusuk
7,QA,Mid,2.7,41,2025,8,6,25.2,37.9,0.4627,0.7762,0.7815,0.6972,1.1045,0.7722,0.6452,1.0,3.3333,134.8051,0.5911344999999999,0.2833,0.45960999999999996,3,0.9656,0.0,0.2339,73.887,64.161,0.4415,64.5517,3.4308,0.6897,68.034539,0.2624,68.1463,Stabil,Dusuk
7,QA,Mid,2.7,42,2025,7,4,11.0,33.4,0.3736,0.7524,0.6233,0.6329,0.5443,0.7808,0.8667,0.6,3.25,153.7746,0.7110565000000001,0.3288,0.30704,4,0.8515,0.0,0.3046,64.0585,61.2803,0.4184,69.1558,4.6933,0.7059,59.77139999999999,0.1933,69.9834,Riskli,Dusuk
7,QA,Mid,2.7,43,2025,9,6,20.8,43.5,0.5209,0.7831,0.681,0.6605,0.9909,0.761,0.9333,0.8,2.3333,181.7539,0.8436285,0.4163,0.30228999999999995,5,1.1301,0.0,0.2325,65.5764,59.1245,0.3914,60.3497,0.8872,0.7276,60.815023,0.2661,64.3636,Riskli,Dusuk
7,QA,Mid,2.7,44,2025,12,8,23.3,45.5,0.6004,0.7948,0.6835,0.6365,0.9213,0.7054,0.8571,0.4,5.25,234.0423,0.9035895000000002,0.3616,0.421325,5,1.134,0.0,0.3518,62.6049,64.1624,0.5467,63.6003,-1.166,0.7288,60.82986399999999,0.3382,62.7213,Riskli,Orta
7,QA,Mid,2.7,45,2025,12,7,17.8,42.9,0.6446,0.7714,0.58,0.5113,0.6582,0.8271,0.8,0.6,4.5714,151.0926,0.8838555,0.3931,0.291745,6,1.1286,0.0,0.2648,61.1346,59.6871,0.4224,58.2233,-2.9547,0.7686,56.638687999999995,0.3896,60.3762,Riskli,Orta
7,QA,Mid,2.7,46,2025,8,6,16.8,39.4,0.4986,0.7931,0.7006,0.5759,0.6493,0.6599,0.8125,0.4,2.1667,140.3936,0.6799375,0.2713,0.39320499999999997,4,0.9652,0.0,0.175,58.4317,59.068,0.4976,54.9326,-2.1628,0.888,60.81657499999999,0.4199,66.8,Riskli,Orta
7,QA,Mid,2.7,47,2025,8,6,16.1,39.0,0.6073,0.7571,0.7275,0.6834,0.7606,0.7342,0.8929,0.6,4.1667,229.9586,0.7598855,0.3473,0.36299499999999996,4,0.9882,0.0,0.2419,63.7535,65.8325,0.4932,58.9671,-1.719,0.8054,63.295895,0.1748,65.8059,Riskli,Dusuk
7,QA,Mid,2.7,48,2025,10,7,16.8,49.5,0.294,0.7927,0.7458,0.7409,0.84,0.8043,0.8261,1.0,2.7143,134.614,0.5706414999999999,0.2614,0.533615,3,1.2408,1.0,0.3488,74.347,60.1796,0.4458,54.1717,-0.812,0.6356,63.647907999999994,0.4004,57.8861,Riskli,Orta
7,QA,Mid,2.7,49,2025,10,8,24.0,39.6,0.4175,0.7561,0.7895,0.7511,1.456,0.7714,0.8929,1.0,3.125,222.9761,0.6739920000000001,0.3846,0.43737999999999994,4,0.9169,1.0,0.2228,71.9915,61.7566,0.4679,55.8667,-0.1993,0.7106,67.21391899999999,0.2377,62.6918,Stabil,Dusuk
7,QA,Mid,2.7,50,2025,5,3,13.2,45.2,0.4618,0.7588,0.625,0.6094,0.4989,0.6933,0.9091,0.2,3.3333,126.3061,0.6503365,0.3072,0.380475,4,1.1666,1.0,0.2272,50.5738,57.6488,0.5143,52.3448,-1.8172,0.7187,56.42781,0.3742,59.2984,Riskli,Orta
7,QA,Mid,2.7,51,2025,13,8,20.0,43.1,0.6603,0.7042,0.6533,0.551,1.0157,0.8176,0.6471,1.0,4.125,161.3333,0.7004305,0.3335,0.292885,4,1.0525,1.0,0.1407,73.8214,56.7231,0.4092,57.5786,0.6699,0.6305,61.621092999999995,0.2962,58.9348,Riskli,Dusuk
7,QA,Mid,2.7,52,2025,8,5,19.7,46.0,0.7434,0.8201,0.6863,0.6418,0.7236,0.7821,0.8889,0.6,3.2,156.7538,0.7829084999999999,0.4325,0.36555999999999994,5,1.0933,1.0,0.1469,67.1043,65.5103,0.4541,58.4427,1.2962,0.737,61.349978,0.3706,67.3423,Riskli,Orta
9,Backend,Mid,4.1,1,2025,6,5,18.5,44.2,0.6017,0.8259,0.7534,0.6543,0.8161,0.6685,0.8182,0.4,3.6,208.4118,0.653,0.3914,0.4249,3,1.18459,0.0,0.2723,65.1703,67.7653,0.6382,69.4828,0.0,0.879,65.6513,0.2645,72.3852,Stabil,Dusuk
9,Backend,Mid,4.1,2,2025,12,9,35.7,42.9,0.6781,0.8226,0.7495,0.62,1.8051,0.6401,0.7703,0.2,6.3333,110.3633,0.5977,0.4223,0.2709,6,1.1646800000000002,0.0,0.3,61.4404,69.4546,0.5441,70.0218,0.539,0.9733,66.9635,0.2719,77.9751,Stabil,Dusuk
9,Backend,Mid,4.1,3,2025,5,3,12.8,37.4,0.4276,0.8021,0.6894,0.69,0.5654,0.6527,0.75,0.4,5.0,254.8794,0.5436,0.3309,0.3755,5,1.05072,0.0,0.1585,58.5086,66.3402,0.5097,65.9781,-1.7524,0.7201,63.4405,0.1615,62.0696,Riskli,Dusuk
9,Backend,Mid,4.1,4,2025,10,7,18.6,43.5,0.5126,0.8279,0.7195,0.6566,0.8599,0.6691,0.7391,0.6,2.4286,173.2455,0.6293,0.3726,0.5189,3,1.19988,0.0,0.2248,66.569,65.4369,0.6559,69.6369,-0.3581,0.8652,66.255,0.3206,70.5043,Stabil,Orta
9,Backend,Mid,4.1,5,2025,9,5,14.2,42.9,0.7198,0.8044,0.5837,0.503,0.563,0.7343,0.9412,0.6,3.2,206.3046,0.7437,0.4693,0.3498,5,1.2015300000000002,0.0,0.2258,68.3616,65.5201,0.565,60.1902,-2.5836,0.8042,58.6434,0.4128,64.3094,Riskli,Orta
9,Backend,Mid,4.1,6,2025,9,6,23.6,39.0,0.574,0.8561,0.6831,0.6719,0.9651,0.6197,0.8235,0.8,2.3333,258.9221,0.6618,0.4135,0.4195,4,1.1635800000000005,0.0,0.3335,73.2288,66.7952,0.7343,65.5869,-1.062,0.7532,64.8177,0.3228,64.7722,Riskli,Orta
9,Backend,Mid,4.1,7,2025,12,8,20.9,41.0,0.4478,0.8274,0.685,0.5448,1.0816,0.7198,0.875,0.8,2.625,208.2971,0.5095,0.2682,0.2538,5,1.16589,0.0,0.2947,75.9302,65.9982,0.5915,64.5369,-0.9903,0.9171,66.0074,0.2295,72.0218,Stabil,Dusuk
9,Backend,Mid,4.1,8,2025,9,7,24.1,39.3,0.5344,0.8393,0.7224,0.6011,1.0815,0.6434,0.7037,0.6,2.7143,193.9369,0.7178,0.4115,0.3276,5,1.0231100000000002,0.0,0.2134,64.9246,60.2145,0.5567,60.4301,-0.033,0.7981,62.7049,0.3216,66.4292,Riskli,Orta
9,Backend,Mid,4.1,9,2025,5,4,12.0,47.3,0.5456,0.799,0.7749,0.7048,0.6002,0.7226,0.75,0.6,3.75,114.4173,0.5877,0.3622,0.4281,3,1.27028,0.0,0.1508,68.7371,63.5655,0.5304,57.1214,-2.9503,0.8818,64.8927,0.3972,66.6404,Riskli,Orta
9,Backend,Mid,4.1,10,2025,12,9,42.6,30.9,0.4782,0.8128,0.7129,0.6632,2.0953,0.675,0.8182,0.8,2.0,203.5284,0.6626,0.3989,0.2619,7,0.8976000000000001,0.0,0.1445,69.6457,68.08,0.5674,59.5861,-1.8161,0.7066,65.2808,0.273,61.8822,Stabil,Dusuk
9,Backend,Mid,4.1,11,2025,16,11,51.0,42.2,0.5601,0.8003,0.7122,0.663,1.813,0.9122,0.8923,1.0,5.2727,122.6325,0.5598,0.3891,0.388,4,1.14873,0.0,0.2502,76.2208,60.9059,0.6109,66.4451,2.051,0.8072,70.6463,0.2223,70.299,Stabil,Dusuk
9,Backend,Mid,4.1,12,2025,9,6,13.8,53.4,0.6556,0.852,0.7145,0.6303,0.7602,0.7705,0.6591,0.8,4.8333,196.3948,0.7447,0.3558,0.2528,6,1.46399,1.0,0.2286,70.9964,61.7308,0.6468,58.0547,0.9659,0.8417,60.7428,0.5544,70.4068,Riskli,Orta
9,Backend,Mid,4.1,13,2025,3,2,6.6,43.5,0.5382,0.818,0.703,0.5731,0.2701,0.6968,1.0,0.2,3.5,201.1198,0.5961,0.341,0.4574,5,1.14895,1.0,0.2741,58.5789,65.9728,0.5524,58.0738,-1.2927,0.8173,60.2147,0.3486,67.0517,Riskli,Orta
9,Backend,Mid,4.1,14,2025,8,6,18.9,42.6,0.6165,0.7401,0.7092,0.6232,0.9151,0.7877,0.8158,0.6,5.1667,105.4106,0.5896,0.3814,0.3484,5,1.0840500000000002,1.0,0.1998,71.3691,64.9657,0.5918,63.0781,-1.0082,0.7075,65.5338,0.3494,62.2515,Stabil,Orta
9,Backend,Mid,4.1,15,2025,8,6,24.2,41.0,0.7261,0.8941,0.7188,0.5756,1.2299,0.7311,0.717,0.6,6.3333,132.6466,0.6394,0.3989,0.3177,6,1.08691,1.0,0.2429,65.6653,64.5838,0.6217,69.0383,3.7955,0.7669,65.6338,0.2359,72.315,Stabil,Dusuk
9,Backend,Mid,4.1,16,2025,10,6,22.0,42.6,0.7214,0.8359,0.6229,0.4739,0.8563,0.8321,0.875,0.8,3.5,143.1501,0.6017,0.3593,0.3714,5,1.15951,1.0,0.1311,71.9264,60.3604,0.5648,60.325,1.2714,0.7176,62.5028,0.3007,64.8885,Riskli,Orta
9,Backend,Mid,4.1,17,2025,6,5,14.4,32.7,0.4434,0.8457,0.7677,0.7644,0.6608,0.6739,0.9333,0.6,2.8,234.5819,0.5123,0.305,0.3875,4,0.91366,1.0,0.337,65.9367,62.8957,0.5867,64.6196,-0.4089,0.8189,64.7731,0.2653,67.579,Riskli,Dusuk
9,Backend,Mid,4.1,18,2025,10,7,19.3,37.9,0.4486,0.7997,0.7074,0.7386,0.9107,0.6891,0.7143,0.4,4.2857,108.5782,0.6201,0.3565,0.3183,5,1.00221,0.0,0.2353,60.0068,66.126,0.5125,72.6067,1.5,0.7915,65.3653,0.2289,70.3008,Stabil,Dusuk
9,Backend,Mid,4.1,19,2025,6,4,19.2,36.3,0.4378,0.8377,0.6094,0.5026,0.932,0.8123,0.7647,1.0,3.25,163.4194,0.5483,0.2827,0.3513,6,1.04731,0.0,0.1752,75.082,62.8521,0.5962,67.7613,3.0296,0.8316,65.4413,0.2279,73.51,Stabil,Dusuk
9,Backend,Mid,4.1,20,2025,9,6,21.4,33.0,0.4931,0.8233,0.6827,0.5463,1.0729,0.8188,0.875,0.8,5.8333,191.8579,0.5597,0.3664,0.3881,4,0.9110200000000002,0.0,0.2082,71.9378,68.7445,0.5886,66.486,0.0754,0.7657,65.7206,0.2347,67.6962,Stabil,Dusuk
9,Backend,Mid,4.1,21,2025,7,5,24.3,44.8,0.5304,0.8368,0.683,0.5892,1.1512,0.6872,0.92,0.2,4.6,228.5729,0.5906,0.3429,0.2585,6,1.28414,0.0,0.1393,61.8053,67.7835,0.6066,57.9434,-4.5265,0.7452,63.0797,0.5079,59.2945,Riskli,Orta
9,Backend,Mid,4.1,22,2025,10,6,31.9,49.1,0.8004,0.7876,0.5973,0.5403,1.4907,0.6931,0.8947,0.6,2.8333,88.7374,0.6823,0.3827,0.3266,5,1.2705000000000002,0.0,0.3129,67.8065,61.1625,0.4841,49.131,-6.4434,0.7851,60.2866,0.529,56.1118,Riskli,Orta
9,Backend,Mid,4.1,23,2025,6,4,15.5,35.2,0.7149,0.813,0.6886,0.6681,0.691,0.8565,0.875,1.0,5.25,215.4328,0.5963,0.3091,0.3773,5,1.00265,0.0,0.2324,75.003,68.3183,0.6484,60.2052,-2.7655,0.8702,66.6049,0.3142,67.833,Stabil,Orta
9,Backend,Mid,4.1,24,2025,15,10,47.5,46.8,0.6579,0.8084,0.6857,0.6524,1.8735,0.8309,0.6353,1.0,5.4,166.1149,0.6733,0.3956,0.3381,3,1.29371,0.0,0.1752,77.2592,60.3107,0.5292,59.4465,1.5583,0.8338,66.8415,0.4027,70.5503,Stabil,Orta
9,Backend,Mid,4.1,25,2025,11,7,22.6,41.0,0.693,0.8533,0.6305,0.5827,1.3391,0.738,0.9677,0.2,4.2857,191.2704,0.5776,0.4088,0.416,3,1.1500500000000002,0.0,0.305,57.9075,61.757,0.5347,59.5073,3.037,0.7207,63.1546,0.2335,68.2039,Riskli,Dusuk
9,Backend,Mid,4.1,26,2025,13,9,28.3,37.6,0.5515,0.8207,0.7154,0.6754,1.2972,0.7007,0.8723,0.2,4.5556,204.2876,0.6687,0.3377,0.25,6,1.04269,0.0,0.2178,59.6778,67.0098,0.5779,66.3444,1.8478,0.8714,66.192,0.3055,74.7019,Stabil,Orta
9,Backend,Mid,4.1,27,2025,10,7,32.4,47.1,0.4899,0.7969,0.7447,0.6903,1.535,0.7982,0.85,0.4,4.8571,133.4084,0.5651,0.3828,0.3984,3,1.2677500000000002,0.0,0.2075,63.3487,64.9227,0.5289,68.0479,3.2641,0.855,68.9263,0.298,75.5502,Stabil,Dusuk
9,Backend,Mid,4.1,28,2025,7,4,16.0,46.3,0.644,0.8055,0.5846,0.5593,0.8166,0.6511,0.8571,0.4,3.0,209.1517,0.5749,0.3865,0.3813,4,1.2391500000000002,0.0,0.2561,60.922,65.3714,0.5874,58.8584,-0.0243,0.7855,59.9042,0.374,67.4225,Riskli,Orta
9,Backend,Mid,4.1,29,2025,5,3,8.8,33.6,0.5157,0.8063,0.613,0.5164,0.46,0.7428,0.75,0.6,4.0,179.7603,0.6979,0.3877,0.3594,4,0.9647,0.0,0.2569,69.0794,67.2785,0.4995,63.0069,-1.9202,0.884,59.7052,0.2817,69.4626,Riskli,Dusuk
9,Backend,Mid,4.1,30,2025,10,7,19.0,33.5,0.6956,0.8096,0.6765,0.5736,1.067,0.7933,0.8667,0.8,3.7143,191.8408,0.6038,0.4056,0.3577,4,0.95733,0.0,0.2369,74.7804,67.3046,0.527,61.3526,-1.5937,0.724,64.4145,0.2476,62.7801,Riskli,Dusuk
9,Backend,Mid,4.1,31,2025,15,8,39.0,38.5,0.6495,0.7792,0.5145,0.3644,1.8004,0.6883,0.8361,0.4,6.375,100.8458,0.6974,0.3785,0.3163,4,1.15368,0.0,0.2815,65.6457,65.5279,0.491,60.0358,0.1878,0.8628,59.889,0.2828,71.2762,Riskli,Dusuk
9,Backend,Mid,4.1,32,2025,6,4,10.0,42.0,0.7176,0.8637,0.6203,0.5269,0.5537,0.6053,0.9412,0.2,4.0,273.0912,0.6616,0.4386,0.3499,5,1.14763,0.0,0.2098,54.4909,60.8243,0.685,48.7058,-4.422,0.6533,56.4208,0.4052,53.237,Riskli,Orta
9,Backend,Mid,4.1,33,2025,8,6,26.7,41.2,0.6124,0.8197,0.7811,0.7311,1.0411,0.8546,0.8857,0.6,5.1667,137.1973,0.6202,0.332,0.4149,3,1.1655600000000002,0.0,0.211,64.6289,65.248,0.4818,62.0491,-0.924,0.7538,68.1315,0.3127,64.5535,Stabil,Orta
9,Backend,Mid,4.1,34,2025,7,4,14.5,39.4,0.5719,0.8147,0.5385,0.4647,0.6744,0.9338,0.9524,0.8,5.0,157.1545,0.5899,0.3626,0.5758,2,1.1308,0.0,0.2808,69.8058,62.64,0.5699,60.0318,1.3331,0.9114,63.0045,0.317,74.3878,Riskli,Orta
9,Backend,Mid,4.1,35,2025,13,8,23.6,43.0,0.815,0.8231,0.6373,0.5873,1.1901,0.5464,0.7826,0.8,2.25,305.6153,0.6986,0.3286,0.3782,4,1.2261700000000002,0.0,0.2426,69.7293,68.654,0.738,61.9994,3.7863,0.8736,63.4657,0.4099,78.3264,Riskli,Orta
9,Backend,Mid,4.1,36,2025,10,6,28.2,45.5,0.5394,0.8805,0.5888,0.3457,1.1565,0.597,0.8095,0.4,5.6667,287.2628,0.5776,0.3544,0.3681,6,1.298,0.0,0.3548,63.8653,61.9215,0.4997,47.2978,-4.2287,0.6739,55.6565,0.5633,54.7937,Riskli,Orta
9,Backend,Mid,4.1,37,2025,7,5,10.1,42.7,0.4706,0.8286,0.7663,0.7285,0.5406,0.6726,0.8333,0.4,4.0,224.3315,0.5991,0.3681,0.3725,5,1.1484,0.0,0.2793,62.2736,67.5333,0.4863,57.0691,-2.359,0.7766,63.2955,0.416,64.0212,Riskli,Orta
9,Backend,Mid,4.1,38,2025,12,9,44.6,41.8,0.8485,0.8145,0.7571,0.6603,1.7464,0.7736,0.7971,0.8,6.1111,194.8954,0.6929,0.377,0.3326,4,1.20351,0.0,0.2709,77.5181,67.3486,0.6338,54.0774,-1.3994,0.884,67.9971,0.3425,70.2987,Stabil,Orta
9,Backend,Mid,4.1,39,2025,17,12,29.0,43.1,0.608,0.8358,0.6908,0.5544,1.26,0.7135,0.7955,1.0,2.9167,233.0833,0.5878,0.2975,0.3532,4,1.15599,0.0,0.2461,81.849,63.1782,0.6956,52.9621,1.4002,0.7721,65.9512,0.2888,68.3836,Stabil,Dusuk
9,Backend,Mid,4.1,40,2025,15,12,57.4,35.8,0.5566,0.7807,0.8122,0.7238,2.5,0.6347,0.8889,0.2,2.0,162.3416,0.5473,0.3083,0.4318,4,0.9911,0.0,0.3176,54.5141,61.8238,0.7318,66.1258,2.6055,0.8746,68.9029,0.2839,74.4767,Stabil,Dusuk
9,Backend,Mid,4.1,41,2025,11,9,19.6,38.1,0.3266,0.8009,0.7962,0.7651,0.7738,0.7084,0.6709,1.0,5.8889,248.9795,0.5711,0.3111,0.3404,5,1.1083600000000002,0.0,0.2594,76.9038,61.909,0.6879,72.8304,6.9423,0.8415,69.7805,0.2973,79.788,Stabil,Dusuk
9,Backend,Mid,4.1,42,2025,14,10,51.2,37.2,0.6905,0.8197,0.6843,0.5705,2.3404,0.8102,0.8478,1.0,3.9,88.8107,0.598,0.3127,0.283,6,1.03895,0.0,0.2273,74.6623,69.4181,0.5351,64.68,4.1858,0.6523,67.4296,0.2939,69.2212,Stabil,Dusuk
9,Backend,Mid,4.1,43,2025,6,4,20.6,38.7,0.6186,0.7795,0.7049,0.5776,0.8993,0.7494,0.7778,1.0,1.75,157.719,0.4814,0.4314,0.4601,4,1.03587,0.0,0.2753,78.7032,64.8325,0.4913,63.702,-1.5422,0.79,65.8573,0.2726,65.092,Stabil,Dusuk
9,Backend,Mid,4.1,44,2025,13,9,35.7,33.0,0.4287,0.8165,0.7213,0.6817,1.5786,0.5944,0.9,0.2,2.0,195.4633,0.4828,0.358,0.4491,4,0.8729600000000001,0.0,0.2377,60.0834,61.7989,0.6541,66.5971,-1.9678,0.8736,66.9168,0.2271,67.2774,Stabil,Dusuk
9,Backend,Mid,4.1,45,2025,12,9,38.5,40.1,0.7786,0.806,0.7272,0.6977,1.5774,0.5702,0.641,0.6,2.7778,234.7807,0.5877,0.324,0.3271,6,1.1057200000000005,0.0,0.1893,69.9143,62.2264,0.6581,64.9021,0.3561,0.7853,68.1768,0.2651,67.0633,Stabil,Dusuk
9,Backend,Mid,4.1,46,2025,5,3,8.5,36.6,0.5641,0.8573,0.6581,0.5655,0.4214,0.6891,0.7,0.2,4.6667,128.0662,0.5677,0.3953,0.4117,5,0.99022,0.0,0.2948,55.1618,61.65,0.656,61.1946,-0.9217,0.8676,59.938,0.2873,68.5949,Riskli,Dusuk
9,Backend,Mid,4.1,47,2025,3,2,9.5,37.3,0.4674,0.815,0.7888,0.67,0.4845,0.7381,0.6923,0.4,4.5,143.0954,0.4796,0.2223,0.4581,3,0.9988,0.0,0.2274,64.7003,60.2764,0.5899,61.6635,-1.8508,0.8756,66.1413,0.3127,67.094,Stabil,Orta
9,Backend,Mid,4.1,48,2025,12,7,34.7,50.8,0.6973,0.817,0.5739,0.4379,1.4199,0.6653,0.9091,0.2,5.7143,69.6073,0.5777,0.3712,0.3935,6,1.4069,1.0,0.2224,54.0839,66.177,0.4546,53.2723,-3.442,0.8478,58.1755,0.5684,65.1251,Riskli,Orta
9,Backend,Mid,4.1,49,2025,8,5,10.0,38.7,0.3344,0.8115,0.6154,0.5641,0.5177,0.7158,0.8667,0.8,2.6,208.1692,0.5965,0.2795,0.3197,5,1.0629300000000002,1.0,0.2358,76.7943,61.2643,0.5194,61.4233,-0.7705,0.7956,61.4795,0.3202,65.4792,Riskli,Orta
9,Backend,Mid,4.1,50,2025,6,4,9.2,40.1,0.6477,0.8051,0.6779,0.6177,0.3335,0.6714,0.6957,0.4,4.0,110.9259,0.6391,0.4398,0.4216,4,1.14521,1.0,0.1855,66.7987,69.4261,0.6148,57.7463,-0.3601,0.8914,61.4162,0.3505,72.8781,Riskli,Orta
9,Backend,Mid,4.1,51,2025,4,2,9.0,33.6,0.6791,0.7948,0.6228,0.5356,0.4003,0.6437,0.9048,0.6,9.5,163.4946,0.6744,0.3429,0.2953,5,0.9449,1.0,0.2587,67.5895,64.2308,0.5495,52.3038,-0.6582,0.8252,56.8359,0.2929,67.8762,Riskli,Dusuk
9,Backend,Mid,4.1,52,2025,9,7,34.2,35.4,0.5179,0.7919,0.8019,0.6745,1.5102,0.7483,0.7347,0.4,5.1429,173.8011,0.5531,0.3126,0.3514,6,1.05215,1.0,0.283,62.4457,69.1543,0.5057,58.8075,-1.329,0.6145,67.5295,0.2608,58.8222,Stabil,Dusuk
10,Frontend,Junior,1.0,1,2025,15,12,60.6,44.3,0.537,0.7266,0.7827,0.7371,2.5,0.7778,0.7368,1.0,3.5,108.6441,0.4824,0.2968,0.4074,4,1.0438,0.0,0.235,69.771,58.9167,0.5617,74.5638,0.0,0.6589,68.17940999999999,0.3417,59.825,Stabil,Orta
10,Frontend,Junior,1.0,2,2025,13,10,23.1,40.8,0.5603,0.7279,0.7672,0.6876,1.1781,0.6914,0.92,0.6,2.3,199.1866,0.6367,0.4008,0.3511,3,0.9812,0.0,0.2561,69.114,57.3299,0.4685,72.0488,-2.5149,0.8027,63.68163499999999,0.3847,61.8924,Riskli,Orta
10,Frontend,Junior,1.0,3,2025,9,7,34.7,42.3,0.6958,0.7169,0.7717,0.6264,1.842,0.7304,0.9643,1.0,3.8571,337.1292,0.619,0.4029,0.3156,5,1.0424,0.0,0.3501,72.2311,61.6025,0.4905,76.1605,0.7984,0.7897,64.959575,0.2904,67.766,Riskli,Dusuk
10,Frontend,Junior,1.0,4,2025,5,4,12.6,33.7,0.3225,0.7404,0.7206,0.6915,0.6257,0.6793,0.8,0.6,2.0,165.5339,0.5614,0.3196,0.3024,7,0.9244,0.0,0.2747,61.4122,59.0858,0.4952,66.5812,-1.9836,0.5924,59.21293,0.2443,53.7848,Riskli,Dusuk
10,Frontend,Junior,1.0,5,2025,3,2,5.6,40.2,0.5548,0.7596,0.6204,0.4924,0.2749,0.6951,0.8,0.4,4.0,101.3547,0.5119,0.295,0.3843,5,0.9482,0.0,0.1916,65.1332,59.4909,0.4575,64.5783,-3.1991,0.7139,56.57744,0.2854,57.4725,Riskli,Dusuk
10,Frontend,Junior,1.0,6,2025,4,3,12.8,33.2,0.3906,0.7184,0.7885,0.6835,0.651,0.8807,1.0,0.8,5.6667,184.4614,0.5602,0.2669,0.3933,5,0.8412,0.0,0.2657,68.4787,60.1656,0.5977,69.2718,-2.2669,0.7859,63.90536,0.3809,62.3717,Riskli,Orta
10,Frontend,Junior,1.0,7,2025,7,6,13.3,38.9,0.3642,0.7599,0.7956,0.7218,0.5515,0.7689,0.95,0.4,3.1667,148.5232,0.5858,0.3188,0.3341,5,0.9968,0.0,0.2869,62.6245,60.5519,0.5423,70.7801,1.729,0.6509,62.485870000000006,0.2704,62.6575,Riskli,Dusuk
10,Frontend,Junior,1.0,8,2025,9,6,25.0,38.2,0.511,0.7321,0.698,0.6302,1.0902,0.8289,0.6512,1.0,4.6667,125.7571,0.5378,0.236,0.4182,5,0.9681,0.0,0.2833,71.6628,57.3408,0.6736,70.9052,2.0489,0.7515,65.169715,0.2857,66.7219,Stabil,Dusuk
10,Frontend,Junior,1.0,9,2025,10,7,28.3,43.0,0.5202,0.7609,0.675,0.6136,1.408,0.8348,0.6604,0.8,5.0,154.767,0.5099,0.2764,0.4117,4,1.0771,0.0,0.3383,70.0277,64.0818,0.6046,63.0177,-1.8637,0.7322,64.406485,0.3116,61.7608,Riskli,Orta
10,Frontend,Junior,1.0,10,2025,5,3,10.0,37.5,0.6923,0.7288,0.6279,0.5034,0.4383,0.6844,0.6667,1.0,4.6667,286.7255,0.5954,0.301,0.4484,5,0.944,0.0,0.3569,69.7368,66.2411,0.4885,63.4297,-2.9939,0.7637,57.21964,0.3461,62.0619,Riskli,Orta
10,Frontend,Junior,1.0,11,2025,3,2,6.7,37.0,0.6335,0.7448,0.6855,0.6488,0.3193,0.6875,0.8125,0.4,6.5,188.8716,0.5156,0.3173,0.3643,3,1.0104,0.0,0.1846,61.8752,58.2105,0.4903,59.2627,-3.4515,0.7023,58.36458,0.4013,56.1728,Riskli,Orta
10,Frontend,Junior,1.0,12,2025,13,9,37.7,34.8,0.902,0.7334,0.7076,0.6413,1.6353,0.7643,0.8065,1.0,5.5556,255.1055,0.5797,0.3057,0.339,5,0.9143,0.0,0.1579,73.2963,65.5726,0.3344,76.5329,3.6379,0.76,65.72888499999999,0.2861,72.0554,Stabil,Dusuk
10,Frontend,Junior,1.0,13,2025,7,5,10.3,34.4,0.3064,0.7454,0.7644,0.6995,0.5492,0.7795,0.6452,0.8,4.0,154.7215,0.4962,0.2229,0.4281,4,0.9141,0.0,0.254,68.0477,64.7092,0.381,72.7325,4.5178,0.7042,63.43102499999999,0.2662,70.6631,Riskli,Dusuk
10,Frontend,Junior,1.0,14,2025,10,7,18.0,45.2,0.6217,0.7398,0.7262,0.5738,0.9275,0.5782,0.6774,0.2,6.0,224.1363,0.58,0.2796,0.4483,3,1.1351,0.0,0.2777,57.7322,56.9516,0.6055,54.9423,-1.6762,0.7681,58.057635,0.3222,61.531,Riskli,Orta
10,Frontend,Junior,1.0,15,2025,6,4,19.1,49.4,0.4503,0.7739,0.7048,0.5927,0.8658,0.8654,0.8519,1.0,5.75,116.0272,0.6241,0.3704,0.297,5,1.1789,0.0,0.2765,71.5189,58.6868,0.4719,72.9313,-2.8595,0.5658,60.364805,0.442,51.0982,Riskli,Orta
10,Frontend,Junior,1.0,16,2025,9,6,22.5,43.5,0.4666,0.7577,0.7132,0.6107,1.116,0.7359,0.8868,0.6,7.8333,152.1279,0.6112,0.3629,0.4094,3,1.032,0.0,0.2496,61.0498,62.8937,0.6363,73.5262,2.037,0.5287,62.395715,0.2348,58.344,Riskli,Dusuk
10,Frontend,Junior,1.0,17,2025,10,8,17.8,30.5,0.4566,0.7273,0.8254,0.8323,0.9503,0.9137,0.8718,1.0,4.25,147.0466,0.5217,0.3426,0.4652,4,0.7396,0.0,0.1562,72.7925,60.0785,0.5178,72.2788,5.2604,0.7057,67.35870499999999,0.3167,70.4974,Stabil,Orta
10,Frontend,Junior,1.0,18,2025,6,4,12.7,44.0,0.6599,0.7234,0.7139,0.6585,0.5522,0.7974,0.9474,0.4,4.5,179.3918,0.583,0.3444,0.3554,4,1.0777,0.0,0.246,57.8628,65.6203,0.4117,67.7859,-1.6683,0.7581,60.171005,0.2957,63.6932,Riskli,Dusuk
10,Frontend,Junior,1.0,19,2025,7,5,22.8,40.5,0.4053,0.7112,0.7174,0.6426,0.9847,0.6503,0.6667,0.6,2.8,182.3103,0.654,0.4119,0.35,4,1.0988,0.0,0.1682,64.9315,63.8975,0.6784,71.3974,-1.0879,0.5814,61.20888,0.3712,56.1306,Riskli,Orta
10,Frontend,Junior,1.0,20,2025,9,6,21.3,49.1,0.4772,0.7127,0.6433,0.6102,0.9953,0.7079,0.8333,1.0,1.6667,200.3467,0.6228,0.3495,0.3743,4,1.1603,0.0,0.1485,72.1102,62.7274,0.5648,64.8865,-1.8565,0.787,60.817575,0.3732,63.8321,Riskli,Orta
10,Frontend,Junior,1.0,21,2025,10,6,17.8,41.3,0.6392,0.7382,0.6379,0.5854,0.8941,0.7433,0.9259,0.2,4.1667,171.8033,0.5849,0.3675,0.4468,4,1.0099,0.0,0.3171,51.4783,61.7759,0.4789,71.3247,0.4105,0.804,59.78388,0.2412,67.8534,Riskli,Dusuk
10,Frontend,Junior,1.0,22,2025,12,9,47.5,38.9,0.7091,0.7579,0.7278,0.6202,1.9492,0.5621,0.7857,0.4,1.2222,109.5157,0.5791,0.3285,0.3824,5,1.0311,0.0,0.2378,64.2537,66.8656,0.3994,57.2382,-3.604,0.7,61.493785,0.3585,58.4265,Riskli,Orta
10,Frontend,Junior,1.0,23,2025,7,6,27.4,42.4,0.4796,0.7238,0.7963,0.7054,1.1869,0.7377,0.8519,0.4,3.8333,125.903,0.4851,0.2753,0.3533,5,1.0094,0.0,0.207,62.3,66.3934,0.6518,69.0145,-0.1702,0.7594,66.722965,0.2466,66.3244,Stabil,Dusuk
10,Frontend,Junior,1.0,24,2025,7,5,14.7,51.9,0.6027,0.769,0.6743,0.5341,0.5904,0.6008,0.8333,0.4,7.0,240.6365,0.6152,0.4029,0.4464,4,1.2274,1.0,0.224,63.597,60.642,0.6914,61.8019,-1.6792,0.6086,55.50194499999999,0.4213,55.4577,Riskli,Orta
10,Frontend,Junior,1.0,25,2025,11,7,19.3,41.7,0.585,0.8087,0.6352,0.6028,0.8505,0.8371,0.6949,1.0,5.8571,159.9835,0.6123,0.3707,0.4493,4,1.0118,1.0,0.2437,71.9615,66.3416,0.5369,65.6951,1.8158,0.7895,61.961945,0.2289,70.7654,Riskli,Dusuk
10,Frontend,Junior,1.0,26,2025,4,3,12.6,40.1,0.3939,0.7427,0.6748,0.5957,0.5349,0.7516,0.75,0.6,5.0,210.7041,0.5658,0.3723,0.4646,3,0.9491,1.0,0.1889,66.3421,64.5696,0.6188,69.7001,0.595,0.6728,60.535425,0.2946,63.0773,Riskli,Dusuk
10,Frontend,Junior,1.0,27,2025,11,7,20.4,40.1,0.6984,0.7219,0.602,0.559,0.8178,0.925,0.973,0.8,5.1429,136.2068,0.5797,0.4048,0.2999,4,1.0199,1.0,0.2099,69.9812,62.4191,0.3871,61.4562,0.2968,0.6715,59.26897999999999,0.2728,61.9081,Riskli,Dusuk
10,Frontend,Junior,1.0,28,2025,4,2,5.9,41.0,0.6473,0.7465,0.5577,0.4692,0.3242,0.8642,1.0,1.0,3.0,176.8682,0.6063,0.3868,0.476,4,1.0652,1.0,0.1757,72.1426,64.2071,0.5291,70.188,0.5235,0.915,58.65566,0.2471,73.7568,Riskli,Dusuk
10,Frontend,Junior,1.0,29,2025,5,4,18.4,38.0,0.4009,0.7532,0.7181,0.7558,1.0179,0.7467,0.875,0.6,3.5,109.0705,0.4773,0.2374,0.3419,5,0.9021,1.0,0.2824,61.5117,62.1602,0.5482,66.2887,-0.1502,0.7183,63.172245,0.2255,63.2365,Riskli,Dusuk
10,Frontend,Junior,1.0,30,2025,5,3,14.4,43.7,0.5784,0.7666,0.6564,0.621,0.6062,0.4375,0.7,0.2,2.3333,26.8761,0.7063,0.3755,0.3281,7,1.0798,0.0,0.1788,52.3127,60.7113,0.5224,56.7766,-1.7938,0.7931,54.162635,0.3119,63.5981,Riskli,Orta
10,Frontend,Junior,1.0,31,2025,7,5,10.9,40.9,0.4912,0.7627,0.6562,0.5529,0.5369,0.7125,0.8636,0.4,3.8,194.8619,0.5081,0.244,0.3572,6,1.0471,0.0,0.1936,64.9196,62.1821,0.5055,68.6437,-1.4145,0.7929,60.00029,0.3035,64.6249,Riskli,Orta
10,Frontend,Junior,1.0,32,2025,6,4,16.8,35.8,0.4593,0.7492,0.6897,0.6451,0.8083,0.6182,0.8065,0.2,6.25,81.3385,0.6483,0.3336,0.2623,6,0.8902,0.0,0.2287,50.9727,58.3407,0.641,64.3263,0.598,0.7259,57.586435,0.3366,63.6036,Riskli,Orta
10,Frontend,Junior,1.0,33,2025,9,6,19.2,34.4,0.7049,0.7875,0.663,0.5853,1.0225,0.7653,0.7391,1.0,2.8333,176.3181,0.4562,0.2861,0.4547,5,0.9135,0.0,0.3165,70.8916,59.0486,0.4602,61.2846,0.9207,0.7432,61.48989,0.2621,65.0962,Riskli,Dusuk
10,Frontend,Junior,1.0,34,2025,14,10,33.4,33.4,0.6756,0.7403,0.6916,0.5458,1.3019,0.5941,0.6585,0.4,5.4,40.2371,0.6089,0.3498,0.4272,5,0.8076,0.0,0.2548,61.2309,60.6219,0.5806,60.2228,-2.8304,0.6335,58.490645,0.3937,54.7706,Riskli,Orta
10,Frontend,Junior,1.0,35,2025,10,6,27.3,34.8,0.5104,0.7471,0.6486,0.5846,1.1717,0.6261,0.7895,0.2,2.5,138.5507,0.4276,0.2043,0.4842,4,0.8509,0.0,0.2348,53.0793,65.2823,0.785,61.2691,-1.0233,0.5475,60.77036,0.2692,55.1229,Riskli,Dusuk
10,Frontend,Junior,1.0,36,2025,11,6,20.5,45.4,0.7148,0.7037,0.5879,0.4852,0.8479,0.7216,0.75,0.4,5.0,203.1902,0.6612,0.4044,0.3439,5,1.1236,0.0,0.3332,59.0995,61.0479,0.369,57.3401,-1.0787,0.6506,53.84809,0.2797,58.404,Riskli,Dusuk
10,Frontend,Junior,1.0,37,2025,10,8,27.7,42.8,0.2631,0.7825,0.7632,0.737,1.118,0.6289,0.75,0.4,6.375,78.8857,0.4764,0.2299,0.3285,5,1.0177,0.0,0.2205,64.051,67.4405,0.5483,68.8017,2.1808,0.6563,64.89953499999999,0.2707,65.6747,Riskli,Dusuk
10,Frontend,Junior,1.0,38,2025,9,7,26.7,38.8,0.2952,0.7477,0.7701,0.7895,1.1299,0.7205,0.6327,0.4,4.4286,151.775,0.5277,0.3185,0.3203,6,0.996,0.0,0.2711,59.4377,62.5754,0.5602,64.7313,2.1848,0.6465,64.254865,0.2651,63.7769,Riskli,Dusuk
10,Frontend,Junior,1.0,39,2025,12,8,28.4,34.2,0.3211,0.735,0.6878,0.6786,1.329,0.8394,0.9615,1.0,3.125,190.0068,0.42,0.2437,0.25,5,0.8536,0.0,0.2303,78.4966,63.6842,0.6334,73.9751,4.5834,0.6884,66.722585,0.1807,69.7454,Stabil,Dusuk
10,Frontend,Junior,1.0,40,2025,5,4,11.2,40.8,0.3433,0.7534,0.8574,0.8111,0.6146,0.8076,0.9545,0.4,5.25,116.9903,0.5012,0.3221,0.4171,5,0.9791,0.0,0.2419,56.8019,66.2546,0.4618,74.2309,2.5531,0.6573,65.674735,0.3052,65.9443,Stabil,Orta
10,Frontend,Junior,1.0,41,2025,6,5,19.5,41.8,0.5524,0.7017,0.7689,0.7422,1.096,0.7874,0.7105,1.0,5.4,218.4837,0.4846,0.3721,0.3579,5,0.979,0.0,0.2552,70.558,57.0525,0.4633,72.5533,2.3722,0.8086,65.95299,0.2833,69.7074,Stabil,Dusuk
10,Frontend,Junior,1.0,42,2025,14,10,50.6,43.7,0.6096,0.7579,0.6853,0.6078,1.8859,0.5434,0.7241,0.4,4.2,302.2467,0.5598,0.2986,0.3336,5,1.0592,0.0,0.3129,64.264,57.9276,0.5416,68.8632,-1.7013,0.8179,61.697275000000005,0.2264,64.0234,Riskli,Dusuk
10,Frontend,Junior,1.0,43,2025,7,4,8.6,35.0,0.5395,0.792,0.6315,0.4903,0.3945,0.6176,0.9231,0.2,3.0,221.6144,0.496,0.2724,0.362,5,0.8964,0.0,0.231,57.9468,62.8956,0.5632,75.2404,-0.0662,0.7662,57.335635,0.2532,65.7431,Riskli,Dusuk
10,Frontend,Junior,1.0,44,2025,4,3,12.9,45.1,0.4981,0.7302,0.7668,0.6716,0.4928,0.8582,0.8667,1.0,4.3333,196.3344,0.4617,0.2759,0.252,6,1.1073,0.0,0.1483,75.3808,63.0907,0.4187,65.2438,-1.5551,0.6234,62.695155,0.4504,57.0508,Riskli,Orta
10,Frontend,Junior,1.0,45,2025,10,8,20.4,38.8,0.4319,0.7475,0.7877,0.7184,0.9782,0.6816,0.8889,0.2,5.0,239.6131,0.6128,0.3314,0.357,4,0.9885,0.0,0.2344,51.2761,63.6226,0.5373,70.285,-0.5731,0.6174,62.38574,0.2513,58.4748,Riskli,Dusuk
10,Frontend,Junior,1.0,46,2025,10,8,27.0,38.7,0.5596,0.7616,0.7646,0.6289,1.4362,0.7036,0.9524,0.4,5.0,269.8096,0.5956,0.2988,0.3589,6,1.0105,0.0,0.225,59.143,64.9371,0.5599,64.1003,-2.8379,0.7254,64.012045,0.3967,60.1885,Riskli,Orta
10,Frontend,Junior,1.0,47,2025,9,6,31.5,43.9,0.6854,0.769,0.6774,0.6035,1.4907,0.7211,0.675,0.4,4.5,134.8761,0.5858,0.339,0.4154,4,1.0313,0.0,0.1489,58.4609,60.9135,0.5122,66.1586,-0.3441,0.9198,63.767135,0.2561,71.6294,Riskli,Dusuk
10,Frontend,Junior,1.0,48,2025,7,5,16.2,49.9,0.5144,0.727,0.6899,0.5977,0.6701,0.9276,0.8276,1.0,4.8,151.5317,0.6247,0.3668,0.4702,3,1.2267,1.0,0.3017,79.0545,61.1876,0.4602,59.2624,-3.101,0.8484,60.24919,0.515,64.1882,Riskli,Orta
10,Frontend,Junior,1.0,49,2025,6,5,13.1,43.5,0.5797,0.7296,0.7579,0.6532,0.5881,0.6208,0.68,0.4,3.4,99.612,0.5545,0.3452,0.3853,4,1.0636,1.0,0.2915,63.8866,65.486,0.4537,59.2378,-2.1484,0.8299,59.145005,0.4959,66.1341,Riskli,Orta
10,Frontend,Junior,1.0,50,2025,5,4,11.1,38.7,0.4494,0.7463,0.7257,0.7133,0.4942,0.6821,0.7407,0.6,5.0,260.3832,0.4889,0.2419,0.3451,5,0.9511,1.0,0.2422,62.6577,60.2708,0.4055,59.7015,-1.9396,0.5478,58.95206,0.3232,52.2011,Riskli,Orta
10,Frontend,Junior,1.0,51,2025,12,8,20.0,41.9,0.6233,0.6743,0.6882,0.6061,0.9356,0.7975,0.9677,0.8,3.75,216.5178,0.5256,0.4078,0.4079,4,1.0513,1.0,0.2679,65.3721,62.2139,0.4733,61.4971,0.7168,0.8796,61.171735,0.3755,71.8682,Riskli,Orta
10,Frontend,Junior,1.0,52,2025,8,5,16.3,37.6,0.7681,0.7646,0.6519,0.5179,0.5937,0.7685,0.7353,0.4,5.0,164.1353,0.6321,0.3452,0.4573,3,0.8954,1.0,0.2523,62.7198,63.7056,0.5038,64.2977,1.6975,0.7236,57.584155,0.2705,66.8248,Riskli,Dusuk
13,Backend,Junior,2.5,1,2025,9,7,17.1,41.5,0.5915,0.8006,0.7483,0.6239,0.7543,0.9387,0.8889,1.0,4.5714,149.2524,0.5214,0.298,0.6183,2,1.1539,0.0,0.2559,84.9781,72.5591,0.5773,64.6748,0.0,0.4783,66.295465,0.2696,55.7902,Stabil,Dusuk
13,Backend,Junior,2.5,2,2025,7,6,13.5,39.9,0.4886,0.8103,0.8378,0.7698,0.6826,0.7503,0.8182,1.0,3.0,85.4229,0.4988,0.2925,0.4942,4,1.03763,0.0,0.2296,85.588,77.1868,0.5267,72.4734,7.7986,0.6784,68.42384499999999,0.215,78.3711,Stabil,Dusuk
13,Backend,Junior,2.5,3,2025,6,6,24.6,32.0,0.4904,0.7965,0.932,0.8297,1.0866,0.6908,0.6735,0.6,5.5,217.4589,0.4918,0.3079,0.3673,4,0.98483,0.0,0.2725,68.4929,73.9805,0.6015,63.0234,-0.8257,0.8496,68.24856999999999,0.2114,71.6373,Stabil,Dusuk
13,Backend,Junior,2.5,4,2025,5,4,19.6,43.8,0.6475,0.8405,0.8084,0.7083,0.9061,0.65,0.9167,0.2,2.75,113.7552,0.5038,0.3151,0.4687,3,1.1767800000000002,0.0,0.1,58.6854,75.6669,0.7841,77.7054,2.9642,0.6755,66.884275,0.2288,70.2302,Stabil,Dusuk
13,Backend,Junior,2.5,5,2025,6,5,22.8,34.8,0.6241,0.7715,0.8235,0.7553,0.9039,0.7813,0.8214,0.6,4.6,192.1173,0.5828,0.2877,0.4621,4,0.9977,0.0,0.1748,69.6622,71.0974,0.6962,69.7179,0.6416,0.6321,66.98459499999998,0.2444,63.2746,Stabil,Dusuk
13,Backend,Junior,2.5,6,2025,6,4,18.8,35.1,0.6712,0.7804,0.7032,0.5956,0.7688,0.6114,0.7143,0.8,2.5,242.7332,0.643,0.3284,0.4413,3,0.97053,0.0,0.2494,79.3134,74.8469,0.8718,68.3618,0.8028,0.6456,62.340235,0.1929,65.2606,Riskli,Dusuk
13,Backend,Junior,2.5,7,2025,10,8,31.9,40.7,0.561,0.8683,0.7567,0.716,1.6509,0.7685,0.7368,0.8,3.5,131.7325,0.5144,0.2893,0.3226,6,1.1057200000000005,0.0,0.1747,81.438,73.4599,0.6936,67.7707,-3.116,0.7962,69.84419,0.2887,65.4981,Stabil,Dusuk
13,Backend,Junior,2.5,8,2025,5,4,19.2,36.9,0.5602,0.8121,0.79,0.6587,0.8616,0.6271,0.7273,1.0,2.0,54.401,0.5716,0.2969,0.3382,4,1.08383,0.0,0.2343,82.963,73.3627,0.6703,69.4724,-0.1328,0.7713,65.54087999999999,0.2817,69.0101,Stabil,Dusuk
13,Backend,Junior,2.5,9,2025,7,5,12.3,33.5,0.5411,0.8012,0.7761,0.6945,0.6152,0.6647,0.625,0.8,3.0,198.0452,0.4551,0.2626,0.5136,3,0.9515,0.0,0.3005,77.039,77.0896,0.6719,60.8325,-2.0886,0.4827,63.302490000000006,0.3727,54.0867,Riskli,Orta
13,Backend,Junior,2.5,10,2025,9,6,16.0,39.4,0.7089,0.8158,0.7049,0.6681,0.787,0.7129,0.7838,0.6,4.8333,57.6996,0.5,0.2766,0.3486,4,1.11595,0.0,0.2554,75.4937,74.7446,0.4553,59.7789,-3.2615,0.5817,62.36189499999999,0.3758,56.0021,Riskli,Orta
13,Backend,Junior,2.5,11,2025,13,9,45.5,42.9,0.5596,0.8164,0.7101,0.5814,1.6174,0.6694,0.7714,0.4,3.0,172.971,0.5494,0.3474,0.2926,5,1.1286,0.0,0.2315,66.0663,75.1479,0.587,61.3433,-2.5441,0.753,63.54863499999999,0.3443,64.9549,Riskli,Orta
13,Backend,Junior,2.5,12,2025,5,4,11.5,43.5,0.6132,0.8244,0.7584,0.614,0.6335,0.7682,0.875,0.6,3.5,174.768,0.5187,0.3288,0.4205,4,1.16743,0.0,0.214,71.0054,70.5154,0.5674,66.9564,1.9936,0.6221,62.890475,0.2847,64.7645,Riskli,Dusuk
13,Backend,Junior,2.5,13,2025,5,4,11.9,38.5,0.433,0.8589,0.7623,0.6908,0.4869,0.9047,0.875,1.0,5.25,179.3056,0.4786,0.332,0.4906,3,1.1255200000000003,0.0,0.3715,78.0206,68.2503,0.6492,68.1846,3.083,0.6955,65.472385,0.1512,69.0904,Stabil,Dusuk
13,Backend,Junior,2.5,14,2025,10,8,16.7,40.2,0.6172,0.8333,0.8392,0.7506,0.8086,0.7404,0.931,0.6,3.375,205.6433,0.4592,0.2764,0.3556,5,1.13421,0.0,0.2181,70.8809,73.161,0.504,67.8663,2.0797,0.6445,66.33279999999999,0.2037,66.7013,Stabil,Dusuk
13,Backend,Junior,2.5,15,2025,9,7,16.3,38.8,0.5684,0.8057,0.7537,0.6572,0.8284,0.7108,0.8333,0.6,2.1429,144.0034,0.5019,0.2982,0.3503,4,1.0186000000000002,0.0,0.3064,73.6451,71.887,0.6514,67.4433,0.1142,0.5739,63.37526,0.2656,60.0685,Riskli,Dusuk
13,Backend,Junior,2.5,16,2025,9,7,25.6,39.1,0.4459,0.8149,0.7466,0.748,0.9964,0.8669,0.8438,1.0,3.8571,134.0109,0.4772,0.2858,0.3787,4,1.10814,0.0,0.123,84.4361,71.7835,0.5392,73.1651,1.4519,0.8452,70.00227,0.2022,74.3388,Stabil,Dusuk
13,Backend,Junior,2.5,17,2025,9,7,34.7,41.2,0.6907,0.83,0.735,0.6874,1.5923,0.968,0.9211,1.0,5.0,153.2496,0.5868,0.3248,0.4226,4,1.14422,0.0,0.185,81.3365,75.7122,0.6205,74.3768,2.5253,0.6374,70.49351499999999,0.2306,67.8428,Stabil,Dusuk
13,Backend,Junior,2.5,18,2025,9,6,13.9,41.4,0.5373,0.7905,0.7006,0.6838,0.6559,0.7725,0.7778,1.0,2.3333,137.7011,0.3704,0.2113,0.4609,4,1.1410300000000002,0.0,0.247,79.7618,72.731,0.6577,70.0654,0.9078,0.6212,66.18023,0.2716,63.6923,Stabil,Dusuk
13,Backend,Junior,2.5,19,2025,6,4,8.3,46.1,0.4617,0.8448,0.7388,0.6686,0.4029,0.8705,0.8333,1.0,3.75,143.5363,0.5208,0.2177,0.5279,3,1.1836000000000002,0.0,0.3021,81.741,71.1496,0.565,72.2593,-0.7029,0.5674,64.93572999999999,0.2372,58.2781,Riskli,Dusuk
13,Backend,Junior,2.5,20,2025,9,7,34.2,32.6,0.6095,0.8229,0.731,0.6665,1.7146,0.7396,0.8511,0.4,5.7143,189.4207,0.5324,0.3008,0.3965,3,0.92697,0.0,0.1417,67.1207,75.0094,0.4703,64.688,-2.6873,0.5838,64.904,0.3168,57.0749,Riskli,Orta
13,Backend,Junior,2.5,21,2025,9,7,20.4,35.7,0.5865,0.8271,0.7272,0.6271,0.9665,0.7841,0.8889,0.6,4.5714,206.6528,0.6555,0.2541,0.3283,3,1.0056200000000002,0.0,0.1753,72.5845,76.3737,0.5932,55.3339,-5.1766,0.766,63.026515,0.3486,61.7949,Riskli,Orta
13,Backend,Junior,2.5,22,2025,10,7,25.3,43.7,0.6497,0.8626,0.7201,0.6268,1.1822,0.7261,0.6429,1.0,2.5714,170.6041,0.6393,0.3187,0.4992,3,1.19999,0.0,0.2158,79.0721,77.4859,0.4919,57.248,-5.4388,0.6337,63.59832,0.4103,55.7656,Riskli,Orta
13,Backend,Junior,2.5,23,2025,9,7,22.7,39.0,0.6425,0.8553,0.7396,0.652,1.012,0.8152,0.8431,1.0,6.1429,204.5977,0.4511,0.2448,0.5547,2,1.0593,0.0,0.201,81.5571,68.6836,0.75,56.9911,-2.1177,0.7377,67.37248,0.2968,62.9936,Stabil,Dusuk
13,Backend,Junior,2.5,24,2025,7,5,19.9,51.9,0.6819,0.7957,0.7177,0.5692,0.7849,0.7026,0.9,0.8,3.6,264.2923,0.6808,0.4436,0.395,5,1.43704,1.0,0.2918,80.6071,68.5369,0.5614,56.4356,0.3048,0.6258,57.174135,0.4801,61.6978,Riskli,Orta
13,Backend,Junior,2.5,25,2025,11,9,21.1,39.4,0.7455,0.8151,0.7987,0.6555,1.2502,0.739,0.8864,0.2,4.3333,129.0517,0.6078,0.4312,0.4721,3,1.0930700000000002,1.0,0.3286,65.0149,75.1426,0.6843,59.394,0.5883,0.662,64.163,0.2717,65.7509,Riskli,Dusuk
13,Backend,Junior,2.5,26,2025,8,6,23.2,38.3,0.231,0.8264,0.8049,0.7401,1.0635,0.9053,0.9355,1.0,4.8333,102.1417,0.3621,0.2215,0.3639,5,1.08526,1.0,0.3076,84.4201,67.8757,0.8003,75.2794,5.7823,0.7739,71.46774,0.2427,76.7218,Stabil,Dusuk
13,Backend,Junior,2.5,27,2025,6,5,10.3,39.2,0.5502,0.7993,0.7623,0.7094,0.488,0.6878,0.8462,0.6,2.2,178.7788,0.3942,0.3556,0.4569,4,1.05908,1.0,0.245,74.9458,75.3196,0.5574,73.8566,6.8148,0.7529,64.90799,0.2092,79.6265,Riskli,Dusuk
13,Backend,Junior,2.5,28,2025,11,8,15.9,43.4,0.4389,0.8122,0.7035,0.6771,0.8115,0.6823,0.8718,0.2,4.25,206.5128,0.4701,0.2636,0.5664,2,1.20164,1.0,0.2535,63.4684,73.8517,0.543,60.6481,0.234,0.4775,61.522855,0.323,56.5071,Riskli,Orta
13,Backend,Junior,2.5,29,2025,10,6,20.1,31.6,0.5907,0.853,0.5943,0.4791,1.0507,0.7672,0.913,1.0,3.5,245.5095,0.5419,0.3787,0.413,5,0.85514,1.0,0.2176,81.4911,74.795,0.6253,61.2773,-5.5215,0.7957,60.35055499999999,0.4005,62.1173,Riskli,Orta
13,Backend,Junior,2.5,30,2025,12,8,18.3,36.6,0.523,0.8581,0.6766,0.6629,1.0276,0.6398,0.8696,0.8,2.5,37.8606,0.5995,0.4232,0.4835,4,1.0074900000000002,0.0,0.2603,77.0207,73.9455,0.7431,62.8252,-3.2465,0.6797,62.887435,0.3689,60.1978,Riskli,Orta
13,Backend,Junior,2.5,31,2025,6,4,20.3,34.0,0.559,0.8065,0.7465,0.6225,0.9371,0.6717,0.7,0.8,1.75,134.3742,0.5459,0.3476,0.4929,3,0.97515,0.0,0.1953,80.9105,67.6804,0.4543,65.3755,1.573,0.7893,63.613045,0.2989,70.7812,Riskli,Dusuk
13,Backend,Junior,2.5,32,2025,6,4,8.6,39.2,0.3869,0.8071,0.7391,0.6509,0.4761,0.793,0.8667,0.8,3.25,125.3827,0.5517,0.3277,0.5131,3,1.1284900000000002,0.0,0.2259,71.774,75.2226,0.6433,66.1107,1.705,0.7396,64.07712,0.2194,71.0149,Riskli,Dusuk
13,Backend,Junior,2.5,33,2025,6,5,19.9,38.3,0.5681,0.8012,0.8455,0.8138,0.7759,0.7755,0.8261,0.8,3.8,102.2908,0.4842,0.2631,0.437,4,1.03796,0.0,0.3106,74.9682,72.9598,0.4753,59.662,-0.8755,0.5742,65.936745,0.287,58.8573,Stabil,Dusuk
13,Backend,Junior,2.5,34,2025,8,7,17.1,40.6,0.3553,0.8252,0.8146,0.7103,0.7953,0.7676,0.9,1.0,1.2857,158.7686,0.4901,0.2571,0.4748,3,1.07767,0.0,0.355,83.3636,68.2357,0.4862,70.6683,0.943,0.6973,66.79944,0.2081,65.8229,Stabil,Dusuk
13,Backend,Junior,2.5,35,2025,7,5,22.3,44.0,0.6312,0.8055,0.7267,0.6465,1.1245,0.8465,0.8889,1.0,3.2,168.4617,0.5585,0.296,0.4671,4,1.2738,0.0,0.2411,77.0266,74.3171,0.678,58.538,-1.1712,0.6841,65.0826,0.2616,63.7488,Stabil,Dusuk
13,Backend,Junior,2.5,36,2025,13,9,44.5,49.1,0.7557,0.8014,0.7066,0.582,1.8249,0.6145,0.7451,0.2,4.2222,76.9484,0.7051,0.4064,0.3904,4,1.43341,1.0,0.2655,63.3533,68.1724,0.369,54.2663,-2.8317,0.5885,56.72146,0.6082,55.0101,Riskli,Yuksek
13,Backend,Junior,2.5,37,2025,6,5,12.7,41.3,0.4666,0.7953,0.8509,0.7635,0.6797,0.8132,0.7826,0.8,3.6,149.5025,0.6403,0.3588,0.3404,6,1.08746,1.0,0.1518,76.4452,73.7164,0.7084,67.026,-1.5199,0.6256,66.42096,0.289,60.3901,Stabil,Dusuk
13,Backend,Junior,2.5,38,2025,11,8,16.9,37.0,0.3919,0.8123,0.6973,0.613,0.6617,0.826,0.8,1.0,3.5,171.7765,0.4474,0.2218,0.5414,3,1.07052,1.0,0.3619,81.6571,72.9253,0.6508,65.6413,3.407,0.6793,64.747725,0.3191,70.2711,Riskli,Orta
13,Backend,Junior,2.5,39,2025,12,9,36.9,42.6,0.6854,0.8359,0.7446,0.6628,1.6033,0.7013,0.7619,1.0,1.7778,109.3056,0.6419,0.3947,0.2994,4,1.20615,1.0,0.2575,82.7436,72.2542,0.6871,61.3569,1.9887,0.5463,64.127755,0.2649,61.8653,Riskli,Dusuk
13,Backend,Junior,2.5,40,2025,10,8,30.3,40.7,0.5517,0.8258,0.7596,0.6501,1.3289,0.7295,0.7857,0.4,4.125,173.8091,0.5284,0.3819,0.4021,6,1.11265,1.0,0.2595,62.8517,67.6996,0.7151,66.1055,-0.7046,0.6533,64.64284500000001,0.2748,61.109,Riskli,Dusuk
13,Backend,Junior,2.5,41,2025,3,2,6.1,35.4,0.5859,0.8125,0.7743,0.6206,0.2408,0.683,0.6667,0.8,2.0,157.7158,0.4732,0.2679,0.4292,4,0.95183,1.0,0.3122,80.9515,69.0787,0.5611,69.0734,1.5045,0.6789,61.245075,0.246,66.1239,Riskli,Dusuk
13,Backend,Junior,2.5,42,2025,6,5,14.5,32.0,0.4892,0.7936,0.8374,0.7809,0.6628,0.6595,1.0,0.4,2.0,97.1009,0.5195,0.3517,0.4142,4,0.9005700000000001,0.0,0.2602,70.2779,67.7891,0.7014,63.7914,1.0271,0.6818,63.600695,0.3015,65.1227,Riskli,Orta
13,Backend,Junior,2.5,43,2025,9,7,15.2,43.7,0.6654,0.7933,0.7427,0.6686,0.6635,0.7623,0.7429,0.8,3.7143,117.4369,0.6256,0.4088,0.4385,4,1.18932,0.0,0.3041,80.655,76.4435,0.5378,65.0231,-0.8529,0.6229,62.650505,0.2358,62.13,Riskli,Dusuk
13,Backend,Junior,2.5,44,2025,8,6,25.5,39.1,0.501,0.8561,0.7872,0.7852,1.1276,0.6538,0.6818,0.2,5.0,206.1436,0.5614,0.3156,0.4041,6,1.06491,0.0,0.1607,60.5769,73.8181,0.5764,72.3461,1.105,0.5899,65.953655,0.2082,62.9188,Stabil,Dusuk
13,Backend,Junior,2.5,45,2025,10,7,22.3,38.4,0.528,0.8027,0.7037,0.6278,0.9136,0.7733,0.7742,0.8,3.4286,171.8289,0.5631,0.3501,0.5313,2,1.03708,0.0,0.3037,76.9164,74.9616,0.5607,71.1578,2.9422,0.4909,63.91951499999999,0.2325,61.6769,Riskli,Dusuk
13,Backend,Junior,2.5,46,2025,5,4,12.4,42.9,0.5942,0.7713,0.7309,0.6953,0.6148,0.8372,0.9259,1.0,6.25,205.8106,0.509,0.2751,0.5063,4,1.12486,0.0,0.3952,77.7438,74.5442,0.8881,65.7209,0.0905,0.763,66.365575,0.2905,69.3404,Stabil,Dusuk
13,Backend,Junior,2.5,47,2025,8,6,26.0,38.9,0.662,0.8112,0.6954,0.6291,1.326,0.5942,0.9444,0.2,2.8333,238.5031,0.4763,0.3065,0.486,5,1.02432,0.0,0.2232,62.1409,73.3664,0.6279,58.4855,-4.7019,0.7419,63.16436,0.3772,60.5473,Riskli,Orta
13,Backend,Junior,2.5,48,2025,6,4,12.8,43.2,0.6553,0.8005,0.6741,0.5595,0.5238,0.7224,0.8,0.4,5.0,215.7278,0.4657,0.2287,0.4768,4,1.1970200000000002,0.0,0.2909,68.0874,68.4384,0.608,53.6522,-5.9752,0.6959,59.526145,0.4294,55.0089,Riskli,Orta
13,Backend,Junior,2.5,49,2025,9,7,19.9,35.4,0.4251,0.8696,0.8234,0.7483,1.0303,0.7695,0.8621,0.6,3.5714,126.8929,0.507,0.2938,0.4652,6,0.9526,0.0,0.2025,68.3846,70.3659,0.5514,63.4958,-1.1508,0.7491,66.31237499999999,0.2293,65.5214,Stabil,Dusuk
13,Backend,Junior,2.5,50,2025,7,5,23.9,37.3,0.5926,0.7847,0.7585,0.6441,0.8664,0.9112,0.9167,1.0,4.4,172.2067,0.598,0.3686,0.4831,3,1.01123,0.0,0.3802,84.7385,76.4662,0.4878,66.3629,3.3476,0.6297,65.12383,0.2385,69.0056,Stabil,Dusuk
13,Backend,Junior,2.5,51,2025,7,6,18.0,38.3,0.6743,0.8265,0.8398,0.7743,0.8005,0.7983,0.7317,0.6,5.0,170.8203,0.5744,0.4051,0.4535,4,1.0987900000000002,0.0,0.187,70.8885,71.2334,0.6135,62.9432,3.074,0.5992,66.19333999999999,0.2792,65.6352,Stabil,Dusuk
13,Backend,Junior,2.5,52,2025,5,4,20.6,37.6,0.7315,0.8116,0.7494,0.6158,0.9096,0.6429,0.7778,0.2,3.5,183.213,0.5499,0.3385,0.4538,3,1.03994,0.0,0.2072,58.8726,74.089,0.643,67.3525,0.815,0.7353,62.74883,0.2046,69.088,Riskli,Dusuk
14,Frontend,Senior,8.1,1,2025,6,5,17.9,36.4,0.3335,0.7097,0.822,0.7985,0.8781,0.6788,1.0,0.2,2.8,111.585,0.5561,0.3095,0.4521,3,0.9081,0.0,0.2873,54.1945,64.9639,0.6972,67.4724,0.0,0.7292,71.02242,0.2534,64.8039,Stabil,Dusuk
14,Frontend,Senior,8.1,2,2025,4,3,6.2,40.5,0.5209,0.7156,0.7545,0.606,0.3162,0.6466,1.0,0.6,2.3333,255.0307,0.3742,0.309,0.5186,4,1.0784,0.0,0.371,65.5624,60.3756,0.6666,71.9583,4.4859,0.6991,67.489695,0.2915,69.0812,Stabil,Dusuk
14,Frontend,Senior,8.1,3,2025,7,6,13.4,38.9,0.5743,0.7446,0.9249,0.8343,0.7113,0.7874,0.931,0.4,4.5,182.561,0.5625,0.3248,0.5842,3,0.963,0.0,0.3141,62.094,66.018,0.6773,71.2197,1.8736,0.8527,75.73272,0.1633,73.6046,Stabil,Dusuk
14,Frontend,Senior,8.1,4,2025,6,5,15.2,40.8,0.5943,0.8047,0.8217,0.7776,0.7548,0.7438,0.8,1.0,2.4,192.1829,0.5724,0.374,0.5394,4,1.0429,0.0,0.3276,70.675,69.4459,0.7965,73.3222,1.6811,0.7692,74.22177,0.1752,70.5735,Stabil,Dusuk
14,Frontend,Senior,8.1,5,2025,6,5,20.4,42.2,0.4617,0.7649,0.8405,0.7987,1.0015,0.7583,0.6957,1.0,3.2,183.9077,0.4967,0.2344,0.3861,6,1.0216,0.0,0.2902,77.6044,61.4052,0.4895,71.6491,0.1175,0.5461,74.411505,0.2,55.6799,Stabil,Dusuk
14,Frontend,Senior,8.1,6,2025,4,3,12.7,42.7,0.589,0.7082,0.8107,0.6933,0.6459,0.5814,0.7778,0.4,2.3333,215.6349,0.573,0.332,0.4227,5,1.0554,0.0,0.2203,53.636,68.4163,0.6733,71.4514,-0.0978,0.6953,68.58316500000001,0.2733,64.1603,Stabil,Dusuk
14,Frontend,Senior,8.1,7,2025,11,10,32.6,42.0,0.5117,0.7235,0.9041,0.8741,1.3518,0.8097,0.7833,0.6,4.7,164.6096,0.4753,0.246,0.6125,3,1.0687,0.0,0.3117,61.4301,60.0883,0.7646,72.6623,-0.2177,0.7492,79.27794,0.3125,63.8987,Stabil,Orta
14,Frontend,Senior,8.1,8,2025,7,7,15.0,35.6,0.6026,0.7394,0.9491,0.8903,0.6541,0.807,0.7857,1.0,3.1429,131.1569,0.4794,0.3181,0.4869,4,0.8923,0.0,0.3081,74.0766,63.7417,0.6493,73.802,0.767,0.8097,77.11242,0.2188,69.2585,Stabil,Dusuk
14,Frontend,Senior,8.1,9,2025,6,5,11.9,48.5,0.5711,0.7077,0.8037,0.6266,0.592,0.8624,0.875,0.8,4.2,139.6012,0.4404,0.3168,0.4399,5,1.1618,0.0,0.3253,69.6384,68.6244,0.559,61.995,-2.723,0.657,69.40878000000001,0.4023,58.3991,Stabil,Orta
14,Frontend,Senior,8.1,10,2025,8,7,22.8,43.8,0.3154,0.7332,0.8444,0.7293,0.9993,0.6714,0.8605,0.2,5.2857,70.9113,0.3993,0.2025,0.4673,4,1.0976,0.0,0.365,50.0722,64.5896,0.7407,63.2006,-4.0192,0.5967,70.93359000000001,0.4647,52.4463,Stabil,Orta
14,Frontend,Senior,8.1,11,2025,5,4,14.8,46.2,0.4381,0.7704,0.7469,0.6499,0.7053,0.8321,1.0,0.6,4.0,121.5407,0.4592,0.2061,0.4384,4,1.1447,0.0,0.3325,66.2737,61.5086,0.7509,62.4205,-3.2939,0.6746,69.69837000000001,0.4646,56.1648,Stabil,Orta
14,Frontend,Senior,8.1,12,2025,8,5,23.9,48.7,0.6735,0.7508,0.6831,0.5293,1.0367,0.8254,0.72,1.0,3.6,154.9481,0.4633,0.3646,0.4422,4,1.2057,1.0,0.2462,71.391,63.5272,0.7135,64.559,0.6912,0.7086,68.34828,0.3923,64.5238,Stabil,Orta
14,Frontend,Senior,8.1,13,2025,7,5,13.8,36.4,0.4017,0.7311,0.7609,0.6819,0.7358,0.6463,0.6667,0.4,4.8,230.2382,0.4579,0.2188,0.5235,3,0.9124,1.0,0.3454,58.8015,69.3605,0.7213,68.3187,1.7493,0.6568,69.412665,0.2793,65.5981,Stabil,Dusuk
14,Frontend,Senior,8.1,14,2025,8,7,20.2,38.5,0.4991,0.7583,0.8163,0.7238,1.0408,0.739,0.9375,0.4,4.2857,87.407,0.4323,0.2903,0.5794,3,0.9402,1.0,0.2821,53.2873,61.7676,0.6989,74.4129,3.9737,0.7301,73.31289,0.2153,70.0936,Stabil,Dusuk
14,Frontend,Senior,8.1,15,2025,7,6,20.9,40.1,0.371,0.7415,0.8202,0.7314,0.9474,0.6149,0.6562,0.6,3.5,67.6439,0.3853,0.2463,0.5277,2,0.93,1.0,0.3137,59.5202,69.859,0.7121,67.8113,1.5851,0.6393,72.020025,0.3099,64.7018,Stabil,Orta
14,Frontend,Senior,8.1,16,2025,9,7,28.6,39.0,0.534,0.7225,0.8027,0.7064,1.4185,0.7712,0.8462,0.6,3.1429,151.5577,0.4416,0.2168,0.5378,3,0.9686,1.0,0.1839,67.0386,66.3372,0.7752,67.7557,-0.8291,0.5898,76.34109,0.2881,57.6475,Stabil,Dusuk
14,Frontend,Senior,8.1,17,2025,8,6,25.7,42.5,0.6649,0.7172,0.7294,0.6063,1.3721,0.8906,0.8889,0.8,5.3333,139.5892,0.506,0.2671,0.46,3,1.0927,1.0,0.4133,63.6267,65.483,0.7027,67.3389,-2.1278,0.8782,72.56172,0.4262,68.3397,Stabil,Orta
14,Frontend,Senior,8.1,18,2025,7,6,27.5,35.7,0.5576,0.7196,0.8128,0.6765,1.1957,0.6194,0.7,1.0,2.3333,256.6925,0.5119,0.395,0.5256,3,0.9014,0.0,0.3136,71.9484,62.5133,0.6303,74.3695,1.9258,0.673,72.164925,0.2328,64.5498,Stabil,Dusuk
14,Frontend,Senior,8.1,19,2025,6,5,22.6,40.7,0.4077,0.7062,0.8121,0.7629,0.9761,0.5296,0.8333,0.4,2.0,256.5217,0.3695,0.183,0.5017,2,1.047,0.0,0.3526,61.2897,59.8565,0.6447,62.6304,-0.8345,0.7724,71.36409,0.3108,63.9093,Stabil,Orta
14,Frontend,Senior,8.1,20,2025,9,7,22.8,34.8,0.479,0.7317,0.7381,0.647,1.0654,0.7832,0.7632,1.0,4.1429,218.2885,0.4179,0.307,0.445,4,0.8867,0.0,0.2622,69.6107,64.3951,0.7091,70.8262,-0.1277,0.6969,72.48601500000001,0.2708,62.9781,Stabil,Dusuk
14,Frontend,Senior,8.1,21,2025,9,7,33.7,38.2,0.4462,0.6955,0.8097,0.6969,1.6928,0.6924,0.7619,0.6,2.2857,143.6087,0.4907,0.2435,0.5638,4,0.9679,0.0,0.2992,59.1706,65.1742,0.6501,61.1429,-3.1484,0.8774,74.395755,0.311,66.6151,Stabil,Orta
14,Frontend,Senior,8.1,22,2025,9,7,16.8,40.2,0.5822,0.7297,0.7753,0.6833,0.6894,0.7932,0.8,1.0,3.4286,193.6476,0.6636,0.3698,0.5601,4,1.0232,0.0,0.2794,72.4405,63.4686,0.6676,54.858,-3.3,0.6935,69.389355,0.3748,57.5928,Stabil,Orta
14,Frontend,Senior,8.1,23,2025,6,4,8.6,47.8,0.5771,0.7347,0.7045,0.6134,0.3725,0.7107,0.8333,0.8,3.75,246.3706,0.4848,0.2733,0.4355,6,1.1757,0.0,0.3361,65.4388,68.0699,0.6618,64.0452,-2.6628,0.5863,65.231145,0.4532,55.1428,Stabil,Orta
14,Frontend,Senior,8.1,24,2025,10,7,23.3,62.0,0.8147,0.7124,0.72,0.5912,0.9357,0.562,0.8833,0.2,7.5714,231.444,0.7367,0.4124,0.3966,5,1.4692,1.0,0.3206,49.6235,60.2951,0.7257,50.2155,-2.3595,0.6418,57.53559,0.685,55.7846,Riskli,Yuksek
14,Frontend,Senior,8.1,25,2025,8,7,23.4,35.8,0.7108,0.7307,0.8688,0.8023,1.0312,0.8628,0.9286,1.0,3.7143,185.9171,0.4685,0.3791,0.48,5,0.9066,1.0,0.4746,75.4827,62.0005,0.7214,70.7532,3.3856,0.7218,75.14787000000001,0.2424,68.8689,Stabil,Dusuk
14,Frontend,Senior,8.1,26,2025,8,6,22.1,45.1,0.5569,0.7623,0.708,0.5839,0.9383,0.7602,0.8696,0.6,3.3333,173.1078,0.4685,0.2409,0.5197,3,1.0736,1.0,0.3111,62.0338,65.6875,0.7158,64.891,2.3075,0.6643,69.22565999999999,0.3507,65.7056,Stabil,Orta
14,Frontend,Senior,8.1,27,2025,7,6,13.6,37.7,0.4857,0.7589,0.8608,0.8122,0.5452,0.7445,0.9375,0.8,2.5,201.5049,0.5118,0.2621,0.6171,2,0.9251,1.0,0.3208,71.471,62.1478,0.604,73.3373,6.3503,0.5701,72.95106,0.2321,66.7219,Stabil,Dusuk
14,Frontend,Senior,8.1,28,2025,8,5,18.1,40.3,0.6644,0.7995,0.6789,0.5327,0.9945,0.8802,0.9583,0.6,4.6,153.9244,0.541,0.2381,0.4968,3,1.0068,1.0,0.3079,60.0955,63.4034,0.7323,66.922,-0.3048,0.8105,70.13181,0.2292,67.5157,Stabil,Dusuk
14,Frontend,Senior,8.1,29,2025,11,7,35.6,42.5,0.6051,0.7316,0.604,0.511,1.9694,0.7204,0.7619,1.0,2.2857,195.3871,0.5507,0.3477,0.5357,2,1.0486,1.0,0.3549,71.4684,68.9541,0.5504,71.3703,1.3023,0.7623,69.477135,0.2718,69.5242,Stabil,Dusuk
14,Frontend,Senior,8.1,30,2025,6,4,8.1,34.8,0.3729,0.775,0.7342,0.6429,0.341,0.7666,0.9333,0.8,3.5,221.2626,0.4894,0.3407,0.5066,2,0.8658,0.0,0.3565,67.4951,63.3808,0.7781,68.0448,-1.1429,0.8291,68.355,0.3128,67.0394,Stabil,Orta
14,Frontend,Senior,8.1,31,2025,14,11,33.0,33.4,0.3006,0.7099,0.7784,0.6427,1.6256,0.7473,0.8986,0.2,5.6364,130.9778,0.4492,0.2379,0.5768,4,0.8422,0.0,0.2579,53.6127,63.6513,0.6715,66.7042,-0.3979,0.7644,73.04997,0.2665,65.3703,Stabil,Dusuk
14,Frontend,Senior,8.1,32,2025,10,7,25.7,34.0,0.7807,0.7616,0.6942,0.5103,1.2365,0.8219,0.8636,1.0,2.7143,137.9422,0.5692,0.33,0.3331,6,0.8867,0.0,0.3487,68.3263,67.4611,0.6437,62.7875,-2.7089,0.9424,69.08002499999999,0.3444,70.9127,Stabil,Orta
14,Frontend,Senior,8.1,33,2025,8,7,34.0,45.0,0.6305,0.6742,0.8713,0.8614,1.8107,0.7593,0.8947,1.0,2.4286,206.4921,0.6079,0.4046,0.4285,5,1.1456,0.0,0.2486,67.1764,61.0519,0.7744,75.5285,1.8534,0.7044,76.68066,0.3237,65.4103,Stabil,Orta
14,Frontend,Senior,8.1,34,2025,7,6,24.2,35.6,0.5435,0.752,0.8389,0.7454,0.9433,0.8181,0.7879,0.8,4.3333,175.7699,0.5009,0.2653,0.49,3,0.9165,0.0,0.3321,70.4309,67.4844,0.7537,61.3012,-0.3468,0.6849,73.89228,0.1989,63.0238,Stabil,Dusuk
14,Frontend,Senior,8.1,35,2025,9,7,17.9,47.2,0.4209,0.7728,0.7987,0.8129,0.7682,0.6543,0.6452,0.6,2.8571,124.2103,0.5258,0.2671,0.534,4,1.1848,0.0,0.2785,63.0355,61.9357,0.654,57.6439,-2.9658,0.5938,69.00442500000001,0.4803,53.1676,Stabil,Orta
14,Frontend,Senior,8.1,36,2025,4,3,10.4,40.2,0.6167,0.733,0.8135,0.7527,0.4302,0.5963,0.8276,0.6,8.0,234.9819,0.4939,0.2122,0.4842,4,1.011,0.0,0.3818,59.2867,61.4073,0.7034,68.869,-2.3636,0.7771,69.598095,0.375,62.1986,Stabil,Orta
14,Frontend,Senior,8.1,37,2025,7,6,17.5,44.3,0.5438,0.706,0.7957,0.7556,0.7063,0.597,0.68,0.4,2.8333,196.9967,0.5068,0.2547,0.55,3,1.0987,0.0,0.3399,60.3938,61.5168,0.7774,68.8281,3.3806,0.8513,70.779555,0.3384,74.5465,Stabil,Orta
14,Frontend,Senior,8.1,38,2025,6,5,16.4,46.3,0.3989,0.7489,0.8355,0.7531,0.694,0.6386,0.8372,0.4,7.2,205.8422,0.4383,0.2927,0.6483,2,1.1101,0.0,0.3043,57.6336,65.6274,0.6554,75.7093,5.4155,0.781,72.58251,0.293,75.796,Stabil,Dusuk
14,Frontend,Senior,8.1,39,2025,8,7,31.7,42.3,0.4308,0.7332,0.8173,0.7012,1.4834,0.6213,0.8571,0.6,2.5714,54.5501,0.4992,0.2719,0.5249,3,1.0537,0.0,0.2672,64.4342,61.1937,0.685,73.3279,2.0258,0.7063,74.535195,0.2495,65.8087,Stabil,Dusuk
14,Frontend,Senior,8.1,40,2025,7,5,16.1,40.2,0.5339,0.7035,0.708,0.6045,0.8835,0.6287,0.6818,0.4,3.0,179.9517,0.5148,0.3272,0.5217,3,1.0348,0.0,0.2992,58.4044,63.1307,0.6275,72.7598,0.9414,0.7875,68.61918000000001,0.3088,68.3468,Stabil,Orta
14,Frontend,Senior,8.1,41,2025,5,4,16.8,41.2,0.6379,0.75,0.7864,0.7597,0.9442,0.6816,0.7143,0.2,5.0,193.8105,0.4483,0.2578,0.4945,5,1.0331,0.0,0.2882,48.6578,66.3115,0.8607,63.6193,-3.6838,0.7226,71.87649,0.3689,59.1557,Stabil,Orta
14,Frontend,Senior,8.1,42,2025,10,8,16.8,42.2,0.5319,0.7366,0.7665,0.6811,0.6261,0.6745,0.8056,0.8,3.625,38.4722,0.4169,0.2263,0.512,4,1.0438,0.0,0.2541,67.9498,66.5075,0.6026,67.1266,-2.7744,0.5959,70.562625,0.3441,54.9341,Stabil,Orta
14,Frontend,Senior,8.1,43,2025,4,3,7.1,39.7,0.6702,0.714,0.7592,0.7193,0.3257,0.9145,0.8824,1.0,5.0,183.2209,0.4689,0.2531,0.421,5,0.9552,0.0,0.2791,76.8921,60.6527,0.7108,69.9535,-0.4912,0.6557,72.150015,0.2295,59.4351,Stabil,Dusuk
14,Frontend,Senior,8.1,44,2025,13,10,29.6,40.7,0.5309,0.751,0.7802,0.6489,1.1308,0.6699,0.78,0.2,3.9,121.4444,0.524,0.192,0.4482,4,1.0701,0.0,0.3543,57.6243,69.8978,0.8144,70.6226,2.3837,0.9624,72.84028500000001,0.2707,80.4996,Stabil,Dusuk
14,Frontend,Senior,8.1,45,2025,4,3,10.9,45.1,0.5069,0.6969,0.8622,0.7557,0.5227,0.6832,0.7727,0.2,5.6667,117.0953,0.5096,0.2177,0.4351,4,1.0545,0.0,0.2977,51.1784,65.9393,0.5376,76.5337,2.8891,0.6763,70.60756500000001,0.2611,67.2272,Stabil,Dusuk
14,Frontend,Senior,8.1,46,2025,5,4,10.4,35.5,0.6861,0.7864,0.8822,0.7387,0.5532,0.5786,0.6452,0.2,5.0,252.8959,0.5315,0.2276,0.5028,4,0.9203,0.0,0.2526,55.9891,63.1114,0.626,70.3386,0.7067,0.7928,70.41615,0.2236,68.214,Stabil,Dusuk
14,Frontend,Senior,8.1,47,2025,8,7,31.7,41.1,0.5789,0.7035,0.8651,0.7675,1.5002,0.6786,0.7917,1.0,2.7143,250.6207,0.5295,0.2289,0.4995,4,1.0172,0.0,0.3187,72.8764,65.9879,0.7887,69.8947,-0.8379,0.7613,77.84815499999999,0.2792,65.2454,Stabil,Dusuk
14,Frontend,Senior,8.1,48,2025,12,10,38.9,45.0,0.7311,0.7358,0.8206,0.7516,1.609,0.7514,0.825,0.8,3.3,103.2378,0.5997,0.366,0.44,4,1.1102,0.0,0.3525,65.3867,67.7397,0.6789,57.5576,-5.7372,0.6413,72.255015,0.4413,52.7158,Stabil,Orta
14,Frontend,Senior,8.1,49,2025,8,6,14.3,40.8,0.4441,0.7321,0.7869,0.8221,0.6419,0.7724,0.7632,0.6,4.8333,107.7087,0.438,0.271,0.5173,3,1.018,0.0,0.2612,59.6979,63.3819,0.6501,66.1493,-2.4905,0.701,72.69612,0.4099,59.1672,Stabil,Orta
14,Frontend,Senior,8.1,50,2025,8,6,23.6,49.3,0.6777,0.7796,0.7814,0.6259,1.0507,0.6972,0.7407,1.0,3.3333,246.5665,0.524,0.2791,0.5871,2,1.1701,0.0,0.3183,77.692,64.6478,0.6662,71.3817,1.3053,0.7711,72.3618,0.3443,68.6348,Stabil,Orta
14,Frontend,Senior,8.1,51,2025,6,4,9.5,41.5,0.5639,0.7359,0.7463,0.7508,0.4444,0.8379,0.8,1.0,4.0,118.4454,0.4114,0.2574,0.5885,2,1.0424,0.0,0.208,68.9655,62.4008,0.7996,64.924,2.7332,0.8799,73.811535,0.278,75.0872,Stabil,Dusuk
14,Frontend,Senior,8.1,52,2025,15,12,65.2,43.5,0.7912,0.7209,0.7784,0.6713,2.3749,0.7028,0.925,0.6,3.0833,221.3629,0.5813,0.3023,0.5199,3,1.0792,0.0,0.3297,58.7238,65.2972,0.748,69.4494,0.3443,0.7747,73.00702500000001,0.2816,67.4897,Stabil,Dusuk
16,DevOps,Junior,2.3,1,2025,8,6,28.1,47.1,0.444,0.7281,0.7873,0.6568,1.3569,0.5822,0.6579,0.6,4.1667,17.7328,0.37323,0.3062,0.48301,4,1.2156,1.0,0.1788,62.1571,71.472,0.7279,68.0357,0.0,0.8185,64.70279,0.4598,70.7748,Riskli,Orta
16,DevOps,Junior,2.3,2,2025,10,7,18.4,42.6,0.5822,0.7006,0.7388,0.6377,1.1364,0.7141,0.6897,1.0,5.7143,43.8147,0.48699,0.296,0.47487,4,1.0372,1.0,0.2576,75.4954,62.9384,0.5611,70.4445,2.4088,0.8387,64.657665,0.274,72.8847,Riskli,Dusuk
16,DevOps,Junior,2.3,3,2025,12,8,29.5,48.5,0.4881,0.7058,0.6977,0.6413,1.1968,0.7764,0.8056,0.6,3.625,144.9375,0.3322799999999999,0.2556,0.5045700000000001,5,1.2084,2.0,0.2556,66.3278,69.6002,0.7062,70.7007,1.3325,0.9923,65.32523,0.4142,80.1137,Stabil,Orta
16,DevOps,Junior,2.3,4,2025,16,11,50.2,43.5,0.5315,0.7282,0.704,0.6264,1.7891,0.6246,0.6377,0.2,4.0,121.0804,0.52668,0.3021,0.5270100000000001,4,1.0627,2.0,0.3623,57.7468,69.421,0.663,71.4244,1.0422,0.8252,62.89180499999999,0.3291,72.0881,Riskli,Orta
16,DevOps,Junior,2.3,5,2025,8,6,25.6,41.6,0.4287,0.7277,0.793,0.7184,1.2019,0.7918,0.7647,1.0,4.3333,80.6368,0.43398,0.281,0.53449,3,1.0535,2.0,0.309,78.7653,64.0663,0.5414,69.1122,-0.3273,0.8661,67.178015,0.3826,70.1828,Stabil,Orta
16,DevOps,Junior,2.3,6,2025,10,8,33.4,37.7,0.4671,0.7331,0.7855,0.7136,1.5286,0.8627,0.9524,1.0,5.0,59.5616,0.37782,0.2553,0.47762,6,0.9606,2.0,0.2183,77.4698,62.7988,0.5486,72.2302,0.2276,0.7899,69.477395,0.2463,67.2424,Stabil,Dusuk
16,DevOps,Junior,2.3,7,2025,7,5,19.7,39.3,0.5679,0.6876,0.6498,0.5425,0.911,0.5887,0.7,0.4,1.4,145.2817,0.49491,0.3137,0.5404300000000001,4,0.9844,1.0,0.2694,59.0954,69.2399,0.6998,60.779,-2.8818,0.813,59.34099,0.4884,65.3556,Riskli,Orta
16,DevOps,Junior,2.3,8,2025,12,9,28.0,39.5,0.6284,0.7168,0.7524,0.5991,1.0811,0.7596,0.7895,1.0,1.6667,150.0231,0.5202899999999999,0.2953,0.4011700000000001,3,1.0222,1.0,0.2767,81.1029,65.7894,0.5261,66.79419999999999,-1.8405,0.9645,64.69252999999999,0.2139,72.7616,Riskli,Dusuk
16,DevOps,Junior,2.3,9,2025,6,5,14.1,39.1,0.5377,0.6776,0.8066,0.7157,0.6659,0.8428,0.8333,0.8,5.0,194.1459,0.50832,0.3218,0.275,7,0.9336,0.0,0.3397,72.8534,64.266,0.6654,62.8949,-2.1991,0.7297,63.268385,0.3844,61.1822,Riskli,Orta
16,DevOps,Junior,2.3,10,2025,8,6,17.1,42.6,0.3899,0.6842,0.7489,0.7518,0.7123,0.6171,0.8824,0.2,2.5,192.5421,0.4946399999999999,0.3296,0.43813,4,1.0881,0.0,0.2043,57.6202,66.6585,0.6099,64.0495,0.5912,0.8924,61.82733,0.3555,73.5793,Riskli,Orta
16,DevOps,Junior,2.3,11,2025,5,4,12.7,52.6,0.5953,0.6906,0.7285,0.6271,0.5893,0.6737,0.9091,0.2,2.5,157.091,0.6228,0.4297,0.40777,4,1.2142,1.0,0.3353,56.667,67.3576,0.7172,58.3465,-2.4188,0.7354,56.021975,0.5764,62.0198,Riskli,Orta
16,DevOps,Junior,2.3,12,2025,7,5,17.4,48.9,0.6263,0.6817,0.7657,0.6567,0.8279,0.6891,0.7273,0.6,3.2,184.0593,0.486,0.3262,0.5509900000000001,4,1.1798,1.0,0.3481,69.8836,70.3394,0.7217,70.4464,1.6952,0.8651,63.14440999999999,0.3261,75.1801,Riskli,Orta
16,DevOps,Junior,2.3,13,2025,8,6,15.4,38.3,0.5864,0.7083,0.7206,0.5816,0.725,0.7021,0.6957,0.8,2.6667,123.9592,0.44442,0.2959,0.53196,2,0.9477,1.0,0.2306,75.6106,68.2618,0.6698,69.6928,2.903,0.8768,63.58502,0.1996,76.9712,Riskli,Dusuk
16,DevOps,Junior,2.3,14,2025,8,7,28.8,42.6,0.5537,0.7159,0.9245,0.8745,1.5211,0.7785,0.9143,0.4,4.5714,112.4567,0.57834,0.3449,0.45859,4,1.0944,1.0,0.1817,63.3297,72.0158,0.7819,75.8853,5.1863,0.9403,71.70847,0.3653,84.5209,Stabil,Orta
16,DevOps,Junior,2.3,15,2025,15,12,36.3,45.4,0.7237,0.7078,0.8021,0.7109,1.4189,0.5889,0.726,0.2,4.4167,244.4954,0.52353,0.3392,0.43549,4,1.0945,1.0,0.2654,55.2094,70.1031,0.5945,68.2633,-0.0357,0.9573,64.1896,0.3448,76.5538,Riskli,Orta
16,DevOps,Junior,2.3,16,2025,5,3,13.0,45.9,0.6229,0.6613,0.6924,0.6542,0.6255,0.6995,1.0,0.2,2.6667,167.8659,0.52614,0.3973,0.5270100000000001,3,1.1306,1.0,0.2713,53.1652,69.1331,0.6582,69.5196,-0.8142,0.9397,59.986515,0.2852,74.2553,Riskli,Dusuk
16,DevOps,Junior,2.3,17,2025,5,4,17.1,39.0,0.4876,0.6957,0.763,0.6892,0.687,0.6803,0.6364,1.0,3.5,61.8962,0.39258,0.277,0.50941,3,0.9684,0.0,0.2968,80.0917,67.763,0.717,70.6873,-1.4338,0.8359,65.91328,0.2413,68.2024,Stabil,Dusuk
16,DevOps,Junior,2.3,18,2025,5,5,18.4,37.1,0.548,0.7385,0.9044,0.8363,0.748,0.6873,0.9333,0.4,2.8,194.5605,0.43155,0.2815,0.59895,3,0.9614,0.0,0.2348,67.2042,72.0208,0.6275,77.6001,2.9178,0.8293,69.41649999999998,0.2038,75.9855,Stabil,Dusuk
16,DevOps,Junior,2.3,19,2025,10,6,21.2,44.2,0.5272,0.6973,0.5945,0.4883,0.9367,0.7688,0.6944,0.8,4.1667,181.9215,0.55377,0.3312,0.48158,4,1.1117,0.0,0.2723,73.5551,65.6275,0.7418,68.0229,0.2423,0.8949,60.81596,0.3806,72.8393,Riskli,Orta
16,DevOps,Junior,2.3,20,2025,8,6,20.6,39.5,0.5534,0.7303,0.7825,0.7153,1.0156,0.6648,0.697,0.2,3.8333,158.0673,0.51732,0.4326,0.5137,5,0.9709,0.0,0.2713,61.133,66.9876,0.6722,63.4233,-3.1369,1.0,64.11854,0.3606,72.6948,Riskli,Orta
16,DevOps,Junior,2.3,21,2025,6,4,15.7,43.8,0.4172,0.7297,0.5837,0.462,0.5772,0.6441,0.8333,1.0,2.5,279.4532,0.5386500000000001,0.3002,0.50787,3,1.1049,0.0,0.1852,76.4903,71.7106,0.6742,59.1679,-5.9896,0.9942,58.68359,0.4348,69.3926,Riskli,Orta
16,DevOps,Junior,2.3,22,2025,10,6,26.0,43.8,0.5539,0.6881,0.6479,0.5443,1.2555,0.7302,1.0,0.8,2.6667,234.8572,0.45,0.2611,0.6684700000000001,2,1.1245,0.0,0.282,67.1126,68.0515,0.6701,59.2823,-3.0477,0.7826,62.62856,0.4534,63.3719,Riskli,Orta
16,DevOps,Junior,2.3,23,2025,3,3,11.1,39.8,0.2295,0.7739,0.8572,0.8815,0.5992,0.7717,0.7391,0.6,5.6667,132.2669,0.45324,0.2924,0.62029,3,1.0684,0.0,0.2047,66.4823,71.1192,0.5593,60.4346,-0.8852,0.8664,67.136975,0.3781,71.4418,Stabil,Orta
16,DevOps,Junior,2.3,24,2025,17,11,36.1,54.3,0.6771,0.7049,0.6202,0.5097,1.3533,0.8432,0.806,0.6,4.9091,146.7792,0.55881,0.3781,0.50754,4,1.3279,1.0,0.3035,66.2677,69.9355,0.6219,60.6973,0.5741,0.744,59.066915,0.5268,67.8574,Riskli,Orta
16,DevOps,Junior,2.3,25,2025,7,5,11.7,39.0,0.3261,0.6922,0.7553,0.7279,0.4487,0.6636,0.6739,0.8,6.2,58.3242,0.41706,0.3242,0.46464,5,0.9982,1.0,0.2276,74.7923,63.3077,0.4663,63.7846,1.377,0.6929,61.82296,0.3283,64.8221,Riskli,Orta
16,DevOps,Junior,2.3,26,2025,5,4,20.0,44.0,0.6236,0.6825,0.7573,0.7835,0.82,0.6849,0.8261,0.6,4.75,271.2963,0.41346,0.2359,0.44341,5,1.11,1.0,0.2479,61.7936,71.3962,0.7981,69.6468,3.0724,0.898,65.441035,0.3516,79.1275,Stabil,Orta
16,DevOps,Junior,2.3,27,2025,8,6,21.3,40.3,0.6137,0.6731,0.803,0.7337,1.0261,0.7139,0.8571,0.6,3.0,107.9145,0.58275,0.3999,0.48719,6,1.0475,1.0,0.196,65.623,62.6956,0.6588,72.155,4.0235,0.822,64.81954499999999,0.3187,74.5873,Riskli,Orta
16,DevOps,Junior,2.3,28,2025,12,9,40.0,38.9,0.4649,0.7038,0.7462,0.6085,1.8025,0.7815,0.8361,0.4,5.6667,144.1383,0.4977,0.336,0.49896,5,0.9822,1.0,0.1949,57.041,66.4149,0.6864,69.3186,1.911,0.7477,65.407595,0.2455,69.058,Stabil,Dusuk
16,DevOps,Junior,2.3,29,2025,13,9,44.5,41.6,0.6242,0.7186,0.7279,0.6752,2.0966,0.8258,0.6441,1.0,4.2222,141.95,0.43929,0.3578,0.42372,4,1.0069,1.0,0.2427,72.8039,68.8478,0.6271,69.5154,-0.323,0.783,67.43176,0.3154,67.8861,Stabil,Orta
16,DevOps,Junior,2.3,30,2025,9,6,18.9,43.0,0.5251,0.6734,0.6739,0.6481,0.6696,0.7405,0.8529,0.4,4.8333,90.2485,0.468,0.3643,0.43538,5,1.0722,0.0,0.1234,57.3773,68.7459,0.7414,68.7678,-0.9965,0.9524,62.57308,0.2961,74.4235,Riskli,Dusuk
16,DevOps,Junior,2.3,31,2025,12,9,22.3,36.6,0.5645,0.7058,0.7348,0.7006,1.0865,0.8128,0.7838,1.0,3.2222,133.0169,0.38412,0.2263,0.42361,3,0.9283,0.0,0.1589,73.4501,66.5233,0.6143,65.33670000000001,-1.2693,0.776,66.78823,0.2235,65.3916,Stabil,Dusuk
16,DevOps,Junior,2.3,32,2025,6,4,19.3,37.6,0.5235,0.7089,0.6517,0.516,1.0022,0.5678,0.7368,0.4,3.5,258.8097,0.4868100000000001,0.3269,0.4921400000000001,4,0.9347,0.0,0.2575,65.1307,62.52,0.6592,64.5065,-1.8458,0.93,59.8576,0.2744,70.2215,Riskli,Dusuk
16,DevOps,Junior,2.3,33,2025,9,7,27.5,39.7,0.5281,0.6687,0.7729,0.7007,1.3502,0.7923,1.0,1.0,2.0,193.2511,0.5705100000000001,0.3525,0.44539,4,1.0233,0.0,0.2191,72.7921,62.8544,0.5129,68.1254,-0.2757,0.8835,66.436635,0.2914,70.6831,Stabil,Dusuk
16,DevOps,Junior,2.3,34,2025,7,5,21.5,41.8,0.3792,0.694,0.7525,0.6754,0.9832,0.6527,0.9167,0.4,4.4,23.9125,0.42003,0.2307,0.43571,4,1.1152,0.0,0.2805,59.2689,71.7812,0.7805,68.5151,1.3154,1.0,64.773755,0.3843,81.0897,Riskli,Orta
16,DevOps,Junior,2.3,35,2025,4,3,7.5,45.9,0.4956,0.6653,0.7694,0.6963,0.469,0.6922,1.0,0.4,7.0,215.8825,0.5186700000000001,0.3107,0.43307,5,1.103,0.0,0.2111,62.5744,63.5525,0.6193,60.7433,-1.09,0.8079,60.593565,0.3898,66.2196,Riskli,Orta
16,DevOps,Junior,2.3,36,2025,10,8,24.6,51.8,0.7254,0.7001,0.7677,0.6127,0.9591,0.6216,0.6731,0.6,4.375,264.5778,0.6339600000000001,0.3518,0.5361400000000001,3,1.2455,1.0,0.2282,70.734,63.9341,0.5868,57.6865,-3.9088,0.9374,59.6448,0.5173,67.7552,Riskli,Orta
16,DevOps,Junior,2.3,37,2025,12,9,18.5,42.6,0.464,0.6465,0.7877,0.7362,0.9524,0.8391,0.9487,0.8,4.1111,193.8548,0.43758,0.3705,0.50116,4,1.0584,1.0,0.2045,73.8651,64.3744,0.7179,63.9988,-1.6606,0.9292,66.98953499999999,0.3819,71.0319,Stabil,Orta
16,DevOps,Junior,2.3,38,2025,9,8,29.1,38.7,0.7004,0.689,0.8687,0.79,1.3841,0.7092,0.6984,0.4,5.5,180.173,0.56565,0.338,0.39215,5,0.979,1.0,0.2034,60.397,67.6501,0.6904,71.7565,3.9352,0.7647,67.46558,0.173,73.3559,Stabil,Dusuk
16,DevOps,Junior,2.3,39,2025,6,4,16.6,44.0,0.4889,0.7052,0.7437,0.6662,0.6445,0.8483,0.9167,1.0,2.75,142.4492,0.48528,0.2842,0.40425,4,1.0951,1.0,0.2538,80.1412,70.0417,0.6933,65.2594,3.0476,0.8811,64.55288,0.3602,77.9251,Riskli,Orta
16,DevOps,Junior,2.3,40,2025,5,4,12.4,47.2,0.4585,0.7241,0.7319,0.6412,0.4819,0.6435,0.697,0.2,5.75,189.6812,0.49059,0.2224,0.4972,4,1.1591,1.0,0.1927,57.2809,69.2517,0.5108,72.2775,1.8339,0.88,60.356065,0.3334,75.7402,Riskli,Orta
16,DevOps,Junior,2.3,41,2025,11,9,33.2,51.7,0.5709,0.7151,0.8005,0.7265,1.3007,0.7075,0.9138,0.2,5.8889,193.4438,0.4501799999999999,0.2899,0.38478,5,1.316,2.0,0.2078,54.5135,63.504,0.6662,68.3623,-0.3164,0.9736,63.383715,0.4297,74.8702,Riskli,Orta
16,DevOps,Junior,2.3,42,2025,4,3,8.4,39.1,0.3519,0.7191,0.7894,0.721,0.4699,0.7696,1.0,0.4,3.0,157.8189,0.4711499999999999,0.2846,0.44286,4,1.0182,1.0,0.2083,57.1581,69.934,0.7628,76.7208,3.0469,0.951,65.224245,0.2208,81.0347,Stabil,Dusuk
16,DevOps,Junior,2.3,43,2025,7,5,24.5,45.2,0.6576,0.6985,0.7219,0.5847,1.0614,0.8571,0.8889,1.0,3.2,139.4885,0.549,0.3605,0.34034,4,1.1217,1.0,0.0855,77.8128,63.8423,0.6175,77.4296,2.3815,0.8562,65.036145,0.3944,73.9045,Stabil,Orta
16,DevOps,Junior,2.3,44,2025,13,9,41.6,49.9,0.4746,0.7661,0.7147,0.5895,1.6508,0.8002,0.92,0.6,5.1111,214.6606,0.42075,0.2925,0.59752,2,1.1644,1.0,0.3034,68.4774,70.3091,0.6549,72.5546,1.3286,0.7942,66.03716,0.3736,71.4081,Stabil,Orta
16,DevOps,Junior,2.3,45,2025,11,10,33.0,39.3,0.3697,0.7216,0.882,0.8789,1.4138,0.7709,0.6984,0.8,4.4,109.8209,0.40644,0.1815,0.4855400000000001,5,1.0651,1.0,0.2775,75.0105,65.6631,0.6182,73.2051,-1.5422,0.8758,72.01266,0.323,69.2017,Stabil,Orta
16,DevOps,Junior,2.3,46,2025,11,9,47.4,44.8,0.8003,0.6888,0.7768,0.7445,1.8051,0.7505,0.9429,0.6,3.6667,212.1234,0.5812200000000001,0.3844,0.41448,4,1.1353,1.0,0.1661,70.3042,62.7712,0.742,67.8041,-2.8226,0.8571,66.32006999999999,0.5092,65.4911,Stabil,Orta
16,DevOps,Junior,2.3,47,2025,11,9,39.4,40.2,0.554,0.7235,0.7918,0.7341,1.4097,0.7146,0.7941,0.6,3.0,125.0111,0.50913,0.3203,0.6497700000000001,2,0.9881,0.0,0.2537,64.2913,63.5734,0.6872,63.2828,-3.3216,0.7585,66.961035,0.3706,60.5134,Stabil,Orta
16,DevOps,Junior,2.3,48,2025,5,3,14.6,56.9,0.6425,0.717,0.6139,0.4959,0.6012,0.8138,0.7692,1.0,3.3333,133.4295,0.5283,0.3752,0.40084,4,1.4215,1.0,0.2747,78.8985,62.6258,0.5335,61.7534,-3.8876,0.7253,55.226825,0.7028,57.8528,Riskli,Yuksek
16,DevOps,Junior,2.3,49,2025,6,4,14.5,43.9,0.6393,0.6692,0.6823,0.5618,0.8294,0.609,0.9,0.4,9.0,176.9811,0.48906,0.2012,0.50468,3,1.1549,1.0,0.1472,57.755,68.8304,0.5599,61.669,-1.9935,0.8876,59.46506,0.3853,69.9751,Riskli,Orta
16,DevOps,Junior,2.3,50,2025,11,9,20.3,39.9,0.402,0.7227,0.8611,0.8333,0.8933,0.646,0.9032,0.2,3.1111,199.2472,0.45144,0.3991,0.45595,3,0.9503,1.0,0.0995,52.356,62.6493,0.6654,62.6184,-0.2078,0.7869,64.450945,0.1733,66.3802,Riskli,Dusuk
16,DevOps,Junior,2.3,51,2025,8,6,17.7,39.6,0.561,0.7155,0.7494,0.6843,0.6948,0.7026,0.6279,0.6,4.5,196.6251,0.39438,0.2051,0.5449400000000001,4,0.98,1.0,0.2182,62.2966,66.3423,0.679,59.0899,-0.7041,0.9787,64.000265,0.3699,75.344,Riskli,Orta
16,DevOps,Junior,2.3,52,2025,9,6,26.8,42.1,0.8161,0.7027,0.6556,0.5239,1.0796,0.7927,0.8718,0.8,5.6667,216.8076,0.57465,0.3908,0.4004,5,1.0368,1.0,0.1795,69.9259,69.9209,0.6686,57.107,-1.7215,0.8044,60.800665,0.2125,66.9829,Riskli,Dusuk
17,Backend,Senior,7.5,1,2025,10,7,18.5,44.5,0.6111,0.8256,0.6695,0.5101,0.8161,0.6641,0.8667,0.6,3.7143,258.7336,0.5737,0.3148,0.4568,4,1.2299100000000005,0.0,0.1561,72.7874,73.4647,0.7422,72.727,0.0,0.7413,68.93271,0.2807,67.8999,Stabil,Dusuk
17,Backend,Senior,7.5,2,2025,13,8,28.8,47.7,0.4902,0.8692,0.5945,0.5064,1.4562,0.6788,0.902,0.6,5.75,277.0058,0.6147,0.3081,0.418,5,1.35586,1.0,0.257,76.0317,72.9776,0.8042,75.2281,2.5011,0.7784,69.18744,0.392,73.3305,Stabil,Orta
17,Backend,Senior,7.5,3,2025,5,4,11.4,34.5,0.5103,0.8288,0.7654,0.685,0.5036,0.5403,0.8,0.2,2.0,209.7453,0.6134,0.3641,0.3582,5,0.97735,1.0,0.2621,61.0629,63.9661,0.8454,80.7491,4.011,0.8041,67.56792,0.1342,74.1435,Stabil,Dusuk
17,Backend,Senior,7.5,4,2025,8,6,31.3,42.9,0.7574,0.8235,0.6947,0.5547,1.447,0.6914,0.9545,0.4,3.5,223.2531,0.8295,0.4403,0.3493,5,1.16743,1.0,0.3026,67.1779,72.7096,0.871,77.9627,2.1228,0.6627,69.25558500000001,0.2571,67.4521,Stabil,Dusuk
17,Backend,Senior,7.5,5,2025,13,10,25.3,37.2,0.4581,0.8491,0.7524,0.7068,1.003,0.8291,0.9123,0.4,5.2,157.6516,0.5557,0.3237,0.4246,4,1.0777800000000002,1.0,0.2343,65.0197,69.9188,0.7103,74.7257,-0.4294,0.6505,73.185735,0.2276,62.0776,Stabil,Dusuk
17,Backend,Senior,7.5,6,2025,5,3,12.6,35.7,0.7691,0.7886,0.6597,0.4899,0.5153,0.6615,0.8,0.4,2.6667,173.8476,0.6807,0.3897,0.3923,5,0.91003,1.0,0.2361,66.5334,64.4501,0.7267,66.6187,-4.5628,0.6827,62.21397,0.4062,55.4261,Riskli,Orta
17,Backend,Senior,7.5,7,2025,5,3,12.2,34.5,0.7602,0.8178,0.682,0.5986,0.6314,0.9252,1.0,0.8,4.3333,151.1196,0.5821,0.3522,0.3448,5,0.99814,1.0,0.3033,72.6573,66.7363,0.8198,71.0727,-2.8777,0.8387,69.81408,0.3707,65.7681,Stabil,Orta
17,Backend,Senior,7.5,8,2025,8,6,24.9,37.2,0.5875,0.8387,0.7751,0.6835,1.1174,0.855,0.9032,0.6,4.6667,160.8362,0.6021,0.3186,0.5083,3,1.06766,0.0,0.3582,71.7328,69.5808,0.7275,68.0155,-1.5677,0.6385,73.62054,0.1826,59.6587,Stabil,Dusuk
17,Backend,Senior,7.5,9,2025,8,6,18.9,32.1,0.4515,0.7818,0.7481,0.6506,0.9454,0.4767,0.7143,0.2,3.3333,15.0,0.5387,0.246,0.4025,4,0.94688,0.0,0.3101,55.8756,67.7071,0.7823,65.7561,-0.5645,0.6271,66.53304,0.2269,60.1504,Stabil,Dusuk
17,Backend,Senior,7.5,10,2025,11,9,31.8,45.8,0.541,0.8455,0.7855,0.672,1.5641,0.7336,0.6406,0.8,4.5556,208.7769,0.589,0.3067,0.3178,5,1.2634600000000002,0.0,0.2957,72.2198,70.4789,0.7657,70.9086,-0.2751,0.909,74.29359,0.2706,74.118,Stabil,Dusuk
17,Backend,Senior,7.5,11,2025,8,6,27.7,40.0,0.5067,0.7716,0.7452,0.6835,0.9847,0.7692,0.8462,0.6,5.5,203.9439,0.5148,0.2429,0.2634,4,1.18151,0.0,0.3705,72.3855,63.1056,0.686,68.3985,0.6302,0.8876,71.518965,0.2213,72.3571,Stabil,Dusuk
17,Backend,Senior,7.5,12,2025,8,5,20.5,47.5,0.8234,0.8322,0.6268,0.4833,1.1292,0.5337,0.7333,0.6,2.2,264.7278,0.6868,0.398,0.3197,5,1.3372700000000002,1.0,0.233,73.5661,72.7398,0.7693,66.3729,-0.066,0.6567,63.58527,0.3543,63.7685,Riskli,Orta
17,Backend,Senior,7.5,13,2025,8,6,19.4,39.3,0.6408,0.7968,0.6888,0.5238,0.7938,0.7229,0.7692,0.8,3.3333,95.2784,0.5744,0.3753,0.25,5,1.09065,1.0,0.3068,79.0993,64.8415,0.95,72.2977,0.2142,0.7247,68.757675,0.3129,64.9007,Stabil,Orta
17,Backend,Senior,7.5,14,2025,3,2,8.8,49.2,0.8062,0.8522,0.6568,0.5685,0.4261,0.8025,0.7333,1.0,5.5,209.3988,0.6445,0.39,0.25,6,1.31593,1.0,0.3384,78.5764,66.5099,0.8063,67.5789,0.3466,0.798,64.85157,0.3869,68.9035,Riskli,Orta
17,Backend,Senior,7.5,15,2025,7,5,13.9,41.9,0.3724,0.8199,0.7193,0.5479,0.7064,0.7717,0.9474,1.0,3.6,254.939,0.5741,0.3576,0.4032,4,1.15522,1.0,0.1987,81.0014,72.2312,0.82,74.4287,1.9448,0.7922,71.39034,0.2834,72.8554,Stabil,Dusuk
17,Backend,Senior,7.5,16,2025,5,4,16.0,36.9,0.6353,0.8434,0.7563,0.6812,0.6228,0.8226,0.7727,0.8,4.25,165.2984,0.5107,0.278,0.3652,4,1.07228,1.0,0.3869,75.6072,71.6378,0.8094,73.3522,1.0013,0.7995,72.57453000000001,0.1883,71.5313,Stabil,Dusuk
17,Backend,Senior,7.5,17,2025,9,7,27.2,37.4,0.6985,0.837,0.737,0.6364,1.2481,0.691,0.9,0.2,3.8571,107.358,0.5653,0.3219,0.4153,4,1.08064,1.0,0.4124,63.6604,71.0894,0.6998,73.3734,1.6307,0.8023,71.203545,0.1602,72.4772,Stabil,Dusuk
17,Backend,Senior,7.5,18,2025,14,10,34.8,40.3,0.5553,0.8434,0.7148,0.616,1.6421,0.7358,0.6591,0.6,5.8,131.319,0.5754,0.3316,0.3829,5,1.05787,0.0,0.2665,69.4643,70.3803,0.7894,78.4618,1.2121,0.7343,74.145435,0.2312,68.5498,Stabil,Dusuk
17,Backend,Senior,7.5,19,2025,9,6,15.7,38.4,0.7254,0.8244,0.7016,0.5816,0.7621,0.678,0.8261,0.4,3.1667,187.1305,0.7115,0.3123,0.2832,5,1.03389,0.0,0.3612,61.6858,64.7053,0.6209,70.8488,-0.2422,0.6541,64.830675,0.2767,60.9687,Riskli,Dusuk
17,Backend,Senior,7.5,20,2025,8,6,19.7,42.2,0.5521,0.8019,0.7214,0.6161,0.9877,0.7134,0.8537,0.2,5.8333,124.7443,0.5136,0.3086,0.4128,5,1.1737,0.0,0.2972,64.4963,67.3081,0.9303,72.0209,-1.167,0.7258,71.246595,0.2798,63.5304,Stabil,Dusuk
17,Backend,Senior,7.5,21,2025,8,6,20.4,33.7,0.633,0.7634,0.7727,0.7245,0.9665,0.5932,0.8,0.8,1.3333,64.9015,0.7589,0.438,0.4035,5,0.96745,0.0,0.3155,76.8716,63.6324,0.5736,79.422,0.4053,0.7654,69.50454,0.256,66.6648,Stabil,Dusuk
17,Backend,Senior,7.5,22,2025,3,2,8.3,43.9,0.7317,0.8495,0.7389,0.5987,0.3879,0.6638,0.6667,1.0,2.0,202.1136,0.6195,0.397,0.339,5,1.1683100000000002,0.0,0.2934,82.2764,65.4455,0.8367,66.7788,-0.4809,0.6898,67.23549,0.2644,62.4239,Stabil,Dusuk
17,Backend,Senior,7.5,23,2025,10,7,23.8,46.5,0.5485,0.8062,0.745,0.6499,1.061,0.7897,0.9032,0.6,4.0,184.841,0.4986,0.2734,0.4524,4,1.2763300000000002,0.0,0.3287,75.5171,70.3587,0.8005,66.6949,-2.8621,0.8214,72.93951,0.4394,66.0994,Stabil,Orta
17,Backend,Senior,7.5,24,2025,11,8,30.7,44.6,0.6561,0.7941,0.7136,0.6202,1.2109,0.731,0.8261,1.0,2.375,207.6768,0.5806,0.3508,0.4006,3,1.31065,0.0,0.2996,78.155,69.8016,0.6872,68.6495,-3.2402,0.706,70.44775500000002,0.4241,60.1489,Stabil,Orta
17,Backend,Senior,7.5,25,2025,9,7,24.6,37.0,0.5135,0.8453,0.8208,0.7669,1.4576,0.902,0.9667,1.0,4.1429,117.4249,0.541,0.2935,0.3581,7,0.99231,0.0,0.2668,83.1376,67.1235,0.8629,76.2205,3.028,0.7712,79.68618,0.2325,72.0704,Stabil,Dusuk
17,Backend,Senior,7.5,26,2025,14,10,34.9,37.2,0.6968,0.8281,0.7397,0.6911,1.5998,0.8145,0.6951,0.8,5.7,152.8659,0.5853,0.2748,0.4008,5,1.09703,0.0,0.324,76.5049,65.0946,0.6965,70.3374,1.8499,0.6804,75.067755,0.2291,65.5361,Stabil,Dusuk
17,Backend,Senior,7.5,27,2025,10,6,19.1,47.7,0.4778,0.8332,0.6207,0.4739,0.9049,0.6393,0.7778,0.6,2.3333,97.8385,0.5464,0.2617,0.5091,2,1.27754,0.0,0.2852,75.7495,70.0966,0.7804,78.2045,2.2782,0.761,68.52751500000001,0.3292,71.3354,Stabil,Orta
17,Backend,Senior,7.5,28,2025,6,4,14.7,34.5,0.4967,0.8265,0.6971,0.7237,0.7503,0.7429,0.6786,0.6,4.75,110.9152,0.5772,0.3231,0.3198,5,0.96393,0.0,0.3767,70.5693,71.9663,0.6795,72.8228,-0.2326,0.749,69.48669000000001,0.255,67.4298,Stabil,Dusuk
17,Backend,Senior,7.5,29,2025,6,4,16.9,35.4,0.6607,0.8339,0.6666,0.5604,0.8834,0.7361,0.9333,0.6,3.5,214.1887,0.5156,0.3906,0.3671,3,0.97724,0.0,0.4164,74.0743,70.1496,0.5432,65.817,-1.8943,0.6931,66.50301,0.2278,61.773,Stabil,Dusuk
17,Backend,Senior,7.5,30,2025,9,6,15.9,30.3,0.3378,0.8419,0.6978,0.6546,0.8929,0.7529,0.7857,1.0,1.8333,160.2966,0.4825,0.2609,0.3191,6,0.87153,0.0,0.3471,78.5662,65.4341,0.6702,73.2626,-2.1831,0.7983,70.30254000000001,0.3473,64.6444,Stabil,Orta
17,Backend,Senior,7.5,31,2025,11,8,16.2,36.4,0.4717,0.8192,0.7171,0.6105,0.7479,0.7168,0.7647,0.8,3.25,204.9863,0.5855,0.3649,0.3443,6,1.05589,0.0,0.4266,78.9199,68.9659,0.7447,76.3207,1.7939,0.9774,70.71561000000001,0.1913,79.9768,Stabil,Dusuk
17,Backend,Senior,7.5,32,2025,5,3,8.8,41.6,0.6056,0.8334,0.6743,0.5717,0.4872,0.7349,0.72,0.8,6.0,92.2052,0.6171,0.4181,0.3325,5,1.09549,0.0,0.3114,74.7815,71.7212,0.674,74.1264,2.7986,0.8186,67.80343500000001,0.2915,75.2271,Stabil,Dusuk
17,Backend,Senior,7.5,33,2025,7,6,25.7,39.1,0.5013,0.8121,0.8479,0.8227,1.0021,0.6756,0.7368,1.0,2.3333,75.7681,0.4834,0.3018,0.4416,5,1.01838,0.0,0.2816,81.8884,65.2774,0.829,80.6642,2.0011,0.8095,77.862225,0.2696,71.639,Stabil,Dusuk
17,Backend,Senior,7.5,34,2025,7,5,10.4,38.3,0.3251,0.8189,0.777,0.7496,0.4837,0.6646,0.6818,0.8,3.0,213.0121,0.4728,0.2664,0.4244,6,1.03169,0.0,0.2707,76.4596,66.3623,0.7997,69.1296,-1.5036,0.627,71.46793500000001,0.2516,58.2759,Stabil,Dusuk
17,Backend,Senior,7.5,35,2025,8,6,19.7,41.1,0.6463,0.8229,0.7356,0.6213,0.9934,0.8084,0.9524,0.8,3.3333,111.2897,0.612,0.3551,0.4355,4,1.1124300000000005,0.0,0.2549,75.2332,71.1776,0.723,73.4239,-1.3642,0.8621,73.4832,0.1998,70.515,Stabil,Dusuk
17,Backend,Senior,7.5,36,2025,5,4,8.5,49.0,0.4585,0.8276,0.723,0.6457,0.3486,0.5576,0.7826,0.2,4.5,286.0058,0.6172,0.3112,0.3044,5,1.3350700000000002,1.0,0.3284,64.4451,72.4225,0.7672,66.9416,-3.6874,0.6461,63.112455,0.4886,57.5375,Riskli,Orta
17,Backend,Senior,7.5,37,2025,12,9,45.0,39.0,0.5508,0.7942,0.7605,0.7113,2.4084,0.7699,0.9474,0.4,4.0,118.7283,0.6139,0.3691,0.4325,4,1.07371,1.0,0.3573,61.3464,71.4391,0.7653,76.2993,1.5027,0.7385,74.105535,0.1889,69.5125,Stabil,Dusuk
17,Backend,Senior,7.5,38,2025,9,7,27.7,37.4,0.5201,0.7593,0.7826,0.6891,1.0846,0.6811,0.75,0.2,5.1429,101.8216,0.6229,0.3403,0.3304,4,1.02993,1.0,0.3528,64.8294,63.8052,0.8387,67.8209,-0.7451,0.7597,70.01305500000001,0.2882,64.664,Stabil,Dusuk
17,Backend,Senior,7.5,39,2025,9,7,20.8,42.2,0.5977,0.8433,0.7547,0.5941,0.9037,0.7126,0.7059,0.8,3.4286,199.4221,0.5691,0.3007,0.4103,4,1.16039,1.0,0.2575,73.0465,65.5891,0.8227,75.7624,1.7984,0.807,71.664705,0.1835,71.3011,Stabil,Dusuk
17,Backend,Senior,7.5,40,2025,6,4,9.3,42.5,0.3633,0.7992,0.6623,0.5943,0.4079,0.622,0.6571,0.2,5.75,195.3996,0.6057,0.3966,0.46,5,1.1605,1.0,0.2845,64.1981,68.9596,0.7756,88.3491,4.4091,0.8379,67.627455,0.1978,77.7839,Stabil,Dusuk
17,Backend,Senior,7.5,41,2025,7,5,15.2,43.7,0.4988,0.8535,0.7779,0.7342,0.6001,0.71,0.6897,0.4,4.0,141.5002,0.6639,0.3793,0.3831,5,1.19416,1.0,0.2972,65.0986,68.313,0.7702,73.8655,3.072,0.8324,69.67611,0.3017,75.2531,Stabil,Orta
17,Backend,Senior,7.5,42,2025,6,5,11.2,42.6,0.2829,0.7823,0.8122,0.7541,0.512,0.756,0.7895,0.6,6.0,180.238,0.5235,0.3007,0.4025,5,1.11122,0.0,0.309,70.2783,70.5276,0.7114,78.1124,-0.7434,0.7396,73.43028,0.2807,65.7802,Stabil,Dusuk
17,Backend,Senior,7.5,43,2025,8,6,20.5,30.9,0.4174,0.8114,0.7781,0.7996,0.8949,0.7596,0.7297,0.6,4.5,180.6411,0.5236,0.3012,0.4327,5,0.91949,0.0,0.2599,74.6466,68.451,0.7399,84.2167,-0.815,0.8076,75.57165,0.2159,68.1026,Stabil,Dusuk
17,Backend,Senior,7.5,44,2025,7,5,17.4,36.4,0.3817,0.7977,0.7752,0.7448,0.7694,0.7517,0.9583,0.4,4.6,220.2895,0.5757,0.3006,0.3987,3,0.98461,0.0,0.2851,66.4271,64.2568,0.6262,86.1218,4.2873,0.7924,72.776865,0.19,74.136,Stabil,Dusuk
17,Backend,Senior,7.5,45,2025,4,3,14.1,39.8,0.702,0.8073,0.6928,0.6134,0.5777,0.7039,0.9167,0.4,3.6667,89.7634,0.6831,0.313,0.4744,3,1.03334,0.0,0.428,65.4053,63.7835,0.9315,76.0335,-0.4332,0.8286,68.206005,0.1884,68.2445,Stabil,Dusuk
17,Backend,Senior,7.5,46,2025,6,4,10.9,38.2,0.5847,0.8107,0.7148,0.5888,0.5404,0.8295,0.9524,0.4,5.0,124.6473,0.534,0.342,0.4012,4,1.0397200000000002,0.0,0.216,69.5179,67.0717,0.8165,72.9788,-4.3802,0.6304,69.95772000000001,0.3103,54.1476,Stabil,Orta
17,Backend,Senior,7.5,47,2025,6,4,11.0,42.3,0.6581,0.8348,0.7158,0.6688,0.561,0.8148,0.8333,1.0,3.75,101.7251,0.4903,0.3649,0.4169,3,1.20164,0.0,0.2783,77.159,71.1389,0.857,69.9699,-5.151,0.7242,71.57871,0.3134,58.3834,Stabil,Orta
17,Backend,Senior,7.5,48,2025,7,5,18.0,48.3,0.6284,0.8149,0.7004,0.606,0.7365,0.6173,0.6667,1.0,3.2,282.0519,0.6593,0.3391,0.2989,5,1.32407,1.0,0.3364,78.5193,69.8468,0.7507,65.434,-3.4807,0.7126,65.27766,0.4655,60.083,Stabil,Orta
17,Backend,Senior,7.5,49,2025,7,5,14.2,44.1,0.6836,0.8235,0.7539,0.632,0.7352,0.6552,0.9286,0.4,2.6,209.8857,0.7223,0.3765,0.3185,5,1.19108,1.0,0.3433,66.5211,69.899,0.7839,67.6249,-2.0598,0.6775,66.2865,0.4922,60.7368,Stabil,Orta
17,Backend,Senior,7.5,50,2025,13,10,34.2,34.9,0.4115,0.8513,0.7747,0.6794,1.2398,0.635,0.7857,0.2,3.3,183.713,0.6789,0.389,0.3839,4,0.9874700000000002,1.0,0.3498,58.5546,70.3788,0.8386,67.3312,-0.5725,0.6801,68.8842,0.2568,63.3215,Stabil,Dusuk
17,Backend,Senior,7.5,51,2025,5,4,10.2,37.6,0.4287,0.8219,0.7989,0.7518,0.4536,0.5763,0.8,0.2,3.0,220.3105,0.5833,0.2932,0.404,4,1.0659,1.0,0.3099,61.9987,66.1259,0.7461,67.1927,0.4982,0.7874,68.29095000000001,0.2777,68.5496,Stabil,Dusuk
17,Backend,Senior,7.5,52,2025,5,3,13.5,35.2,0.6989,0.8435,0.6862,0.6033,0.5961,0.5947,0.6786,0.2,6.3333,100.3785,0.6795,0.3745,0.316,4,1.01585,1.0,0.3571,57.3493,64.5572,0.9436,70.8189,0.9444,0.9438,64.96077000000001,0.1757,75.8151,Riskli,Dusuk
18,Frontend,Mid,4.0,1,2025,5,4,19.2,34.7,0.539,0.7801,0.7603,0.6923,0.9419,0.8234,0.9032,1.0,7.0,182.0536,0.5449,0.3521,0.4142,4,0.9609,0.0,0.246,73.2258,61.5636,0.4903,69.4725,0.0,0.7843,68.6175,0.3061,66.2628,Stabil,Orta
18,Frontend,Mid,4.0,2,2025,7,5,18.0,37.3,0.5313,0.7522,0.7707,0.7052,0.918,0.6085,0.875,1.0,1.4,275.8056,0.6336,0.2571,0.4067,5,0.9224,0.0,0.1762,75.8836,65.9632,0.5302,75.2237,5.7512,0.6958,67.887,0.2965,72.5845,Stabil,Dusuk
18,Frontend,Mid,4.0,3,2025,9,7,16.2,40.5,0.536,0.7497,0.7723,0.6491,0.8599,0.6783,0.64,0.8,2.2857,164.9617,0.5563,0.2286,0.4204,3,1.0009,0.0,0.1448,69.7627,68.0356,0.614,69.2319,-0.1203,0.9185,69.2822,0.2581,74.0549,Stabil,Dusuk
18,Frontend,Mid,4.0,4,2025,8,7,32.7,35.7,0.3071,0.7754,0.8665,0.8306,1.6238,0.6967,0.66,0.4,4.7143,187.5076,0.5296,0.2733,0.4015,4,0.9132,0.0,0.1947,64.2766,67.0182,0.4377,74.7308,0.9783,0.7369,72.7213,0.2567,67.2934,Stabil,Dusuk
18,Frontend,Mid,4.0,5,2025,9,6,21.0,37.6,0.5589,0.7031,0.7,0.6112,1.031,0.5629,0.6857,0.4,4.0,32.1513,0.5597,0.3019,0.507,3,0.8941,0.0,0.2453,55.9428,63.4892,0.3993,72.371,-0.3059,0.7845,63.6493,0.2263,66.3728,Riskli,Dusuk
18,Frontend,Mid,4.0,6,2025,6,5,24.4,44.1,0.6621,0.7316,0.7885,0.7084,1.241,0.6954,0.9,0.8,1.8,202.2018,0.5943,0.281,0.3868,4,1.0926,0.0,0.3551,67.6016,59.4082,0.4999,72.4988,0.7441,0.8545,68.1047,0.2951,69.9369,Stabil,Dusuk
18,Frontend,Mid,4.0,7,2025,8,6,22.0,42.0,0.5528,0.7049,0.7565,0.6497,0.9123,0.8408,0.8,1.0,4.6667,204.4096,0.663,0.3232,0.4767,3,1.0404,0.0,0.2631,76.7775,63.2006,0.5058,73.5541,-0.3402,0.8362,68.916,0.3814,68.5554,Stabil,Orta
18,Frontend,Mid,4.0,8,2025,11,8,41.4,43.6,0.732,0.7173,0.7592,0.6334,1.8054,0.7249,0.6383,0.6,3.75,154.5202,0.6635,0.3592,0.3673,5,1.0269,0.0,0.1936,62.0552,64.1756,0.437,68.724,-0.9886,0.7918,67.636,0.2562,65.8388,Stabil,Dusuk
18,Frontend,Mid,4.0,9,2025,8,6,21.1,37.3,0.5615,0.7386,0.7304,0.641,1.0498,0.7083,0.9167,0.4,7.3333,169.4069,0.5745,0.2718,0.4238,4,0.9843,0.0,0.1842,57.9561,60.5267,0.4902,65.207,-2.6705,0.6538,65.4757,0.4415,55.9069,Stabil,Orta
18,Frontend,Mid,4.0,10,2025,10,7,29.8,37.9,0.7157,0.732,0.6942,0.5591,1.3061,0.7805,0.7436,0.6,4.1429,155.1866,0.5953,0.3513,0.4252,5,0.9389,0.0,0.1813,67.6649,63.7558,0.4374,68.5236,-1.8608,0.7338,66.469,0.34,61.7408,Stabil,Orta
18,Frontend,Mid,4.0,11,2025,11,8,17.5,41.7,0.4181,0.7537,0.7556,0.6166,0.8339,0.7589,0.9412,0.8,2.0,127.0815,0.4686,0.2009,0.436,3,1.031,0.0,0.2214,73.6208,58.437,0.4963,62.8246,-1.4381,0.7909,67.4217,0.3096,63.376,Stabil,Orta
18,Frontend,Mid,4.0,12,2025,3,2,4.3,52.4,0.6446,0.7092,0.7509,0.6674,0.1865,0.7539,0.9,0.8,4.5,259.575,0.4539,0.2269,0.4246,4,1.2416,1.0,0.2139,66.2328,59.9229,0.5801,65.5805,-0.4579,0.6843,62.7492,0.4251,60.5542,Riskli,Orta
18,Frontend,Mid,4.0,13,2025,10,7,23.8,37.9,0.4851,0.7649,0.7268,0.716,1.2691,0.6463,0.9375,0.6,2.1429,231.7184,0.4618,0.2919,0.4563,3,1.0023,1.0,0.2113,66.5004,63.3018,0.4457,75.0764,2.2414,0.663,68.7915,0.2016,64.8285,Stabil,Dusuk
18,Frontend,Mid,4.0,14,2025,5,4,12.1,35.6,0.4135,0.7549,0.7447,0.6432,0.6235,0.7603,0.9048,0.2,4.75,175.367,0.5372,0.2771,0.4496,4,0.9069,1.0,0.1636,49.8221,65.0106,0.5596,67.9363,2.4831,0.8163,64.6158,0.2926,72.6176,Riskli,Dusuk
18,Frontend,Mid,4.0,15,2025,6,5,19.1,31.6,0.5952,0.7066,0.7577,0.71,0.8658,0.7049,0.7368,0.8,2.8,110.2638,0.4568,0.3134,0.4981,4,0.8626,1.0,0.291,64.1332,66.9631,0.5195,75.1406,2.154,0.7596,67.3451,0.2594,70.1386,Stabil,Dusuk
18,Frontend,Mid,4.0,16,2025,9,7,15.5,28.3,0.3971,0.7244,0.7742,0.7289,0.7688,0.8863,0.8108,1.0,4.2857,158.8467,0.5747,0.3289,0.4572,3,0.7578,1.0,0.3023,72.2276,59.3107,0.5817,77.1172,1.3326,0.8586,68.0619,0.2544,71.0145,Stabil,Dusuk
18,Frontend,Mid,4.0,17,2025,7,5,13.1,35.8,0.5765,0.7212,0.7555,0.7151,0.6994,0.6,0.8,1.0,2.4,332.2013,0.5474,0.3599,0.3054,5,0.968,1.0,0.2834,72.8896,58.613,0.5652,75.0335,2.3268,0.6603,64.9282,0.246,63.4312,Riskli,Dusuk
18,Frontend,Mid,4.0,18,2025,9,6,14.6,43.6,0.6031,0.7315,0.7089,0.5545,0.6348,0.6933,0.6667,0.6,3.0,157.4878,0.5214,0.3169,0.4645,3,1.0569,0.0,0.1584,61.1552,61.4744,0.5886,74.8291,-0.3018,0.8445,65.1438,0.2896,68.4726,Stabil,Dusuk
18,Frontend,Mid,4.0,19,2025,9,7,23.9,35.0,0.4337,0.7346,0.7312,0.7292,1.0322,0.7756,0.6538,1.0,4.8571,222.0491,0.4575,0.2459,0.4979,3,0.9262,0.0,0.1311,78.9959,59.1996,0.6052,78.073,0.2663,0.6708,71.7493,0.2568,60.8623,Stabil,Dusuk
18,Frontend,Mid,4.0,20,2025,5,4,10.7,38.2,0.4244,0.7314,0.8065,0.7414,0.5,0.8744,0.9375,1.0,3.75,119.0634,0.5552,0.2633,0.3703,4,0.9696,0.0,0.1835,75.1708,59.4224,0.6011,68.2012,-1.7253,0.7533,69.215,0.2617,61.5293,Stabil,Dusuk
18,Frontend,Mid,4.0,21,2025,3,2,4.8,36.6,0.7479,0.7453,0.7686,0.5505,0.2411,0.7861,0.9,0.8,4.5,235.4603,0.6645,0.3906,0.4882,4,0.8775,0.0,0.1748,70.9969,60.2785,0.4787,67.3182,-3.2405,0.8044,62.741,0.4093,61.7166,Riskli,Orta
18,Frontend,Mid,4.0,22,2025,8,6,21.2,39.3,0.4849,0.7425,0.7848,0.7148,0.8699,0.7202,0.6842,0.4,4.3333,138.0289,0.5237,0.2825,0.4171,4,0.9662,0.0,0.2522,57.3913,59.1026,0.5931,65.7978,-3.7709,0.771,66.8473,0.3668,59.0358,Stabil,Orta
18,Frontend,Mid,4.0,23,2025,8,6,22.4,38.2,0.5242,0.7488,0.7357,0.596,0.9703,0.7447,0.875,1.0,2.3333,91.3243,0.5908,0.2665,0.4054,5,0.9294,0.0,0.1736,78.6843,64.2448,0.6814,64.7782,-1.1789,0.8205,67.9827,0.258,66.8518,Stabil,Dusuk
18,Frontend,Mid,4.0,24,2025,10,8,38.1,41.1,0.5437,0.7133,0.7761,0.6613,1.5301,0.736,0.8462,0.6,4.125,214.8301,0.4939,0.2313,0.3914,4,1.027,0.0,0.278,64.5131,65.044,0.5307,67.9343,0.0829,0.7897,70.1724,0.2318,67.6811,Stabil,Dusuk
18,Frontend,Mid,4.0,25,2025,14,10,33.1,36.3,0.6275,0.7698,0.6915,0.6242,1.4586,0.6716,0.7963,0.6,4.3,256.5568,0.5256,0.3446,0.4052,4,0.893,0.0,0.1991,61.2591,59.423,0.4667,74.8366,3.0272,0.7695,66.752,0.2319,69.6849,Stabil,Dusuk
18,Frontend,Mid,4.0,26,2025,9,8,34.3,33.3,0.5346,0.7588,0.8791,0.8559,1.4562,0.7447,0.7143,0.6,3.75,140.4075,0.5368,0.261,0.475,4,0.8004,0.0,0.291,67.2764,64.9768,0.6062,72.3987,2.9764,0.8063,73.1368,0.24,72.9276,Stabil,Dusuk
18,Frontend,Mid,4.0,27,2025,12,9,38.6,34.1,0.5892,0.7463,0.7246,0.6636,1.5473,0.6701,0.6914,0.2,6.2222,150.5987,0.5256,0.3055,0.3468,6,0.8783,0.0,0.1782,54.8964,59.1396,0.6552,71.281,0.7602,0.8302,67.6495,0.1549,68.7867,Stabil,Dusuk
18,Frontend,Mid,4.0,28,2025,3,2,7.7,30.0,0.6427,0.7129,0.7436,0.6231,0.4231,0.8272,1.0,0.4,4.0,147.879,0.5258,0.3554,0.4128,4,0.7696,0.0,0.2772,62.2428,58.7058,0.5023,71.1283,-1.2242,0.7197,62.7856,0.2799,60.5866,Riskli,Dusuk
18,Frontend,Mid,4.0,29,2025,9,6,23.4,33.4,0.7179,0.7625,0.6754,0.6073,1.2945,0.7302,0.7931,1.0,3.8333,254.2651,0.5531,0.2643,0.4144,6,0.8949,0.0,0.3015,69.892,59.1695,0.5886,63.7536,-2.6088,0.7487,65.8678,0.4061,59.8641,Stabil,Orta
18,Frontend,Mid,4.0,30,2025,10,7,19.1,33.6,0.5164,0.7734,0.6794,0.6054,0.8041,0.5282,0.7105,0.2,3.8571,265.0319,0.5386,0.2636,0.405,3,0.84,0.0,0.2494,50.9663,62.0426,0.4947,71.3606,-0.7136,0.8788,61.52,0.3338,69.5436,Riskli,Orta
18,Frontend,Mid,4.0,31,2025,9,7,24.6,30.7,0.4096,0.7475,0.7369,0.7297,1.2118,0.8046,0.9545,0.8,3.0,179.6051,0.5567,0.2281,0.3706,4,0.7537,0.0,0.1599,72.1589,67.9457,0.4938,72.515,1.1767,0.8085,69.5088,0.204,71.1069,Stabil,Dusuk
18,Frontend,Mid,4.0,32,2025,12,8,21.0,37.2,0.5224,0.7204,0.6908,0.6237,1.0104,0.5143,0.6923,0.2,3.375,252.5377,0.5359,0.3493,0.3802,5,0.9822,0.0,0.3004,49.0801,63.4428,0.6323,70.2674,2.0696,0.8075,63.0086,0.2513,71.1023,Riskli,Dusuk
18,Frontend,Mid,4.0,33,2025,6,4,16.1,45.3,0.5332,0.751,0.7336,0.6188,0.8574,0.6943,0.85,0.4,4.25,78.2379,0.4832,0.3275,0.4098,5,1.1002,0.0,0.1989,57.5785,65.9307,0.5847,70.97,-0.3419,0.6602,65.2385,0.3229,61.4534,Stabil,Orta
18,Frontend,Mid,4.0,34,2025,12,10,26.9,37.6,0.5484,0.7256,0.7941,0.7472,1.0486,0.9629,0.9783,1.0,4.5,146.6271,0.5056,0.2115,0.4432,4,0.9664,0.0,0.2729,77.3837,63.6897,0.3692,71.217,-0.3191,0.7533,72.4059,0.25,65.0087,Stabil,Dusuk
18,Frontend,Mid,4.0,35,2025,8,6,17.1,37.1,0.4393,0.7098,0.7551,0.7302,0.7339,0.6886,0.8333,0.6,4.1667,248.5478,0.5443,0.3066,0.4228,5,0.9162,0.0,0.2821,59.5051,63.6366,0.5135,65.4355,-1.4249,0.7206,64.9552,0.2393,61.7916,Riskli,Dusuk
18,Frontend,Mid,4.0,36,2025,12,9,44.5,39.6,0.6252,0.7539,0.7193,0.5251,1.8406,0.7558,0.8158,0.6,3.4444,133.5394,0.735,0.4055,0.3299,3,1.0053,0.0,0.2846,65.389,63.4065,0.5029,62.8634,-3.0102,0.7351,64.6833,0.3131,59.8995,Riskli,Orta
18,Frontend,Mid,4.0,37,2025,14,10,40.4,27.3,0.6017,0.72,0.7185,0.6367,1.6305,0.6205,0.7333,1.0,2.2,259.6233,0.6391,0.3894,0.374,6,0.7067,0.0,0.3022,73.6191,58.9839,0.6182,71.5349,-0.1618,0.7846,65.162,0.2599,65.2497,Stabil,Dusuk
18,Frontend,Mid,4.0,38,2025,7,5,15.4,38.5,0.5565,0.7256,0.6436,0.5707,0.6517,0.673,0.7222,0.6,5.2,254.8524,0.5089,0.2588,0.3613,5,0.9453,0.0,0.138,60.6375,63.8023,0.531,66.4339,1.1667,0.7158,62.7628,0.3132,65.6752,Riskli,Orta
18,Frontend,Mid,4.0,39,2025,6,5,24.8,40.6,0.5122,0.7201,0.8414,0.8078,1.1605,0.8043,0.8636,0.6,3.8,144.0445,0.5221,0.3754,0.4439,3,1.0208,0.0,0.2105,65.2073,63.4286,0.4523,70.9621,1.9195,0.7968,71.6206,0.2663,70.3847,Stabil,Dusuk
18,Frontend,Mid,4.0,40,2025,10,8,26.6,39.6,0.5969,0.7423,0.8009,0.6349,1.4597,0.849,0.8529,1.0,3.625,173.0515,0.6662,0.3739,0.3695,5,0.9747,0.0,0.2864,69.5153,66.2832,0.4937,74.5187,1.348,0.8015,70.3017,0.2362,70.5606,Stabil,Dusuk
18,Frontend,Mid,4.0,41,2025,9,6,15.9,31.8,0.643,0.7317,0.6798,0.6197,0.8936,0.7376,0.9545,0.2,3.5,158.6337,0.6224,0.2974,0.3419,4,0.7148,0.0,0.2679,55.7071,62.7983,0.4926,72.0825,2.0502,0.72,61.6902,0.2654,66.9449,Riskli,Dusuk
18,Frontend,Mid,4.0,42,2025,11,8,18.5,38.9,0.6732,0.6972,0.7107,0.5242,0.6895,0.7403,0.6667,0.6,5.0,197.2547,0.5809,0.3641,0.3869,5,0.945,0.0,0.2423,67.6521,59.4956,0.5353,71.8399,0.0197,0.7912,63.7395,0.2895,65.9853,Riskli,Dusuk
18,Frontend,Mid,4.0,43,2025,8,6,28.2,34.8,0.7476,0.6968,0.78,0.6859,1.2936,0.9236,0.8788,1.0,4.8333,130.7685,0.6132,0.3036,0.4162,4,0.8601,0.0,0.2804,72.5971,61.5367,0.4905,74.2502,-0.1048,0.7164,70.1357,0.2645,63.0338,Stabil,Dusuk
18,Frontend,Mid,4.0,44,2025,13,8,26.8,37.9,0.6147,0.7472,0.626,0.5319,1.0238,0.7507,0.7879,0.6,3.25,144.3293,0.5821,0.3244,0.334,5,0.9353,0.0,0.1869,63.5435,67.7247,0.5089,65.9787,-1.5901,0.7659,63.6005,0.2083,64.7962,Riskli,Dusuk
18,Frontend,Mid,4.0,45,2025,6,5,15.3,32.9,0.4781,0.7016,0.8495,0.7636,0.7337,0.6993,0.875,1.0,2.8,39.7872,0.5341,0.2894,0.4687,3,0.8317,0.0,0.1553,72.6357,57.4226,0.5304,75.3032,0.2119,0.7265,68.9988,0.2704,62.7495,Stabil,Dusuk
18,Frontend,Mid,4.0,46,2025,4,3,8.2,41.9,0.7436,0.7583,0.7595,0.6472,0.4362,0.793,0.8333,0.4,5.0,128.4637,0.6303,0.3584,0.3653,4,1.0277,0.0,0.2338,63.5635,61.5145,0.4843,64.9512,-1.8573,0.7677,63.724,0.2558,62.597,Riskli,Dusuk
18,Frontend,Mid,4.0,47,2025,10,8,31.2,38.6,0.4832,0.7443,0.8108,0.758,1.4765,0.8796,0.9189,0.8,4.25,160.8929,0.4936,0.3434,0.3552,4,0.9337,0.0,0.1928,68.9199,60.3778,0.4747,63.0976,-1.8995,0.8165,71.6264,0.244,64.387,Stabil,Dusuk
18,Frontend,Mid,4.0,48,2025,7,6,19.8,44.3,0.5715,0.7299,0.8532,0.7687,0.819,0.672,0.8824,0.6,2.5,211.3729,0.5139,0.3114,0.3375,6,1.0886,0.0,0.2884,60.4369,67.1409,0.509,69.6631,-1.8774,0.8453,67.7989,0.2602,67.7487,Stabil,Dusuk
18,Frontend,Mid,4.0,49,2025,8,6,16.1,43.7,0.7211,0.7366,0.759,0.6659,0.7227,0.6032,0.6364,0.4,2.3333,137.8461,0.641,0.4116,0.4876,3,1.1273,0.0,0.1357,59.2326,67.4821,0.5244,62.3991,-0.1091,0.7134,63.0965,0.3393,64.6755,Riskli,Orta
18,Frontend,Mid,4.0,50,2025,6,5,11.3,39.9,0.4164,0.7568,0.8472,0.6988,0.5031,0.5529,0.6667,0.6,3.2,29.7024,0.5937,0.3861,0.5114,4,0.9809,0.0,0.2797,62.25,64.823,0.4245,72.5953,2.1229,0.7279,64.8431,0.2211,68.0191,Riskli,Dusuk
18,Frontend,Mid,4.0,51,2025,6,4,14.7,28.2,0.7834,0.7275,0.6879,0.5893,0.6877,0.6034,0.8333,0.4,2.5,219.9562,0.6722,0.371,0.3873,5,0.7799,0.0,0.2263,62.5351,66.6671,0.4101,59.0942,-2.151,0.7483,58.9896,0.3675,62.8147,Riskli,Orta
18,Frontend,Mid,4.0,52,2025,4,3,14.5,38.0,0.5343,0.7011,0.7155,0.5961,0.5282,0.6156,1.0,0.6,2.0,265.8198,0.5082,0.3025,0.3266,4,0.9495,0.0,0.3009,60.7194,63.9521,0.5236,56.8785,-3.0063,0.7025,60.6266,0.3518,58.5993,Riskli,Orta
20,DevOps,Senior,5.9,1,2025,9,7,20.4,34.6,0.4158,0.697,0.8143,0.752,0.9851,0.8467,0.8409,0.6,5.2857,147.4786,0.39897,0.2166,0.6048900000000001,5,0.8914,0.0,0.3182,67.8268,70.165,0.9185,71.1935,0.0,0.8457,76.957125,0.2834,71.6072,Stabil,Dusuk
20,DevOps,Senior,5.9,2,2025,5,4,8.0,40.1,0.3385,0.6881,0.893,0.8816,0.4941,0.8847,0.9444,0.8,4.25,163.7838,0.37224,0.2134,0.6322800000000001,3,0.9968,0.0,0.2592,66.1939,64.1643,0.9087,78.7305,7.537,0.9533,80.05158,0.2135,86.4221,Yuksek,Dusuk
20,DevOps,Senior,5.9,3,2025,8,7,33.5,37.8,0.4163,0.7295,0.8221,0.7839,1.359,0.8543,0.9048,0.6,5.4286,141.7923,0.48474,0.1775,0.53427,4,0.9193,0.0,0.3651,61.2477,72.5131,0.6809,74.2389,1.5227,0.8821,77.329875,0.2466,76.3295,Stabil,Dusuk
20,DevOps,Senior,5.9,4,2025,9,7,34.8,42.4,0.5342,0.6762,0.7803,0.6551,1.2403,0.6997,0.9,0.2,6.4286,124.5972,0.5895,0.3493,0.50809,3,1.0303,0.0,0.2654,52.3853,68.031,0.8652,73.7316,0.3123,0.7644,71.695995,0.2734,67.7946,Stabil,Dusuk
20,DevOps,Senior,5.9,5,2025,5,4,10.3,38.4,0.3269,0.6755,0.8733,0.7984,0.4836,0.6812,0.7273,0.4,4.0,190.0032,0.45954,0.2453,0.39501,5,0.9246,0.0,0.3937,64.3348,70.7863,0.9171,72.3808,-1.9556,0.9357,73.14111,0.1638,72.7888,Stabil,Dusuk
20,DevOps,Senior,5.9,6,2025,3,3,11.1,42.8,0.5915,0.6951,0.8557,0.7376,0.508,0.6433,0.9,0.6,3.0,256.2463,0.4509,0.3634,0.50446,5,0.9714,0.0,0.2738,68.4495,65.3262,0.95,67.3978,-2.1874,0.8033,72.04617,0.3868,64.8273,Stabil,Orta
20,DevOps,Senior,5.9,7,2025,14,11,44.1,39.1,0.3136,0.6743,0.8094,0.7276,2.0393,0.7461,0.6264,1.0,5.1818,235.5507,0.34947,0.2286,0.6260100000000001,3,0.9266,0.0,0.3007,73.8775,65.2686,0.822,67.6865,-2.3118,0.9212,78.347745,0.3068,69.9204,Stabil,Orta
20,DevOps,Senior,5.9,8,2025,9,7,35.1,39.8,0.5237,0.6943,0.7405,0.5628,1.3552,0.6494,0.7073,0.4,4.1429,86.0239,0.51813,0.2517,0.43923,4,0.998,0.0,0.3664,59.5674,65.3146,0.8307,58.0123,-4.2817,0.9052,69.53436,0.4249,66.1385,Stabil,Orta
20,DevOps,Senior,5.9,9,2025,7,6,27.5,29.7,0.5177,0.6865,0.8287,0.6422,1.2987,0.6953,0.6486,0.4,4.0,158.7953,0.44451,0.3103,0.5783800000000001,3,0.8742,0.0,0.2789,64.352,63.6625,0.8024,62.3599,-2.4788,0.9404,73.03800000000001,0.3727,70.0429,Stabil,Orta
20,DevOps,Senior,5.9,10,2025,6,5,13.1,33.3,0.3331,0.7536,0.7981,0.7727,0.5456,0.6984,0.8125,0.6,2.6,123.0251,0.41778,0.1872,0.6078600000000001,2,0.843,0.0,0.2449,61.3265,64.4662,0.8225,67.7477,0.4531,0.7708,71.64591,0.2483,67.2329,Stabil,Dusuk
20,DevOps,Senior,5.9,11,2025,8,6,14.7,38.8,0.5002,0.6641,0.7907,0.6583,0.6821,0.6348,0.9091,0.6,1.6667,84.9947,0.39429,0.2639,0.44572,5,0.9761,0.0,0.1899,68.6959,64.8388,0.8571,73.3473,5.1393,0.8266,72.471525,0.243,77.1782,Stabil,Dusuk
20,DevOps,Senior,5.9,12,2025,8,6,23.1,54.3,0.6532,0.7638,0.7328,0.6658,1.0991,0.6175,0.7742,0.4,4.0,49.8874,0.50814,0.3052,0.50666,3,1.3919,1.0,0.3342,62.4115,73.0743,0.9007,61.2485,0.2265,0.8047,66.823785,0.4894,70.9874,Stabil,Orta
20,DevOps,Senior,5.9,13,2025,7,6,16.4,36.1,0.4896,0.6743,0.9285,0.8096,0.7721,0.5116,0.8125,0.2,2.1667,240.8317,0.46395,0.3061,0.71225,4,0.8986,1.0,0.209,54.8012,65.0201,0.9011,73.3834,0.4808,0.9091,73.883355,0.2687,73.6667,Stabil,Dusuk
20,DevOps,Senior,5.9,14,2025,8,6,25.8,37.1,0.3759,0.7026,0.7826,0.684,1.3627,0.7872,0.8298,1.0,6.5,91.3195,0.34317,0.1545,0.50303,4,0.8776,1.0,0.2587,78.8932,66.4005,0.8744,69.7179,0.1247,0.8621,77.30268000000001,0.3181,71.4106,Stabil,Orta
20,DevOps,Senior,5.9,15,2025,4,3,12.9,38.4,0.5346,0.6839,0.7975,0.6626,0.5042,0.8294,0.6957,0.8,5.3333,155.5709,0.43281,0.32,0.5238200000000001,4,0.8749,1.0,0.4146,66.7109,69.4349,0.9106,76.8493,4.3137,0.7343,71.28345,0.2198,73.1123,Stabil,Dusuk
20,DevOps,Senior,5.9,16,2025,6,4,11.4,32.6,0.4512,0.6988,0.7272,0.5275,0.5485,0.9526,0.9091,1.0,5.0,138.2798,0.37926,0.2711,0.55539,3,0.8199,1.0,0.3154,77.7704,67.9706,0.8885,63.7101,-2.1888,0.909,70.98934500000001,0.3956,70.3751,Stabil,Orta
20,DevOps,Senior,5.9,17,2025,4,3,8.0,31.1,0.5125,0.6844,0.7666,0.7453,0.3214,0.7758,0.9167,0.6,3.6667,113.7507,0.41112,0.2167,0.6623100000000001,3,0.7625,1.0,0.3143,66.414,66.2782,0.8267,71.9586,-0.6417,0.7457,70.323015,0.3629,64.9379,Stabil,Orta
20,DevOps,Senior,5.9,18,2025,9,7,31.8,40.9,0.4346,0.7307,0.7572,0.5821,1.2927,0.6485,0.8148,0.2,3.1429,124.6639,0.5015700000000001,0.2817,0.62953,2,0.9902,0.0,0.3022,60.0254,64.9913,0.7687,73.8969,-0.0609,0.7197,71.79102,0.224,64.2872,Stabil,Dusuk
20,DevOps,Senior,5.9,19,2025,8,6,30.4,36.6,0.5523,0.7243,0.767,0.6333,1.3432,0.5795,0.85,0.2,2.8333,224.7304,0.39717,0.1948,0.56969,4,0.8884,0.0,0.3398,59.8778,62.8941,0.95,73.225,3.0483,0.7111,72.39487500000001,0.255,68.1306,Stabil,Dusuk
20,DevOps,Senior,5.9,20,2025,11,9,18.4,39.2,0.5338,0.729,0.8356,0.7002,0.9071,0.8446,0.9487,1.0,4.1111,80.2391,0.48861,0.3365,0.55044,5,0.9495,0.0,0.2983,76.1807,67.3801,0.8417,65.89320000000001,-1.8868,0.7934,74.841585,0.3024,65.4706,Stabil,Orta
20,DevOps,Senior,5.9,21,2025,8,6,16.7,38.6,0.5702,0.6631,0.7614,0.5987,0.614,0.8464,0.8182,1.0,6.0,180.0057,0.44442,0.2365,0.57596,4,0.9626,0.0,0.2624,70.5097,70.7635,0.8629,66.8836,-2.8372,0.6959,72.27853499999999,0.4608,60.6126,Stabil,Orta
20,DevOps,Senior,5.9,22,2025,4,4,15.0,38.7,0.4012,0.6826,0.8888,0.7726,0.7243,0.7542,0.8,1.0,2.0,130.686,0.39807,0.2101,0.5346000000000001,4,1.0426,0.0,0.3158,72.4347,63.7031,0.7961,74.8264,0.5795,0.6935,75.85819500000001,0.3444,63.724,Stabil,Orta
20,DevOps,Senior,5.9,23,2025,7,6,25.6,29.0,0.3471,0.7233,0.8099,0.8031,1.3819,0.6534,0.7805,0.2,5.3333,219.8267,0.47934,0.2305,0.6054400000000001,3,0.7955,0.0,0.3089,51.2518,68.1406,0.779,72.7954,2.8649,0.734,73.37148,0.246,70.4494,Stabil,Dusuk
20,DevOps,Senior,5.9,24,2025,8,7,33.7,45.6,0.5424,0.7239,0.8201,0.7582,1.2634,0.713,0.7241,0.6,3.0,157.87,0.45891,0.289,0.46651,5,1.1206,0.0,0.4263,66.0939,69.1767,0.7903,71.0432,1.0448,0.7577,73.709265,0.3407,68.9824,Stabil,Orta
20,DevOps,Senior,5.9,25,2025,7,6,27.3,37.9,0.6749,0.7007,0.8433,0.7808,1.047,0.6374,0.84,0.4,3.5,233.7107,0.51723,0.25,0.4587,4,0.9507,0.0,0.2741,55.1609,64.7657,0.8044,63.7047,-3.5117,0.8654,72.16912500000001,0.373,65.3858,Stabil,Orta
20,DevOps,Senior,5.9,26,2025,6,5,18.7,36.0,0.4156,0.7289,0.8836,0.7842,0.7667,0.7779,0.7931,0.8,4.6,82.7593,0.46809,0.3114,0.5438400000000001,4,0.8974,0.0,0.4403,74.0647,69.2625,0.95,77.015,0.532,0.7484,75.76474499999999,0.2828,67.789,Stabil,Dusuk
20,DevOps,Senior,5.9,27,2025,12,9,18.8,32.9,0.4962,0.7253,0.7827,0.7282,0.9057,0.8345,0.7778,1.0,3.8889,174.1352,0.44406,0.2649,0.5875100000000001,4,0.8461,0.0,0.2323,80.0564,69.479,0.95,71.7019,1.5287,0.754,76.17508500000001,0.2479,69.6601,Stabil,Dusuk
20,DevOps,Senior,5.9,28,2025,12,8,30.3,42.1,0.4898,0.6966,0.6445,0.6173,1.3654,0.6996,0.963,0.6,3.25,239.976,0.4104,0.298,0.53845,4,0.9811,0.0,0.3591,64.0473,64.9112,0.8893,61.931,-1.0634,0.72,70.564305,0.3544,62.7138,Stabil,Orta
20,DevOps,Senior,5.9,29,2025,6,4,11.2,37.9,0.5819,0.7103,0.6339,0.5076,0.5277,0.649,0.65,0.6,3.25,195.7329,0.36351,0.2952,0.6106100000000001,2,0.9248,0.0,0.3436,64.8012,62.7213,0.7965,65.3392,-4.4798,0.8745,66.05854500000001,0.3006,63.6694,Stabil,Orta
20,DevOps,Senior,5.9,30,2025,10,7,33.3,35.8,0.5451,0.6849,0.678,0.5575,1.1798,0.6146,0.8462,0.2,3.1429,209.0294,0.37215,0.2839,0.49995,4,0.9207,0.0,0.3224,58.763,63.5636,0.8583,68.0671,-0.7496,0.7029,68.60826,0.2987,62.0264,Stabil,Dusuk
20,DevOps,Senior,5.9,31,2025,9,6,18.9,37.8,0.9417,0.7328,0.6538,0.4864,0.9208,0.8918,0.9259,1.0,4.1667,180.4474,0.5757300000000001,0.3641,0.38742,6,0.9673,0.0,0.3145,75.3912,68.2092,0.8372,58.3967,-0.7875,0.9004,68.40267,0.316,72.2496,Stabil,Orta
20,DevOps,Senior,5.9,32,2025,10,8,31.5,32.7,0.547,0.7177,0.7574,0.6344,1.6357,0.6506,0.7778,0.6,1.75,171.8659,0.4761,0.3785,0.5772800000000001,3,0.8484,0.0,0.4082,67.9532,67.6389,0.8516,65.2488,-0.9942,0.7004,71.056335,0.1712,62.7574,Stabil,Dusuk
20,DevOps,Senior,5.9,33,2025,9,7,33.9,34.3,0.6403,0.7043,0.7945,0.6855,1.6645,0.6591,0.9333,0.2,2.0,155.6597,0.51705,0.3773,0.49093,3,0.8691,0.0,0.3736,51.6425,67.7393,0.937,68.7727,0.8969,0.895,71.903265,0.1998,74.4982,Stabil,Dusuk
20,DevOps,Senior,5.9,34,2025,6,5,16.4,34.7,0.591,0.7551,0.8444,0.8268,0.75,0.6852,0.8889,0.6,3.2,229.4641,0.38106,0.262,0.48499,5,0.922,0.0,0.3765,69.7634,67.108,0.9081,71.7222,4.3501,0.8947,75.15711,0.3029,79.6911,Stabil,Orta
20,DevOps,Senior,5.9,35,2025,5,4,16.6,42.3,0.5186,0.7166,0.8911,0.9029,1.038,0.7521,1.0,0.2,5.5,102.8022,0.39861,0.216,0.5321800000000001,3,1.0719,0.0,0.307,55.5131,66.3116,0.7594,70.1557,1.767,0.8366,76.82671500000001,0.3238,72.7999,Stabil,Orta
20,DevOps,Senior,5.9,36,2025,9,6,23.3,44.0,0.9193,0.7122,0.7055,0.5757,0.9084,0.7013,0.8333,1.0,4.1667,299.0028,0.46836,0.2865,0.58784,3,1.1048,0.0,0.278,78.5665,66.0382,0.8278,63.0022,-1.8878,0.9944,71.071665,0.3726,74.1114,Stabil,Orta
20,DevOps,Senior,5.9,37,2025,10,7,21.7,31.7,0.7556,0.7035,0.7416,0.6148,1.1171,0.7001,0.7179,0.6,4.0,203.3569,0.5211899999999999,0.2991,0.64856,4,0.8341,0.0,0.3513,69.5152,63.8989,0.7914,60.2836,-4.147,0.7079,69.15783,0.4575,57.0445,Stabil,Orta
20,DevOps,Senior,5.9,38,2025,4,3,13.4,37.7,0.5567,0.6655,0.7021,0.6385,0.6373,0.6127,1.0,0.2,1.6667,195.4683,0.52524,0.3415,0.48026,4,0.9172,0.0,0.2797,52.6857,71.2418,0.8098,60.1812,-3.2642,0.8065,65.511705,0.3755,65.0652,Stabil,Orta
20,DevOps,Senior,5.9,39,2025,8,6,29.0,37.5,0.5175,0.6609,0.7537,0.75,1.1258,0.7535,0.7895,0.8,2.5,144.165,0.4530599999999999,0.2402,0.43824,4,0.9321,0.0,0.3087,68.9847,67.8121,0.8673,65.3647,0.6985,0.7988,73.74969,0.3474,69.8789,Stabil,Orta
20,DevOps,Senior,5.9,40,2025,8,5,23.2,38.3,0.5357,0.7247,0.6362,0.5837,0.9016,0.7263,0.8485,0.4,5.6,96.9764,0.45441,0.2999,0.6391,3,0.9753,0.0,0.3652,63.15,68.3346,0.9135,72.8265,4.2812,0.7904,70.270725,0.3682,75.2573,Stabil,Orta
20,DevOps,Senior,5.9,41,2025,11,9,42.0,39.3,0.6375,0.7204,0.7921,0.6996,1.6454,0.7318,0.7302,0.4,5.1111,186.1697,0.4626,0.3229,0.64614,3,1.0319,0.0,0.3341,56.2697,65.3233,0.7335,71.5934,4.1698,0.9075,74.97966,0.3271,79.4517,Stabil,Orta
20,DevOps,Senior,5.9,42,2025,14,13,29.2,37.8,0.5223,0.6855,0.9503,0.8537,1.6336,0.8408,0.7887,0.8,4.3077,157.9676,0.33939,0.2155,0.51678,4,0.945,0.0,0.2627,67.4696,69.1675,0.7876,72.7924,2.105,0.8774,82.57095,0.274,76.0232,Yuksek,Dusuk
20,DevOps,Senior,5.9,43,2025,6,5,21.1,35.7,0.5048,0.6918,0.823,0.7217,0.9141,0.7913,0.8182,1.0,5.4,243.8114,0.49905,0.2529,0.5742,4,0.8784,0.0,0.2603,78.6466,69.5376,0.8304,75.1554,0.8186,0.7579,75.821445,0.2472,68.7452,Stabil,Dusuk
20,DevOps,Senior,5.9,44,2025,7,6,25.8,38.7,0.6064,0.6754,0.8279,0.754,1.0238,0.7246,0.9412,0.6,2.6667,193.5899,0.4788,0.2987,0.46893,4,0.9352,0.0,0.2754,66.5531,68.3599,0.8899,73.9952,0.9569,0.7928,74.92222500000001,0.2645,70.1812,Stabil,Dusuk
20,DevOps,Senior,5.9,45,2025,7,6,22.3,41.1,0.5571,0.7392,0.7883,0.7138,0.9554,0.5705,0.7778,0.6,2.3333,46.2326,0.51822,0.305,0.5995000000000001,3,1.0558,0.0,0.4296,62.9346,66.8742,0.8177,66.43379999999999,-2.0236,0.8868,70.433055,0.4057,69.3055,Stabil,Orta
20,DevOps,Senior,5.9,46,2025,9,7,25.8,34.8,0.6744,0.704,0.825,0.7353,0.9825,0.7589,0.7069,0.8,5.8571,191.7777,0.45792,0.3115,0.43538,5,0.8449,0.0,0.3282,72.0511,62.7464,0.8901,67.0601,-3.1847,0.7255,72.687615,0.3756,58.9972,Stabil,Orta
20,DevOps,Senior,5.9,47,2025,17,14,35.6,39.7,0.6474,0.6852,0.8466,0.7434,1.2737,0.7714,0.7065,0.6,4.6429,128.9515,0.51336,0.2953,0.53064,4,0.9815,0.0,0.2984,60.6886,62.1993,0.95,66.5353,-2.1753,0.9069,75.68862,0.3352,68.5704,Stabil,Orta
20,DevOps,Senior,5.9,48,2025,10,8,35.4,47.4,0.5865,0.6684,0.7729,0.642,1.4578,0.8508,0.9565,1.0,2.75,166.0912,0.43326,0.3421,0.6818900000000001,2,1.1982,0.0,0.3108,77.1115,66.206,0.792,58.1791,-2.5289,0.769,74.12779499999999,0.5313,63.0159,Stabil,Orta
20,DevOps,Senior,5.9,49,2025,4,3,7.5,32.7,0.534,0.6616,0.7334,0.6739,0.429,0.6786,0.92,0.6,7.6667,89.9762,0.42723,0.2665,0.5905900000000001,3,0.78,0.0,0.3406,66.1931,64.7166,0.7107,67.7062,-0.6418,0.6545,66.85518,0.287,60.3638,Stabil,Dusuk
20,DevOps,Senior,5.9,50,2025,8,6,21.7,38.2,0.624,0.6907,0.79,0.6901,0.9549,0.8703,0.875,1.0,3.5,158.1945,0.4820399999999999,0.3469,0.44198,4,0.9602,0.0,0.4035,75.7174,63.7109,0.9082,67.7365,1.3131,0.9045,74.108265,0.3286,74.3672,Stabil,Orta
20,DevOps,Senior,5.9,51,2025,11,9,43.4,46.1,0.6302,0.7242,0.797,0.7136,1.7036,0.7864,0.8478,0.4,4.3333,155.2399,0.50904,0.3471,0.59136,4,1.1184,0.0,0.3814,61.1522,70.6487,0.8601,58.1602,-0.0026,0.9228,73.822455,0.3773,75.2147,Stabil,Orta
20,DevOps,Senior,5.9,52,2025,11,8,34.5,42.7,0.7548,0.723,0.7684,0.6413,1.3897,0.5698,0.6842,0.4,4.875,295.0329,0.41589,0.375,0.67661,4,1.0273,0.0,0.4481,58.7633,63.9323,0.7671,60.0829,-3.2446,0.7547,69.963075,0.3743,60.5693,Stabil,Orta
25,Backend,Lead,9.8,1,2025,12,10,21.7,43.0,0.6608,0.8556,0.8002,0.6919,0.9572,0.7774,0.9483,0.6,5.5,224.5853,0.6156,0.2499,0.4868,5,1.20813,0.0,0.3223,69.6971,69.2438,0.7881,68.7364,0.0,0.7627,73.06866000000001,0.2982,67.5937,Stabil,Dusuk
25,Backend,Lead,9.8,2,2025,7,5,23.1,41.8,0.6477,0.8203,0.7454,0.6787,1.168,0.6147,0.9167,0.2,2.2,192.0867,0.4706,0.2544,0.3987,5,1.14356,0.0,0.2703,51.9868,62.5102,0.807,81.9884,13.252,0.7361,72.17469,0.2198,76.8797,Stabil,Dusuk
25,Backend,Lead,9.8,3,2025,12,9,30.8,44.7,0.5263,0.8544,0.7762,0.6968,1.3605,0.865,0.8333,0.8,5.0,177.4865,0.505,0.2763,0.4925,3,1.1506,0.0,0.41,77.0976,67.5267,0.8456,82.4275,6.8456,0.9026,78.828225,0.2365,84.0729,Stabil,Dusuk
25,Backend,Lead,9.8,4,2025,7,5,12.4,45.1,0.4803,0.8276,0.7763,0.7443,0.5733,0.7956,1.0,0.6,2.6,153.2824,0.4225,0.3289,0.3938,5,1.23343,0.0,0.254,71.506,71.0202,0.794,82.4334,4.153,0.6933,74.08989000000001,0.2291,71.4952,Stabil,Dusuk
25,Backend,Lead,9.8,5,2025,10,8,34.1,47.8,0.4562,0.7416,0.7656,0.6585,1.3519,0.7284,0.8947,0.8,6.375,55.4789,0.517,0.3139,0.4007,7,1.2832600000000003,0.0,0.3433,68.4577,66.4551,0.7783,75.3644,-1.9866,0.6623,72.592695,0.3746,59.1346,Stabil,Orta
25,Backend,Lead,9.8,6,2025,9,6,29.9,42.7,0.6281,0.824,0.718,0.6112,1.2227,0.5981,0.6491,0.2,6.1667,104.441,0.4698,0.3248,0.557,3,1.17557,0.0,0.312,52.3096,69.4972,0.8079,72.3374,-3.7339,0.5997,69.967905,0.3024,54.4995,Stabil,Orta
25,Backend,Lead,9.8,7,2025,8,6,16.7,46.5,0.6384,0.8449,0.7887,0.7047,0.8643,0.7278,0.7895,0.6,5.0,238.881,0.5076,0.3151,0.4328,5,1.27248,0.0,0.2639,71.3304,67.5447,0.7258,71.1215,-3.6963,0.7631,72.16587,0.3833,61.3294,Stabil,Orta
25,Backend,Lead,9.8,8,2025,7,5,20.1,44.3,0.5496,0.8489,0.7145,0.5279,0.902,0.605,0.6552,0.2,3.8,109.2789,0.5182,0.2312,0.3651,4,1.19108,0.0,0.2378,57.051,65.1167,0.8646,72.4889,-0.9842,0.7456,68.14405500000001,0.3279,64.0502,Stabil,Orta
25,Backend,Lead,9.8,9,2025,7,6,17.2,41.0,0.5857,0.8032,0.8183,0.7446,0.8603,0.7199,1.0,0.4,2.5,176.3099,0.6653,0.4121,0.4206,5,1.07668,0.0,0.3629,63.5216,68.2649,0.903,72.3473,0.1397,0.8636,72.52465500000001,0.3229,72.0602,Stabil,Orta
25,Backend,Lead,9.8,10,2025,5,4,19.8,41.0,0.6424,0.8356,0.7843,0.6785,0.9739,0.7132,0.8,0.6,7.0,122.3652,0.5272,0.2437,0.4877,4,1.12519,0.0,0.4316,69.1288,63.247,0.7763,63.0896,-2.4237,0.8218,71.834175,0.3475,64.6687,Stabil,Orta
25,Backend,Lead,9.8,11,2025,8,6,22.8,39.6,0.5376,0.84,0.7751,0.6559,0.8105,0.7027,0.8571,0.6,3.0,200.4423,0.4467,0.2617,0.3605,5,1.1080300000000003,0.0,0.428,65.4829,64.8455,0.7277,65.9983,-2.873,0.8365,70.564305,0.4114,65.108,Stabil,Orta
25,Backend,Lead,9.8,12,2025,13,8,18.6,50.4,0.8186,0.8264,0.6348,0.4515,1.0246,0.7626,0.8378,0.6,3.875,183.3321,0.584,0.3242,0.387,4,1.4144900000000002,1.0,0.3803,71.5324,68.806,0.6417,64.6294,-2.0245,0.741,64.0878,0.5821,63.3221,Riskli,Orta
25,Backend,Lead,9.8,13,2025,7,6,16.9,42.5,0.5744,0.8309,0.799,0.779,0.6915,0.7668,0.9062,0.2,4.8333,174.0421,0.5402,0.329,0.483,4,1.15379,1.0,0.3311,54.8373,66.778,0.8037,72.7172,2.7514,0.6789,71.41512,0.2899,67.3845,Stabil,Dusuk
25,Backend,Lead,9.8,14,2025,8,7,31.4,45.6,0.7381,0.7777,0.8243,0.713,1.5203,0.7649,1.0,0.6,2.4286,169.8962,0.6011,0.3873,0.3373,4,1.28711,1.0,0.2063,63.6173,67.8409,0.7105,68.6234,1.5963,0.7537,72.95442000000001,0.3426,69.262,Stabil,Orta
25,Backend,Lead,9.8,15,2025,8,7,22.3,38.8,0.5399,0.8418,0.8352,0.7617,1.1333,0.7056,0.75,0.6,3.0,170.1443,0.5053,0.3417,0.505,3,1.07877,1.0,0.252,66.0455,67.8233,0.6906,79.2112,3.9652,0.8218,76.00603500000001,0.2823,76.0255,Stabil,Dusuk
25,Backend,Lead,9.8,16,2025,15,11,41.5,42.6,0.6415,0.7969,0.733,0.5809,1.6153,0.8121,0.8361,1.0,4.6364,234.2431,0.4708,0.3061,0.5328,3,1.15478,1.0,0.2559,78.8402,63.5468,0.8265,78.4503,2.7787,0.7805,76.57083,0.2609,71.0296,Stabil,Dusuk
25,Backend,Lead,9.8,17,2025,13,11,52.9,38.9,0.6026,0.8388,0.8388,0.7252,2.4275,0.7305,0.7,0.4,5.7273,156.1372,0.438,0.3332,0.4468,5,1.0719500000000002,1.0,0.3295,63.7938,70.5222,0.8823,79.8086,3.2795,0.7556,77.70735,0.241,72.7813,Stabil,Dusuk
25,Backend,Lead,9.8,18,2025,7,5,16.5,46.9,0.5545,0.783,0.7778,0.7235,0.7786,0.8535,0.88,0.8,4.4,124.1005,0.5579,0.2367,0.4599,5,1.24685,0.0,0.2982,68.6502,61.7128,0.8133,75.9781,-0.8341,0.7719,73.534545,0.2242,64.4455,Stabil,Dusuk
25,Backend,Lead,9.8,19,2025,3,2,6.1,41.0,0.6107,0.8507,0.7843,0.719,0.2961,0.7584,0.7,1.0,3.5,196.2296,0.5602,0.3815,0.4603,5,1.14026,0.0,0.3326,72.8795,65.5594,0.8135,72.4657,-2.1784,0.8187,70.991865,0.3324,65.6051,Stabil,Orta
25,Backend,Lead,9.8,20,2025,7,6,29.7,47.5,0.4984,0.8362,0.7886,0.6574,1.489,0.8463,0.8718,1.0,5.6667,206.608,0.4811,0.2744,0.5981,2,1.2507,0.0,0.2974,72.8447,71.2897,0.7599,68.4757,-3.7511,0.7453,76.76833500000001,0.389,61.5648,Stabil,Orta
25,Backend,Lead,9.8,21,2025,5,4,8.7,41.3,0.45,0.8131,0.7119,0.6494,0.4122,0.6336,0.8,0.4,7.0,92.67,0.586,0.2562,0.4251,4,1.1434500000000003,0.0,0.2732,57.4308,64.8053,0.7164,75.623,-0.5055,0.8378,67.68426000000001,0.2541,68.8518,Stabil,Dusuk
25,Backend,Lead,9.8,22,2025,9,7,18.9,42.3,0.7094,0.8307,0.7861,0.7512,0.8832,0.7963,0.8148,0.8,3.1429,145.461,0.6319,0.3563,0.4148,5,1.1308,0.0,0.3255,69.3467,72.06,0.7598,70.9222,0.2517,0.7438,73.16505,0.2315,67.9836,Stabil,Dusuk
25,Backend,Lead,9.8,23,2025,8,6,14.5,43.7,0.4302,0.8197,0.7953,0.7211,0.6464,0.8652,0.8621,1.0,4.1667,183.6644,0.357,0.1966,0.6078,3,1.1942700000000002,0.0,0.3277,72.0301,66.062,0.7451,71.1755,0.3399,0.6322,75.09053999999999,0.2644,61.2978,Stabil,Dusuk
25,Backend,Lead,9.8,24,2025,3,2,6.9,48.2,0.6844,0.8219,0.6956,0.6006,0.2721,0.8076,0.8571,0.8,3.0,151.7972,0.6406,0.3348,0.4541,5,1.26962,0.0,0.4328,70.6417,69.9143,0.7737,60.6576,-4.4643,0.7444,65.136645,0.4465,59.9965,Stabil,Orta
25,Backend,Lead,9.8,25,2025,5,4,13.2,46.8,0.7082,0.8098,0.7149,0.6149,0.7821,0.7261,0.8571,1.0,1.5,186.7084,0.4899,0.3294,0.4456,3,1.24729,0.0,0.3264,72.3245,63.3443,0.7717,70.328,-1.2301,0.7106,69.39345,0.2882,61.5575,Stabil,Dusuk
25,Backend,Lead,9.8,26,2025,9,8,25.3,39.0,0.4542,0.8103,0.838,0.7549,1.1597,0.8785,0.8409,0.8,4.625,144.6696,0.5101,0.3249,0.451,4,1.05908,0.0,0.4028,76.0157,65.8898,0.7867,72.0635,1.2334,0.5917,76.316835,0.1681,60.8211,Stabil,Dusuk
25,Backend,Lead,9.8,27,2025,6,5,13.9,41.8,0.6559,0.8346,0.7851,0.6467,0.6585,0.6984,0.6429,0.6,3.6,169.9189,0.6522,0.4231,0.4417,3,1.1817300000000002,0.0,0.3946,65.2768,72.1342,0.7813,68.2402,2.4483,0.5311,67.576635,0.2591,61.8641,Stabil,Dusuk
25,Backend,Lead,9.8,28,2025,11,8,25.0,35.3,0.4797,0.8256,0.7018,0.5968,1.276,0.6565,0.9545,0.6,2.625,246.6355,0.5024,0.334,0.449,4,1.04522,0.0,0.196,66.5759,68.2579,0.7522,65.0608,-1.9625,0.8139,71.34393,0.2379,66.5347,Stabil,Dusuk
25,Backend,Lead,9.8,29,2025,10,7,24.8,38.5,0.4518,0.8391,0.6691,0.5787,1.2963,0.764,0.881,1.0,5.2857,15.0,0.4677,0.3482,0.4077,4,1.01805,0.0,0.3702,76.1878,62.5056,0.7231,71.3266,-0.539,0.7162,71.200185,0.2649,62.6375,Stabil,Dusuk
25,Backend,Lead,9.8,30,2025,5,3,8.9,46.7,0.6855,0.7823,0.6186,0.5097,0.4998,0.8281,0.9167,0.8,3.6667,122.9282,0.6238,0.3724,0.4444,4,1.1907500000000002,0.0,0.3574,75.4998,64.5054,0.7177,71.1335,1.4946,0.738,66.134775,0.2823,67.398,Stabil,Dusuk
25,Backend,Lead,9.8,31,2025,3,2,5.6,38.0,0.5682,0.8306,0.6958,0.597,0.2585,0.7101,0.8571,0.2,6.0,172.4019,0.5802,0.3535,0.4066,4,1.0974700000000002,0.0,0.2117,61.4313,70.808,0.8666,71.9339,2.0426,0.7533,67.718805,0.2421,70.8313,Stabil,Dusuk
25,Backend,Lead,9.8,32,2025,7,5,21.9,41.0,0.6214,0.7929,0.7758,0.7163,1.2125,0.6982,0.8667,1.0,2.6,251.3864,0.3831,0.2902,0.4695,5,1.14466,0.0,0.2245,77.3647,71.4197,0.7721,67.8484,-0.9634,0.8795,76.78639500000001,0.2368,71.9983,Stabil,Dusuk
25,Backend,Lead,9.8,33,2025,7,5,18.2,47.0,0.7359,0.8054,0.7575,0.5713,0.7097,0.7953,0.9375,0.6,3.0,147.8597,0.5853,0.2492,0.4405,4,1.26632,0.0,0.3838,67.8138,69.6285,0.7734,69.2154,-0.984,0.7721,69.293385,0.3257,66.5939,Stabil,Orta
25,Backend,Lead,9.8,34,2025,11,9,25.2,33.4,0.4614,0.8734,0.7993,0.6981,1.1721,0.6397,0.6216,0.6,2.5556,169.2149,0.5447,0.2806,0.4603,6,0.9504,0.0,0.2382,62.9311,67.6513,0.6992,70.7479,-0.2191,0.6493,71.74503,0.1565,61.6727,Stabil,Dusuk
25,Backend,Lead,9.8,35,2025,6,5,20.2,43.6,0.6674,0.8264,0.7649,0.6075,1.0186,0.6967,0.6562,0.4,4.2,132.7273,0.6006,0.3298,0.4692,3,1.20505,0.0,0.2707,60.3765,65.0876,0.7974,65.0523,-0.6856,0.8485,69.8145,0.2805,69.1387,Stabil,Dusuk
25,Backend,Lead,9.8,36,2025,9,7,20.8,48.8,0.5412,0.8562,0.7334,0.6908,0.853,0.8492,0.9167,1.0,3.1429,171.5829,0.4721,0.351,0.4649,5,1.2852400000000002,0.0,0.2687,78.2074,69.096,0.8028,72.8811,0.5301,0.6347,73.17366,0.2108,62.6177,Stabil,Dusuk
25,Backend,Lead,9.8,37,2025,4,3,12.7,36.1,0.2673,0.7876,0.7864,0.7438,0.6797,0.6001,0.7143,0.8,1.6667,219.9492,0.3866,0.2148,0.4692,2,0.94831,0.0,0.262,70.1846,69.0521,0.9433,66.6341,-0.4513,0.8419,72.99789,0.2007,70.396,Stabil,Dusuk
25,Backend,Lead,9.8,38,2025,9,8,19.3,45.6,0.717,0.772,0.8428,0.7269,0.7557,0.5663,0.6944,0.4,6.25,258.1701,0.5832,0.3289,0.4255,5,1.23904,0.0,0.2805,63.4267,66.6577,0.7893,79.3996,3.6795,0.7217,71.065785,0.2439,70.722,Stabil,Dusuk
25,Backend,Lead,9.8,39,2025,11,9,20.9,39.4,0.5146,0.8009,0.8052,0.7187,0.9081,0.6822,0.6981,0.4,4.1111,185.7489,0.5379,0.3029,0.4915,5,1.0362,0.0,0.2266,58.8673,70.0727,0.7959,69.3408,0.2145,0.6876,72.350145,0.263,64.8009,Stabil,Dusuk
25,Backend,Lead,9.8,40,2025,12,8,38.4,45.3,0.6712,0.7981,0.6907,0.5881,1.6842,0.6338,0.7333,0.4,4.125,231.8114,0.6362,0.2747,0.5833,3,1.2197900000000002,0.0,0.4132,57.6774,67.3515,0.6587,71.4356,0.4346,0.646,69.003165,0.3138,62.4541,Stabil,Orta
25,Backend,Lead,9.8,41,2025,8,7,28.8,41.5,0.4363,0.8444,0.8126,0.7325,1.137,0.8238,0.9643,0.6,3.8571,130.0976,0.5023,0.2932,0.513,3,1.18437,0.0,0.374,65.1306,65.5935,0.7256,67.6786,-3.3068,0.6555,73.905195,0.4275,56.5072,Stabil,Orta
25,Backend,Lead,9.8,42,2025,6,5,24.2,36.9,0.4772,0.8344,0.7849,0.7192,1.1062,0.7813,0.8333,0.8,6.0,97.2523,0.4869,0.3168,0.4239,4,0.99869,0.0,0.315,72.3841,70.561,0.7396,80.4859,2.9678,0.7733,75.648405,0.1519,73.1029,Stabil,Dusuk
25,Backend,Lead,9.8,43,2025,7,6,19.6,44.0,0.4616,0.8304,0.8154,0.7485,0.8556,0.6998,0.7838,0.6,4.8333,47.8259,0.5194,0.2862,0.5217,3,1.11298,0.0,0.2623,62.3562,68.0753,0.9428,72.3488,1.5547,0.6932,74.501385,0.2679,66.547,Stabil,Dusuk
25,Backend,Lead,9.8,44,2025,6,5,11.6,38.9,0.4078,0.8404,0.7509,0.7177,0.5129,0.8063,0.7632,1.0,5.8,203.1089,0.4935,0.2501,0.4674,4,1.0853700000000002,0.0,0.3018,79.6013,65.8739,0.7633,82.1378,3.524,0.6714,74.406675,0.1812,67.9812,Stabil,Dusuk
25,Backend,Lead,9.8,45,2025,5,4,17.2,45.6,0.4345,0.8334,0.7801,0.6864,0.7047,0.7468,0.9091,0.6,2.5,162.2673,0.4541,0.2511,0.5596,2,1.23387,0.0,0.3389,65.3988,70.0777,0.7556,69.2799,-2.3829,0.7723,72.140565,0.476,64.5558,Stabil,Orta
25,Backend,Lead,9.8,46,2025,7,5,19.1,44.3,0.5522,0.7986,0.7542,0.7071,0.947,0.6887,0.6923,1.0,1.8,182.7131,0.4266,0.3142,0.582,3,1.17601,0.0,0.3052,73.917,67.8841,0.7873,72.2215,-1.324,0.8817,74.65227,0.2668,70.4711,Stabil,Dusuk
25,Backend,Lead,9.8,47,2025,5,4,14.9,42.9,0.4782,0.8615,0.8727,0.823,0.7599,0.5851,0.8,0.4,1.0,131.3449,0.4024,0.1934,0.4443,4,1.17205,0.0,0.3904,62.28,67.6942,0.7027,69.0776,-3.6239,0.6162,72.60015,0.4341,54.8738,Stabil,Orta
25,Backend,Lead,9.8,48,2025,8,6,20.1,51.9,0.7268,0.8329,0.746,0.6187,0.8225,0.6909,0.9091,0.8,3.3333,265.4686,0.5992,0.3887,0.3017,6,1.4091,1.0,0.3865,76.3176,67.4017,0.7406,68.3707,-0.5871,0.8661,66.81906000000001,0.5337,70.776,Stabil,Orta
25,Backend,Lead,9.8,49,2025,13,11,29.9,32.9,0.5018,0.8125,0.8508,0.7117,1.548,0.5771,0.7797,0.4,4.1818,288.6254,0.5487,0.3446,0.4217,5,1.02971,1.0,0.3192,62.8072,69.1646,0.7528,67.3542,-1.5309,0.6756,72.60792000000001,0.2761,61.2604,Stabil,Dusuk
25,Backend,Lead,9.8,50,2025,11,8,19.8,48.6,0.4631,0.8103,0.7701,0.6659,0.7178,0.7087,0.8226,0.2,6.375,149.6361,0.4942,0.2116,0.5347,3,1.24729,1.0,0.3984,59.2573,68.237,0.8681,64.9892,-1.3282,0.6651,69.23553,0.4155,60.8232,Stabil,Orta
25,Backend,Lead,9.8,51,2025,11,9,35.3,40.6,0.5206,0.8025,0.8133,0.6929,1.57,0.7457,0.9333,0.6,3.1111,192.4235,0.4466,0.2865,0.4646,4,1.1225500000000002,1.0,0.2726,65.8067,67.3934,0.8641,62.8186,-1.9021,0.6189,75.11920500000001,0.2725,57.5959,Stabil,Dusuk
25,Backend,Lead,9.8,52,2025,6,5,25.6,34.4,0.6802,0.8623,0.8595,0.7786,1.1304,0.6064,0.9231,0.2,2.4,92.4591,0.5626,0.3129,0.4377,5,1.0168400000000002,1.0,0.3353,57.4862,69.5286,0.8241,59.4775,-2.5801,0.8505,71.733375,0.4229,67.5979,Stabil,Orta
26,Frontend,Junior,1.2,1,2025,5,4,11.7,35.3,0.6972,0.7568,0.7411,0.6145,0.574,0.6779,0.6429,0.8,4.5,249.0544,0.565,0.3651,0.4938,4,0.9323,0.0,0.1571,71.7953,64.4762,0.5282,64.1994,0.0,0.7381,61.479345,0.2614,65.0593,Riskli,Dusuk
26,Frontend,Junior,1.2,2,2025,11,9,21.3,38.9,0.5617,0.7003,0.7846,0.6744,1.0863,0.6514,0.6607,0.2,4.1111,130.9353,0.4701,0.2636,0.5134,3,0.9075,0.0,0.2638,48.8134,66.2169,0.3418,68.2692,4.0698,0.752,62.679765,0.2837,72.5622,Riskli,Dusuk
26,Frontend,Junior,1.2,3,2025,10,8,16.4,36.3,0.5443,0.7874,0.7669,0.7095,0.8706,0.7849,0.9167,0.8,2.75,124.9456,0.4981,0.3029,0.524,3,0.9245,0.0,0.2961,71.6938,69.7666,0.5058,74.5393,5.17,0.7103,66.09302,0.2481,73.4707,Stabil,Dusuk
26,Frontend,Junior,1.2,4,2025,4,3,6.5,37.8,0.6673,0.7387,0.7853,0.7671,0.3228,0.6347,0.6667,1.0,2.0,223.9389,0.3974,0.2639,0.6153,3,0.9376,0.0,0.1846,75.2188,65.627,0.6291,71.9106,2.9404,0.7778,65.924775,0.2393,71.7815,Stabil,Dusuk
26,Frontend,Junior,1.2,5,2025,9,7,20.7,37.2,0.3777,0.7285,0.8247,0.7798,1.0162,0.8091,0.7083,0.6,4.8571,151.2821,0.429,0.2985,0.4167,6,0.9705,0.0,0.2466,62.0699,61.9573,0.7191,73.7911,1.3937,0.8248,68.621445,0.1877,70.3797,Stabil,Dusuk
26,Frontend,Junior,1.2,6,2025,9,7,22.9,32.1,0.452,0.7565,0.8293,0.7065,1.1647,0.6376,0.7391,0.4,2.4286,166.8623,0.5678,0.353,0.4702,5,0.868,0.0,0.1474,64.2464,68.9766,0.5361,65.7768,-2.4407,0.8657,65.224815,0.3013,68.3356,Stabil,Orta
26,Frontend,Junior,1.2,7,2025,12,9,25.7,31.3,0.5147,0.793,0.7105,0.6498,1.0657,0.6727,0.6622,0.4,5.4444,99.9019,0.6122,0.3603,0.4557,4,0.8349,0.0,0.1723,62.8757,64.0481,0.6394,59.7719,-4.443,0.7571,61.216005,0.4161,58.843,Riskli,Orta
26,Frontend,Junior,1.2,8,2025,16,13,45.9,44.0,0.5185,0.7331,0.799,0.7168,2.0017,0.7098,0.8333,0.4,3.0769,161.7841,0.5195,0.243,0.4601,5,1.0376,0.0,0.1277,61.7917,71.0007,0.457,67.0252,-2.6303,0.7355,67.702795,0.3835,62.7885,Stabil,Orta
26,Frontend,Junior,1.2,9,2025,6,5,22.1,34.9,0.7293,0.7504,0.7944,0.6841,1.0995,0.6015,0.7143,0.2,3.0,178.8883,0.4562,0.282,0.3793,3,0.8501,0.0,0.193,54.175,70.1185,0.5132,63.1351,-0.0672,0.8148,62.860645,0.3009,70.0962,Riskli,Orta
26,Frontend,Junior,1.2,10,2025,5,4,19.1,35.7,0.551,0.7286,0.7821,0.6167,0.8372,0.7154,1.0,0.6,2.0,190.9291,0.3822,0.2357,0.3854,5,0.8568,0.0,0.163,62.5843,65.7454,0.5263,64.2744,0.9617,0.7968,63.412215,0.2469,69.5824,Riskli,Dusuk
26,Frontend,Junior,1.2,11,2025,8,6,25.0,31.2,0.596,0.725,0.7885,0.716,1.1913,0.6951,0.9412,0.4,2.6667,185.7206,0.4861,0.2376,0.505,5,0.7333,0.0,0.1655,58.1914,68.5044,0.4916,65.1862,-0.4377,0.844,64.572925,0.2486,70.3476,Riskli,Dusuk
26,Frontend,Junior,1.2,12,2025,9,7,18.2,41.0,0.536,0.7993,0.7723,0.6735,0.7895,0.7417,0.8148,0.6,3.1429,165.4756,0.524,0.2862,0.4178,5,0.9432,0.0,0.214,62.5772,66.9984,0.5068,56.7368,-1.8283,0.6699,62.12116499999999,0.259,59.8863,Riskli,Dusuk
26,Frontend,Junior,1.2,13,2025,7,6,17.2,43.2,0.5915,0.6984,0.8268,0.6761,0.9171,0.7726,1.0,0.6,2.3333,139.4207,0.5031,0.2589,0.5447,2,1.0141,0.0,0.1877,66.4221,66.8856,0.6404,70.4812,1.0171,0.7209,67.391385,0.1966,66.5975,Stabil,Dusuk
26,Frontend,Junior,1.2,14,2025,10,9,27.5,38.0,0.452,0.7271,0.8514,0.832,1.417,0.8928,0.8913,1.0,4.5556,185.1718,0.392,0.3025,0.4503,5,0.961,0.0,0.3012,74.3416,70.8478,0.5781,62.3552,0.5251,0.8253,71.590385,0.2531,71.7138,Stabil,Dusuk
26,Frontend,Junior,1.2,15,2025,8,6,20.9,42.7,0.3512,0.7819,0.7509,0.7297,0.9474,0.5746,0.7,0.4,1.1667,143.4475,0.5005,0.315,0.6421,2,1.0135,0.0,0.1772,59.0214,63.5115,0.5491,77.8564,5.5233,0.6256,64.93839,0.222,68.3362,Riskli,Dusuk
26,Frontend,Junior,1.2,16,2025,6,5,22.3,33.6,0.3554,0.783,0.8453,0.6952,1.1061,0.7113,0.6774,0.8,4.2,221.8339,0.3982,0.2459,0.5166,5,0.844,0.0,0.2722,68.4683,71.3045,0.5243,70.9294,1.6846,0.8897,67.71619,0.2357,76.56,Stabil,Dusuk
26,Frontend,Junior,1.2,17,2025,10,8,20.5,42.0,0.449,0.7517,0.8234,0.7448,1.0945,0.7269,0.6552,0.4,4.75,164.9684,0.4549,0.2825,0.4704,4,1.0157,0.0,0.2395,61.939,67.1825,0.6106,78.7474,4.225,0.7716,68.45452999999999,0.2248,73.9765,Stabil,Dusuk
26,Frontend,Junior,1.2,18,2025,7,5,22.5,40.9,0.5114,0.7348,0.7483,0.6894,0.9783,0.8035,0.8421,0.8,3.2,158.4139,0.4642,0.2618,0.5081,3,1.0255,0.0,0.2311,68.4166,66.9311,0.4581,76.1357,0.2656,0.7403,66.89159,0.3045,66.3058,Stabil,Orta
26,Frontend,Junior,1.2,19,2025,5,4,10.0,40.7,0.5529,0.7578,0.7041,0.6741,0.4319,0.6592,0.64,0.4,4.0,116.4195,0.4108,0.2958,0.5997,3,1.0007,0.0,0.3046,62.7758,65.8048,0.6434,59.3445,-3.7366,0.6835,61.449135,0.3517,57.1608,Riskli,Orta
26,Frontend,Junior,1.2,20,2025,4,3,11.4,32.9,0.443,0.7668,0.7958,0.776,0.5327,0.6504,0.7647,0.2,4.3333,94.5604,0.4319,0.2572,0.42,4,0.7747,0.0,0.2399,56.5769,65.4224,0.5204,70.4964,-4.1544,0.5512,61.442675,0.3791,50.4398,Riskli,Orta
26,Frontend,Junior,1.2,21,2025,8,6,29.7,37.5,0.5138,0.7392,0.8029,0.758,1.4919,0.6836,0.8182,0.8,1.5,121.7017,0.4741,0.3014,0.4586,4,0.9394,0.0,0.1201,68.6119,64.1051,0.4722,59.6371,-3.8344,0.6944,67.00787,0.3906,56.9893,Stabil,Orta
26,Frontend,Junior,1.2,22,2025,9,8,37.4,38.0,0.6929,0.7301,0.904,0.7452,1.5347,0.7729,0.8393,0.6,5.875,185.3256,0.6432,0.2854,0.3836,6,0.8989,0.0,0.2526,61.0833,64.5651,0.4242,65.8324,0.8604,0.734,66.671665,0.2653,66.2453,Stabil,Dusuk
26,Frontend,Junior,1.2,23,2025,11,10,42.3,40.0,0.5834,0.7556,0.8803,0.7836,1.8324,0.6805,0.9241,0.2,7.3,163.4313,0.5764,0.3327,0.3936,5,0.9492,0.0,0.2094,51.6792,65.6498,0.4275,71.7879,1.007,0.8013,66.97252999999999,0.2741,69.8254,Stabil,Dusuk
26,Frontend,Junior,1.2,24,2025,8,7,21.0,42.2,0.408,0.7287,0.8597,0.7478,0.8434,0.8214,0.6596,1.0,4.4286,173.1761,0.38,0.2252,0.5181,3,1.0655,0.0,0.2172,69.3844,66.628,0.5169,62.9133,1.5784,0.6974,67.74079499999999,0.2941,66.3381,Stabil,Dusuk
26,Frontend,Junior,1.2,25,2025,9,7,37.3,37.0,0.7231,0.7123,0.7635,0.6762,1.6437,0.9286,0.9024,1.0,5.2857,132.7415,0.5154,0.2231,0.4727,5,0.9555,0.0,0.1684,71.6941,63.0227,0.6776,59.1733,-2.8852,0.6523,68.59389499999999,0.3641,56.2542,Stabil,Orta
26,Frontend,Junior,1.2,26,2025,9,7,31.5,35.7,0.5939,0.7296,0.7697,0.738,1.3374,0.7765,0.9375,0.2,4.2857,154.4167,0.5483,0.2659,0.4838,4,0.8518,0.0,0.264,54.2416,69.4989,0.5179,65.4046,-2.289,0.7163,64.98608,0.3458,62.0063,Riskli,Orta
26,Frontend,Junior,1.2,27,2025,4,3,12.5,39.0,0.7289,0.6811,0.7757,0.6978,0.5011,0.7339,0.7407,0.6,6.6667,159.0066,0.4861,0.3288,0.4845,3,0.9829,0.0,0.2388,63.2739,64.809,0.4635,64.4404,1.0813,0.8349,62.92714499999999,0.2834,71.2029,Riskli,Dusuk
26,Frontend,Junior,1.2,28,2025,13,9,26.7,41.9,0.66,0.7871,0.6793,0.5545,1.467,0.9521,0.9608,1.0,5.4444,158.9638,0.5039,0.2724,0.5235,3,1.007,0.0,0.22,70.6993,61.9303,0.3189,62.3517,0.8571,0.8973,66.16198999999999,0.1969,72.7958,Stabil,Dusuk
26,Frontend,Junior,1.2,29,2025,6,4,11.3,34.7,0.5291,0.7521,0.6368,0.6098,0.6251,0.7891,0.9375,1.0,7.5,198.0147,0.4722,0.2548,0.335,5,0.9182,0.0,0.2551,74.2664,68.9665,0.616,60.2005,-1.7701,0.6494,61.016315,0.2635,59.6459,Riskli,Dusuk
26,Frontend,Junior,1.2,30,2025,10,7,35.2,31.6,0.5713,0.752,0.7482,0.6858,1.4819,0.7792,0.8444,0.4,5.4286,168.7253,0.4665,0.2816,0.5128,3,0.7166,0.0,0.2449,63.718,67.6355,0.5978,68.9504,1.1379,0.7997,66.023005,0.2774,70.5559,Stabil,Dusuk
26,Frontend,Junior,1.2,31,2025,9,6,15.8,35.9,0.4785,0.7492,0.612,0.596,0.7783,0.7889,0.8889,1.0,6.6667,216.6277,0.5523,0.282,0.4813,5,0.8785,0.0,0.2435,73.948,68.7711,0.6486,58.4518,-0.295,0.7462,61.223510000000005,0.2742,66.2474,Riskli,Dusuk
26,Frontend,Junior,1.2,32,2025,9,6,25.0,40.3,0.5749,0.7193,0.7044,0.5455,1.2028,0.7816,0.72,1.0,3.0,165.3026,0.4939,0.2603,0.5472,3,0.9643,0.0,0.2273,77.9654,68.4032,0.4372,67.1396,1.0319,0.5849,64.84035,0.2634,60.955,Riskli,Dusuk
26,Frontend,Junior,1.2,33,2025,6,5,11.4,35.3,0.6233,0.77,0.8572,0.845,0.6071,0.6045,0.7857,0.2,2.2,134.641,0.5759,0.296,0.4696,4,0.7827,0.0,0.2148,54.5765,63.5378,0.5005,66.0394,-0.0045,0.7103,61.92651,0.2766,63.5177,Riskli,Dusuk
26,Frontend,Junior,1.2,34,2025,6,5,24.6,33.8,0.6654,0.756,0.8311,0.795,0.9589,0.7133,0.7333,1.0,4.4,27.4606,0.4773,0.2967,0.4899,3,0.8789,0.0,0.1864,77.0091,66.3852,0.6094,60.7696,0.5853,0.7864,67.13602499999999,0.2743,68.7163,Stabil,Dusuk
26,Frontend,Junior,1.2,35,2025,10,7,20.3,39.3,0.5091,0.7368,0.7453,0.7147,0.8712,0.8301,0.9032,0.8,4.0,184.5291,0.5402,0.3759,0.4765,5,0.9809,0.0,0.2762,72.7218,65.5341,0.6798,66.2603,-0.7908,0.8082,65.896655,0.196,67.2915,Stabil,Dusuk
26,Frontend,Junior,1.2,36,2025,12,9,19.7,40.2,0.7238,0.7346,0.7627,0.6211,0.8148,0.6644,0.7241,0.6,2.3333,130.7489,0.5589,0.3132,0.3609,6,0.991,0.0,0.3007,62.2996,65.9183,0.5013,57.6674,-1.9625,0.6457,60.14174499999999,0.3407,58.2674,Riskli,Orta
26,Frontend,Junior,1.2,37,2025,6,5,23.9,33.0,0.44,0.6911,0.7857,0.6984,0.9646,0.6357,0.6383,0.4,6.0,99.1893,0.4273,0.2124,0.5312,5,0.8334,0.0,0.2355,57.688,62.3729,0.5866,61.259,-0.7125,0.7838,63.29185,0.3885,65.37,Riskli,Orta
26,Frontend,Junior,1.2,38,2025,10,7,30.2,40.2,0.591,0.7884,0.7069,0.623,1.278,0.9143,0.9024,1.0,5.2857,177.9189,0.4231,0.2438,0.4617,4,1.0214,0.0,0.3008,74.1209,70.7281,0.4687,64.8067,-0.0769,0.6767,66.881045,0.3246,64.0501,Stabil,Orta
26,Frontend,Junior,1.2,39,2025,7,6,30.1,40.9,0.5566,0.7515,0.8685,0.7717,1.4086,0.8836,0.8056,1.0,4.8333,179.9844,0.549,0.2746,0.5181,2,1.0048,0.0,0.2169,74.2469,62.8387,0.552,71.5803,4.5286,0.801,71.58544499999999,0.2422,74.474,Stabil,Dusuk
26,Frontend,Junior,1.2,40,2025,10,8,21.8,40.1,0.4448,0.7723,0.7816,0.7212,1.1963,0.7438,0.9688,0.4,3.875,201.7953,0.3888,0.1932,0.6001,3,0.9752,0.0,0.1797,59.9313,66.9912,0.4535,64.7275,1.7179,0.6666,67.22979,0.2222,65.2791,Stabil,Dusuk
26,Frontend,Junior,1.2,41,2025,9,8,31.9,39.5,0.6041,0.7486,0.8386,0.7721,1.7929,0.7201,0.6829,0.6,3.5,139.57,0.5489,0.3423,0.4615,5,0.936,0.0,0.2133,64.3414,70.4364,0.4993,71.2466,1.2467,0.7377,68.358865,0.3022,68.7759,Stabil,Orta
26,Frontend,Junior,1.2,42,2025,3,2,8.9,41.1,0.5004,0.7276,0.8137,0.704,0.3317,0.7104,0.9091,1.0,10.0,155.8335,0.4171,0.2378,0.6158,4,1.0166,0.0,0.3045,71.4431,68.883,0.5243,67.9158,-0.4474,0.7452,65.018,0.2703,66.0002,Stabil,Dusuk
26,Frontend,Junior,1.2,43,2025,8,6,18.9,36.3,0.5893,0.7649,0.7847,0.6849,0.867,0.7024,0.8095,0.4,2.8333,148.0741,0.4432,0.3079,0.5336,3,0.87,0.0,0.2517,62.0477,70.899,0.5726,63.9638,-0.5622,0.6932,63.84437,0.294,64.0852,Riskli,Dusuk
26,Frontend,Junior,1.2,44,2025,10,8,18.5,32.8,0.4165,0.7439,0.7727,0.657,0.7067,0.6559,0.6596,0.8,3.875,246.5434,0.4651,0.2639,0.4907,5,0.8253,0.0,0.2877,69.4126,61.2696,0.6068,71.6451,-0.2757,0.8106,63.11552999999999,0.2109,66.9286,Riskli,Dusuk
26,Frontend,Junior,1.2,45,2025,7,6,20.7,36.1,0.7478,0.7569,0.8378,0.799,0.9926,0.716,0.8611,0.2,5.1667,99.7184,0.453,0.2745,0.4988,4,0.9617,0.0,0.2105,56.0096,68.7089,0.3609,68.9472,1.0776,0.7804,66.49173499999999,0.2683,69.9142,Stabil,Dusuk
26,Frontend,Junior,1.2,46,2025,7,5,22.1,45.8,0.5697,0.7568,0.7673,0.7084,1.1755,0.7052,0.7105,0.2,5.4,160.1241,0.5232,0.3431,0.4937,3,1.1335,0.0,0.2928,59.193,66.5175,0.7548,57.8041,-2.1177,0.8881,64.17202499999999,0.471,69.1091,Riskli,Orta
26,Frontend,Junior,1.2,47,2025,10,8,22.9,37.0,0.5796,0.7272,0.8228,0.6547,1.0837,0.6775,0.8276,0.2,3.0,148.3814,0.4781,0.3301,0.5587,3,0.9172,0.0,0.1997,49.6838,67.5626,0.4372,63.7319,-3.4883,0.7956,63.63679499999999,0.4222,63.1191,Riskli,Orta
26,Frontend,Junior,1.2,48,2025,7,5,22.2,43.1,0.8049,0.7249,0.7549,0.695,0.9182,0.795,0.8571,1.0,3.6,213.7847,0.419,0.3082,0.5672,3,1.027,0.0,0.2621,71.4318,61.2371,0.4182,60.0803,-2.0673,0.8698,65.36113999999999,0.431,66.7807,Stabil,Orta
26,Frontend,Junior,1.2,49,2025,4,3,6.9,37.7,0.6737,0.7047,0.8163,0.7198,0.3097,0.9148,0.9412,1.0,5.3333,114.0181,0.4326,0.3157,0.4579,5,0.9161,0.0,0.2497,74.8266,69.1955,0.5124,60.3223,0.3903,0.5629,64.177725,0.2839,59.1989,Riskli,Dusuk
26,Frontend,Junior,1.2,50,2025,8,7,26.1,36.3,0.6692,0.7066,0.8238,0.7342,1.162,0.6037,0.7949,0.2,4.4286,251.9664,0.4873,0.331,0.5234,3,0.931,0.0,0.2135,54.0095,61.6656,0.6025,61.2723,-0.7137,0.6857,63.886835000000005,0.3578,60.7399,Riskli,Orta
26,Frontend,Junior,1.2,51,2025,12,9,40.4,38.7,0.6868,0.7414,0.7703,0.6861,1.8899,0.6728,0.7193,0.2,4.5556,185.0472,0.5756,0.3703,0.3944,5,0.9378,0.0,0.219,58.37,62.7658,0.4342,61.0608,0.3892,0.7282,63.21585,0.2652,64.7086,Riskli,Dusuk
26,Frontend,Junior,1.2,52,2025,12,9,45.9,25.6,0.6517,0.7349,0.7401,0.6884,1.6719,0.6939,0.6909,0.6,4.2222,90.733,0.4986,0.359,0.5427,3,0.65,0.0,0.1304,68.9886,69.908,0.5974,63.9376,1.0634,0.742,64.82458,0.324,68.5228,Riskli,Orta
27,QA,Junior,1.7,1,2025,8,6,12.6,45.1,0.5335,0.7281,0.7201,0.6177,0.5139,0.778,0.6875,1.0,3.6667,184.5017,0.5204209999999999,0.2924,0.49447499999999994,4,1.1205,0.0,0.1815,75.106,64.5995,0.5049,61.0915,0.0,0.7276,61.16843279999999,0.3564,64.6235,Riskli,Orta
27,QA,Junior,1.7,2,2025,12,10,34.0,43.4,0.6568,0.7825,0.8073,0.7118,1.8312,0.7127,0.8333,1.0,4.0,284.2066,0.7175080000000001,0.2941,0.37981,4,1.0892,0.0,0.3329,81.1613,69.311,0.4284,70.8765,9.7851,0.852,66.25391485,0.3074,84.1351,Stabil,Orta
27,QA,Junior,1.7,3,2025,7,5,15.6,39.6,0.4172,0.7812,0.6945,0.5595,0.9412,0.7726,0.84,1.0,4.2,51.4779,0.549263,0.32,0.39957,4,1.0215,0.0,0.2452,80.6401,65.3079,0.5663,73.9097,6.4091,1.0,64.52674739999999,0.3539,87.1066,Riskli,Orta
27,QA,Junior,1.7,4,2025,14,12,35.9,42.4,0.6605,0.7729,0.8365,0.8054,1.5469,0.8376,0.8571,0.6,5.0,125.7192,0.5979655,0.3102,0.4916249999999999,3,1.0286,0.0,0.2731,66.7865,68.993,0.4124,64.3505,1.281,0.846,68.33125229999999,0.175,73.2703,Stabil,Dusuk
27,QA,Junior,1.7,5,2025,9,7,22.0,36.7,0.3547,0.7643,0.7439,0.6694,0.9767,0.8572,0.871,0.8,3.8571,150.3851,0.5419259999999999,0.2977,0.39263499999999996,5,0.954,0.0,0.1574,76.2245,73.8781,0.4969,75.6676,0.4814,0.7735,66.70609489999998,0.1566,70.2215,Stabil,Dusuk
27,QA,Junior,1.7,6,2025,9,7,13.1,41.6,0.252,0.7824,0.8283,0.7918,0.6213,0.5868,0.6512,0.2,4.0,89.1623,0.758747,0.3101,0.430255,3,1.0342,0.0,0.1834,63.2936,73.8538,0.4108,70.7649,0.1882,0.6834,62.3372634,0.2884,65.7049,Riskli,Dusuk
27,QA,Junior,1.7,7,2025,5,4,11.1,38.0,0.5439,0.7781,0.7554,0.7523,0.5475,0.6441,0.7241,0.2,5.25,215.1259,0.692967,0.3548,0.2375,5,0.9279,0.0,0.3168,64.5965,72.4253,0.5428,65.2717,-0.2139,0.6466,59.24424865,0.274,62.9902,Riskli,Dusuk
27,QA,Junior,1.7,8,2025,12,10,28.6,35.8,0.4915,0.7815,0.8635,0.8052,1.1071,0.7583,0.6761,1.0,4.8,238.769,0.59961,0.2716,0.385415,6,0.8663,0.0,0.3196,81.1021,68.0918,0.4005,61.8502,-4.6945,0.7635,65.7468134,0.3549,59.9505,Stabil,Orta
27,QA,Junior,1.7,9,2025,9,7,27.5,41.6,0.5388,0.7655,0.7648,0.6915,1.329,0.766,0.7692,0.6,4.2857,178.1173,0.6319940000000001,0.2368,0.45619,3,1.0297,0.0,0.1877,70.1214,72.9754,0.4726,65.0178,-2.0663,0.8324,66.34016725,0.4016,68.62,Stabil,Orta
27,QA,Junior,1.7,10,2025,6,4,17.1,39.8,0.592,0.7718,0.7304,0.6637,0.8469,0.7392,0.7778,0.4,5.25,112.1221,0.5961945000000001,0.2865,0.424555,4,0.9726,0.0,0.2336,61.2553,67.3547,0.5477,57.6825,-1.96,0.8205,61.59315215,0.2178,66.5682,Riskli,Dusuk
27,QA,Junior,1.7,11,2025,13,9,33.7,43.8,0.3675,0.7833,0.7288,0.6123,1.7484,0.8731,0.8261,1.0,4.2222,129.6559,0.6251629999999999,0.2512,0.527725,3,1.1085,0.0,0.2123,79.9934,70.8965,0.448,65.2835,0.2965,0.814,66.76995484999999,0.3794,70.8634,Stabil,Orta
27,QA,Junior,1.7,12,2025,11,7,30.1,41.7,0.6693,0.8112,0.6618,0.567,1.1622,0.6914,0.8857,0.8,4.4286,314.8789,0.7285134999999999,0.3181,0.36356499999999997,5,1.0967,0.0,0.2442,72.6876,72.1377,0.6045,67.8482,1.6092,0.8311,61.51712839999999,0.3377,74.0536,Riskli,Orta
27,QA,Junior,1.7,13,2025,7,6,16.9,44.6,0.3876,0.8053,0.8544,0.7775,1.0927,0.8333,0.963,0.6,4.3333,180.3044,0.5233304999999999,0.2264,0.474145,4,0.9961,0.0,0.2875,73.726,72.0437,0.4228,71.5236,4.4088,0.7741,68.80812855,0.2852,75.8351,Stabil,Dusuk
27,QA,Junior,1.7,14,2025,8,6,13.8,40.8,0.9368,0.8155,0.7469,0.555,0.9267,0.8556,0.7838,1.0,4.8333,104.741,0.644391,0.3273,0.33535,4,1.042,0.0,0.2291,76.2929,75.1037,0.3968,71.0512,2.0978,0.9737,64.15897675,0.1758,82.1255,Riskli,Dusuk
27,QA,Junior,1.7,15,2025,8,6,19.8,42.9,0.5705,0.7656,0.7426,0.5961,0.8185,0.7574,0.7917,0.6,6.3333,167.2258,0.6905635,0.3015,0.43348499999999995,5,1.0071,0.0,0.2054,68.3164,67.5336,0.3803,64.8054,-0.9601,0.8104,61.655722000000004,0.2922,67.729,Riskli,Dusuk
27,QA,Junior,1.7,16,2025,3,2,4.7,43.4,0.5927,0.7997,0.7721,0.7082,0.2517,0.723,0.7143,1.0,2.5,188.9957,0.7583675000000001,0.3741,0.41572,3,1.0773,0.0,0.2617,78.2338,72.0542,0.4466,75.3742,0.5306,0.7196,61.33918674999999,0.2541,67.3271,Riskli,Dusuk
27,QA,Junior,1.7,17,2025,10,8,16.2,45.6,0.4433,0.7888,0.7775,0.764,0.878,0.7131,0.8966,0.4,3.25,117.6178,0.6690585000000001,0.3204,0.301055,6,1.0344,0.0,0.3029,61.3377,68.5949,0.3412,69.4769,0.5846,0.8109,62.08163929999999,0.3445,70.4823,Riskli,Orta
27,QA,Junior,1.7,18,2025,3,2,9.7,37.7,0.6126,0.8366,0.7247,0.6564,0.4924,0.6893,0.8571,0.4,3.0,180.5402,0.8023895,0.3593,0.344565,5,0.9509,0.0,0.1074,66.9632,69.4035,0.4828,69.1947,0.727,0.8892,60.34783704999999,0.2317,74.4708,Riskli,Dusuk
27,QA,Junior,1.7,19,2025,9,7,14.8,35.8,0.5601,0.8405,0.7622,0.6818,0.6491,0.7637,0.7778,1.0,4.0,231.3728,0.6796845,0.2379,0.26200999999999997,6,0.9025,0.0,0.1748,83.6112,66.2681,0.3754,65.3377,-3.0392,0.7077,62.0081036,0.2979,59.4785,Riskli,Dusuk
27,QA,Junior,1.7,20,2025,10,8,32.1,34.1,0.7062,0.7648,0.7755,0.6883,1.4873,0.7066,0.8788,0.6,3.625,73.3344,0.661848,0.3877,0.427975,4,0.8943,0.0,0.2768,71.6516,71.5379,0.4518,65.2969,-1.6397,0.6845,64.03107254999999,0.2637,62.2008,Riskli,Dusuk
27,QA,Junior,1.7,21,2025,11,9,25.5,37.0,0.556,0.7424,0.8261,0.7339,1.2713,0.6503,0.6667,0.4,3.1111,136.0456,0.6375599999999999,0.2644,0.459705,3,0.979,0.0,0.2189,63.5017,70.9199,0.3809,59.4023,-2.9418,0.7677,64.31388089999999,0.2916,63.7269,Riskli,Dusuk
27,QA,Junior,1.7,22,2025,5,4,10.2,40.9,0.6381,0.7265,0.7842,0.6433,0.4173,0.8427,0.84,0.6,5.25,156.5769,0.6637455,0.2875,0.41011499999999995,5,1.0632,0.0,0.1905,67.6636,69.6563,0.5536,63.2987,-1.2012,0.8194,62.1610726,0.3324,68.3947,Riskli,Orta
27,QA,Junior,1.7,23,2025,9,6,24.7,34.1,0.5306,0.7595,0.6834,0.6077,1.1574,0.7285,0.6571,1.0,3.8333,80.1234,0.6584325,0.3348,0.41467499999999996,3,0.928,0.0,0.1865,83.4864,72.5759,0.3818,58.5558,-1.6327,0.7284,62.21240014999999,0.24,64.5018,Riskli,Dusuk
27,QA,Junior,1.7,24,2025,8,6,15.8,52.8,0.7014,0.7638,0.7362,0.5875,0.727,0.6431,0.6875,0.8,1.8333,186.8866,0.8104855000000001,0.4179,0.30628,5,1.2916,1.0,0.3107,70.33,74.7163,0.4134,63.1445,0.6484,0.8448,56.1755615,0.4219,73.9447,Riskli,Orta
27,QA,Junior,1.7,25,2025,9,7,17.0,37.1,0.3313,0.7447,0.7985,0.7376,0.7935,0.7472,0.8649,0.2,4.5714,131.9241,0.5144755,0.2705,0.5804499999999999,3,0.9355,1.0,0.2956,61.4416,70.0217,0.5188,67.3757,1.682,0.8671,64.4956007,0.2665,75.1529,Riskli,Dusuk
27,QA,Junior,1.7,26,2025,9,8,27.9,40.1,0.6321,0.7633,0.8769,0.7768,1.2455,0.7957,0.8696,0.8,5.0,238.975,0.7348385000000001,0.3606,0.43054,4,0.9716,1.0,0.2998,79.8023,74.4107,0.5465,62.5769,1.6295,0.6535,66.68609835,0.2487,66.7758,Stabil,Dusuk
27,QA,Junior,1.7,27,2025,13,11,36.8,46.7,0.5483,0.8051,0.8121,0.6145,1.5207,0.7027,0.6623,0.6,4.6364,210.695,0.6491979999999999,0.3312,0.420375,4,1.1315,1.0,0.333,72.75,70.7453,0.4572,73.5158,2.6315,0.7763,64.43782264999999,0.3725,72.7691,Riskli,Orta
27,QA,Junior,1.7,28,2025,9,7,21.7,37.0,0.4999,0.8162,0.7384,0.6338,0.9013,0.5787,0.7241,0.2,3.0,198.5268,0.697015,0.295,0.39881,3,0.9625,1.0,0.2861,57.2566,75.6403,0.3839,65.3197,0.4771,0.8336,59.3997057,0.2333,73.4514,Riskli,Dusuk
27,QA,Junior,1.7,29,2025,6,4,19.8,41.7,0.6552,0.7524,0.7486,0.6886,1.1271,0.8872,0.8824,1.0,3.75,143.1375,0.6161814999999999,0.2705,0.56183,0,0.9732,1.0,0.2622,81.7219,65.5343,0.4597,73.0647,2.3267,0.8937,67.51480329999998,0.2663,76.0103,Stabil,Dusuk
27,QA,Junior,1.7,30,2025,10,7,18.6,34.4,0.6771,0.8044,0.6965,0.5718,0.9933,0.6567,0.6786,1.0,2.7143,237.3753,0.6481859999999999,0.2872,0.42322499999999996,4,0.8813,0.0,0.1843,84.6083,68.2863,0.6424,65.7768,-1.5472,0.8401,62.72245039999999,0.2585,68.372,Riskli,Dusuk
27,QA,Junior,1.7,31,2025,9,6,16.5,35.3,0.4695,0.7995,0.6705,0.6044,0.7322,0.8103,0.8857,0.6,5.1667,196.0017,0.6763954999999999,0.272,0.52079,3,0.8639,0.0,0.2612,66.4238,73.6149,0.4335,64.8615,-0.8662,0.8157,60.774860149999995,0.2355,69.939,Riskli,Dusuk
27,QA,Junior,1.7,32,2025,9,5,11.7,36.1,0.6442,0.778,0.5857,0.4811,0.5712,0.726,0.6275,1.0,6.4,205.2198,0.7945464999999999,0.3233,0.29259999999999997,6,0.9204,0.0,0.2211,84.9212,67.6694,0.4896,61.4162,-3.5861,0.9088,57.32144675,0.3203,68.0915,Riskli,Orta
27,QA,Junior,1.7,33,2025,12,10,25.1,40.4,0.4543,0.7518,0.8352,0.7784,1.0315,0.7204,0.9483,0.4,5.5,62.6298,0.708147,0.2818,0.34656,5,1.023,0.0,0.2357,61.7948,73.4161,0.4172,60.0279,-2.0692,0.8144,63.86842779999999,0.2759,67.9413,Riskli,Dusuk
27,QA,Junior,1.7,34,2025,6,5,22.7,39.6,0.5833,0.7443,0.7951,0.6414,0.9578,0.7882,0.7241,1.0,4.2,206.4348,0.671462,0.3026,0.43681,3,1.0322,0.0,0.1837,78.6137,69.2769,0.4106,59.816100000000006,-1.6525,0.8024,64.0610213,0.3226,66.8099,Riskli,Orta
27,QA,Junior,1.7,35,2025,3,2,8.9,35.7,0.6257,0.7656,0.8052,0.6832,0.5736,0.7774,0.9286,0.4,6.5,151.9816,0.6281990000000001,0.319,0.44022999999999995,4,0.9418,0.0,0.3018,61.1762,65.3357,0.4662,60.6425,-0.2533,0.8287,61.11636805,0.2166,68.9984,Riskli,Dusuk
27,QA,Junior,1.7,36,2025,10,7,36.0,49.7,0.7552,0.7877,0.6868,0.5455,1.3593,0.6281,0.9524,0.2,2.8571,83.8958,0.848815,0.406,0.462935,4,1.1917,0.0,0.2484,56.8507,66.2067,0.5429,52.9857,-2.03,0.9291,57.5021529,0.5647,70.9975,Riskli,Orta
27,QA,Junior,1.7,37,2025,11,9,29.7,38.5,0.4552,0.7775,0.839,0.7607,1.2106,0.8232,0.7027,1.0,5.7778,175.3782,0.5473655,0.1927,0.483265,3,0.9612,0.0,0.3962,82.9594,66.1315,0.6412,68.1682,1.7399,0.8382,69.15037365,0.2118,72.7756,Stabil,Dusuk
27,QA,Junior,1.7,38,2025,8,6,24.0,43.4,0.5747,0.8244,0.7441,0.6225,0.9559,0.8659,0.9062,1.0,4.8333,219.743,0.6639985,0.3665,0.369075,3,1.108,0.0,0.2403,83.5918,67.7244,0.5372,60.290000000000006,1.4125,0.7238,62.97374345,0.3607,67.5953,Riskli,Orta
27,QA,Junior,1.7,39,2025,11,8,41.3,40.0,0.6125,0.7888,0.7619,0.6631,1.3949,0.7678,0.7818,0.4,5.375,137.1945,0.6750039999999999,0.2969,0.45827999999999997,4,1.0101,0.0,0.3449,69.8355,69.1658,0.5501,61.3896,1.7334,0.836,64.83240895,0.2598,73.577,Riskli,Dusuk
27,QA,Junior,1.7,40,2025,5,4,20.4,45.0,0.7144,0.7968,0.7755,0.7013,0.9843,0.7819,0.9474,0.4,4.5,108.9784,0.7221885,0.3232,0.5225,2,1.1856,0.0,0.2819,61.3664,70.5862,0.5528,69.1175,0.3948,0.8717,63.264476699999996,0.3979,73.5178,Riskli,Orta
27,QA,Junior,1.7,41,2025,11,8,36.4,43.5,0.542,0.8112,0.7038,0.6019,1.5953,0.8001,0.8936,0.6,5.25,97.3698,0.58696,0.2264,0.46008499999999997,4,1.1283,0.0,0.1836,65.9603,67.1986,0.3879,58.6587,0.2834,0.705,63.03824844999999,0.3437,64.8259,Riskli,Orta
27,QA,Junior,1.7,42,2025,7,5,24.2,40.1,0.5246,0.7824,0.7325,0.6585,1.1975,0.7288,0.7619,0.8,3.2,193.4348,0.7128275,0.3304,0.39558,4,1.0081,0.0,0.1821,76.3478,72.3694,0.5511,76.0839,3.3624,0.7864,65.68461214999999,0.2337,74.8504,Stabil,Dusuk
27,QA,Junior,1.7,43,2025,11,9,20.8,39.0,0.2706,0.8055,0.7792,0.7362,0.9909,0.8413,0.7288,0.8,4.7778,159.5315,0.7156104999999999,0.2651,0.45609500000000003,4,0.9962,0.0,0.251,80.2247,71.0351,0.381,70.2239,2.0744,0.8874,66.78211865,0.1758,76.9832,Stabil,Dusuk
27,QA,Junior,1.7,44,2025,5,4,13.7,39.8,0.687,0.7583,0.8142,0.7456,0.5417,0.8243,0.8667,1.0,3.25,181.1343,0.7996065,0.3613,0.32527999999999996,7,1.0234,0.0,0.1611,80.6413,69.5686,0.3523,66.5011,1.7667,0.7874,63.46158554999999,0.2844,71.5649,Riskli,Dusuk
27,QA,Junior,1.7,45,2025,9,8,30.5,40.0,0.5852,0.7908,0.8782,0.7619,1.1279,0.8624,0.7368,1.0,5.25,174.7413,0.5569795000000001,0.2408,0.44042,4,0.9444,0.0,0.2478,78.612,65.5569,0.4194,72.1877,-1.5411,0.6732,68.43842275,0.2621,60.0537,Stabil,Dusuk
27,QA,Junior,1.7,46,2025,9,7,33.9,41.0,0.4737,0.7981,0.739,0.7009,1.3101,0.7689,0.8529,0.6,4.1429,192.5875,0.715484,0.3304,0.28585499999999997,5,0.992,0.0,0.2993,71.3849,75.1802,0.4868,58.6144,-2.9142,0.7568,63.4021488,0.3551,64.5553,Riskli,Orta
27,QA,Junior,1.7,47,2025,9,7,17.3,38.6,0.6881,0.7863,0.7524,0.6507,0.8173,0.6933,0.68,0.2,4.8571,170.6574,0.76406,0.413,0.39177999999999996,4,0.9305,0.0,0.2059,63.4851,75.1749,0.4372,61.5427,-2.8449,0.8844,60.48053305,0.3867,70.4032,Riskli,Orta
27,QA,Junior,1.7,48,2025,10,7,24.3,44.7,0.7099,0.7503,0.7124,0.6165,1.215,0.7517,0.6471,0.8,4.7143,202.8604,0.7486269999999999,0.3442,0.47158,4,1.1224,0.0,0.2851,75.1669,69.2669,0.429,57.1767,-4.2105,0.7889,61.34112189999999,0.4529,62.2015,Riskli,Orta
27,QA,Junior,1.7,49,2025,7,5,13.6,41.6,0.7095,0.7952,0.6833,0.5974,0.8251,0.9225,0.9524,1.0,4.0,141.907,0.5276314999999999,0.2752,0.47642499999999993,3,1.0474,0.0,0.3147,76.0719,74.9476,0.3572,64.0703,1.2002,0.7888,63.38878705,0.3113,72.3534,Riskli,Orta
27,QA,Junior,1.7,50,2025,8,7,26.7,39.6,0.3552,0.7631,0.8296,0.7878,1.0091,0.6566,0.6786,0.6,2.7143,177.4705,0.48424199999999995,0.2154,0.48944,3,1.0012,0.0,0.3462,69.4363,70.8953,0.5772,63.8544,1.3829,0.7588,66.18627674999999,0.2503,70.0775,Stabil,Dusuk
27,QA,Junior,1.7,51,2025,10,7,18.1,37.8,0.528,0.8061,0.7427,0.7509,0.9192,0.638,0.6667,0.6,2.0,161.5374,0.6559024999999999,0.2807,0.40707499999999996,5,0.9219,0.0,0.1866,68.7549,75.329,0.4387,61.84780000000001,1.3797,0.8435,62.810545799999986,0.283,75.2139,Riskli,Dusuk
27,QA,Junior,1.7,52,2025,13,10,50.1,43.7,0.7198,0.7455,0.731,0.6436,1.8402,0.7241,0.6393,1.0,3.9,78.9895,0.714978,0.3285,0.49096,4,1.0445,0.0,0.1889,76.9761,73.8505,0.6501,56.4257,-2.494,0.6905,64.89709825,0.3997,61.8326,Riskli,Orta
28,DevOps,Mid,4.5,1,2025,8,6,12.2,34.3,0.4562,0.7309,0.7124,0.6702,0.5891,0.8937,0.9167,1.0,5.5,110.9228,0.38214,0.2932,0.51304,4,0.8393,0.0,0.2409,76.5993,62.2251,0.6563,66.8666,0.0,0.8705,67.9897,0.3535,70.3384,Stabil,Orta
28,DevOps,Mid,4.5,2,2025,7,5,14.2,38.4,0.495,0.6725,0.7711,0.7076,0.877,0.6908,1.0,0.6,1.8,201.9078,0.54108,0.3108,0.34353,5,0.9776,0.0,0.3149,63.4664,65.2551,0.7969,72.7479,5.8813,0.9191,67.7519,0.2493,82.6259,Stabil,Dusuk
28,DevOps,Mid,4.5,3,2025,6,4,13.7,39.7,0.6636,0.71,0.6909,0.6035,0.5558,0.6104,0.8182,0.2,2.25,171.3492,0.54063,0.3519,0.38808,5,0.9956,0.0,0.1773,53.4306,66.8495,0.5975,60.2885,-3.2891,0.8853,61.3669,0.3826,67.2521,Riskli,Orta
28,DevOps,Mid,4.5,4,2025,9,6,27.3,34.2,0.4238,0.7262,0.7159,0.5609,0.973,0.6065,0.8824,0.4,2.5,69.4998,0.48375,0.2737,0.42086,5,0.8582,0.0,0.312,65.2802,67.6974,0.6149,69.726,-0.3881,0.8697,64.1679,0.2328,71.3371,Riskli,Dusuk
28,DevOps,Mid,4.5,5,2025,7,5,12.9,36.5,0.3885,0.713,0.7222,0.7082,0.6056,0.6701,0.7222,1.0,2.6,234.5175,0.4905,0.2704,0.39655,4,0.8676,0.0,0.2607,80.5077,67.3586,0.6487,62.7581,-2.0532,0.981,66.2173,0.3637,73.6436,Stabil,Orta
28,DevOps,Mid,4.5,6,2025,5,4,16.5,38.0,0.5544,0.6827,0.777,0.7627,0.7551,0.901,0.8077,1.0,5.25,164.4107,0.43263,0.3273,0.38236,5,0.9802,0.0,0.1338,76.6686,69.5014,0.6134,65.01429999999999,0.7209,0.9289,71.5353,0.2555,76.2763,Stabil,Dusuk
28,DevOps,Mid,4.5,7,2025,12,8,17.8,44.7,0.4942,0.6992,0.6622,0.5817,0.8231,0.7932,0.8475,1.0,6.25,81.8337,0.49005,0.3252,0.36322,5,1.0912,0.0,0.2031,80.2708,64.5477,0.637,57.9651,-3.3027,0.9911,65.4883,0.5316,71.3012,Stabil,Orta
28,DevOps,Mid,4.5,8,2025,8,6,22.8,45.3,0.785,0.7088,0.6932,0.5918,0.8803,0.6752,0.9231,0.4,6.0,54.1215,0.57321,0.3606,0.31988,5,1.1252,0.0,0.1984,59.7768,71.2774,0.6521,51.4225,-4.1056,0.6934,60.8412,0.5608,58.6721,Riskli,Orta
28,DevOps,Mid,4.5,9,2025,10,7,34.4,37.9,0.631,0.6676,0.7058,0.6021,1.6246,0.8758,0.75,1.0,4.2857,149.2468,0.56187,0.4163,0.47762,5,0.9444,0.0,0.3291,81.0487,64.6443,0.7452,49.589,-5.2819,0.7758,67.6509,0.4173,58.55,Stabil,Orta
28,DevOps,Mid,4.5,10,2025,5,4,13.9,38.9,0.5723,0.6704,0.7611,0.6813,0.579,0.7771,0.7727,1.0,4.25,70.6388,0.57042,0.3637,0.5438400000000001,5,0.9304,0.0,0.1536,81.8145,62.243,0.7158,55.8224,-0.8262,0.9317,67.0984,0.3653,71.8063,Stabil,Orta
28,DevOps,Mid,4.5,11,2025,4,3,14.5,35.6,0.5229,0.6999,0.8396,0.7885,0.6729,0.7571,0.7222,0.8,4.3333,95.7204,0.45837,0.3045,0.44451,3,0.828,0.0,0.2451,77.4466,67.2275,0.5749,60.1819,3.2512,0.8197,68.2324,0.2814,74.6344,Stabil,Dusuk
28,DevOps,Mid,4.5,12,2025,8,6,25.6,47.8,0.5361,0.7035,0.6936,0.5898,1.2181,0.5926,0.7727,0.4,2.8333,224.6598,0.66357,0.4348,0.275,6,1.1274,0.0,0.238,58.2171,64.8474,0.6225,59.148,3.3037,0.8443,60.7423,0.3837,75.1086,Riskli,Orta
28,DevOps,Mid,4.5,13,2025,14,10,31.9,33.3,0.5338,0.64,0.7219,0.6422,1.5018,0.7475,0.7778,0.6,4.2,191.0356,0.5220899999999999,0.405,0.49863,5,0.8538,0.0,0.341,62.9407,60.5043,0.7071,59.0657,0.8696,0.8714,66.1428,0.3684,71.2252,Stabil,Orta
28,DevOps,Mid,4.5,14,2025,11,8,22.5,34.7,0.4567,0.7201,0.7712,0.6865,1.1884,0.7357,0.6667,1.0,2.75,123.6277,0.51102,0.3857,0.5052300000000001,5,0.8979,0.0,0.2332,82.7343,67.9616,0.7482,64.1717,1.1887,0.9159,70.286,0.2646,75.963,Stabil,Dusuk
28,DevOps,Mid,4.5,15,2025,8,6,12.9,47.6,0.3683,0.6752,0.7308,0.721,0.5042,0.7172,0.8125,0.4,4.3333,102.1342,0.5968800000000001,0.35,0.45727,3,1.1638,0.0,0.246,60.9497,62.4422,0.7665,59.9881,0.7626,0.9795,63.4875,0.3524,76.5009,Riskli,Orta
28,DevOps,Mid,4.5,16,2025,6,4,12.4,38.6,0.5911,0.6695,0.7483,0.6616,0.5966,0.719,0.8,0.8,2.0,165.7647,0.50094,0.3051,0.5054500000000001,3,0.9619,0.0,0.2308,74.319,66.4935,0.5957,68.9799,2.5559,1.0,67.5981,0.2903,81.4416,Stabil,Dusuk
28,DevOps,Mid,4.5,17,2025,8,6,28.2,35.4,0.701,0.6899,0.7686,0.6926,1.1329,0.7577,0.6923,1.0,4.5,232.1924,0.58005,0.3712,0.44121,4,0.8848,0.0,0.1539,76.6883,67.4688,0.622,62.9335,0.5277,0.9544,68.8345,0.25,76.5134,Stabil,Dusuk
28,DevOps,Mid,4.5,18,2025,12,9,31.1,38.4,0.6393,0.6867,0.7869,0.6625,1.2642,0.8104,0.7447,1.0,3.8889,116.4813,0.51948,0.2857,0.50127,4,0.9723,0.0,0.3158,80.8785,65.4455,0.6188,68.7375,2.0202,0.9589,71.5978,0.2718,78.4422,Stabil,Dusuk
28,DevOps,Mid,4.5,19,2025,8,6,22.2,37.1,0.3361,0.6943,0.7122,0.7226,0.9809,0.6293,0.76,0.4,3.1667,206.2708,0.47601,0.2742,0.4631,3,0.8866,0.0,0.1561,61.891,66.0997,0.6371,61.6597,-1.6157,0.892,66.219,0.2993,69.9436,Stabil,Dusuk
28,DevOps,Mid,4.5,20,2025,9,6,12.9,39.6,0.4941,0.6879,0.6863,0.5823,0.636,0.7795,0.7674,0.6,5.5,175.546,0.54882,0.3898,0.41822,4,0.9488,0.0,0.2126,68.666,65.5096,0.6319,58.0918,-2.1603,0.9428,63.5835,0.424,71.2051,Riskli,Orta
28,DevOps,Mid,4.5,21,2025,6,5,24.3,37.4,0.5736,0.6876,0.7912,0.6943,0.8934,0.663,0.6863,0.8,7.0,84.6276,0.60003,0.4793,0.37631,5,0.892,0.0,0.157,72.9959,61.5294,0.7701,58.2279,-3.5097,0.6675,64.6771,0.4281,55.5115,Riskli,Orta
28,DevOps,Mid,4.5,22,2025,13,10,46.3,35.2,0.5408,0.7289,0.7471,0.6733,2.2358,0.783,0.9333,0.6,2.8,147.2826,0.42705,0.3111,0.50072,3,0.8963,0.0,0.2134,72.4668,62.1774,0.7413,65.7365,1.2367,0.8801,71.1991,0.2866,72.6892,Stabil,Dusuk
28,DevOps,Mid,4.5,23,2025,13,10,29.6,39.0,0.4967,0.693,0.7625,0.6481,1.5978,0.69,0.7636,0.2,4.2,170.4569,0.50463,0.2945,0.3179,6,0.9115,0.0,0.1805,58.5768,66.6055,0.7294,55.8098,0.0662,1.0,67.6888,0.3349,77.5852,Stabil,Orta
28,DevOps,Mid,4.5,24,2025,7,5,11.8,43.8,0.7333,0.7009,0.7066,0.651,0.4424,0.6177,0.9524,0.2,4.0,266.7503,0.50517,0.3644,0.34133,5,1.1653,0.0,0.3169,56.3509,68.7072,0.7502,48.7248,-3.8436,0.8972,59.3293,0.5735,67.4802,Riskli,Orta
28,DevOps,Mid,4.5,25,2025,9,7,32.5,42.8,0.6701,0.7044,0.7407,0.5846,1.2464,0.7436,0.9583,1.0,3.2857,267.0744,0.49104,0.2678,0.5106200000000001,4,0.9991,0.0,0.2994,78.3272,64.807,0.6375,63.0305,-1.5203,0.9771,69.3649,0.3165,73.5366,Stabil,Orta
28,DevOps,Mid,4.5,26,2025,5,3,12.4,41.3,0.7399,0.6485,0.5918,0.4513,0.5084,0.71,0.75,0.8,2.0,140.6433,0.62838,0.3924,0.47707,3,1.0567,0.0,0.2512,70.8722,68.1648,0.6736,53.3198,0.6836,0.7986,58.7328,0.3876,69.9546,Riskli,Orta
28,DevOps,Mid,4.5,27,2025,7,5,21.4,38.6,0.5381,0.7097,0.7736,0.6851,1.0309,0.7131,0.875,0.4,2.8,140.148,0.48555,0.2843,0.36069,5,0.9489,0.0,0.2141,67.3959,65.6987,0.6802,66.18379999999999,4.2666,0.9566,68.5912,0.2372,81.9239,Stabil,Dusuk
28,DevOps,Mid,4.5,28,2025,10,6,28.3,32.9,0.5119,0.7092,0.6244,0.514,1.2753,0.5318,0.7826,0.4,3.0,279.0884,0.50913,0.3679,0.4133800000000001,4,0.8351,0.0,0.319,63.8744,70.4114,0.6703,59.3411,0.1796,0.8558,61.1511,0.2944,72.4154,Riskli,Dusuk
28,DevOps,Mid,4.5,29,2025,6,4,9.6,36.2,0.3988,0.7061,0.6187,0.58,0.4523,0.6323,0.7778,0.8,1.75,84.4698,0.4464,0.2887,0.4554,5,0.8995,0.0,0.197,75.9215,69.0665,0.5703,65.4711,2.9611,0.9365,63.1537,0.2886,79.9913,Riskli,Dusuk
28,DevOps,Mid,4.5,30,2025,13,9,38.9,40.9,0.8474,0.7182,0.6702,0.5328,1.3782,0.7987,0.6406,0.8,4.5556,140.0309,0.59094,0.3456,0.43076,3,0.9894,0.0,0.3526,74.6871,70.3263,0.6228,55.7082,-2.5297,1.0,66.3261,0.4862,74.6453,Stabil,Orta
28,DevOps,Mid,4.5,31,2025,9,6,16.4,33.5,0.7042,0.7261,0.6161,0.4698,0.799,0.7693,0.7879,0.6,4.3333,182.3325,0.6655500000000001,0.4188,0.4561700000000001,4,0.8257,0.0,0.3019,71.3833,69.1784,0.7146,55.0811,-2.2543,0.9599,60.2962,0.3068,72.9257,Riskli,Orta
28,DevOps,Mid,4.5,32,2025,12,7,26.4,34.2,0.5346,0.6968,0.6214,0.5838,1.3708,0.8235,0.6667,1.0,4.0,142.6365,0.4461299999999999,0.3199,0.44209,5,0.953,0.0,0.0933,80.6949,68.9477,0.6234,55.2416,-3.1316,0.8505,68.5249,0.4346,66.564,Stabil,Orta
28,DevOps,Mid,4.5,33,2025,15,9,44.9,36.8,0.8172,0.7331,0.6293,0.5301,2.2046,0.6755,0.7,0.8,1.5556,144.5703,0.59121,0.4182,0.40711,4,0.9555,0.0,0.281,77.239,62.1714,0.5409,56.0609,0.1219,0.8758,63.7015,0.3201,70.7542,Riskli,Orta
28,DevOps,Mid,4.5,34,2025,6,4,18.3,35.6,0.3165,0.6925,0.7395,0.688,0.8369,0.4751,0.6667,0.2,0.5,167.4426,0.58455,0.3336,0.31361,5,0.927,0.0,0.1347,55.2373,63.4187,0.6124,60.5267,1.7156,0.9729,62.3086,0.3216,77.9859,Riskli,Orta
28,DevOps,Mid,4.5,35,2025,6,4,8.3,31.0,0.4842,0.7152,0.7277,0.6497,0.519,0.7437,0.8333,1.0,1.25,142.1629,0.4581,0.289,0.45452,4,0.8639,0.0,0.2232,80.399,63.2774,0.5648,58.0544,1.2904,0.9169,65.1445,0.2403,74.7614,Stabil,Dusuk
28,DevOps,Mid,4.5,36,2025,5,3,11.2,51.9,0.8411,0.7078,0.6608,0.4741,0.4366,0.7945,0.95,0.8,6.3333,211.0343,0.56718,0.3257,0.44088,4,1.2757,1.0,0.1931,76.7236,66.6211,0.5995,54.2189,-0.7998,0.9089,59.6947,0.4872,72.1358,Riskli,Orta
28,DevOps,Mid,4.5,37,2025,9,6,14.8,33.3,0.6425,0.7026,0.6212,0.6041,0.7619,0.8465,0.963,0.8,4.3333,200.4367,0.49815,0.3872,0.44242,5,0.8897,1.0,0.1706,69.711,68.3492,0.7457,51.64,-3.0496,0.9385,63.8323,0.4995,70.4742,Riskli,Orta
28,DevOps,Mid,4.5,38,2025,7,5,13.7,40.9,0.5803,0.6824,0.6467,0.5638,0.6516,0.7438,0.7778,0.4,4.2,136.2128,0.43164,0.2545,0.48983,5,1.0436,1.0,0.1782,65.1914,64.8476,0.622,57.7685,-0.3437,0.9028,63.6676,0.2951,72.043,Riskli,Dusuk
28,DevOps,Mid,4.5,39,2025,10,7,31.0,44.4,0.5729,0.7383,0.7219,0.6552,1.2035,0.6886,0.6316,0.8,3.4286,197.9197,0.52758,0.3216,0.49566,3,1.0199,1.0,0.2278,72.9277,65.3511,0.6584,61.1417,2.6897,0.985,67.8794,0.3382,80.632,Stabil,Orta
28,DevOps,Mid,4.5,40,2025,10,7,34.0,42.5,0.519,0.6386,0.6892,0.5225,1.3212,0.8534,0.8293,0.8,4.8571,179.7724,0.44946,0.2962,0.39402,5,1.0801,1.0,0.1865,70.5443,70.1479,0.5827,67.3648,5.0547,1.0,68.4731,0.3168,86.4424,Stabil,Orta
28,DevOps,Mid,4.5,41,2025,6,4,17.0,40.2,0.6493,0.6723,0.6955,0.6221,0.666,0.8849,0.9048,1.0,4.75,201.9642,0.43578,0.3341,0.55088,3,0.9868,1.0,0.2275,81.0532,62.6585,0.703,58.6845,0.8971,1.0,68.1273,0.3845,77.6993,Stabil,Orta
28,DevOps,Mid,4.5,42,2025,4,3,12.9,39.4,0.4465,0.6753,0.74,0.6822,0.7217,0.8862,0.9286,1.0,4.3333,191.5826,0.5349600000000001,0.2931,0.5138100000000001,5,1.0299,0.0,0.1755,76.4781,67.5913,0.5437,67.1843,0.9448,0.9276,69.4855,0.3249,75.9957,Stabil,Orta
28,DevOps,Mid,4.5,43,2025,10,8,37.7,39.1,0.6356,0.718,0.7603,0.6394,1.6332,0.8398,0.9545,1.0,2.625,130.8469,0.4242599999999999,0.2527,0.3751,5,0.9944,0.0,0.257,82.682,66.0312,0.5227,62.0742,-0.7372,0.8965,71.7859,0.3005,71.4992,Stabil,Orta
28,DevOps,Mid,4.5,44,2025,5,4,19.8,39.0,0.6228,0.7289,0.743,0.618,0.7857,0.458,0.6667,0.4,1.5,247.7251,0.5892299999999999,0.3182,0.39281,5,0.9957,0.0,0.2308,60.2716,62.1292,0.5172,66.705,1.8951,0.9716,62.3816,0.2423,77.823,Riskli,Dusuk
28,DevOps,Mid,4.5,45,2025,8,7,21.1,41.4,0.4377,0.7643,0.8143,0.7092,0.904,0.7194,0.8846,0.6,3.2857,205.9031,0.43866,0.3054,0.39171,5,1.0346,0.0,0.2315,64.7722,68.4026,0.7536,57.8414,-2.3398,0.9544,68.6423,0.3966,72.312,Stabil,Orta
28,DevOps,Mid,4.5,46,2025,6,4,14.9,33.4,0.4628,0.7346,0.7212,0.6673,0.5674,0.6352,0.7727,0.6,4.25,24.1741,0.43749,0.2727,0.52129,4,0.8278,0.0,0.3186,72.8639,62.9621,0.746,64.14070000000001,-0.2664,0.7903,64.4336,0.2622,66.5372,Riskli,Dusuk
28,DevOps,Mid,4.5,47,2025,6,5,18.0,35.2,0.5732,0.693,0.7527,0.7035,0.644,0.6304,0.6905,0.6,5.8,255.9188,0.46584,0.2791,0.42042,5,0.8612,0.0,0.2487,67.4646,70.9573,0.6779,48.0657,-4.9619,0.8875,63.828,0.3805,65.9729,Riskli,Orta
28,DevOps,Mid,4.5,48,2025,11,7,18.5,49.6,0.5148,0.6895,0.6325,0.4886,0.7618,0.5009,0.7778,0.2,2.0,66.5321,0.5769000000000001,0.3859,0.39358,5,1.2293,1.0,0.3083,61.9653,62.184,0.7494,51.3765,-3.547,0.9019,55.9802,0.5606,66.1984,Riskli,Orta
28,DevOps,Mid,4.5,49,2025,7,5,19.7,33.6,0.5326,0.6968,0.6583,0.544,1.1268,0.8099,0.8571,0.8,3.6,172.5846,0.44289,0.2588,0.56727,3,0.8575,1.0,0.1822,71.7051,67.9972,0.7081,53.5089,-2.8585,0.9071,66.2058,0.343,69.2513,Stabil,Orta
28,DevOps,Mid,4.5,50,2025,7,6,24.8,44.5,0.5663,0.7093,0.8035,0.6752,1.0913,0.8616,0.9231,0.8,4.0,166.1246,0.6017399999999999,0.3164,0.36806,5,0.9947,1.0,0.4318,69.6881,70.8152,0.6439,59.5656,3.6632,0.8673,67.6072,0.33,78.4953,Stabil,Orta
28,DevOps,Mid,4.5,51,2025,14,10,38.6,33.5,0.7432,0.7049,0.7204,0.5502,1.5152,0.5341,0.9688,0.2,3.1,302.2295,0.5540400000000001,0.2861,0.47685,4,0.8274,1.0,0.2629,62.486,64.7434,0.6591,58.355,2.6992,0.9818,63.7535,0.2942,80.3222,Riskli,Dusuk
28,DevOps,Mid,4.5,52,2025,10,6,30.7,39.6,0.7231,0.6801,0.6411,0.549,1.2367,0.6846,0.6786,0.6,3.1667,173.4023,0.54711,0.4083,0.5507700000000001,4,0.9807,1.0,0.3342,66.4954,64.088,0.5596,53.8801,-0.0097,0.9012,62.684,0.2984,72.2661,Riskli,Dusuk
31,QA,Mid,2.7,1,2025,13,9,41.0,51.6,0.6754,0.7626,0.983450496103918,0.8730518602077637,1.6723,0.9002878531067671,0.7241,0.6,2.3333,172.2956,0.2635773668850715,0.3255,0.7650608798125534,4,1.2741,1.0,0.1857,70.3123,69.1761,0.4851,45.6526287146876,0.0,0.6976,62.658508,0.7928999471947895,64.6455,Riskli,Yuksek
31,QA,Mid,2.7,2,2025,13,8,29.6,40.5,0.5966,0.7843,0.9892883446763656,0.9585573786531416,1.5943,0.8273431050761817,0.9286,1.0,3.25,139.5445,0.3478346259216627,0.4019,0.6779019752078763,5,1.0624,1.0,0.32,83.589,76.5283,0.3808,59.5899558001249,6.4919,0.6687,64.481914,0.5606953497319289,75.6956,Riskli,Orta
31,QA,Mid,2.7,3,2025,8,6,16.0,46.7,0.5425,0.7801,0.9850670865887692,0.8516690089032033,0.9653,0.9163589673094988,0.8636,0.2,6.3333,70.5111,0.2556475652392661,0.2908,0.8480239157924978,5,1.1759,1.0,0.2273,63.5714,69.3354,0.4506,47.45178110770839,3.1925,0.5953,60.92861,0.5258940438200485,65.0774,Riskli,Orta
31,QA,Mid,2.7,4,2025,3,2,7.3,42.2,0.4472,0.7616,0.9357919060625168,0.960802123868463,0.3145,0.9418571858791328,0.7273,0.4,4.0,182.6081,0.3342742264037888,0.3018,0.747766487103958,3,1.0026,1.0,0.0962,66.3562,70.4615,0.3998,40.67770151761023,3.028,0.6629,61.818294,0.5427860592266084,68.2012,Riskli,Orta
31,QA,Mid,2.7,5,2025,10,7,31.2,40.4,0.6067,0.8029,0.9692936067944008,0.9899415397928104,1.3851,0.908136067567608,0.7368,1.0,2.0,171.656,0.31625491076924156,0.2857,0.7421586850188092,7,1.0198,1.0,0.219,84.0795,67.5224,0.5213,42.85670925730431,0.6591,0.6705,66.279033,0.6170147467409896,63.9574,Stabil,Yuksek
31,QA,Mid,2.7,6,2025,7,5,19.7,46.9,0.3819,0.783,0.9074510202478268,0.8596129782233346,0.9344,0.9367296990183152,0.7143,0.6,3.0,201.3696,0.3821212793175731,0.3277,0.8064005218018905,3,1.1636,1.0,0.346,79.2042,71.9721,0.2755,43.874938854561805,-0.4586,0.6979,61.272766,0.7010900674424297,64.7814,Riskli,Yuksek
31,QA,Mid,2.7,7,2025,8,6,12.3,43.9,0.4886,0.8002,0.9117804206713268,0.8885146628825896,0.6067,0.831840631278343,0.7381,1.0,5.1667,164.4796,0.4010880594143456,0.348,0.7948871627680653,5,1.1044,0.0,0.22,80.4946,75.6304,0.486,44.24910680454207,-1.431,0.5915,65.21523400000001,0.7027961312641371,59.5721,Stabil,Yuksek
31,QA,Mid,2.7,8,2025,12,7,19.3,50.7,0.6105,0.7832,0.9719663101094882,0.907861038014101,0.7471,0.8369621239621746,0.9355,0.2,4.1429,242.5597,0.429181642719293,0.3587,0.7152595684206436,5,1.2945,1.0,0.1624,67.3686,70.4397,0.4055,56.780602433413065,-4.5706,0.5913,53.881268999999996,0.6249404975866223,53.0981,Riskli,Yuksek
31,QA,Mid,2.7,9,2025,5,3,14.8,50.9,0.713,0.8091,0.926468396611454,0.9259731549542748,0.7153,0.9126006274879346,0.7143,1.0,3.3333,287.0719,0.38630736774426755,0.3131,0.6953481036045367,6,1.2655,2.0,0.1255,87.7803,72.7694,0.5622,49.736291940223765,-3.8614,0.6228,58.4328,0.6389023316228154,56.324,Riskli,Yuksek
31,QA,Mid,2.7,10,2025,11,7,33.8,42.8,0.5818,0.7508,0.9211851980284032,0.9330832072242226,1.674,0.8299405099203021,0.6957,1.0,4.5714,188.5117,0.4624811027118727,0.4011,0.7588540725801011,5,1.0915,2.0,0.1934,86.7738,71.9535,0.507,52.22619209037801,-0.7475,0.7001,63.34090299999999,0.5009381311539929,64.4216,Riskli,Orta
31,QA,Mid,2.7,11,2025,8,6,17.9,38.2,0.4856,0.7574,0.956342908548828,0.9675654277428486,0.9287,0.8953672104161329,0.6522,1.0,5.0,236.888,0.3355866914325262,0.3114,0.7998866159864824,5,0.9628,2.0,0.2854,83.3751,75.8215,0.4808,59.00774156380794,2.1411,0.654,64.73101,0.7715704395282749,68.0241,Riskli,Yuksek
31,QA,Mid,2.7,12,2025,16,10,21.6,50.7,0.682,0.77,0.9784317106051644,0.895335472916243,0.834,0.8086902961607056,0.74,0.4,3.7,177.7849,0.30359992314532275,0.4004,0.7049715083365786,5,1.2686,3.0,0.2261,66.4397,75.2503,0.4302,42.12894124021802,0.6745,0.8217,55.367405999999995,0.7846951412213181,73.1065,Riskli,Yuksek
31,QA,Mid,2.7,13,2025,3,2,4.8,45.0,0.5684,0.797,0.9111027264279822,0.9389731712451442,0.3103,0.8261572949436488,0.75,0.6,4.5,164.1678,0.3976112291835317,0.4637,0.7365635156657293,3,1.1476,3.0,0.1896,72.8646,72.6136,0.3802,58.0286540974657,-0.2944,0.6934,56.172021,0.642941418495206,65.0269,Riskli,Yuksek
31,QA,Mid,2.7,14,2025,9,6,17.4,41.4,0.4497,0.7685,0.9399738267709118,0.9930048606689372,1.1684,0.8260333030057873,0.9394,1.0,5.1667,266.828,0.3085090777158977,0.313,0.6966330187657626,5,1.0626,2.0,0.1959,82.4163,69.2259,0.4564,56.69166510369893,2.5627,0.7092,66.100844,0.7771256552533021,69.1873,Stabil,Yuksek
31,QA,Mid,2.7,15,2025,12,8,17.6,42.0,0.7055,0.8413,0.9764717877941286,0.9231625580914072,0.7275,0.9108070244113088,0.9118,0.4,3.875,154.8517,0.3078388940062952,0.2992,0.7732705936312905,8,1.1381,1.0,0.2129,73.163,71.1115,0.6138,48.934280393992346,2.6899,0.6334,61.548925,0.701076431606617,66.5396,Riskli,Yuksek
31,QA,Mid,2.7,16,2025,6,4,11.6,41.1,0.5465,0.7728,0.9358778402875536,0.9696915227007934,0.6212,0.8705148842970705,1.0,0.6,2.75,211.1493,0.27853480961844795,0.3347,0.7954821111337735,5,1.0301,1.0,0.1881,70.0059,75.1562,0.464,50.78196598576071,2.4767,0.621,62.683243,0.7418290524663314,66.8639,Riskli,Yuksek
31,QA,Mid,2.7,17,2025,9,6,15.4,42.7,0.4796,0.793,0.9214059119219464,0.9738515699693954,0.8347,0.8605308790911724,1.0,1.0,2.3333,78.5674,0.498126100816407,0.3434,0.843872387365223,6,1.0453,1.0,0.2736,89.4121,75.0635,0.5346,59.35705047503987,2.8939,0.6766,65.609927,0.774683440091841,69.9885,Stabil,Yuksek
31,QA,Mid,2.7,18,2025,4,3,6.6,45.3,0.5786,0.8074,0.9955148391231454,0.8864145354040224,0.335,0.8288834743643134,0.6923,0.2,3.0,106.6179,0.39634592355542725,0.3667,0.7743902534483494,6,1.1204,0.0,0.3198,65.699,72.6957,0.4434,47.44951728961501,-0.1029,0.5772,57.012623,0.7028884193635894,60.1212,Riskli,Yuksek
31,QA,Mid,2.7,19,2025,8,5,22.5,52.7,0.5153,0.783,0.9161167867075964,0.9174291723385212,0.9868,0.8650545841592449,0.9286,0.8,5.2,108.0922,0.2608774925308907,0.4174,0.7627412889371592,4,1.307,1.0,0.2175,75.7093,70.968,0.4321,47.3982725749794,-3.5514,0.5857,59.741524,0.7012008270572554,54.5999,Riskli,Yuksek
31,QA,Mid,2.7,20,2025,10,7,31.4,42.3,0.5266,0.7846,0.9373440273240484,0.9508001672453976,1.4548,0.8792863371529598,0.7059,0.2,3.4286,252.4467,0.26431550850001695,0.4106,0.7333062163397525,4,1.0714,1.0,0.282,68.8815,70.1297,0.5041,52.26972517581115,-6.3892,0.6655,60.234477999999996,0.7892201797677652,53.5033,Riskli,Yuksek
31,QA,Mid,2.7,21,2025,12,8,28.1,45.9,0.7197,0.7654,0.9531319114303434,0.8622203689206623,1.4009,0.8254415752866029,0.6389,1.0,2.875,161.5489,0.36888921685109355,0.3783,0.7125808285268856,6,1.1346,1.0,0.1859,87.7599,67.6423,0.4127,58.556314534491605,-0.9682,0.6496,63.242642,0.5921931089290584,60.5132,Riskli,Orta
31,QA,Mid,2.7,22,2025,9,7,32.2,37.0,0.6296,0.76,0.915007265836675,0.9535292636762756,1.3174,0.9018369600666818,0.7895,0.8,4.2857,154.8114,0.28500233981047385,0.3821,0.7468953650751262,5,1.0094,1.0,0.3105,77.5013,73.2559,0.4757,43.96032562361889,-0.4897,0.5951,65.240842,0.5391984432940969,60.4899,Stabil,Orta
31,QA,Mid,2.7,23,2025,6,4,15.2,41.9,0.5479,0.8092,0.929334089581277,0.936154279748609,0.7122,0.8636256907358496,0.6667,0.2,5.0,217.9026,0.4473070791224044,0.441,0.7337708344926573,3,1.0514,1.0,0.2509,67.6073,69.7257,0.3331,40.72278767045008,0.18,0.5004,57.779311,0.7138283940975535,56.2156,Riskli,Yuksek
31,QA,Mid,2.7,24,2025,10,7,20.2,51.8,0.6857,0.7489,0.9423640872799242,0.9999781824820873,0.9294,0.8978954446774008,0.8333,0.2,3.5714,217.2255,0.3336130605354302,0.4282,0.8352370348022644,4,1.2941,2.0,0.2422,65.2138,71.3602,0.3269,44.21976675350496,-0.7162,0.5455,55.61107,0.5002272814252279,57.3348,Riskli,Orta
31,QA,Mid,2.7,25,2025,10,7,34.8,46.9,0.6954,0.8186,0.9449810313281272,0.9773421662155304,1.6243,0.8442918900366454,0.96,1.0,3.4286,152.7443,0.34843521189717774,0.3185,0.7595951171691833,5,1.1509,1.0,0.2181,85.9817,75.5488,0.5782,45.12961488707392,4.0107,0.4817,67.092863,0.5084382428655345,63.1097,Stabil,Orta
31,QA,Mid,2.7,26,2025,6,5,20.2,48.8,0.6306,0.7607,0.9928565614463304,0.882961965419044,0.9018,0.8458540082718522,0.6486,0.6,4.8,108.5541,0.4358471908702109,0.352,0.741401277276424,5,1.1952,1.0,0.2588,76.434,72.8438,0.517,43.20266223637619,2.8048,0.7948,64.491905,0.682695695133079,74.5,Riskli,Yuksek
31,QA,Mid,2.7,27,2025,10,7,15.0,46.6,0.5927,0.7891,0.9485404202474104,0.9256486522748903,0.6198,0.9229334221644758,0.9714,0.2,4.8571,159.7486,0.3785559271568416,0.2906,0.7635393600961538,4,1.1441,1.0,0.3216,60.0683,74.9524,0.5693,55.54380107109155,0.9532,0.7345,61.674443,0.6200697332711574,69.5271,Riskli,Yuksek
31,QA,Mid,2.7,28,2025,13,9,43.7,43.8,0.4815,0.7841,0.9619550742407637,0.8838741850669802,1.8152,0.8061584214963218,0.918,1.0,6.2222,182.0618,0.4715505834904367,0.3112,0.8312251557947157,4,1.0465,1.0,0.3095,86.585,72.3031,0.3846,44.37953114785357,-3.9501,0.5828,65.521172,0.6051798747929187,54.2437,Stabil,Yuksek
31,QA,Mid,2.7,29,2025,7,5,23.0,38.8,0.558,0.7604,0.9575419484111912,0.8949482893950165,1.3093,0.8632081218331886,0.6818,0.2,3.0,153.8007,0.27144084679848157,0.3841,0.7711091026597706,4,0.8898,1.0,0.2147,66.134,66.8667,0.4568,53.0614207053208,2.3667,0.5953,62.030627,0.5737239143442079,63.045,Riskli,Orta
31,QA,Mid,2.7,30,2025,7,4,19.4,44.1,0.5695,0.798,0.9884454675469528,0.9520157224541644,1.036,0.9324686700223492,0.92,1.0,5.75,157.9033,0.4940288584973186,0.3147,0.7397306168384697,4,1.0793,0.0,0.2422,87.8655,67.9737,0.5716,55.41866102228696,1.2205,0.7007,65.34084899999999,0.7366435014405106,66.3319,Stabil,Yuksek
31,QA,Mid,2.7,31,2025,3,2,4.2,46.6,0.5771,0.7521,0.9893159900276316,0.9742502979902145,0.1864,0.8073512002656243,1.0,1.0,1.5,224.0448,0.3793184020802734,0.5081,0.6907651050947347,4,1.2223,1.0,0.1603,83.8127,74.5263,0.4728,53.9782249854647,-0.8812,0.5919,54.867273999999995,0.5537515560654992,60.1144,Riskli,Orta
31,QA,Mid,2.7,32,2025,10,7,29.0,46.9,0.5565,0.7704,0.959611363880786,0.9940181175347028,1.4158,0.8935285578742038,0.7273,0.8,4.5714,151.1024,0.46532024527070676,0.4082,0.6877823353782616,6,1.1388,1.0,0.3833,80.314,70.5803,0.408,52.04428290449376,-3.5617,0.641,62.445398999999995,0.7302169904585328,56.9554,Riskli,Yuksek
31,QA,Mid,2.7,33,2025,9,6,15.1,46.0,0.3882,0.8148,0.9075013641995164,0.8677753537121297,0.6205,0.8625474018602047,0.6667,0.6,1.6667,226.1894,0.34773216908423416,0.3163,0.7270361383270653,3,1.1263,1.0,0.2321,74.2824,72.2634,0.3178,59.027209052469175,1.0589,0.6019,58.920224999999995,0.6986032091676156,62.9173,Riskli,Yuksek
31,QA,Mid,2.7,34,2025,7,5,22.8,51.1,0.7583,0.8086,0.9378730899280752,0.9013083034479152,0.962,0.8599442592997649,0.88,0.4,4.4,249.1449,0.32022402498933666,0.3944,0.6754589256784403,4,1.2148,2.0,0.2284,65.4734,75.6276,0.324,45.01383907893174,0.3247,0.5869,58.069244,0.7083951656783722,62.1064,Riskli,Yuksek
31,QA,Mid,2.7,35,2025,9,5,14.4,50.5,0.4237,0.7822,0.921079655915057,0.8609935990933592,0.928,0.9496372876251667,0.8,0.4,4.8,207.4672,0.35198504807261477,0.3657,0.7420186085201363,5,1.2295,3.0,0.2046,66.3024,67.5403,0.4656,53.899013372176974,-0.6937,0.7235,56.408701,0.6595886065541987,64.235,Riskli,Yuksek
31,QA,Mid,2.7,36,2025,11,7,23.9,52.4,0.7301,0.8057,0.9021217873067642,0.9175019948328093,0.9025,0.8597856633476494,0.8,0.6,6.2857,189.752,0.2995834064331935,0.3539,0.7596260430819827,5,1.3,4.0,0.2208,71.0049,70.3954,0.5007,45.381647907724336,-2.5823,0.7344,56.709692,0.6277968906127597,62.6325,Riskli,Yuksek
31,QA,Mid,2.7,37,2025,11,7,37.1,49.1,0.7442,0.7903,0.9549283707137296,0.8836436706550966,1.5122,0.8194833204128135,0.7568,0.8,4.0,254.2476,0.47024931201694026,0.3908,0.8533514090874023,4,1.2394,4.0,0.1793,78.1096,76.8324,0.3975,40.16935514860893,-2.6766,0.7569,58.677337,0.7678266172740837,65.426,Riskli,Yuksek
31,QA,Mid,2.7,38,2025,9,7,27.3,42.9,0.6042,0.7883,0.987374423656082,0.9064103805550524,1.0873,0.8273202037421895,0.6364,0.8,4.0,224.4961,0.4242245899220737,0.3707,0.7240633651778724,4,1.1172,4.0,0.2631,84.1138,70.9851,0.3913,47.52517966925681,0.4765,0.6385,62.58052,0.5002459047850396,63.2734,Riskli,Orta
31,QA,Mid,2.7,39,2025,8,5,14.2,43.9,0.5257,0.7655,0.9380833742675948,0.9411626716358829,0.4796,0.9316123857699788,0.7059,0.6,4.8,183.8597,0.42315226176228204,0.1883,0.763672552906816,6,1.1002,4.0,0.1867,75.982,67.8647,0.5675,53.912572500962085,5.8897,0.7273,60.058423,0.7798505511790993,74.7918,Riskli,Yuksek
31,QA,Mid,2.7,40,2025,3,2,4.6,43.3,0.7486,0.7529,0.9173564200077032,0.8731614962600356,0.222,0.9452243600977884,1.0,0.2,3.0,176.3066,0.41313045957153044,0.3878,0.7487953694673898,5,1.1218,3.0,0.1822,61.4505,75.6304,0.5574,49.74431341054196,3.9575,0.8221,59.762282,0.5611875019427028,78.3691,Riskli,Orta
31,QA,Mid,2.7,41,2025,10,8,35.6,37.6,0.3473,0.7661,0.9979059737609942,0.8685699188064243,1.5603,0.8335853296302911,0.8182,0.4,5.625,142.5653,0.4986184598352227,0.2628,0.7268203931264039,4,0.8936,2.0,0.2699,69.1592,69.2326,0.4545,42.574095788885,1.5815,0.6098,66.741044,0.5944480354339796,63.1832,Stabil,Orta
31,QA,Mid,2.7,42,2025,5,4,16.8,43.6,0.5426,0.7526,0.9266925428265984,0.9309042724600444,0.8313,0.8895469849876239,1.0,1.0,2.25,203.2065,0.4259656527566119,0.3293,0.7347008293778898,4,1.1134,1.0,0.2222,85.9491,71.8862,0.5101,49.30448209336775,0.6601,0.7093,65.71070999999999,0.6806076638282417,67.0144,Stabil,Yuksek
31,QA,Mid,2.7,43,2025,11,8,36.4,43.8,0.4749,0.8044,0.9915128925012138,0.850343708911638,1.734,0.8553453366744712,0.6923,0.2,3.375,199.5262,0.4931101176845791,0.363,0.8082458743299409,5,1.1058,0.0,0.2448,67.8258,72.5282,0.4332,59.51964923080956,0.9441,0.5806,63.51414499999999,0.6344728619406904,61.8615,Riskli,Yuksek
31,QA,Mid,2.7,44,2025,10,8,31.0,39.0,0.3431,0.7856,0.9976746984254068,0.9801002504381012,1.2257,0.8578345953086657,0.963,0.6,3.25,239.0617,0.42679397286125137,0.2978,0.6798643617106002,4,1.0023,0.0,0.2356,72.7237,73.9326,0.3884,46.854605219485904,0.6784,0.6882,68.01358699999999,0.6474947850273012,66.7077,Stabil,Yuksek
31,QA,Mid,2.7,45,2025,7,5,17.5,45.6,0.5106,0.7555,0.9845906969635854,0.9411778583597188,0.6471,0.8015286485965567,0.8462,0.4,2.2,177.8914,0.48437127114447737,0.3987,0.7312868434889295,5,1.1891,0.0,0.2147,70.8858,74.5623,0.4444,57.47358915645045,-0.7194,0.8212,60.591632,0.5820938468555944,70.6984,Riskli,Orta
31,QA,Mid,2.7,46,2025,10,8,26.4,45.1,0.5529,0.716,0.9663572563765936,0.9206129774397386,1.0203,0.9283639089425448,0.6897,0.4,5.0,194.6805,0.3050363991707112,0.2607,0.8201337381624185,6,1.1444,0.0,0.0931,64.4188,66.8936,0.4017,45.62520179524882,-1.415,0.5329,63.448767000000004,0.6704876500262796,54.3375,Riskli,Yuksek
31,QA,Mid,2.7,47,2025,9,7,33.8,45.6,0.3862,0.7401,0.9513030796640474,0.8853915060895157,1.5969,0.9412664422149242,0.9545,1.0,3.0,155.8797,0.323949778672168,0.3233,0.7418539976733004,4,1.1168,0.0,0.2542,86.4384,67.6481,0.4314,46.4597046956531,-2.1887,0.6809,70.018577,0.7059544340747953,60.017,Stabil,Yuksek
31,QA,Mid,2.7,48,2025,7,4,12.2,52.3,0.6956,0.7767,0.9513202836367398,0.9551989098060568,0.61,0.894975352441769,0.6591,1.0,7.25,201.74,0.2740860475609646,0.4208,0.7650165060011698,6,1.3035,1.0,0.2622,84.6653,69.9362,0.4891,59.5346277650852,-1.3964,0.5143,55.459652999999996,0.7482278095529715,54.4438,Riskli,Yuksek
31,QA,Mid,2.7,49,2025,7,5,10.8,48.6,0.7267,0.7138,0.9200483402352636,0.8684988366329522,0.6552,0.9262571588418536,1.0,1.0,2.6,147.4704,0.4174435998254102,0.4077,0.6678738440122525,4,1.1758,1.0,0.1481,79.7648,74.6461,0.6767,54.98166158130298,-2.3762,0.6804,63.01750499999999,0.6493926711283698,61.7972,Riskli,Yuksek
31,QA,Mid,2.7,50,2025,9,7,33.7,35.8,0.4266,0.7603,0.9612173356344452,0.8862825211906575,1.2737,0.8054163446922626,0.75,0.2,5.1429,230.6327,0.36002461627259924,0.2991,0.8333661951940425,6,0.9423,1.0,0.2724,63.5963,68.0409,0.5473,55.33364344428883,0.4329,0.6618,65.589266,0.6980072725378152,63.368,Stabil,Yuksek
31,QA,Mid,2.7,51,2025,11,6,26.2,48.5,0.3643,0.7663,0.9095737680026424,0.95159592366055,1.3305,0.8857295775619498,0.6364,0.8,3.5,283.6784,0.3556143042686456,0.356,0.7409135368173186,5,1.2189,2.0,0.3304,77.8808,71.494,0.4757,52.59766094811065,-0.4458,0.5887,57.167726,0.7239764482386579,59.741,Riskli,Yuksek
31,QA,Mid,2.7,52,2025,7,4,18.9,45.0,0.8477,0.7592,0.99567473931052,0.9824524505093,0.6942,0.8607100212076548,0.9333,0.6,3.5,219.2822,0.40618704806295836,0.3974,0.7435439562062938,6,1.1066,2.0,0.1708,77.8893,69.9985,0.4548,53.80292108910589,-1.9729,0.5335,58.022878,0.5704557774743592,54.4252,Riskli,Orta
32,DevOps,Lead,14.1,1,2025,10,9,19.6,45.7,0.5042,0.6773,0.9235,0.714,0.9465,0.7837,0.9714,0.4,3.7778,168.9073,0.3627,0.2153,0.5767300000000001,5,1.0448,0.0,0.3026,62.5267,77.0608,0.8822,89.3242,0.0,0.669,79.41811500000001,0.1668,65.7218,Stabil,Dusuk
32,DevOps,Lead,14.1,2,2025,6,5,24.4,36.2,0.5162,0.6861,0.8919,0.7614,1.5069,0.6981,0.8,0.2,4.8,196.3898,0.39294,0.258,0.5754100000000001,3,0.9462,0.0,0.4182,63.6371,74.6874,0.7101,85.8722,-3.452,0.5527,78.18447,0.331,54.3835,Stabil,Orta
32,DevOps,Lead,14.1,3,2025,6,5,16.8,41.8,0.5513,0.687,0.8994,0.8043,0.6815,0.6221,0.8333,0.4,3.0,224.6588,0.2475,0.2428,0.7648300000000001,3,1.0085,0.0,0.2922,62.4671,77.0064,0.6979,90.1324,0.4041,0.7563,79.09545,0.2206,70.2677,Stabil,Dusuk
32,DevOps,Lead,14.1,4,2025,11,10,29.2,34.5,0.4321,0.6751,0.9377,0.8339,1.0407,0.6358,0.6949,0.6,4.1,50.6844,0.26946,0.1758,0.6837600000000001,3,0.8589,0.0,0.3367,71.6249,75.1983,0.7623,84.7676,-0.9409,0.7009,80.16183000000001,0.2048,65.1278,Yuksek,Dusuk
32,DevOps,Lead,14.1,5,2025,10,9,19.2,39.1,0.682,0.7124,0.8547,0.7171,0.9014,0.6396,0.8222,0.4,4.1111,250.2933,0.3771899999999999,0.2397,0.74382,0,0.9446,0.0,0.3168,63.2828,79.3075,0.8827,83.517,-1.243,0.6683,76.90599,0.2609,64.4241,Stabil,Dusuk
32,DevOps,Lead,14.1,6,2025,7,6,29.7,48.6,0.875,0.7142,0.7951,0.731,1.3593,0.8438,0.8,1.0,3.3333,147.8488,0.3957299999999999,0.2703,0.63382,4,1.1563,0.0,0.264,78.3705,81.2056,0.9127,76.751,-4.1395,0.6345,79.387245,0.4392,58.9455,Stabil,Orta
32,DevOps,Lead,14.1,7,2025,5,4,15.7,38.5,0.5177,0.7031,0.872,0.8735,0.726,0.8271,0.8333,1.0,3.75,110.959,0.29997,0.2237,0.67122,2,0.9391,0.0,0.2791,82.9758,77.8934,0.9152,85.7285,-0.3883,0.6258,82.31979,0.1785,63.4218,Yuksek,Dusuk
32,DevOps,Lead,14.1,8,2025,9,8,31.9,41.6,0.4954,0.7063,0.9213,0.855,1.2317,0.7535,0.807,1.0,5.75,43.8872,0.34263,0.1998,0.69542,2,1.0697,0.0,0.2715,75.398,76.8146,0.7923,84.1327,1.0825,0.6596,82.79187,0.2766,66.9178,Yuksek,Dusuk
32,DevOps,Lead,14.1,9,2025,11,10,34.8,37.3,0.7387,0.6989,0.9161,0.8031,1.6434,0.6331,0.7778,0.4,2.8,194.3122,0.46035,0.2947,0.7058700000000001,2,0.9022,0.0,0.3704,63.6761,81.7213,0.8964,74.6495,-0.79,0.6747,78.682905,0.1618,66.1445,Stabil,Dusuk
32,DevOps,Lead,14.1,10,2025,8,7,18.1,41.4,0.4738,0.7186,0.9168,0.8708,0.7539,0.6617,0.7222,0.6,1.8571,147.0631,0.30141,0.1202,0.5871800000000001,3,0.9995,0.0,0.2641,69.4971,74.4784,0.785,80.248,-2.5925,0.6879,79.78288500000001,0.3083,61.7483,Stabil,Orta
32,DevOps,Lead,14.1,11,2025,6,6,20.0,41.1,0.7419,0.6936,0.9304,0.8093,0.9281,0.6895,0.65,0.4,4.3333,123.965,0.40797,0.3127,0.65439,3,1.003,0.0,0.4161,66.6092,79.751,0.9237,81.9441,-0.0967,0.449,77.882175,0.2073,56.4805,Stabil,Dusuk
32,DevOps,Lead,14.1,12,2025,13,11,33.4,45.3,0.5962,0.6857,0.8739,0.7692,1.5892,0.7124,0.6923,0.8,3.2727,109.842,0.41679,0.2465,0.7113700000000002,2,1.1518,0.0,0.4132,76.6689,73.4444,0.833,73.4532,-0.1893,0.6737,78.53328,0.3655,64.5534,Stabil,Orta
32,DevOps,Lead,14.1,13,2025,9,8,18.0,45.2,0.5068,0.7427,0.8464,0.7289,0.8474,0.7988,0.6923,0.8,5.625,133.2878,0.37107,0.2061,0.60962,3,1.0915,0.0,0.2676,78.5134,76.9802,0.8409,78.05,-1.5085,0.7352,78.41652,0.4014,66.3198,Stabil,Orta
32,DevOps,Lead,14.1,14,2025,9,9,38.2,36.1,0.5296,0.651,0.9721,0.9011,2.0176,0.7602,0.7143,0.8,3.3333,162.3179,0.37656,0.2595,0.7425000000000002,3,0.9081,0.0,0.3774,75.1294,80.6603,0.7365,92.0943,3.5048,0.6825,85.12917,0.1907,72.8884,Yuksek,Dusuk
32,DevOps,Lead,14.1,15,2025,9,8,37.2,44.1,0.5295,0.672,0.9112,0.8127,1.4541,0.697,0.8261,0.8,2.375,203.1517,0.46557,0.3186,0.7836400000000001,1,1.0858,0.0,0.3411,68.6543,77.5745,0.801,88.1088,5.8011,0.7175,81.113235,0.3207,77.1243,Yuksek,Orta
32,DevOps,Lead,14.1,16,2025,10,9,22.6,42.4,0.5076,0.7354,0.9469,0.8621,1.0874,0.6662,0.7455,0.4,4.5556,226.8882,0.31725,0.2211,0.69333,2,1.0387,0.0,0.2966,61.036,82.2489,0.7578,88.8142,2.8307,0.6551,81.4422,0.2724,71.0752,Yuksek,Dusuk
32,DevOps,Lead,14.1,17,2025,7,7,16.7,43.1,0.637,0.7173,0.9577,0.8285,0.6709,0.7332,0.8824,1.0,2.1429,87.9412,0.41598,0.244,0.5346000000000001,5,1.0758,0.0,0.3444,77.9739,82.3461,0.8452,83.0247,-2.6504,0.8239,79.857015,0.3037,70.136,Stabil,Orta
32,DevOps,Lead,14.1,18,2025,11,9,28.9,45.4,0.7529,0.6591,0.8321,0.6714,1.1748,0.8065,0.8636,1.0,2.1111,151.0085,0.38268,0.2832,0.7096100000000001,2,1.1025,0.0,0.3093,75.0679,79.4933,0.8496,84.0117,-1.8081,0.6833,79.075395,0.3357,64.2726,Stabil,Orta
32,DevOps,Lead,14.1,19,2025,5,4,16.1,40.2,0.5093,0.718,0.8724,0.7824,0.7113,0.8054,0.8125,1.0,3.25,181.0929,0.35055,0.2567,0.70642,3,0.9996,0.0,0.3666,75.3204,74.8214,0.95,85.0501,-1.0305,0.6301,79.83633,0.187,61.69,Stabil,Dusuk
32,DevOps,Lead,14.1,20,2025,8,8,29.2,40.0,0.4792,0.6971,0.9379,0.9,1.4396,0.6618,0.6939,0.4,4.25,94.8194,0.37359,0.2758,0.76868,1,0.9814,0.0,0.3377,61.8609,79.987,0.8592,83.6518,0.292,0.5782,82.19557499999999,0.2172,62.9703,Yuksek,Dusuk
32,DevOps,Lead,14.1,21,2025,12,9,32.9,45.9,0.554,0.7319,0.7725,0.6609,1.2096,0.8232,0.8163,0.8,4.4444,183.551,0.43551,0.3186,0.7672500000000001,2,1.1953,0.0,0.3253,70.3387,77.0711,0.7784,76.5336,-2.3832,0.6963,75.474315,0.5375,63.2296,Stabil,Orta
32,DevOps,Lead,14.1,22,2025,6,5,14.4,44.1,0.4804,0.7162,0.8767,0.8295,0.6954,0.6634,0.7273,0.4,3.2,173.3833,0.3501,0.2225,0.60038,4,1.0799,0.0,0.3783,61.198,82.1861,0.8541,86.8298,-0.1779,0.6798,77.18130000000001,0.2708,67.4689,Stabil,Dusuk
32,DevOps,Lead,14.1,23,2025,8,7,25.6,40.0,0.5234,0.684,0.8987,0.7696,1.3819,0.8476,0.8214,1.0,3.2857,146.8966,0.35856,0.2204,0.60423,3,0.9723,0.0,0.2848,75.0701,79.8201,0.8632,77.884,-0.7007,0.6943,82.538505,0.2078,66.5968,Yuksek,Dusuk
32,DevOps,Lead,14.1,24,2025,10,9,30.1,47.9,0.7547,0.735,0.919,0.7645,1.1284,0.8213,0.7671,1.0,6.2222,177.0898,0.43695,0.2881,0.73755,2,1.147,0.0,0.3902,78.1247,75.8364,0.8634,74.9973,-1.3555,0.7201,79.29915,0.3399,65.5359,Stabil,Orta
32,DevOps,Lead,14.1,25,2025,14,13,56.2,41.2,0.4927,0.7114,0.9,0.887,2.1553,0.7585,0.6321,0.8,5.1538,198.8076,0.2925,0.2686,0.64966,4,1.0563,0.0,0.3349,73.3101,75.9213,0.95,80.965,-2.0481,0.6545,83.558475,0.2969,61.5293,Yuksek,Dusuk
32,DevOps,Lead,14.1,26,2025,8,7,17.3,40.3,0.5626,0.7113,0.8141,0.6642,0.7093,0.7835,0.8049,0.4,4.7143,160.438,0.38799,0.2634,0.79101,2,1.0625,0.0,0.385,65.6556,78.1213,0.8011,75.1092,-0.2357,0.655,74.58234,0.3166,65.0425,Stabil,Orta
32,DevOps,Lead,14.1,27,2025,10,9,27.3,44.0,0.578,0.6918,0.8816,0.7634,1.3151,0.8768,0.8913,0.8,4.5556,132.8007,0.43308,0.2688,0.67342,2,1.0809,0.0,0.3387,69.6993,73.1681,0.7291,82.8478,1.7696,0.7297,80.14660500000001,0.2479,70.0532,Yuksek,Dusuk
32,DevOps,Lead,14.1,28,2025,6,5,16.3,32.3,0.8065,0.6897,0.827,0.7609,0.7345,0.7589,0.8824,0.6,3.0,164.9245,0.38475,0.2834,0.64427,4,0.8408,0.0,0.4031,65.805,74.8161,0.931,80.8699,0.7453,0.7044,75.18672,0.1318,67.8054,Stabil,Dusuk
32,DevOps,Lead,14.1,29,2025,4,4,8.0,34.4,0.444,0.6658,0.9279,0.8204,0.3769,0.6138,0.875,0.2,1.75,135.0308,0.30672,0.1175,0.84106,2,0.8943,0.0,0.3693,56.6393,75.7082,0.95,84.7346,2.6898,0.4898,76.36030500000001,0.209,61.4566,Stabil,Dusuk
32,DevOps,Lead,14.1,30,2025,8,7,27.9,41.7,0.4332,0.6861,0.8607,0.7882,0.9885,0.767,0.9032,0.6,4.0,201.8557,0.35316,0.1799,0.6881600000000001,3,1.0093,0.0,0.2851,65.5861,78.6824,0.9118,85.1233,1.0691,0.4233,79.63168499999999,0.2011,56.8234,Stabil,Dusuk
32,DevOps,Lead,14.1,31,2025,10,9,22.4,39.6,0.7323,0.6936,0.8675,0.6945,1.0914,0.6589,0.9,0.2,5.0,259.5499,0.44892,0.2773,0.62579,3,0.983,0.0,0.3285,57.2201,78.7144,0.925,79.2594,-0.4443,0.5098,75.22777500000001,0.2496,58.3617,Stabil,Dusuk
32,DevOps,Lead,14.1,32,2025,7,6,29.9,39.0,0.5118,0.6951,0.7874,0.7539,1.5526,0.7579,0.881,1.0,6.1667,256.5908,0.38295,0.3203,0.6620900000000001,2,1.0026,0.0,0.2095,80.4117,81.8173,0.8012,79.0091,-2.3041,0.5456,80.61605999999999,0.2823,57.9978,Yuksek,Dusuk
32,DevOps,Lead,14.1,33,2025,5,5,13.9,37.5,0.5179,0.7054,0.9029,0.7905,0.6825,0.713,0.84,0.6,4.2,66.7245,0.34785,0.2074,0.7390900000000001,3,0.9221,0.0,0.2854,64.5775,74.5863,0.862,85.5262,0.0958,0.5625,78.00995999999999,0.2302,60.3377,Stabil,Dusuk
32,DevOps,Lead,14.1,34,2025,17,16,33.2,43.9,0.4312,0.7063,0.9137,0.8783,1.5183,0.6894,0.7465,1.0,3.3125,253.0937,0.44478,0.2497,0.7515200000000001,2,1.077,0.0,0.3057,82.4655,78.1405,0.8254,81.459,1.3116,0.6587,83.066445,0.2403,67.6346,Yuksek,Dusuk
32,DevOps,Lead,14.1,35,2025,8,8,27.3,41.0,0.3691,0.7209,0.9585,0.8548,1.7071,0.7151,0.7949,0.6,3.875,207.6569,0.34209,0.2599,0.7759400000000001,3,1.0336,0.0,0.3025,65.8043,82.4235,0.95,79.6536,-0.2134,0.5719,83.59008,0.2373,62.6309,Yuksek,Dusuk
32,DevOps,Lead,14.1,36,2025,9,7,31.7,47.8,0.6585,0.6819,0.7823,0.6456,1.2359,0.6195,0.8966,0.6,3.7143,371.5567,0.44712,0.2931,0.65329,4,1.2181,1.0,0.4495,66.7488,76.7581,0.7304,70.4671,-4.6983,0.46,69.6339,0.5417,48.8862,Stabil,Orta
32,DevOps,Lead,14.1,37,2025,9,8,35.4,38.0,0.5178,0.7283,0.9183,0.823,1.8224,0.776,0.8333,0.6,3.75,167.3627,0.42759,0.3006,0.8468900000000001,0,0.9732,1.0,0.2862,67.6783,73.1228,0.8365,81.0366,-1.0454,0.734,82.26267,0.2859,65.8323,Yuksek,Dusuk
32,DevOps,Lead,14.1,38,2025,11,10,21.6,42.3,0.7474,0.6702,0.8843,0.8649,1.0273,0.8316,0.8333,1.0,4.5,213.8346,0.36963,0.2211,0.53801,4,1.0652,1.0,0.3941,77.062,80.1276,0.8606,80.1763,1.2138,0.3749,79.173675,0.3353,55.3033,Stabil,Orta
32,DevOps,Lead,14.1,39,2025,6,6,15.0,38.2,0.3372,0.683,0.9729,0.8854,0.5823,0.7462,0.8696,1.0,3.3333,56.3528,0.30897,0.148,0.75966,3,0.9433,1.0,0.3555,82.9346,75.8774,0.9452,92.5143,6.5281,0.543,82.895505,0.1873,69.9005,Yuksek,Dusuk
32,DevOps,Lead,14.1,40,2025,3,2,5.6,31.1,0.3402,0.728,0.7966,0.7659,0.2176,0.757,0.6667,1.0,4.0,92.7233,0.34749,0.1744,0.7217100000000001,1,0.7532,1.0,0.2688,75.0765,78.1309,0.9124,87.4955,3.1715,0.6797,75.14241,0.2327,71.4796,Stabil,Dusuk
32,DevOps,Lead,14.1,41,2025,7,6,14.3,41.7,0.5201,0.7,0.8518,0.8059,0.5602,0.8541,0.8214,1.0,3.8333,131.1945,0.31194,0.2388,0.6806800000000001,3,1.0289,1.0,0.296,82.3004,77.4379,0.9023,84.5516,0.8107,0.4846,79.61163,0.2638,58.8063,Stabil,Dusuk
32,DevOps,Lead,14.1,42,2025,8,6,25.8,46.5,0.4893,0.7231,0.8038,0.6693,1.4434,0.7401,0.8182,0.6,3.0,137.8116,0.43479,0.2015,0.6849700000000001,4,1.1863,0.0,0.3896,67.9633,79.3309,0.95,90.1491,-1.004,0.5014,77.66934,0.3556,57.2929,Stabil,Orta
32,DevOps,Lead,14.1,43,2025,9,8,16.7,43.4,0.3997,0.7045,0.835,0.7902,0.7235,0.6841,0.6923,0.4,3.375,144.7806,0.28152,0.2309,0.7159900000000001,2,0.9964,0.0,0.2295,64.5309,75.7566,0.8537,81.2299,-1.3199,0.6476,78.032115,0.2128,62.3051,Stabil,Dusuk
32,DevOps,Lead,14.1,44,2025,9,9,33.7,40.4,0.6138,0.694,0.9449,0.8419,1.3373,0.6889,0.8182,0.6,2.0,136.8699,0.4361399999999999,0.3155,0.6985000000000001,2,0.9717,0.0,0.3169,65.1934,79.6287,0.8776,83.0004,-1.3573,0.5441,80.66488500000001,0.1598,58.7529,Yuksek,Dusuk
32,DevOps,Lead,14.1,45,2025,3,3,12.9,43.3,0.5814,0.7257,0.9271,0.8359,0.5527,0.6836,0.6667,1.0,2.0,187.3209,0.30303,0.2114,0.8334700000000002,3,1.0498,0.0,0.3205,79.0207,77.154,0.8526,82.0056,-2.266,0.5958,80.063655,0.3821,58.9168,Yuksek,Orta
32,DevOps,Lead,14.1,46,2025,9,8,22.6,49.4,0.4362,0.7207,0.9029,0.7823,0.8607,0.7844,0.8158,0.8,3.875,191.1436,0.41859,0.2636,0.8290700000000001,2,1.2017,1.0,0.3565,75.7852,75.8574,0.8034,82.9454,0.4152,0.5739,77.6811,0.4066,61.7317,Stabil,Orta
32,DevOps,Lead,14.1,47,2025,9,8,25.4,40.3,0.314,0.6544,0.9168,0.8394,0.9088,0.7336,0.6875,1.0,2.75,183.4176,0.26613,0.1561,0.7374400000000001,3,1.0361,1.0,0.3146,76.0536,78.1434,0.6972,81.4942,-0.3579,0.5379,80.57868,0.2813,59.5891,Yuksek,Dusuk
32,DevOps,Lead,14.1,48,2025,5,4,17.8,51.7,0.6004,0.6892,0.8981,0.7233,0.733,0.5472,0.6667,0.2,3.0,92.8714,0.32967,0.19,0.8988100000000001,1,1.229,2.0,0.3594,57.7171,80.5953,0.95,72.0626,-3.128,0.7266,73.49853,0.4693,64.4865,Stabil,Orta
32,DevOps,Lead,14.1,49,2025,4,3,9.4,40.9,0.7072,0.686,0.8211,0.7728,0.5377,0.7987,0.8125,0.8,4.3333,196.7661,0.32967,0.1928,0.7947500000000001,3,1.0272,2.0,0.2442,75.3029,73.1412,0.7243,74.5967,-3.4478,0.5977,76.282605,0.4839,55.9501,Stabil,Orta
32,DevOps,Lead,14.1,50,2025,11,10,33.6,43.3,0.3244,0.6786,0.9245,0.7712,1.4785,0.6643,0.8333,0.2,3.5,181.8049,0.33516,0.1482,0.82555,1,1.0684,2.0,0.2932,60.2597,81.533,0.8604,75.8006,-1.4547,0.7216,80.551275,0.3158,67.1587,Yuksek,Orta
32,DevOps,Lead,14.1,51,2025,9,8,36.7,39.1,0.6756,0.7097,0.8726,0.7994,1.4406,0.8213,0.8444,0.8,4.75,203.8432,0.34812,0.3245,0.7594400000000001,1,0.999,2.0,0.3724,72.5611,78.7248,0.9167,80.0833,2.5266,0.6258,81.520635,0.232,68.2255,Yuksek,Dusuk
32,DevOps,Lead,14.1,52,2025,9,8,28.4,47.3,0.6995,0.7368,0.8735,0.8222,1.144,0.8756,0.875,0.8,4.375,157.0678,0.36711,0.1463,0.76307,2,1.1794,1.0,0.352,73.1985,73.3772,0.921,74.8336,0.4993,0.7032,80.24373,0.4041,66.9362,Yuksek,Orta
33,Backend,Senior,7.8,1,2025,7,5,12.4,46.4,0.4489,0.8427,0.7324,0.5649,0.547,0.6073,0.8462,0.2,2.2,179.1351,0.6355,0.2928,0.4016,5,1.5705855354178682,5.280131945116825,0.316,59.0591,70.6603,0.6414,44.37134253156606,0.0,0.7962,56.775883500000006,0.6416558878868286,69.5256,Riskli,Yuksek
33,Backend,Senior,7.8,2,2025,10,6,22.0,51.6,0.3012,0.8566,0.6318,0.5929,1.1124,0.5965,0.7273,0.4,1.3333,146.4995,0.495,0.2842,0.587,3,1.474165903822624,5.2594077779053405,0.301,62.8159,71.3826,0.797,47.43725330436629,-10.5119,0.6188,57.415554,0.763773613228362,49.2604,Riskli,Yuksek
33,Backend,Senior,7.8,3,2025,5,3,14.3,47.2,0.6174,0.8411,0.6735,0.5918,0.6317,0.7602,1.0,1.0,2.0,217.3556,0.5868,0.3888,0.4934,3,1.5622260091812312,4.25561008936533,0.3641,78.3388,71.6814,0.726,50.06208907502416,-0.2613,0.8142,59.546718000000006,0.6114660588944552,70.2367,Riskli,Yuksek
33,Backend,Senior,7.8,4,2025,9,6,12.5,48.0,0.6419,0.8095,0.6989,0.5534,0.5779,0.712,0.7059,0.6,4.0,191.2985,0.5974,0.3159,0.4517,5,1.5715277846329083,5.1755027173716055,0.3374,71.428,63.4428,0.8812,42.38141622996349,1.7337,0.7829,58.1716485,0.8635804735103707,69.473,Riskli,Yuksek
33,Backend,Senior,7.8,5,2025,10,7,21.2,37.7,0.4659,0.7886,0.6591,0.5313,0.8405,0.6711,0.9412,0.4,2.2857,189.4348,0.4612,0.2453,0.4548,4,1.47076370000749,3.446525872753716,0.372,57.5689,70.1025,0.7686,43.16657880746304,3.5844,0.7456,58.66531650000001,0.72094323833929,72.6853,Riskli,Yuksek
33,Backend,Senior,7.8,6,2025,10,6,17.7,44.6,0.5662,0.8141,0.6331,0.4976,0.7238,0.5615,0.6667,0.2,3.6667,221.392,0.6948,0.3512,0.25,6,1.4526565695895084,5.887464880175664,0.3122,61.2953,72.1172,0.8433,45.34506681249536,0.6563,0.8584,55.2410145,0.740778767352655,73.7899,Riskli,Yuksek
33,Backend,Senior,7.8,7,2025,9,6,31.4,48.7,0.7308,0.8219,0.6661,0.5989,1.625,0.5449,0.7647,0.4,2.1667,233.3086,0.6688,0.4204,0.4404,5,1.51514404353802,3.450850364087359,0.267,67.8643,63.1249,0.8037,55.59818695382302,-2.7234,0.6161,56.994084,0.7585686089926423,54.9049,Riskli,Yuksek
33,Backend,Senior,7.8,8,2025,10,7,25.2,37.3,0.5392,0.819,0.7341,0.5589,1.1308,0.7268,0.7826,1.0,2.5714,93.2311,0.5862,0.3252,0.4268,4,1.5720131752025874,5.146309038758428,0.249,81.0178,63.3672,0.7831,49.427950971028864,-2.5532,0.8417,61.60388850000001,0.6034009041125614,65.3989,Riskli,Yuksek
33,Backend,Senior,7.8,9,2025,10,7,32.0,53.5,0.6026,0.8494,0.7014,0.6397,1.6006,0.6073,0.6667,0.8,2.2857,225.2586,0.5684,0.3165,0.5446,2,1.545304446631701,4.825143098316532,0.2133,70.3807,71.1964,0.7012,51.73901708155072,-2.5865,0.8975,61.0179885,0.842630237138096,70.2032,Riskli,Yuksek
33,Backend,Senior,7.8,10,2025,10,6,17.6,47.6,0.7697,0.8357,0.6185,0.4648,0.8657,0.7282,0.8,0.8,3.3333,208.8648,0.6315,0.3868,0.3735,4,1.6276186471213885,5.985971349706096,0.3253,76.2345,66.7198,0.8002,47.04330654300541,-1.8982,0.5987,54.289872,0.636372211532292,56.493,Riskli,Yuksek
33,Backend,Senior,7.8,11,2025,6,4,14.5,46.6,0.5656,0.8518,0.6757,0.5976,0.5154,0.816,0.7083,0.8,4.25,153.3065,0.6084,0.3049,0.412,5,1.46524228214729,3.08320889947961,0.3872,74.7417,65.7087,0.7723,47.84793843869069,-1.2724,0.8828,56.933793,0.7533930121407953,69.9507,Riskli,Yuksek
33,Backend,Senior,7.8,12,2025,9,6,17.9,51.8,0.5943,0.8415,0.6915,0.5144,0.986,0.8311,0.7442,0.8,5.3333,132.9609,0.6805,0.3673,0.5349,4,1.4352206053496388,5.717712258188282,0.2842,71.3773,64.6013,0.855,53.934589016775405,0.0573,0.6442,56.3500665,0.8964781592116224,60.9607,Riskli,Yuksek
33,Backend,Senior,7.8,13,2025,11,7,27.7,50.6,0.594,0.7891,0.6171,0.4928,1.1335,0.7054,0.9615,0.6,3.5714,247.2574,0.5823,0.3926,0.4752,4,1.525127588038589,5.293075175398949,0.2841,65.6346,67.0354,0.7526,59.565787656204094,0.9282,0.8901,55.268703,0.7134586641818383,74.1144,Riskli,Yuksek
33,Backend,Senior,7.8,14,2025,9,7,18.7,40.9,0.588,0.8454,0.7951,0.7127,0.9054,0.7084,0.6364,0.8,3.0,168.2597,0.4648,0.2522,0.4765,5,1.5011370462791267,5.598912976292723,0.3203,76.9382,71.8249,0.7777,55.12310400067882,0.9486,0.816,63.73750950000001,0.8102138794532132,72.2494,Riskli,Yuksek
33,Backend,Senior,7.8,15,2025,5,3,9.9,49.7,0.4834,0.8043,0.6955,0.5946,0.5031,0.7275,0.6923,1.0,3.0,101.3694,0.4539,0.2997,0.4481,4,1.6266500912782529,4.512054492020137,0.32,82.2571,70.0263,0.7961,58.19527059699955,3.1252,0.7415,58.746681,0.817564975728019,71.7572,Riskli,Yuksek
33,Backend,Senior,7.8,16,2025,6,4,17.5,46.9,0.501,0.8116,0.7412,0.6469,0.6811,0.7012,0.7576,1.0,6.25,263.5939,0.6061,0.2764,0.415,4,1.6380883606294316,3.0722107986692526,0.4571,79.2893,71.6116,0.524,55.56741117401138,2.2133,0.7854,58.304421000000005,0.8024101532686249,72.7867,Riskli,Yuksek
33,Backend,Senior,7.8,17,2025,4,3,14.6,40.7,0.5235,0.8467,0.8023,0.8159,0.67,0.7838,0.8462,0.6,3.6667,161.7381,0.5425,0.2632,0.3287,6,1.489009641754812,5.720365263740235,0.4045,65.2026,63.6869,0.7671,45.09915443076765,1.0766,0.7659,62.2205955,0.8404226427952313,67.7521,Riskli,Yuksek
33,Backend,Senior,7.8,18,2025,8,5,18.9,50.7,0.9095,0.8521,0.6581,0.5577,0.8918,0.6333,0.8667,1.0,2.6,369.1636,0.6556,0.4509,0.4647,4,1.513010274430852,5.103517680135508,0.2835,79.9572,65.1451,0.7826,40.76712335094841,-0.5312,0.7033,56.42084700000001,0.7140878454133966,62.8634,Riskli,Yuksek
33,Backend,Senior,7.8,19,2025,6,4,17.7,46.2,0.7053,0.8256,0.6594,0.6143,0.8592,0.5877,1.0,0.4,2.25,266.0841,0.6123,0.3394,0.3296,4,1.610697971752871,3.444515491379536,0.2243,64.9378,67.5871,0.7568,47.54251320430949,-0.3954,0.742,56.8244565,0.7285694499269482,65.5482,Riskli,Yuksek
33,Backend,Senior,7.8,20,2025,8,5,20.7,52.2,0.6025,0.8287,0.6239,0.4749,1.0378,0.7546,0.8571,1.0,2.4,100.9144,0.6228,0.4054,0.5467,2,1.627813596203158,4.390873230564496,0.3702,82.4737,69.5312,0.9157,51.947333961194246,-1.1714,0.8053,57.608334,0.694742209858789,67.7658,Riskli,Yuksek
33,Backend,Senior,7.8,21,2025,8,6,13.7,40.8,0.508,0.7987,0.7332,0.7117,0.6491,0.687,0.8511,0.2,6.6667,136.8732,0.423,0.2236,0.4685,5,1.4755364627057916,3.7822835148432543,0.337,52.8548,69.8046,0.7671,56.71897352182621,1.4065,0.8116,61.611354,0.735367489747887,72.1619,Riskli,Yuksek
33,Backend,Senior,7.8,22,2025,10,7,30.1,40.9,0.2823,0.8307,0.6789,0.557,1.4065,0.6621,0.6935,0.4,6.1429,109.8791,0.3169,0.2541,0.5565,3,1.585622036654112,5.481337294303659,0.2596,64.6227,65.6603,0.8808,42.07521004370791,1.5565,0.7553,64.3585635,0.7792574855247743,68.6184,Riskli,Yuksek
33,Backend,Senior,7.8,23,2025,5,3,9.4,45.9,0.6133,0.7943,0.6196,0.5,0.4191,0.8497,0.64,1.0,5.3333,144.303,0.627,0.3487,0.4313,4,1.5070566311404574,4.458740432507391,0.3683,79.1502,67.1062,0.7581,48.7341756118472,0.3947,0.7819,56.94787350000001,0.6133802431265483,68.4335,Riskli,Yuksek
33,Backend,Senior,7.8,24,2025,13,9,33.2,48.8,0.7008,0.8397,0.6766,0.5679,1.3095,0.7593,0.8125,0.8,2.8889,172.1208,0.6555,0.376,0.4818,4,1.5697460965130887,5.103291774291714,0.2922,78.1676,65.5809,0.9075,53.261936722959724,-6.3696,0.753,58.384746,0.6695518970680082,56.1074,Riskli,Yuksek
33,Backend,Senior,7.8,25,2025,5,3,14.1,46.4,0.5144,0.7838,0.6797,0.5911,0.8355,0.8595,0.9286,0.8,4.3333,118.3812,0.5758,0.3658,0.3653,5,1.4723658984463488,5.424997515579759,0.3008,77.1833,65.2862,0.7851,44.714863932704965,-3.9334,0.6731,59.36877450000001,0.6185249771208277,56.2317,Riskli,Yuksek
33,Backend,Senior,7.8,26,2025,8,6,25.4,44.7,0.5246,0.8069,0.7513,0.7306,1.1643,0.6415,0.7083,0.4,2.8333,128.9378,0.5284,0.2423,0.4803,3,1.5446555249926324,3.141526912766674,0.3478,60.9452,70.6655,0.7762,53.69786640651059,2.4849,0.8199,63.7828695,0.6234304090639116,74.4771,Riskli,Yuksek
33,Backend,Senior,7.8,27,2025,8,5,25.6,45.3,0.8705,0.8121,0.6268,0.4347,1.2128,0.7332,1.0,0.6,2.6,200.069,0.6444,0.3873,0.4322,4,1.5022764987890238,4.910888315737636,0.3574,72.689,64.0217,0.8116,47.49269716826044,4.2332,0.6803,57.453543,0.8647378512830732,68.9336,Riskli,Yuksek
33,Backend,Senior,7.8,28,2025,13,8,20.1,45.0,0.6064,0.8329,0.5858,0.5303,1.0259,0.7656,0.9429,1.0,4.125,278.0222,0.6366,0.3908,0.4952,3,1.4917162004255209,3.4604655135238955,0.4046,80.2268,68.2753,0.7995,48.30893840865154,0.044,0.8232,59.31292500000001,0.6879423270020429,70.0957,Riskli,Yuksek
33,Backend,Senior,7.8,29,2025,8,5,11.2,45.6,0.4975,0.7987,0.6336,0.5445,0.5854,0.6188,0.8571,0.2,2.4,180.867,0.5148,0.2919,0.43,3,1.5882956432528237,5.672977870222486,0.3627,54.685,65.1176,0.6999,57.77456199857486,-2.9208,0.8319,54.584334000000005,0.8269406858222688,64.9064,Riskli,Yuksek
33,Backend,Senior,7.8,30,2025,5,3,9.0,39.5,0.6018,0.8435,0.6301,0.4854,0.5054,0.6296,1.0,0.2,1.6667,182.8215,0.6013,0.3209,0.3979,4,1.478959941378033,4.357291924510975,0.2924,53.5481,68.9235,0.7582,47.49864771370204,2.9742,0.7971,56.333056500000005,0.6618323697582789,73.6916,Riskli,Yuksek
33,Backend,Senior,7.8,31,2025,5,3,14.0,52.6,0.3846,0.8755,0.5321,0.5366,0.6463,0.6395,0.6957,0.6,5.3333,267.9523,0.4521,0.2651,0.527,4,1.4504553031092982,3.715136649992701,0.28,68.2971,66.9397,0.806,51.65085593525058,-1.1623,0.825,55.510434,0.6285837151337795,67.8928,Riskli,Yuksek
33,Backend,Senior,7.8,32,2025,8,5,23.3,41.8,0.6028,0.7919,0.6251,0.6167,1.29,0.8056,0.871,0.6,5.4,186.9291,0.5669,0.351,0.4786,2,1.5678882078852805,3.943659193418529,0.3284,70.7462,65.3727,0.7009,55.485681336415205,-3.5732,0.6973,59.582155500000006,0.8739374836878815,57.905,Riskli,Yuksek
33,Backend,Senior,7.8,33,2025,10,7,34.0,54.7,0.6472,0.821,0.7079,0.6102,1.3257,0.8655,0.8611,0.8,4.4286,137.0462,0.5968,0.3148,0.3816,4,1.5026815170379118,3.760005624865572,0.301,70.2105,64.2387,0.7351,43.59225951612112,-1.3131,0.6612,60.913755,0.89413748650507,59.4735,Riskli,Yuksek
33,Backend,Senior,7.8,34,2025,11,8,27.6,49.1,0.5173,0.7586,0.7645,0.6387,1.2837,0.6188,0.8158,0.2,3.875,74.6214,0.5175,0.3028,0.4965,2,1.487162191497521,5.527354160579441,0.3303,61.4745,61.6947,0.6773,49.29769765961858,2.8816,0.7427,59.19744600000001,0.660035034297008,68.9305,Riskli,Yuksek
33,Backend,Senior,7.8,35,2025,8,6,12.6,54.7,0.4327,0.806,0.7148,0.5541,0.6354,0.6863,0.7143,0.4,3.3333,157.7821,0.5896,0.2921,0.2791,6,1.4668489262130275,4.036186070279241,0.3619,61.3172,66.3848,0.5668,46.56899926780614,2.6756,0.7926,53.2281645,0.6306311452874759,72.263,Riskli,Yuksek
33,Backend,Senior,7.8,36,2025,9,7,33.5,50.0,0.7774,0.7797,0.7386,0.6304,1.3738,0.761,0.8261,0.8,2.7143,167.8645,0.7444,0.4313,0.3571,3,1.457680734159063,4.010008288128976,0.2771,69.7516,68.6451,0.7706,56.48253886253421,-2.59,0.7044,58.098033,0.6702267508278149,60.7438,Riskli,Yuksek
33,Backend,Senior,7.8,37,2025,9,5,21.5,46.9,0.7874,0.8141,0.5718,0.4859,1.1507,0.7141,0.9333,0.4,2.8,174.3877,0.6825,0.356,0.3964,5,1.5115413584229702,3.1381136964738725,0.3439,62.7,68.9004,0.8023,51.00203638153887,-0.5629,0.953,55.746117000000005,0.7900328041476232,75.1763,Riskli,Yuksek
33,Backend,Senior,7.8,38,2025,11,8,38.1,41.2,0.6846,0.7838,0.6822,0.5559,1.4919,0.7301,0.85,0.2,4.25,164.9422,0.6585,0.3207,0.308,6,1.586945645753963,5.443414533137457,0.3716,61.8825,62.0994,0.7515,46.87382405763023,0.3766,0.7626,58.625721,0.6969732110901923,66.0333,Riskli,Yuksek
33,Backend,Senior,7.8,39,2025,6,5,13.4,45.6,0.4531,0.8865,0.7704,0.6748,0.5822,0.8727,0.9412,1.0,3.2,162.5585,0.4924,0.3313,0.4208,4,1.465738327390887,3.914656268793809,0.3183,83.2845,72.1246,0.9135,51.63502117357905,0.6758,0.8298,62.8537455,0.6105984928944985,72.5358,Riskli,Yuksek
33,Backend,Senior,7.8,40,2025,5,4,18.4,46.3,0.5617,0.8112,0.7632,0.7431,0.807,0.6989,0.9,0.8,2.25,216.4849,0.5707,0.3574,0.4422,4,1.5449506075012478,4.979816975716581,0.2522,74.4315,66.7036,0.9278,47.838169444502256,3.7433,0.7736,63.69016500000001,0.8936616619694814,73.1707,Riskli,Yuksek
33,Backend,Senior,7.8,41,2025,8,6,27.9,42.5,0.3838,0.8292,0.7342,0.7162,1.1014,0.9126,0.9231,1.0,4.0,157.8423,0.4301,0.2852,0.4721,3,1.4715633190437707,4.843319746824669,0.2262,74.4556,70.5255,0.6884,57.37943180919406,2.4397,0.7787,67.20575400000001,0.7123546534208022,72.5112,Stabil,Yuksek
33,Backend,Senior,7.8,42,2025,8,6,20.6,51.6,0.4704,0.8011,0.7346,0.7067,0.9416,0.7,0.7931,0.6,3.8333,216.9395,0.5083,0.3029,0.3785,5,1.4356886670059943,5.380449663942844,0.3019,63.6572,66.6654,0.7003,59.19141439306543,2.7706,0.7753,61.77672900000001,0.7541618993362604,71.718,Riskli,Yuksek
33,Backend,Senior,7.8,43,2025,15,9,41.0,43.1,0.6193,0.7739,0.5982,0.5503,1.7898,0.67,0.766,0.8,4.0,268.5385,0.5074,0.3354,0.4254,4,1.5988728518428184,4.763066293947631,0.2906,73.2334,69.382,0.8473,52.57588064034135,-1.5641,0.7784,62.39542050000001,0.7020420624208606,65.8987,Riskli,Yuksek
33,Backend,Senior,7.8,44,2025,6,4,13.2,49.9,0.5822,0.8332,0.747,0.6673,0.5837,0.6669,0.9091,0.4,2.5,192.2228,0.5546,0.3442,0.4244,3,1.5868014334879152,4.172917810562344,0.3552,59.317,64.2025,0.7792,58.20433090992813,-1.4629,0.7701,57.640842000000006,0.7040264061320642,64.1306,Riskli,Yuksek
33,Backend,Senior,7.8,45,2025,10,7,16.0,50.0,0.7436,0.8159,0.7157,0.6318,0.6555,0.7372,0.8462,0.6,6.2857,198.5034,0.6889,0.417,0.4243,6,1.5005554113106443,5.247092778166005,0.3159,63.0631,65.6041,0.7234,54.68957276950909,-1.1151,0.7966,57.96261450000001,0.8000829780664294,66.2863,Riskli,Yuksek
33,Backend,Senior,7.8,46,2025,4,3,7.7,50.5,0.6401,0.8264,0.6744,0.5947,0.3818,0.6779,0.9444,0.2,5.6667,231.9705,0.7577,0.3485,0.4534,3,1.5195317478148258,3.27260353705575,0.3153,60.9591,69.6835,0.7933,45.200730376298175,-3.1459,0.5968,53.0221545,0.6912684455916154,55.344,Riskli,Yuksek
33,Backend,Senior,7.8,47,2025,6,4,10.5,47.2,0.5236,0.7759,0.6567,0.4892,0.5355,0.5986,0.7647,0.4,3.25,233.637,0.4915,0.3055,0.4771,4,1.5611571918163332,5.606498108893408,0.3373,64.0469,65.2071,0.8989,44.44759760051132,-3.4309,0.8711,55.326915,0.7519243207221867,65.9019,Riskli,Yuksek
33,Backend,Senior,7.8,48,2025,8,5,11.0,49.4,0.4581,0.8481,0.6672,0.5345,0.4501,0.7607,0.8,1.0,3.2,209.453,0.6698,0.3662,0.4149,6,1.6058326818711035,5.701441442717041,0.3965,80.1842,71.4459,0.8798,44.00373649641095,-3.1322,0.6034,54.91215450000001,0.7574090604865921,56.1912,Riskli,Yuksek
33,Backend,Senior,7.8,49,2025,9,8,17.5,49.0,0.6415,0.8616,0.8454,0.6874,0.906,0.7146,0.7714,0.6,3.375,183.1295,0.5954,0.366,0.4883,3,1.528171365811681,3.6712323319827833,0.3529,69.2442,67.3917,0.636,58.30006563536697,0.9074,0.8108,60.287409,0.6138215664614832,70.6196,Riskli,Yuksek
33,Backend,Senior,7.8,50,2025,15,11,40.4,43.7,0.5496,0.7694,0.7595,0.6264,1.4646,0.63,0.7561,0.2,5.6364,80.3897,0.5137,0.3426,0.4792,4,1.648748435217137,3.111380744730046,0.3369,53.5913,68.324,0.8761,43.256981185454656,3.4748,0.7283,61.998804000000014,0.8088717009832204,71.2016,Riskli,Yuksek
33,Backend,Senior,7.8,51,2025,15,12,51.2,47.8,0.5667,0.8254,0.7893,0.6108,2.2771,0.8044,0.9091,0.4,4.1667,151.583,0.5783,0.3188,0.416,5,1.529416289048077,5.605471804779144,0.466,60.1071,66.2924,0.7295,54.39723665305335,0.4795,0.5694,60.0968025,0.6793961331236456,58.758,Riskli,Yuksek
33,Backend,Senior,7.8,52,2025,7,5,14.1,41.1,0.7219,0.8111,0.643,0.5644,0.6226,0.7132,0.7778,0.4,4.2,186.7937,0.5868,0.343,0.3092,6,1.5330583349656048,4.376884437113205,0.3367,65.8835,64.5349,0.6433,42.48191925154516,-0.4967,0.7349,56.109942,0.7665155364680446,64.1557,Riskli,Yuksek
34,Frontend,Mid,3.4,1,2025,8,6,14.7,38.1,0.5919,0.7897,0.7985,0.6542,0.7211,0.6696,0.7188,0.2,3.8333,139.7516,0.444,0.2642,0.5229,5,0.9291,0.0,0.2013,57.1919,70.5851,0.6005,70.6841,0.0,0.7645,67.7914,0.2622,68.079,Stabil,Dusuk
34,Frontend,Mid,3.4,2,2025,7,5,14.5,34.5,0.4718,0.7022,0.7537,0.6961,0.7395,0.6097,0.9,0.2,1.8,123.5566,0.5414,0.3062,0.459,4,0.8846,0.0,0.2801,56.2687,68.0516,0.5992,66.2719,-4.4122,0.7608,64.4682,0.3518,60.2591,Riskli,Orta
34,Frontend,Mid,3.4,3,2025,6,5,20.4,35.0,0.5647,0.7392,0.8714,0.7965,1.0829,0.6698,0.7692,0.2,4.0,120.4481,0.5619,0.274,0.381,4,0.8732,0.0,0.2536,59.1473,73.4751,0.5772,71.8207,0.5683,0.7258,69.7492,0.2242,68.092,Stabil,Dusuk
34,Frontend,Mid,3.4,4,2025,8,7,15.4,38.6,0.6333,0.7164,0.8965,0.8142,0.7647,0.7301,0.7778,0.8,2.0,151.5611,0.516,0.3264,0.4045,3,0.9451,0.0,0.2814,67.7857,66.1813,0.5022,73.5231,1.4066,0.6272,69.896,0.2739,62.775,Stabil,Dusuk
34,Frontend,Mid,3.4,5,2025,10,8,38.0,36.5,0.542,0.7116,0.7736,0.6857,1.8656,0.6864,0.8605,0.6,4.625,25.474,0.4994,0.2473,0.3568,5,0.9035,0.0,0.3283,68.6862,72.2759,0.5738,64.8264,-0.2634,0.7601,69.4243,0.2664,67.9755,Stabil,Dusuk
34,Frontend,Mid,3.4,6,2025,7,5,16.2,36.8,0.5025,0.7369,0.783,0.7055,0.8239,0.5882,0.6818,0.2,3.0,180.2906,0.4919,0.2447,0.5092,3,0.8809,0.0,0.2507,61.7595,67.2398,0.5293,66.1024,-2.5852,0.7624,66.2566,0.3594,62.9406,Stabil,Orta
34,Frontend,Mid,3.4,7,2025,10,8,30.7,34.7,0.5269,0.7092,0.7693,0.659,1.273,0.7782,0.8,0.8,3.0,158.8461,0.5147,0.3003,0.4015,5,0.896,0.0,0.2472,70.3867,64.9319,0.5179,69.8734,-0.9673,0.8079,69.3884,0.2396,66.8219,Stabil,Dusuk
34,Frontend,Mid,3.4,8,2025,8,6,20.3,40.7,0.6374,0.7825,0.7308,0.6574,0.8853,0.8585,0.9286,0.6,4.3333,152.3407,0.4806,0.296,0.538,3,1.003,0.0,0.2242,64.0865,71.5088,0.4594,63.0271,-0.1627,0.8558,68.9421,0.2467,72.2072,Stabil,Dusuk
34,Frontend,Mid,3.4,9,2025,6,4,12.7,36.3,0.5336,0.7515,0.7197,0.6935,0.6318,0.5926,0.7895,0.4,3.75,263.4111,0.47,0.3234,0.4251,4,0.9572,0.0,0.301,63.1261,73.818,0.4815,59.7096,-2.6024,0.6989,63.6511,0.3063,62.0295,Riskli,Orta
34,Frontend,Mid,3.4,10,2025,7,5,18.5,38.8,0.7598,0.7411,0.736,0.669,0.8109,0.5981,0.8235,0.6,2.8,262.6163,0.5505,0.361,0.3384,5,0.9884,0.0,0.1751,72.9974,64.2109,0.6308,54.0334,-5.0837,0.8317,64.8691,0.4125,61.2478,Riskli,Orta
34,Frontend,Mid,3.4,11,2025,3,2,6.2,37.2,0.5282,0.7407,0.8069,0.7456,0.2955,0.86,0.6667,1.0,5.0,167.5234,0.5326,0.3068,0.4573,4,0.9214,0.0,0.2551,81.4854,69.4192,0.4724,63.1899,-0.5188,0.8284,68.365,0.2385,69.7922,Stabil,Dusuk
34,Frontend,Mid,3.4,12,2025,9,6,12.8,49.7,0.615,0.7348,0.6726,0.5237,0.5552,0.7224,1.0,0.2,3.0,163.2073,0.5612,0.3404,0.25,6,1.2432,1.0,0.3024,53.7113,65.1987,0.6837,60.1707,1.054,0.6592,57.7291,0.4394,63.3722,Riskli,Orta
34,Frontend,Mid,3.4,13,2025,8,6,16.9,47.3,0.5731,0.6971,0.7404,0.5958,0.9011,0.7627,1.0,0.8,1.3333,160.4473,0.4617,0.313,0.5409,4,1.1414,1.0,0.157,68.238,66.6456,0.5497,65.4597,3.126,0.8828,67.2827,0.3646,77.1023,Stabil,Orta
34,Frontend,Mid,3.4,14,2025,6,5,18.2,41.3,0.6689,0.7455,0.7926,0.6422,0.9378,0.8977,0.96,1.0,4.8,208.7051,0.5382,0.3169,0.3886,5,1.0996,1.0,0.2602,78.0351,70.259,0.4856,72.035,3.1824,0.8513,69.8237,0.3229,76.8585,Stabil,Orta
34,Frontend,Mid,3.4,15,2025,6,4,11.7,46.2,0.5472,0.755,0.7123,0.5529,0.5303,0.5968,0.7,0.2,3.5,197.3954,0.5098,0.2449,0.3379,3,1.1417,1.0,0.2644,59.8574,64.9704,0.5779,67.7112,2.9197,0.9025,61.5241,0.3554,77.1643,Riskli,Orta
34,Frontend,Mid,3.4,16,2025,8,7,29.5,41.4,0.5028,0.7569,0.8167,0.7599,1.4632,0.8625,0.9286,1.0,3.7143,186.159,0.4788,0.2708,0.6299,2,0.9785,1.0,0.2134,77.4162,65.55,0.4154,70.3826,1.0445,0.6506,74.2752,0.2823,63.0735,Stabil,Dusuk
34,Frontend,Mid,3.4,17,2025,8,6,22.7,33.3,0.3783,0.7787,0.7584,0.6834,1.2119,0.8437,0.8125,1.0,4.3333,106.9737,0.5576,0.2308,0.4856,4,0.847,1.0,0.2056,75.5952,66.5286,0.5724,70.4177,-0.2181,0.6658,70.0618,0.2244,62.0776,Stabil,Dusuk
34,Frontend,Mid,3.4,18,2025,7,5,19.9,41.5,0.4396,0.7808,0.7376,0.6473,0.8652,0.592,0.6429,0.4,3.6,80.2408,0.4579,0.2288,0.4692,3,1.0148,0.0,0.2031,61.2849,71.6105,0.5332,69.9535,0.6762,0.8145,67.3413,0.2443,71.6942,Stabil,Dusuk
34,Frontend,Mid,3.4,19,2025,16,13,29.1,34.9,0.6956,0.7496,0.8259,0.7899,1.2568,0.7372,0.8636,0.2,4.3846,131.7365,0.6132,0.4041,0.3467,7,0.8457,0.0,0.2262,61.8814,71.6863,0.6215,64.1131,-1.9273,0.8463,69.0133,0.2592,69.0768,Stabil,Dusuk
34,Frontend,Mid,3.4,20,2025,6,5,17.5,38.5,0.3558,0.7474,0.8107,0.7467,0.8178,0.7396,0.7778,0.4,4.2,166.9818,0.4911,0.2558,0.4666,4,1.0192,0.0,0.2036,60.5037,73.4844,0.4875,66.9961,-1.6105,0.9439,70.1095,0.2262,74.5026,Stabil,Dusuk
34,Frontend,Mid,3.4,21,2025,7,5,22.4,37.1,0.4234,0.7525,0.748,0.7225,1.1252,0.8284,0.7317,1.0,6.0,170.7595,0.5829,0.3008,0.4609,4,1.0225,0.0,0.2857,78.9267,73.6204,0.4396,59.8669,-2.7377,0.7611,69.7021,0.3401,64.5562,Stabil,Orta
34,Frontend,Mid,3.4,22,2025,4,3,9.4,44.3,0.6151,0.7494,0.7145,0.6012,0.3857,0.7566,0.9524,0.4,6.6667,132.4696,0.5814,0.3249,0.372,6,1.0475,0.0,0.2166,61.1657,71.3865,0.4224,58.1448,-2.5034,0.6873,61.7124,0.3783,60.9329,Riskli,Orta
34,Frontend,Mid,3.4,23,2025,11,8,21.1,40.0,0.6143,0.7368,0.7476,0.5971,0.914,0.6014,0.7619,0.2,2.0,146.0416,0.5872,0.2793,0.3564,4,0.9951,0.0,0.2541,54.0226,73.7941,0.529,68.6858,0.3347,0.584,63.8802,0.2536,61.4401,Riskli,Dusuk
34,Frontend,Mid,3.4,24,2025,7,5,14.2,43.7,0.5432,0.7395,0.749,0.736,0.5703,0.8959,0.8519,1.0,4.6,174.1865,0.4784,0.1685,0.4787,3,1.0565,0.0,0.1949,77.5213,72.9824,0.4745,58.5168,0.6491,0.6464,69.2363,0.2618,64.4981,Stabil,Dusuk
34,Frontend,Mid,3.4,25,2025,10,8,25.5,40.0,0.5222,0.7436,0.7644,0.6713,1.1237,0.7216,0.7692,0.4,6.25,138.66,0.4459,0.2536,0.5259,3,1.0527,0.0,0.2888,64.1666,69.2118,0.6065,67.5504,1.8048,0.8382,69.7827,0.3213,73.8012,Stabil,Orta
34,Frontend,Mid,3.4,26,2025,9,7,15.7,39.1,0.6582,0.7379,0.7604,0.6899,0.6666,0.6432,0.7586,0.6,3.1429,224.5829,0.6004,0.2829,0.4996,3,0.9864,0.0,0.3164,63.477,72.5588,0.3218,67.529,0.5563,0.7573,65.0626,0.2261,69.2152,Stabil,Dusuk
34,Frontend,Mid,3.4,27,2025,11,9,19.3,44.7,0.4907,0.776,0.8062,0.7541,0.7737,0.7786,0.9667,0.8,3.2222,210.6128,0.5892,0.3481,0.3969,4,1.1442,0.0,0.2596,77.2951,71.0733,0.4754,69.1943,3.2011,0.6414,67.9468,0.3254,67.6877,Stabil,Orta
34,Frontend,Mid,3.4,28,2025,10,8,24.4,38.8,0.3442,0.7346,0.7792,0.7932,1.3407,0.7614,0.7045,0.8,3.875,179.2381,0.3926,0.2353,0.5797,2,0.9491,0.0,0.2495,72.9414,70.0531,0.3788,66.0174,-0.2933,0.725,72.7419,0.2842,65.6822,Stabil,Dusuk
34,Frontend,Mid,3.4,29,2025,8,6,21.7,40.6,0.6088,0.7498,0.702,0.5578,1.2004,0.6569,0.7429,0.4,4.3333,224.8543,0.5779,0.3514,0.4552,4,1.0255,0.0,0.2044,58.4351,70.5083,0.53,56.9473,-3.4922,0.6958,64.048,0.333,59.5084,Riskli,Orta
34,Frontend,Mid,3.4,30,2025,6,4,9.3,35.0,0.6578,0.742,0.5987,0.483,0.3915,0.8185,0.7619,0.8,4.0,143.899,0.5031,0.3608,0.4803,4,0.8832,0.0,0.2645,75.0065,68.641,0.522,64.3365,-2.3644,0.8496,62.2546,0.4164,67.6321,Riskli,Orta
34,Frontend,Mid,3.4,31,2025,6,5,17.4,40.1,0.5318,0.7487,0.7538,0.6307,0.8571,0.7596,0.7647,0.4,5.2,171.0517,0.6332,0.2818,0.3485,5,0.9756,0.0,0.2955,64.917,64.962,0.571,64.156,0.1805,0.8895,65.9156,0.2296,72.2998,Stabil,Dusuk
34,Frontend,Mid,3.4,32,2025,10,8,16.2,38.6,0.3721,0.7478,0.797,0.7657,0.7794,0.7268,0.9245,0.2,6.125,172.9357,0.4803,0.2825,0.4965,5,0.9629,0.0,0.3014,56.9731,65.6278,0.6105,79.411,6.7211,0.822,69.8258,0.2793,79.6811,Stabil,Dusuk
34,Frontend,Mid,3.4,33,2025,6,5,11.5,46.3,0.4736,0.7416,0.8051,0.6967,0.6125,0.7715,0.7857,1.0,4.4,242.623,0.446,0.2284,0.5028,3,1.0701,0.0,0.3551,73.8429,71.5549,0.5498,60.2803,0.3086,0.7298,68.0797,0.3307,67.2898,Stabil,Orta
34,Frontend,Mid,3.4,34,2025,7,5,19.8,37.8,0.3603,0.6892,0.7336,0.6813,0.7718,0.5717,0.7037,0.2,3.8,228.4222,0.4788,0.2963,0.5325,3,0.9458,0.0,0.2719,57.301,65.2832,0.5332,73.8542,0.9964,0.8961,66.1869,0.1776,73.9657,Stabil,Dusuk
34,Frontend,Mid,3.4,35,2025,7,5,24.6,35.9,0.6861,0.7429,0.6835,0.555,1.0558,0.8475,0.7692,1.0,6.0,166.3247,0.5751,0.3682,0.4442,5,0.9307,0.0,0.1,75.6876,70.7697,0.6398,72.171,-0.8146,0.7322,68.8055,0.2339,65.408,Stabil,Dusuk
34,Frontend,Mid,3.4,36,2025,10,7,13.9,50.8,0.4466,0.7649,0.7096,0.5857,0.5749,0.7047,0.907,0.2,5.5714,94.3975,0.6072,0.3308,0.5383,4,1.2846,1.0,0.2068,55.3301,68.2925,0.4805,53.8671,-2.0923,0.7862,59.5059,0.5356,65.0993,Riskli,Orta
34,Frontend,Mid,3.4,37,2025,11,8,25.5,40.1,0.4316,0.7607,0.6819,0.6798,1.0292,0.742,0.7105,1.0,3.375,206.5907,0.5372,0.3067,0.4698,3,0.9191,1.0,0.2355,76.2841,68.8243,0.4259,62.3799,-5.2727,0.7296,66.4381,0.4458,57.7425,Stabil,Orta
34,Frontend,Mid,3.4,38,2025,9,7,33.5,34.7,0.4696,0.7396,0.7626,0.7039,1.4176,0.6687,0.6552,0.6,2.7143,137.7867,0.453,0.3028,0.446,5,0.9286,1.0,0.2838,68.8728,67.0802,0.4828,60.6581,-2.6026,0.7126,68.115,0.398,60.6235,Stabil,Orta
34,Frontend,Mid,3.4,39,2025,5,4,10.2,37.4,0.5934,0.7676,0.7586,0.6475,0.4773,0.6415,0.8571,0.6,3.0,246.3653,0.4614,0.2408,0.4587,4,0.8593,1.0,0.2435,65.1831,72.564,0.4482,63.5112,2.721,0.7719,63.9002,0.195,73.2572,Riskli,Dusuk
34,Frontend,Mid,3.4,40,2025,8,6,17.0,42.5,0.5161,0.703,0.7746,0.5514,0.9329,0.7033,0.6667,0.6,4.0,187.5607,0.5675,0.3273,0.3229,6,1.098,1.0,0.3415,71.6621,68.8821,0.4678,75.9635,4.3604,0.642,64.8274,0.3629,68.8675,Riskli,Orta
34,Frontend,Mid,3.4,41,2025,9,7,30.6,43.7,0.6487,0.7638,0.7706,0.7209,1.7198,0.8761,0.9118,0.8,4.4286,168.2996,0.5349,0.2604,0.3757,5,1.0891,1.0,0.2917,70.5519,70.5107,0.4825,70.6221,4.2344,0.7465,71.3455,0.3312,73.8606,Stabil,Orta
34,Frontend,Mid,3.4,42,2025,13,10,33.3,43.1,0.6389,0.7412,0.8011,0.701,1.2411,0.8676,0.9216,1.0,4.7,217.4946,0.5114,0.285,0.5036,4,1.0797,0.0,0.2989,74.2559,71.6653,0.4932,57.5728,-2.3157,0.7344,70.498,0.4388,63.4291,Stabil,Orta
34,Frontend,Mid,3.4,43,2025,7,5,13.5,36.8,0.6154,0.7132,0.7745,0.6497,0.6193,0.829,0.8,1.0,3.2,141.7228,0.5626,0.3315,0.4414,4,0.9511,0.0,0.2874,80.0511,72.9917,0.473,69.1684,-3.3435,0.8472,68.4872,0.3509,67.2963,Stabil,Orta
34,Frontend,Mid,3.4,44,2025,13,10,24.0,38.4,0.4936,0.7412,0.7414,0.7221,0.9168,0.6424,0.9286,0.2,3.9,238.1726,0.4857,0.3097,0.4605,4,0.9878,0.0,0.3764,57.8486,65.3967,0.5334,69.8196,0.9188,0.8363,66.6034,0.1946,71.189,Stabil,Dusuk
34,Frontend,Mid,3.4,45,2025,6,4,12.6,45.4,0.4642,0.7331,0.7328,0.7141,0.6042,0.6436,0.6667,1.0,1.5,101.4241,0.4631,0.3259,0.5036,4,1.1369,0.0,0.2257,75.1206,71.018,0.4787,75.6382,5.4848,0.8029,67.4982,0.3755,78.5041,Stabil,Orta
34,Frontend,Mid,3.4,46,2025,9,7,23.8,42.4,0.5928,0.6884,0.7602,0.7459,1.266,0.5635,0.7353,0.2,3.5714,65.6452,0.5443,0.3532,0.4738,4,1.0199,0.0,0.1969,55.1843,69.1064,0.6338,67.8955,0.2,0.8632,68.5178,0.263,72.3905,Stabil,Dusuk
34,Frontend,Mid,3.4,47,2025,8,6,25.8,45.3,0.4765,0.6651,0.7282,0.638,1.221,0.7645,0.7353,0.6,4.1667,134.1228,0.4964,0.2998,0.4276,5,1.1191,0.0,0.08,65.1266,71.2611,0.5686,63.1421,-2.7775,0.6775,68.2459,0.5013,60.0268,Stabil,Orta
34,Frontend,Mid,3.4,48,2025,9,6,26.1,40.8,0.5271,0.7178,0.7027,0.6956,1.0795,0.7896,0.7692,0.6,5.0,187.2021,0.4495,0.2821,0.4955,4,1.0896,0.0,0.346,68.0692,73.4113,0.6974,66.3489,-3.2621,0.7602,69.275,0.4085,63.6334,Stabil,Orta
34,Frontend,Mid,3.4,49,2025,10,8,30.3,40.4,0.5547,0.7379,0.7721,0.7399,1.3602,0.7979,0.8889,0.6,5.0,87.5695,0.4997,0.2506,0.5024,3,1.0239,0.0,0.2228,69.7024,73.3357,0.6048,67.2544,0.1284,0.8545,73.1852,0.2568,73.1519,Stabil,Dusuk
34,Frontend,Mid,3.4,50,2025,10,8,32.0,35.8,0.5653,0.7268,0.7546,0.6354,1.4247,0.861,0.963,1.0,3.25,121.0823,0.4529,0.2988,0.5655,3,0.9373,0.0,0.2731,73.3887,71.5205,0.466,66.2354,1.0185,0.7311,71.5104,0.1874,68.4463,Stabil,Dusuk
34,Frontend,Mid,3.4,51,2025,6,4,14.6,41.8,0.6361,0.7585,0.6664,0.6183,0.683,0.6142,0.8,0.6,3.0,48.1868,0.586,0.3128,0.4415,4,1.0456,0.0,0.2859,65.9977,72.4738,0.4024,62.6832,-1.2016,0.9408,63.0946,0.2577,74.7023,Riskli,Dusuk
34,Frontend,Mid,3.4,52,2025,8,6,23.8,36.7,0.5524,0.7303,0.7529,0.6849,0.8669,0.6551,0.8684,0.2,5.5,235.3944,0.5714,0.3615,0.5894,4,0.8834,0.0,0.1432,60.1748,64.4462,0.4984,68.4796,0.0123,0.8041,66.2782,0.3104,68.0369,Stabil,Orta
35,QA,Senior,8.9,1,2025,8,6,27.1,35.1,0.4724,0.7946,0.9105668023106858,0.8920667357318388,1.1054,0.8343,0.875,0.6,4.6667,131.0216,0.3618672540766878,0.2423,0.821190284738936,1,0.9395,0.0,0.2344,70.4261,72.7136,0.5942,84.95406759120982,0.0,0.646,71.96578410000001,0.2483909617363195,63.3844,Stabil,Dusuk
35,QA,Senior,8.9,2,2025,7,6,18.9,36.6,0.3411,0.764,0.9767626594931264,0.963579350970146,1.018,0.8269,0.7586,1.0,3.6667,133.52,0.37337810184734416,0.3012,0.8209389789242134,4,0.8704,0.0,0.3182,80.1797,69.6988,0.5751,88.2599174187575,6.9429,0.7168,72.16225275,0.1889095875936327,76.5161,Stabil,Dusuk
35,QA,Senior,8.9,3,2025,9,8,34.0,32.7,0.334,0.7916,0.9022948136119152,0.9894995240431776,2.0513,0.7586,0.95,1.0,2.375,219.5175,0.4062654353639839,0.1417,0.7760170035951993,4,0.791,0.0,0.2921,80.2259,65.3109,0.5999,79.92520850587123,1.5512,0.7223,74.61683775,0.1455210777950031,67.0206,Stabil,Dusuk
35,QA,Senior,8.9,4,2025,5,4,16.0,29.1,0.4148,0.7697,0.9226473662984728,0.8930545772947633,0.6894,0.7768,0.9412,0.6,4.0,95.5456,0.340968306848313,0.2265,0.81017306208942,4,0.7236,0.0,0.3885,71.0079,65.5826,0.556,77.47417708685346,1.3135,0.8174,70.04000429999999,0.2188459007181499,71.0091,Stabil,Dusuk
35,QA,Senior,8.9,5,2025,6,5,23.3,28.3,0.3271,0.7855,0.905941951327616,0.9004897799765792,1.0344,0.7987,0.9231,0.4,4.8,183.2464,0.42671972311132333,0.2665,0.807161197737418,4,0.7692,0.0,0.4047,60.7983,70.8749,0.626,82.52195367025904,-0.6608,0.852,68.84642415,0.2011760026642806,71.0693,Stabil,Dusuk
35,QA,Senior,8.9,6,2025,7,6,20.3,36.8,0.6327,0.7639,0.9899768131298964,0.887533697492061,0.9628,0.8475,0.8837,0.8,6.3333,146.1765,0.33262654599274866,0.2675,0.8092718411331441,3,0.9378,0.0,0.234,76.05,64.8539,0.5885,84.99813642489983,-1.9173,0.8696,71.5681617,0.2169171237987448,68.0924,Stabil,Dusuk
35,QA,Senior,8.9,7,2025,12,10,29.5,41.8,0.5808,0.8287,0.9833285647936544,0.8564703837874801,1.455,0.6498,0.7105,1.0,2.7,250.3907,0.43625077482076524,0.3856,0.8284544987398322,2,0.9892,0.0,0.3779,79.5798,75.2342,0.4865,76.96053090055882,-1.2024,0.662,72.91533165000001,0.199129147730717,62.9812,Stabil,Dusuk
35,QA,Senior,8.9,8,2025,8,6,22.5,28.1,0.8108,0.771,0.976713721380831,0.9345679929020768,0.871,0.8101,0.7561,0.6,5.1667,162.1743,0.25713645261232654,0.3293,0.747396470255974,4,0.6756,0.0,0.3508,63.103,65.8811,0.4734,80.27937396116802,-2.386,0.6766,63.54258539999999,0.2195119374341019,58.9854,Riskli,Dusuk
35,QA,Senior,8.9,9,2025,8,7,31.8,34.4,0.7896,0.757,0.9401340461739166,0.8504156587307995,1.5369,0.8289,0.825,0.8,4.7143,191.6737,0.25409309700628485,0.3632,0.7421269739721125,5,0.9122,0.0,0.2536,70.7059,72.6905,0.5866,85.99137412102488,-2.7524,0.7302,70.8825075,0.1218928526111723,62.8663,Stabil,Dusuk
35,QA,Senior,8.9,10,2025,9,8,39.3,35.2,0.5866,0.7754,0.9632415710052514,0.9007789110480808,1.9463,0.8033,0.9333,1.0,3.5,223.7902,0.3989207725203588,0.2697,0.7614222506944547,3,0.8581,0.0,0.2605,73.8834,67.9941,0.4989,83.55380304017044,-3.022,0.7077,71.9792283,0.1275550098502457,60.0249,Stabil,Dusuk
35,QA,Senior,8.9,11,2025,5,4,8.1,36.9,0.3909,0.7584,0.9382544718959888,0.9833524993284152,0.4202,0.8086,0.6571,1.0,5.75,175.4361,0.3642326256972962,0.2639,0.7714499550532441,4,0.9575,0.0,0.4219,77.1989,69.2351,0.623,75.64209838156545,1.8336,0.7026,69.1895568,0.1228473318712798,67.7528,Stabil,Dusuk
35,QA,Senior,8.9,12,2025,14,11,43.1,36.5,0.6604,0.7664,0.9159082309664062,0.9635623915769628,1.6641,0.6887,0.881,0.4,3.3636,200.8755,0.3495836759834633,0.2228,0.704103871524851,3,0.9882,0.0,0.2829,66.1121,67.8316,0.5561,89.79675525231461,1.4249,0.8017,69.81623985000002,0.146945832768707,71.1527,Stabil,Dusuk
35,QA,Senior,8.9,13,2025,5,4,11.7,32.6,0.6196,0.8052,0.9355596568756146,0.9681630610681572,0.7565,0.6744,0.9167,0.2,2.75,132.0273,0.4276585390297631,0.3243,0.8122450078916583,4,0.8257,0.0,0.4035,62.3607,69.3172,0.7029,84.89276028882351,2.2689,0.7276,68.32586880000001,0.2374038471119486,69.5843,Stabil,Dusuk
35,QA,Senior,8.9,14,2025,6,5,20.7,31.5,0.5865,0.7743,0.9121734505461616,0.9861047707138088,1.39,0.7908,0.8276,0.6,4.8,194.1285,0.4173280043176098,0.3068,0.7866182194145415,4,0.8542,0.0,0.2893,71.7333,68.5352,0.7056,89.89520085263445,1.478,0.8271,72.4613862,0.1209080497852379,72.5875,Stabil,Dusuk
35,QA,Senior,8.9,15,2025,10,8,39.7,34.9,0.6177,0.799,0.9167078999268828,0.918587588654832,1.6411,0.7485,0.8947,0.2,4.25,162.8513,0.2974230890062507,0.3387,0.8171984069806105,5,0.8614,0.0,0.2845,59.1119,65.8274,0.6323,83.24779223933187,2.6616,0.8294,70.44709875000001,0.1115113296102284,73.7311,Stabil,Dusuk
35,QA,Senior,8.9,16,2025,7,6,22.8,34.5,0.3694,0.7676,0.9468308377060364,0.9956308501855268,1.2209,0.6742,0.7143,0.4,3.3333,133.1438,0.3088204466939153,0.2966,0.8206853664477938,3,0.9003,0.0,0.1547,62.527,74.4866,0.5918,89.9557319140851,0.3416,0.7163,69.60632700000001,0.1171813932333354,67.6122,Stabil,Dusuk
35,QA,Senior,8.9,17,2025,5,4,14.7,33.0,0.5143,0.8084,0.9770762140093984,0.8890560917899927,0.7967,0.7086,0.7647,0.4,6.5,160.5256,0.34934658204499913,0.3278,0.7625513589600352,4,0.8281,0.0,0.3786,60.2726,73.9203,0.6655,78.05634666523889,0.7005,0.7806,67.34454405000001,0.2040225470707953,70.8975,Stabil,Dusuk
35,QA,Senior,8.9,18,2025,5,4,9.7,34.2,0.5987,0.8073,0.9399047812742176,0.9975627773843644,0.4924,0.7212,0.8889,0.6,2.0,142.5788,0.4016488457151765,0.3504,0.7799434697963781,4,0.8634,0.0,0.3293,64.607,69.2072,0.4622,80.23917069837734,-1.0494,0.6439,62.058834600000004,0.1310890347962034,60.5961,Riskli,Dusuk
35,QA,Senior,8.9,19,2025,14,10,27.8,28.7,0.6905,0.7622,0.975494525562067,0.977715232443013,1.2193,0.7873,0.7812,0.6,5.0,107.8636,0.2744388306114047,0.3409,0.7853627737529952,4,0.8173,0.0,0.3713,69.5016,74.3722,0.6002,89.71138287665455,-1.9099,0.6434,65.7847113,0.1561514465445484,60.7817,Stabil,Dusuk
35,QA,Senior,8.9,20,2025,8,5,21.7,37.5,0.6417,0.8136,0.9497470471903704,0.917161785337274,1.0054,0.8186,0.7917,1.0,3.8,113.6352,0.2689901440051822,0.2597,0.7222323898572862,4,0.886,0.0,0.1492,74.4196,73.2315,0.7474,88.78330883582724,-1.6298,0.6247,66.79781325,0.1081930303114208,60.0332,Stabil,Dusuk
35,QA,Senior,8.9,21,2025,4,3,6.6,33.9,0.6439,0.8045,0.9758455188279,0.9325201540577852,0.329,0.8055,0.6897,1.0,6.6667,148.0942,0.4181157521111037,0.2751,0.708412141723978,4,0.8322,0.0,0.223,77.8025,69.7764,0.5413,77.6881695386712,0.3856,0.8145,69.65735385,0.2289434593344154,70.6887,Stabil,Dusuk
35,QA,Senior,8.9,22,2025,5,4,8.9,28.6,0.7232,0.7307,0.9419376087871558,0.9057022723566496,0.3641,0.592,0.7419,0.4,5.75,270.1588,0.3022529008343918,0.2515,0.7541817656110464,5,0.7465,0.0,0.3836,61.0011,73.9123,0.6233,89.50784970988855,-1.0782,0.6879,59.5826574,0.1878791323586526,63.9444,Riskli,Dusuk
35,QA,Senior,8.9,23,2025,5,4,15.6,34.6,0.5147,0.824,0.9182418101693718,0.9418757066179092,0.731,0.81,0.7037,0.8,4.75,124.6207,0.2875161092509241,0.2882,0.7932193986685656,3,0.8571,0.0,0.3197,70.6455,74.6116,0.5251,80.48088093920437,-2.4194,0.6876,66.38756145,0.2185433606332146,62.0447,Stabil,Dusuk
35,QA,Senior,8.9,24,2025,11,8,18.3,40.5,0.4121,0.7749,0.9473621191115288,0.9948667480870288,0.842,0.6362,0.6986,0.4,6.375,97.7862,0.4173069371729922,0.2242,0.6680444504517773,3,1.0104,0.0,0.4161,58.7739,74.1371,0.7096,84.40730953069439,0.4054,0.7058,67.1937042,0.1769583412805374,67.1335,Stabil,Dusuk
35,QA,Senior,8.9,25,2025,5,4,10.0,32.9,0.5533,0.7961,0.9435357311651482,0.8508014315089205,0.4667,0.7105,0.8333,0.2,3.75,143.5242,0.43542447471194606,0.3793,0.7018979694498915,2,0.7853,0.0,0.3626,53.0331,73.9039,0.6706,88.76781671490072,-0.1162,0.7431,62.93230020000001,0.1711482073506569,67.9296,Riskli,Dusuk
35,QA,Senior,8.9,26,2025,11,8,29.8,34.5,0.6122,0.756,0.9077168542188012,0.9672589833221024,1.3304,0.7019,0.7581,0.4,5.875,187.2527,0.38930392440509404,0.3163,0.8416217728198294,5,0.876,0.0,0.2915,62.2437,68.0318,0.6342,75.37015563966591,1.6541,0.7607,68.46183855,0.1383383400984518,69.726,Stabil,Dusuk
35,QA,Senior,8.9,27,2025,13,10,28.5,31.2,0.4179,0.8098,0.908381534786234,0.9505452475562686,1.1777,0.9371,0.9608,1.0,4.9,116.9022,0.3244025567604549,0.2656,0.7891195215159532,3,0.7693,0.0,0.3285,80.7484,71.4675,0.5894,84.34228411538413,2.1339,0.6903,71.3493879,0.1387068635637679,68.3389,Stabil,Dusuk
35,QA,Senior,8.9,28,2025,9,6,27.7,30.1,0.7154,0.7837,0.9372682189125184,0.9929530810983968,1.1506,0.7476,0.8276,0.6,4.0,196.5049,0.36372002576087886,0.3323,0.6664928287746332,4,0.7895,0.0,0.2903,72.4798,69.4969,0.5497,89.42789704239884,1.3142,0.6079,62.202952350000004,0.1467912403453738,62.7574,Riskli,Dusuk
35,QA,Senior,8.9,29,2025,10,7,32.6,30.7,0.4159,0.7378,0.9378357923048682,0.9395335131728926,1.8558,0.8493,0.9444,0.6,4.8571,116.9407,0.400117488215971,0.2987,0.6746089289686182,3,0.8028,0.0,0.3663,69.5041,73.4896,0.7425,85.30874266080087,-0.9488,0.7351,71.11075335000001,0.1055257132011714,66.1455,Stabil,Dusuk
35,QA,Senior,8.9,30,2025,8,5,16.2,31.0,0.6122,0.808,0.9155569465454824,0.9010920715928776,0.8652,0.8157,0.9333,0.8,2.8,158.2107,0.2731438030566932,0.336,0.772829300346974,4,0.7146,0.0,0.242,75.9374,74.8335,0.6159,80.26182516635883,-0.2999,0.8026,63.786719850000004,0.2252495515124989,70.5975,Riskli,Dusuk
35,QA,Senior,8.9,31,2025,14,10,49.5,35.5,0.6377,0.7839,0.9116665345059946,0.9179613034626948,2.1967,0.8174,0.8226,0.8,5.1,206.6057,0.40844921076899887,0.2661,0.7433681980501664,4,0.8634,0.0,0.2599,69.6784,67.2481,0.6269,86.34607153992235,1.8045,0.6687,69.28906425000001,0.2386457672508862,65.5856,Stabil,Dusuk
35,QA,Senior,8.9,32,2025,13,10,33.9,33.9,0.4888,0.7768,0.9625995533026444,0.8548515738816979,1.655,0.6356,0.66,1.0,3.3,270.2961,0.3283137250580142,0.2954,0.7505873794387783,5,0.8203,0.0,0.2606,75.7061,66.192,0.5585,88.98154281050891,-3.3752,0.5573,66.52791075,0.1213831459930202,52.1641,Stabil,Dusuk
35,QA,Senior,8.9,33,2025,9,6,14.8,34.1,0.4551,0.7959,0.9221670845228924,0.9796375552619104,0.6082,0.8128,0.913,0.6,3.5,148.6577,0.4056920453451759,0.2249,0.8423843361856895,4,0.8466,0.0,0.3915,64.8931,67.6484,0.5936,84.22276099534216,0.0551,0.7956,65.2294251,0.1377962328854853,68.683,Stabil,Dusuk
35,QA,Senior,8.9,34,2025,9,7,20.3,37.4,0.5649,0.7917,0.971837812908628,0.8652340586650993,0.8565,0.5617,0.8209,0.2,7.8571,95.4251,0.26148218235153703,0.2943,0.6668091669472038,3,0.893,0.0,0.2508,59.3376,69.3102,0.7346,88.15719948160496,-0.5298,0.6706,66.81818325,0.2035345886411465,62.6403,Stabil,Dusuk
35,QA,Senior,8.9,35,2025,8,6,12.6,37.1,0.5825,0.7857,0.9625791234153224,0.9057032601013866,0.812,0.6679,0.6286,0.4,3.6667,161.5882,0.2951396612044039,0.2912,0.7630309547334366,4,1.0119,0.0,0.2836,58.7971,73.8823,0.6169,75.70185669534557,0.0089,0.7905,66.6388254,0.2277692453969424,70.2527,Stabil,Dusuk
35,QA,Senior,8.9,36,2025,15,10,35.4,44.4,0.7213,0.7293,0.976172024290754,0.955130279490286,1.3367,0.7585,0.8442,0.6,6.5,173.9574,0.30802243482244446,0.3666,0.7070467285803539,4,1.0872,0.0,0.2757,67.0402,71.4549,0.654,77.60618799543415,-2.6433,0.728,66.00032775000001,0.205472620299065,62.5668,Stabil,Dusuk
35,QA,Senior,8.9,37,2025,13,10,25.7,30.6,0.6372,0.7707,0.979418944404943,0.9403181159001424,1.0476,0.6579,0.6322,0.2,5.5,128.7492,0.32035662429862205,0.3471,0.7876175321176201,4,0.7936,0.0,0.3936,60.8047,69.8174,0.7549,86.08328035788234,0.0578,0.7038,63.762988799999995,0.2247847267544867,65.2062,Riskli,Dusuk
35,QA,Senior,8.9,38,2025,10,7,28.8,36.2,0.7502,0.781,0.9051469801351492,0.8853112798448062,1.147,0.8402,0.8043,0.8,5.2857,122.1926,0.29283778768839147,0.2968,0.744589637645693,3,0.8976,0.0,0.2892,68.6466,67.7483,0.7634,86.63381564588491,-0.4288,0.667,69.47870895000001,0.1922453667091992,62.1704,Stabil,Dusuk
35,QA,Senior,8.9,39,2025,6,5,13.9,27.3,0.6087,0.7922,0.9140719864835558,0.9492231446338852,0.4695,0.8101,0.7,0.8,4.2,153.711,0.2846819224246622,0.2556,0.817859630247163,5,0.7244,0.0,0.3446,73.6842,74.4287,0.6588,89.96057925986011,1.1879,0.771,65.5435305,0.1423503965302228,71.3792,Stabil,Dusuk
35,QA,Senior,8.9,40,2025,11,8,26.1,37.8,0.5586,0.8021,0.9011030952855305,0.9349058537608372,1.2593,0.7737,0.8857,0.8,3.875,82.4588,0.35737649947029754,0.2866,0.8163077598580658,4,0.9703,0.0,0.2608,74.3879,67.5671,0.56,78.01090968742704,1.8627,0.6494,70.3850721,0.1793454876912138,64.9028,Stabil,Dusuk
35,QA,Senior,8.9,41,2025,6,5,24.3,33.8,0.61,0.7524,0.9091118143379106,0.9090436954080212,1.065,0.6752,0.65,0.6,2.6,151.7358,0.3037924792146076,0.2887,0.7175668315587564,4,0.7845,0.0,0.4048,68.5961,70.9316,0.4702,78.44238854861665,4.2932,0.7155,67.59122475,0.2188695029543861,72.6853,Stabil,Dusuk
35,QA,Senior,8.9,42,2025,7,6,28.9,33.8,0.5561,0.7728,0.9222371250963716,0.961350702093174,1.4301,0.724,0.9302,0.4,6.6667,186.1633,0.3165038759538847,0.3396,0.7763119295139753,3,0.8278,0.0,0.2807,63.25,69.0093,0.6866,84.24912220199232,1.7036,0.6981,70.72637145,0.2015639755648412,67.2808,Stabil,Dusuk
35,QA,Senior,8.9,43,2025,7,6,23.7,27.2,0.5951,0.7547,0.9361164531069216,0.9456364588714532,1.129,0.7327,0.8571,1.0,4.0,275.4644,0.41059721200109006,0.2223,0.7083731543727575,3,0.717,0.0,0.3626,74.6385,68.1948,0.5387,83.92546857290256,0.2111,0.4768,66.94366245,0.2120463791090717,54.7425,Stabil,Dusuk
35,QA,Senior,8.9,44,2025,8,7,23.7,35.1,0.6412,0.7654,0.9654684695868132,0.9778314425721673,0.9371,0.7199,0.7143,0.4,4.2857,131.7381,0.36570343479777584,0.3505,0.741014745236729,4,0.9461,0.0,0.3122,64.2594,71.323,0.5854,82.35565946206742,-1.7056,0.6996,69.1443354,0.1995883099067613,62.7153,Stabil,Dusuk
35,QA,Senior,8.9,45,2025,6,5,12.1,34.3,0.8094,0.774,0.9984380022215268,0.9851926961153532,0.4475,0.5876,0.6522,0.4,3.0,203.0007,0.37645793660773746,0.2602,0.6949112722383242,4,0.8162,0.0,0.3007,58.4915,65.4734,0.5465,81.89026861881109,-0.2775,0.834,61.48715055,0.215071360576681,69.2396,Riskli,Dusuk
35,QA,Senior,8.9,46,2025,7,5,17.1,29.5,0.4012,0.802,0.9991687562559644,0.9541901204692952,0.6609,0.7278,0.6471,1.0,4.4,60.9685,0.40200383559801556,0.2556,0.7888500442520383,4,0.7878,0.0,0.4002,78.2982,72.8434,0.6421,89.48098051517943,-0.8398,0.6758,64.06090005,0.1331566505643278,63.4498,Riskli,Dusuk
35,QA,Senior,8.9,47,2025,7,5,24.8,32.4,0.6904,0.7789,0.9032388508310226,0.9114878991351174,1.1717,0.6176,0.7037,0.4,7.6,171.5452,0.3797138203467866,0.3699,0.6711955956857832,3,0.8173,0.0,0.2448,63.9168,65.072,0.6861,82.29299836048266,-3.2663,0.7418,65.41856055000001,0.1353337156584193,60.2983,Stabil,Dusuk
35,QA,Senior,8.9,48,2025,9,7,21.5,41.9,0.5362,0.7927,0.9069261996506884,0.9587953884989106,1.075,0.7327,0.7091,0.4,5.5714,162.6906,0.35556076508976886,0.2884,0.7665769081762103,3,1.0546,0.0,0.2895,62.1829,66.3133,0.6897,81.22314772142883,-2.604,0.7678,70.35828554999999,0.2494705766520104,62.8765,Stabil,Dusuk
35,QA,Senior,8.9,49,2025,5,4,12.7,33.9,0.4182,0.8088,0.9423916398914935,0.9873617428041016,0.7705,0.7102,0.8571,0.4,3.0,164.8236,0.3216506655888563,0.2495,0.8216174980060127,3,0.8514,0.0,0.425,64.6016,69.6599,0.6819,83.37336764798327,0.9834,0.8063,66.51833685000001,0.1510253868065475,71.2195,Stabil,Dusuk
35,QA,Senior,8.9,50,2025,4,3,13.7,37.3,0.664,0.7976,0.9449679071701946,0.9405588004160984,0.5178,0.8209,0.9231,0.8,4.0,196.6283,0.40100894397972486,0.2904,0.8234016978646516,3,0.9102,0.0,0.3386,71.4418,73.1498,0.5995,87.87033734953549,2.0715,0.6993,65.47702245,0.1711185354714479,69.1507,Stabil,Dusuk
35,QA,Senior,8.9,51,2025,8,6,16.3,37.3,0.4719,0.7834,0.9369437873092236,0.9474146888890016,0.8278,0.6773,0.6364,0.2,4.6667,135.9246,0.31122973029726364,0.2727,0.7679399294885729,3,0.8623,0.0,0.3075,56.616,73.7917,0.5344,78.98423646563315,-0.3674,0.6437,64.6415469,0.1087851680613693,63.0284,Riskli,Dusuk
35,QA,Senior,8.9,52,2025,9,7,32.6,28.8,0.5648,0.7744,0.964219068839788,0.8508967062544852,1.1974,0.5765,0.9444,0.2,2.4286,236.5865,0.2823446937058592,0.3561,0.8307418648693959,3,0.7078,0.0,0.3357,60.4059,74.1488,0.7164,78.19635716744861,-2.1811,0.7054,65.04558585,0.1465047473689601,63.0802,Stabil,Dusuk
38,Frontend,Mid,5.4,1,2025,5,4,14.7,37.6,0.3847,0.7049,0.8458,0.7711,0.7211,0.7191,0.9286,0.6,3.25,216.2892,0.5404,0.2438,0.3974,5,0.9632,0.0,0.369,67.7996,67.1395,0.6976,77.7567,0.0,0.9653,70.9784,0.2683,76.0815,Stabil,Dusuk
38,Frontend,Mid,5.4,2,2025,7,5,25.1,36.4,0.7314,0.737,0.7341,0.6652,1.2801,0.8916,0.9545,1.0,4.2,110.6652,0.5183,0.2739,0.535,3,0.9278,0.0,0.2524,75.8066,70.764,0.58,78.5354,0.7788,0.8685,73.355,0.2831,74.0285,Stabil,Dusuk
38,Frontend,Mid,5.4,3,2025,7,5,10.5,35.2,0.5709,0.7519,0.7386,0.6747,0.5574,0.8061,0.8095,1.0,3.4,114.5955,0.4808,0.2985,0.4709,3,0.8706,0.0,0.131,83.9206,69.3834,0.6799,75.7727,-0.992,0.8053,70.3447,0.2099,68.0023,Stabil,Dusuk
38,Frontend,Mid,5.4,4,2025,14,10,38.9,33.0,0.4579,0.7203,0.7387,0.6435,1.9316,0.8481,0.6835,1.0,5.4,165.8499,0.5496,0.3161,0.3908,4,0.8169,0.0,0.1339,81.9326,71.574,0.5286,78.7693,0.0275,0.8063,72.4945,0.2195,70.2986,Stabil,Dusuk
38,Frontend,Mid,5.4,5,2025,5,3,12.9,45.7,0.7292,0.7731,0.6257,0.5222,0.6333,0.7712,0.9231,0.8,4.0,233.8881,0.6505,0.4571,0.4249,5,1.1532,0.0,0.1274,77.7757,73.3595,0.628,69.1602,-2.5129,0.8375,63.8537,0.4205,68.2679,Riskli,Orta
38,Frontend,Mid,5.4,6,2025,10,8,27.3,38.2,0.4704,0.7508,0.7736,0.7175,1.3885,0.7158,0.8966,0.2,3.25,150.3446,0.5715,0.3011,0.4222,5,0.9721,0.0,0.2411,58.2797,65.5174,0.5443,73.7943,-1.5544,0.8676,70.1002,0.2507,68.7675,Stabil,Dusuk
38,Frontend,Mid,5.4,7,2025,9,7,27.4,32.2,0.4426,0.7771,0.7729,0.7478,1.1362,0.7812,1.0,0.6,2.5714,163.0653,0.4973,0.3077,0.3486,6,0.7546,0.0,0.254,69.171,71.9701,0.4978,69.4235,-2.3403,1.0,69.4345,0.3797,75.4343,Stabil,Orta
38,Frontend,Mid,5.4,8,2025,4,3,6.2,33.4,0.3298,0.765,0.8279,0.7484,0.2704,0.7707,0.7692,1.0,3.3333,198.8817,0.5192,0.2218,0.3083,5,0.8208,0.0,0.1813,83.5715,70.251,0.567,75.5097,1.4677,0.9932,69.7695,0.2036,80.5614,Stabil,Dusuk
38,Frontend,Mid,5.4,9,2025,7,5,16.8,42.7,0.7266,0.741,0.7605,0.6428,0.8358,0.7844,0.9688,0.6,6.2,198.4771,0.6123,0.3896,0.4153,3,1.1047,0.0,0.2231,70.2425,69.5958,0.5026,62.6527,-2.7339,0.7808,65.8832,0.4681,64.2443,Stabil,Orta
38,Frontend,Mid,5.4,10,2025,5,3,8.9,41.4,0.681,0.7422,0.6641,0.5622,0.3901,0.842,0.7895,0.6,5.0,146.7844,0.693,0.4263,0.3571,6,0.9842,0.0,0.1605,73.7821,69.6516,0.5849,58.8413,-4.4603,0.8422,62.9975,0.3826,64.326,Riskli,Orta
38,Frontend,Mid,5.4,11,2025,9,6,16.5,31.6,0.6065,0.7314,0.7161,0.6119,0.7863,0.7342,0.6596,0.6,5.1667,106.2486,0.5463,0.3643,0.3643,6,0.8128,0.0,0.2364,66.5616,64.7707,0.6449,77.4109,0.1892,0.8701,65.7522,0.2977,71.3806,Stabil,Dusuk
38,Frontend,Mid,5.4,12,2025,7,5,19.4,41.1,0.8541,0.7219,0.7849,0.6661,0.8415,0.8075,0.88,0.8,4.4,210.3811,0.8284,0.4611,0.25,5,1.0552,0.0,0.2523,73.3768,69.6102,0.5264,70.4299,4.1901,0.8543,65.9194,0.2944,78.3722,Stabil,Dusuk
38,Frontend,Mid,5.4,13,2025,8,6,23.6,37.7,0.6059,0.7445,0.7165,0.5866,1.2584,0.6048,0.9375,0.2,2.5,216.2768,0.4271,0.2891,0.3636,5,0.981,0.0,0.3148,62.1315,69.4515,0.5899,71.4794,3.0933,0.8579,67.3099,0.1865,76.775,Stabil,Dusuk
38,Frontend,Mid,5.4,14,2025,12,10,26.0,36.7,0.6209,0.7033,0.8153,0.7328,1.3397,0.7421,0.8286,0.6,2.9,159.6858,0.5339,0.3652,0.43,5,0.9361,0.0,0.2889,67.6054,70.9917,0.5781,78.5145,0.4361,0.9123,72.3107,0.2587,75.5327,Stabil,Dusuk
38,Frontend,Mid,5.4,15,2025,9,7,21.8,35.0,0.6016,0.7687,0.7761,0.6324,0.9881,0.6661,0.8621,0.2,3.5714,190.6829,0.4985,0.2557,0.455,4,0.9141,0.0,0.1982,63.9735,67.4555,0.5499,82.6403,4.3666,0.9316,69.7155,0.2133,81.4807,Stabil,Dusuk
38,Frontend,Mid,5.4,16,2025,4,4,11.5,36.7,0.4097,0.6731,0.881,0.8779,0.5704,0.8473,0.9048,0.6,4.75,170.1489,0.5162,0.2333,0.4661,4,0.9594,0.0,0.2246,70.6016,71.3946,0.5088,84.3392,4.2705,0.8473,74.4901,0.2088,78.7207,Stabil,Dusuk
38,Frontend,Mid,5.4,17,2025,3,2,7.9,40.3,0.5641,0.7601,0.8169,0.7358,0.4218,0.6815,0.6667,0.8,3.0,196.4047,0.658,0.3332,0.4721,4,1.0063,0.0,0.3348,76.5494,68.0395,0.6101,71.931,-1.8052,1.0,68.2932,0.2649,75.0913,Stabil,Dusuk
38,Frontend,Mid,5.4,18,2025,11,9,33.9,37.3,0.4902,0.7692,0.8369,0.7534,1.4739,0.8681,0.9592,0.8,5.2222,100.0976,0.5579,0.3372,0.3288,6,0.9804,0.0,0.1899,76.2342,67.3794,0.5554,77.5633,-2.7639,0.9449,75.2936,0.2945,70.9146,Stabil,Dusuk
38,Frontend,Mid,5.4,19,2025,10,7,28.0,35.8,0.5059,0.7559,0.696,0.5418,1.2093,0.7692,0.8636,0.8,2.7143,171.6039,0.5051,0.3125,0.4902,2,0.8998,0.0,0.2816,78.687,68.6409,0.5713,80.4343,-0.6083,0.8787,69.7939,0.2117,71.6816,Stabil,Dusuk
38,Frontend,Mid,5.4,20,2025,9,6,21.6,32.0,0.5646,0.737,0.6266,0.5253,1.0093,0.6007,0.6364,0.6,3.5,237.7818,0.5778,0.3789,0.3367,6,0.7873,0.0,0.2635,68.2327,70.0156,0.4209,63.9398,-2.1103,0.9165,60.8734,0.3414,71.4477,Riskli,Orta
38,Frontend,Mid,5.4,21,2025,6,5,13.7,39.5,0.5127,0.7803,0.8301,0.7516,0.6882,0.6615,0.7143,1.0,1.0,178.9112,0.4811,0.3692,0.4013,5,0.9766,0.0,0.1541,84.3516,69.9775,0.5574,68.5842,-4.3432,0.9233,70.9082,0.371,68.2539,Stabil,Orta
38,Frontend,Mid,5.4,22,2025,11,7,32.1,35.4,0.4731,0.7487,0.6232,0.5806,1.3172,0.6937,0.8621,0.4,3.5714,199.9188,0.5058,0.3083,0.3855,5,0.8971,0.0,0.2164,67.5646,71.8271,0.6844,68.9931,-2.9679,0.8643,67.1517,0.3329,68.3036,Stabil,Orta
38,Frontend,Mid,5.4,23,2025,7,5,22.9,31.2,0.4604,0.7429,0.7683,0.6988,0.992,0.7502,0.7143,0.6,6.0,135.1661,0.5819,0.3178,0.3752,4,0.7918,0.0,0.3732,71.2849,70.1173,0.6077,66.3142,0.7532,0.8678,66.8725,0.2609,73.763,Stabil,Dusuk
38,Frontend,Mid,5.4,24,2025,16,13,38.6,42.3,0.5284,0.7369,0.7844,0.7109,1.5502,0.724,0.9016,0.4,4.2308,212.3374,0.489,0.2838,0.5301,1,1.0391,0.0,0.2423,60.5627,70.2008,0.4015,73.9932,1.3548,0.8401,71.6176,0.2663,73.4831,Stabil,Dusuk
38,Frontend,Mid,5.4,25,2025,11,8,23.5,38.3,0.5132,0.7526,0.7423,0.7526,1.0356,0.7556,0.7111,0.8,4.0,110.0093,0.5942,0.3442,0.4039,5,0.9166,0.0,0.1835,73.0148,69.2276,0.4805,78.1189,3.5056,1.0,70.7073,0.2448,83.7458,Stabil,Dusuk
38,Frontend,Mid,5.4,26,2025,11,10,43.9,35.8,0.387,0.7253,0.8887,0.8476,1.8638,0.6868,0.9375,0.4,3.0,96.5364,0.4704,0.1713,0.4919,2,0.8916,0.0,0.2544,63.612,67.836,0.3732,75.9435,3.3014,0.8792,74.3525,0.2172,77.5751,Stabil,Dusuk
38,Frontend,Mid,5.4,27,2025,12,8,38.1,43.2,0.63,0.7386,0.6957,0.6064,1.5273,0.7937,1.0,0.8,2.25,128.3881,0.5578,0.2867,0.3614,5,1.0138,0.0,0.1614,78.4244,69.71,0.4009,73.5704,-0.3444,0.7921,70.6363,0.2944,68.5196,Stabil,Dusuk
38,Frontend,Mid,5.4,28,2025,3,2,4.4,39.8,0.535,0.7261,0.6725,0.6411,0.2418,0.5579,0.8571,0.2,3.0,249.0719,0.4744,0.3081,0.3687,4,0.9517,0.0,0.1172,56.9165,65.2632,0.491,68.3361,-3.1721,0.8864,61.8797,0.3992,67.0104,Riskli,Orta
38,Frontend,Mid,5.4,29,2025,4,2,9.9,32.4,0.5372,0.7624,0.6103,0.5143,0.5477,0.5497,0.6667,0.2,3.0,205.2335,0.5219,0.306,0.4587,4,0.8622,0.0,0.2756,59.2294,67.4278,0.5055,67.5718,-3.0349,0.9883,60.1416,0.4268,72.4605,Riskli,Orta
38,Frontend,Mid,5.4,30,2025,9,7,30.7,28.9,0.5462,0.7295,0.7263,0.6809,1.2924,0.7169,0.7321,1.0,5.8571,259.9013,0.6164,0.3121,0.4914,3,0.7306,0.0,0.3142,82.8989,72.0543,0.5265,75.8647,0.6119,1.0,69.6679,0.1955,80.0723,Stabil,Dusuk
38,Frontend,Mid,5.4,31,2025,11,7,16.3,35.2,0.6577,0.729,0.6584,0.5414,0.803,0.8226,0.6923,0.8,5.1429,166.8927,0.5766,0.3164,0.3255,5,0.9354,0.0,0.2486,70.765,70.8413,0.5981,63.4836,-0.6265,0.759,64.4985,0.2711,66.9269,Riskli,Dusuk
38,Frontend,Mid,5.4,32,2025,9,6,18.6,31.7,0.7396,0.7393,0.669,0.5063,0.8949,0.6374,0.7857,0.6,1.8333,186.9575,0.6054,0.3514,0.401,5,0.8297,0.0,0.2165,71.0908,74.0432,0.4534,69.794,-0.5715,0.7909,62.8555,0.1797,69.4121,Riskli,Dusuk
38,Frontend,Mid,5.4,33,2025,3,2,6.1,45.7,0.4826,0.7684,0.8298,0.7064,0.3249,0.7513,0.6667,1.0,3.0,125.9617,0.5996,0.3362,0.4609,4,1.1292,0.0,0.2734,79.8078,65.5734,0.4,75.1684,0.4222,0.8413,67.0541,0.2638,70.6902,Stabil,Dusuk
38,Frontend,Mid,5.4,34,2025,7,5,15.8,39.8,0.3798,0.7108,0.7335,0.7308,0.6159,0.8386,0.9412,0.8,3.2,158.1263,0.4194,0.2465,0.511,3,0.9096,0.0,0.2556,69.3362,73.2236,0.5654,75.7716,4.2238,0.904,70.7359,0.2634,81.7486,Stabil,Dusuk
38,Frontend,Mid,5.4,35,2025,7,6,28.0,35.3,0.8185,0.711,0.789,0.6778,1.2017,0.6699,0.8947,0.2,5.6667,224.91,0.5749,0.3387,0.5251,4,0.8671,0.0,0.298,56.093,68.6192,0.5686,63.4142,-1.8536,0.858,66.79,0.2644,68.7994,Stabil,Dusuk
38,Frontend,Mid,5.4,36,2025,8,6,27.3,42.5,0.6038,0.7565,0.7128,0.5977,1.1292,0.7739,0.7241,1.0,3.5,190.884,0.4977,0.2888,0.5203,2,1.0546,0.0,0.2852,79.4335,68.3873,0.5308,69.0323,-3.0766,0.6537,68.7587,0.3411,57.6237,Stabil,Orta
38,Frontend,Mid,5.4,37,2025,10,8,26.2,39.5,0.464,0.7268,0.7503,0.7107,1.0574,0.6895,0.9667,0.2,7.25,169.7546,0.5618,0.3158,0.4411,4,0.9913,0.0,0.2714,58.7785,71.872,0.519,66.9087,-2.0971,1.0,68.341,0.3857,75.7849,Stabil,Orta
38,Frontend,Mid,5.4,38,2025,9,6,23.7,42.9,0.7468,0.7117,0.7036,0.5773,1.0029,0.62,0.9091,0.6,1.6667,226.1122,0.6592,0.331,0.3216,5,1.052,0.0,0.2325,68.1518,68.3353,0.4971,75.5814,3.4378,0.9901,65.5072,0.2826,82.926,Stabil,Dusuk
38,Frontend,Mid,5.4,39,2025,7,5,20.7,30.8,0.6286,0.7286,0.7019,0.6166,0.9687,0.6284,0.8235,0.4,8.4,135.1295,0.5397,0.2938,0.4309,4,0.8525,0.0,0.3395,61.8722,72.9024,0.5369,72.0334,1.7676,0.8171,64.8139,0.1447,73.9003,Riskli,Dusuk
38,Frontend,Mid,5.4,40,2025,6,4,11.5,34.6,0.4368,0.7525,0.7437,0.6405,0.6311,0.6105,0.7778,0.2,3.5,207.5666,0.4882,0.216,0.5146,5,0.846,0.0,0.2632,58.7632,67.9862,0.4851,79.681,3.4769,0.8098,65.6155,0.2666,74.7692,Stabil,Dusuk
38,Frontend,Mid,5.4,41,2025,5,4,9.0,40.9,0.4976,0.7399,0.7426,0.7772,0.5058,0.8215,1.0,1.0,3.25,218.2234,0.5089,0.289,0.356,5,0.9664,0.0,0.2195,83.6124,69.7562,0.5257,72.55,-0.1447,0.9115,70.421,0.2429,74.2198,Stabil,Dusuk
38,Frontend,Mid,5.4,42,2025,11,8,33.3,37.1,0.5727,0.7344,0.7088,0.6319,1.2411,0.6483,0.7119,0.6,5.25,268.7378,0.5745,0.3429,0.5426,4,0.9524,0.0,0.2509,66.7354,71.5837,0.6225,79.044,1.3901,0.9135,69.5654,0.2015,77.2542,Stabil,Dusuk
38,Frontend,Mid,5.4,43,2025,12,9,29.1,40.5,0.4688,0.7625,0.7261,0.6634,1.3349,0.6865,0.7778,0.4,3.1111,165.9553,0.5623,0.2894,0.4036,4,1.05,0.0,0.253,61.7155,68.9446,0.5738,77.5867,0.0211,0.8495,69.2219,0.2004,71.4444,Stabil,Dusuk
38,Frontend,Mid,5.4,44,2025,11,9,44.2,39.7,0.5174,0.7559,0.8009,0.7373,1.6885,0.6113,0.8571,0.6,1.3333,93.4533,0.4715,0.2827,0.4378,4,1.0574,0.0,0.2016,70.3593,73.3011,0.5951,80.5392,2.251,0.7931,73.2908,0.2663,73.6987,Stabil,Dusuk
38,Frontend,Mid,5.4,45,2025,11,8,34.6,39.7,0.497,0.7771,0.7401,0.6956,1.6592,0.8375,0.8519,1.0,2.875,146.7279,0.5385,0.2995,0.3729,5,1.0069,0.0,0.26,77.8229,69.5765,0.3731,70.3811,-2.3036,0.8987,72.0555,0.3249,70.2148,Stabil,Orta
38,Frontend,Mid,5.4,46,2025,7,6,12.0,38.3,0.3997,0.7529,0.8304,0.7799,0.6383,0.7397,0.7812,0.4,4.1667,133.4382,0.5859,0.3408,0.4189,5,1.0335,0.0,0.1363,69.0673,74.3881,0.5456,71.7885,-2.7553,0.9386,70.5874,0.3493,72.7495,Stabil,Orta
38,Frontend,Mid,5.4,47,2025,6,4,9.1,37.2,0.5109,0.7343,0.6752,0.5939,0.4307,0.6853,0.7143,0.4,5.0,221.0456,0.5183,0.2983,0.5386,3,0.912,0.0,0.2156,67.8876,64.7727,0.613,71.5949,-2.5425,0.9041,64.9271,0.3509,68.6426,Riskli,Orta
38,Frontend,Mid,5.4,48,2025,12,8,31.0,45.6,0.62,0.7622,0.7076,0.5907,1.2822,0.736,0.8421,0.8,4.0,239.0479,0.5405,0.244,0.3679,5,1.1717,0.0,0.235,71.1178,67.0911,0.6523,62.6957,-2.325,0.9495,67.4482,0.4851,71.7207,Stabil,Orta
38,Frontend,Mid,5.4,49,2025,13,9,42.8,38.1,0.5384,0.7369,0.6969,0.6125,1.9213,0.7438,0.7121,0.4,5.2222,131.7229,0.552,0.3186,0.3889,5,0.9487,0.0,0.3191,67.6747,72.972,0.5164,66.5676,-2.4562,0.8089,68.1258,0.3642,66.9555,Stabil,Orta
38,Frontend,Mid,5.4,50,2025,7,5,20.8,47.0,0.5368,0.7717,0.7048,0.6028,0.926,0.6949,0.8571,0.6,2.4,116.1913,0.5216,0.2823,0.4272,5,1.1438,0.0,0.1375,69.489,68.9883,0.4549,68.2937,-0.6032,0.8445,66.1697,0.391,70.256,Stabil,Orta
38,Frontend,Mid,5.4,51,2025,10,7,32.3,39.9,0.7226,0.7088,0.75,0.6966,1.511,0.7378,0.6875,0.6,6.2857,156.3776,0.5465,0.3045,0.4287,3,1.0038,0.0,0.2175,68.1332,72.5795,0.4788,63.7506,0.4891,0.8751,70.7136,0.1958,74.4171,Stabil,Dusuk
38,Frontend,Mid,5.4,52,2025,8,7,25.1,35.6,0.5613,0.7659,0.8155,0.7322,0.9143,0.6734,0.7292,0.4,5.0,233.8591,0.5853,0.2861,0.5065,4,0.9401,0.0,0.1849,63.5567,69.8795,0.4922,66.5817,-0.4501,0.904,68.9027,0.2282,73.4424,Stabil,Dusuk
40,DevOps,Senior,8.2,1,2025,4,3,9.6,41.7,0.4678,0.696,0.8234,0.7668,0.4636,0.7936,0.8,1.0,5.3333,239.795,0.49887,0.336,0.5117200000000001,6,1.0374,0.0,0.3386,72.2691,67.9644,0.8204,82.4304,0.0,0.8217,74.34483,0.2104,69.865,Stabil,Dusuk
40,DevOps,Senior,8.2,2,2025,8,7,14.5,34.1,0.4182,0.7198,0.8976,0.9142,0.8955,0.6328,0.7059,0.4,3.4286,100.7318,0.4356,0.2619,0.5621,3,0.8159,0.0,0.2482,59.7465,65.4672,0.9109,77.4317,-4.9987,0.9004,76.43968500000001,0.3119,64.8459,Stabil,Orta
40,DevOps,Senior,8.2,3,2025,4,3,6.8,35.1,0.6176,0.6729,0.8094,0.8223,0.2759,0.8629,0.6957,1.0,5.3333,160.4259,0.35685,0.2889,0.6770500000000002,2,0.8318,0.0,0.3207,76.7334,66.6962,0.8379,82.0413,-0.1946,0.8907,76.285335,0.1717,72.2853,Stabil,Dusuk
40,DevOps,Senior,8.2,4,2025,7,6,31.0,40.9,0.7601,0.7069,0.7986,0.6654,1.1048,0.8907,0.8,1.0,4.6667,166.9685,0.42498,0.3038,0.48367,4,0.9976,0.0,0.1819,79.7654,73.0456,0.8284,79.1002,-0.5381,0.971,79.54275,0.164,77.2695,Stabil,Dusuk
40,DevOps,Senior,8.2,5,2025,9,7,18.5,32.1,0.5815,0.7339,0.8004,0.7345,0.8685,0.6754,0.8448,0.6,7.0,82.2864,0.49041,0.3208,0.484,5,0.7987,0.0,0.2964,60.4598,66.4103,0.9095,79.8454,0.43,0.8242,71.968575,0.211,70.1854,Stabil,Dusuk
40,DevOps,Senior,8.2,6,2025,6,5,24.2,29.9,0.6669,0.6867,0.7518,0.5738,1.1076,0.7188,0.8,0.4,3.2,149.1229,0.59373,0.4499,0.47245,4,0.7695,0.0,0.3605,60.3064,64.7085,0.8793,79.0444,-0.8245,0.7213,68.041155,0.2896,63.0824,Stabil,Dusuk
40,DevOps,Senior,8.2,7,2025,9,7,16.5,32.5,0.4365,0.7035,0.8117,0.7486,0.763,0.696,1.0,0.6,1.5714,110.5741,0.48978,0.3558,0.48752,5,0.7965,0.0,0.2922,61.9649,67.2538,0.8185,74.5348,-1.4497,0.9299,71.484,0.1997,72.258,Stabil,Dusuk
40,DevOps,Senior,8.2,8,2025,11,9,19.9,35.7,0.4618,0.6933,0.8319,0.7248,0.7683,0.916,0.8958,1.0,4.7778,177.3231,0.44532,0.2939,0.5214,2,0.8917,0.0,0.4237,69.8284,65.1834,0.784,76.6977,-1.3953,0.8983,75.004335,0.2016,70.2976,Stabil,Dusuk
40,DevOps,Senior,8.2,9,2025,10,9,30.4,41.1,0.3709,0.6998,0.8535,0.7414,1.4357,0.6256,0.9286,0.6,2.8889,27.0998,0.42588,0.288,0.5603400000000001,4,0.9909,0.0,0.2155,61.8578,66.6711,0.9195,73.9787,-1.3034,0.9197,77.719845,0.3306,71.8518,Stabil,Orta
40,DevOps,Senior,8.2,10,2025,8,7,32.5,39.5,0.4835,0.7411,0.819,0.8619,1.3537,0.6986,0.7097,0.6,3.1429,170.1688,0.36891,0.269,0.5901500000000001,3,1.0325,0.0,0.3126,67.1967,65.5452,0.916,69.006,-1.9305,0.8836,78.464505,0.2418,68.9092,Stabil,Dusuk
40,DevOps,Senior,8.2,11,2025,9,8,35.0,42.9,0.5087,0.6653,0.885,0.8741,1.6241,0.7684,0.6842,0.6,4.875,176.1282,0.38106,0.2985,0.46816,4,1.0441,0.0,0.3097,61.7201,72.6194,0.8952,75.2119,-0.943,0.9593,80.826795,0.2773,75.9811,Yuksek,Dusuk
40,DevOps,Senior,8.2,12,2025,11,9,19.1,50.0,0.6255,0.7224,0.8068,0.7354,0.9088,0.7509,0.6596,1.0,3.4444,110.8465,0.48312,0.3173,0.53669,5,1.2329,1.0,0.3537,75.1426,65.5269,0.7705,72.2523,0.1027,0.6822,71.501115,0.428,63.0176,Stabil,Orta
40,DevOps,Senior,8.2,13,2025,8,6,16.4,35.1,0.6366,0.7147,0.7981,0.7228,0.7721,0.6446,0.7143,0.6,2.5,187.8118,0.44937,0.2387,0.5817900000000001,3,0.9241,1.0,0.4116,66.6111,68.6431,0.8599,78.5589,2.5699,0.9082,73.0128,0.2469,77.9756,Stabil,Dusuk
40,DevOps,Senior,8.2,14,2025,5,4,9.4,33.3,0.6382,0.7125,0.8897,0.8136,0.4965,0.7111,0.8824,0.6,7.5,182.0705,0.41103,0.2641,0.5238200000000001,5,0.8496,1.0,0.276,69.6866,65.4276,0.9012,81.1473,2.4113,0.7988,74.87361,0.2501,71.8438,Stabil,Dusuk
40,DevOps,Senior,8.2,15,2025,14,12,28.5,32.7,0.5101,0.6791,0.8593,0.7245,1.114,0.8346,0.7733,0.8,4.8333,121.7039,0.40815,0.2162,0.69762,4,0.8393,1.0,0.2545,68.7191,71.6445,0.8518,87.0144,4.6875,0.7946,79.16159999999999,0.2042,77.0749,Stabil,Dusuk
40,DevOps,Senior,8.2,16,2025,10,8,27.7,38.1,0.5044,0.7134,0.7682,0.7195,1.3328,0.9385,0.973,1.0,4.5,170.2756,0.32787,0.2042,0.6750700000000001,2,0.9245,1.0,0.2884,75.7464,68.5599,0.95,79.1453,0.7626,0.7805,80.631495,0.2277,69.3808,Yuksek,Dusuk
40,DevOps,Senior,8.2,17,2025,7,6,21.6,32.8,0.3363,0.663,0.8547,0.7433,0.8678,0.5756,0.6765,0.2,3.8333,80.3579,0.39816,0.1742,0.57233,5,0.8709,1.0,0.32,53.7037,66.0653,0.7801,79.4926,-1.2833,0.8405,72.641835,0.2762,68.1387,Stabil,Dusuk
40,DevOps,Senior,8.2,18,2025,8,6,24.1,43.7,0.4847,0.7263,0.8094,0.7158,0.9797,0.7866,0.8077,1.0,3.5,203.3393,0.4653,0.2204,0.65912,4,1.0359,0.0,0.3357,78.6803,64.662,0.8776,67.1944,-5.9113,1.0,76.777575,0.3415,67.6622,Stabil,Orta
40,DevOps,Senior,8.2,19,2025,9,8,28.5,36.8,0.4386,0.7064,0.9234,0.8819,1.2592,0.7352,0.8148,1.0,2.75,215.6366,0.3483,0.2912,0.5181,4,0.9669,0.0,0.2784,73.491,67.7086,0.9462,85.7595,0.7545,0.9286,83.02119,0.2796,75.7798,Yuksek,Dusuk
40,DevOps,Senior,8.2,20,2025,9,7,17.7,35.4,0.6657,0.6925,0.789,0.6386,0.8726,0.8092,0.8929,0.6,3.5714,151.3926,0.5450400000000001,0.316,0.5605600000000001,4,0.873,0.0,0.2984,60.3135,65.2311,0.707,73.8244,0.1561,0.854,71.0724,0.1853,70.7425,Stabil,Dusuk
40,DevOps,Senior,8.2,21,2025,7,6,19.1,37.4,0.5183,0.7021,0.8042,0.683,0.7022,0.7972,0.9583,0.6,3.8333,187.3886,0.4023,0.3002,0.58047,4,0.9675,0.0,0.361,63.7475,68.2274,0.9006,74.7661,1.078,0.8968,74.259045,0.2586,75.007,Stabil,Dusuk
40,DevOps,Senior,8.2,22,2025,10,9,38.9,35.4,0.5428,0.6802,0.8833,0.8474,1.8785,0.8017,0.7692,0.6,4.4444,142.686,0.42129,0.3072,0.5160100000000001,4,0.9102,0.0,0.2022,68.0616,73.2925,0.7367,77.0995,-2.5038,0.9467,81.08394000000001,0.3001,73.1781,Yuksek,Orta
40,DevOps,Senior,8.2,23,2025,7,6,14.4,34.7,0.626,0.7691,0.7864,0.7184,0.7773,0.8183,0.8857,0.4,5.1667,139.9811,0.3789,0.2304,0.6690200000000001,2,0.8637,0.0,0.3114,62.0192,66.874,0.7289,65.0723,-2.3923,0.834,72.88281,0.3838,66.3547,Stabil,Orta
40,DevOps,Senior,8.2,24,2025,11,9,31.7,52.5,0.6502,0.6935,0.7742,0.6964,1.1884,0.8123,0.7674,1.0,3.6667,179.753,0.48411,0.2943,0.61017,3,1.3196,1.0,0.3511,77.0994,66.7833,0.8726,67.7897,-3.2956,0.8224,72.81340500000002,0.534,64.3938,Stabil,Orta
40,DevOps,Senior,8.2,25,2025,3,2,5.7,44.7,0.7592,0.6925,0.6983,0.6053,0.2186,0.6285,0.8333,0.6,2.5,68.9076,0.40365,0.2862,0.6430600000000001,3,1.0881,1.0,0.3276,65.9778,70.5583,0.95,69.5453,-1.9945,0.9522,68.151195,0.3539,73.3994,Stabil,Orta
40,DevOps,Senior,8.2,26,2025,9,7,23.5,43.2,0.5717,0.7041,0.8162,0.7197,0.9634,0.8592,0.85,1.0,4.8571,89.1125,0.42291,0.3135,0.67639,3,1.072,1.0,0.323,73.5937,65.6538,0.7019,79.3247,4.4513,0.7826,76.17435,0.3321,74.3665,Stabil,Orta
40,DevOps,Senior,8.2,27,2025,5,4,14.8,34.2,0.5508,0.7342,0.813,0.7117,0.713,0.8056,0.95,0.2,4.75,146.6685,0.4572,0.2373,0.55561,4,0.9352,1.0,0.233,55.9953,65.3791,0.9095,79.7786,4.5746,0.9922,74.71537500000001,0.288,83.9105,Stabil,Dusuk
40,DevOps,Senior,8.2,28,2025,7,5,15.6,33.9,0.6579,0.715,0.7752,0.6521,0.703,0.5129,0.7391,0.2,3.4,266.8786,0.42381,0.2629,0.5415300000000001,3,0.8526,1.0,0.3191,52.6611,70.7553,0.8064,76.0872,2.0079,0.9459,68.65950000000001,0.2393,79.4284,Stabil,Dusuk
40,DevOps,Senior,8.2,29,2025,5,4,18.7,33.1,0.3179,0.6661,0.8061,0.7687,0.881,0.7033,0.6429,1.0,2.25,124.3862,0.37854,0.2675,0.60137,2,0.8066,1.0,0.3066,74.2078,66.5836,0.8277,76.5143,-1.2122,0.9501,75.03499500000001,0.33,73.3376,Stabil,Orta
40,DevOps,Senior,8.2,30,2025,14,10,51.6,41.3,0.833,0.7021,0.7375,0.6492,1.8282,0.6923,0.7209,0.8,3.1,206.2614,0.48411,0.2798,0.5603400000000001,3,0.9719,0.0,0.3113,66.5087,65.3054,0.95,70.015,-2.8863,0.8015,74.38336500000001,0.367,63.6511,Stabil,Orta
40,DevOps,Senior,8.2,31,2025,3,2,8.6,28.7,0.4287,0.7302,0.7235,0.6077,0.419,0.7758,0.7,0.8,3.5,146.8311,0.40707,0.3244,0.45727,5,0.7189,0.0,0.3264,74.4941,66.7946,0.8864,72.4151,-1.7516,0.9539,69.009885,0.2512,72.7251,Stabil,Dusuk
40,DevOps,Senior,8.2,32,2025,14,11,34.4,39.2,0.6367,0.6971,0.7854,0.6187,1.7862,0.8735,0.8654,1.0,4.0909,124.5227,0.40959,0.2942,0.57464,4,0.9708,0.0,0.2814,75.8133,64.4838,0.9061,73.364,-0.7051,0.8617,78.353205,0.2801,69.5199,Stabil,Dusuk
40,DevOps,Senior,8.2,33,2025,11,9,22.8,38.3,0.684,0.6929,0.8112,0.7341,1.1195,0.5794,0.7241,0.4,2.3333,203.0256,0.46899,0.2834,0.5445,3,0.9404,0.0,0.2063,57.47,73.4871,0.8324,65.0301,-1.4006,0.8913,73.091865,0.2052,72.4651,Stabil,Dusuk
40,DevOps,Senior,8.2,34,2025,14,11,55.2,40.5,0.6478,0.7428,0.8052,0.7198,2.5,0.6848,0.8571,0.8,2.1818,213.2383,0.38808,0.2041,0.44924,5,0.9908,0.0,0.2485,67.8724,69.3846,0.95,66.1769,-2.7048,0.7602,76.95387000000001,0.3547,63.2993,Stabil,Orta
40,DevOps,Senior,8.2,35,2025,7,6,13.7,40.6,0.5887,0.6608,0.8652,0.7472,0.8567,0.6927,0.8974,0.2,5.8333,202.2728,0.41013,0.2306,0.5137,5,1.0134,0.0,0.3751,58.5496,64.1435,0.7671,70.9188,-0.6189,0.8226,73.49538,0.2927,67.7914,Stabil,Dusuk
40,DevOps,Senior,8.2,36,2025,16,11,55.5,50.1,0.7581,0.7308,0.6994,0.5828,2.1637,0.7071,0.7921,0.6,7.2727,169.8454,0.53217,0.2969,0.5281100000000001,2,1.2587,1.0,0.3266,64.9968,69.2616,0.8551,66.69409999999999,0.9734,0.7323,69.229965,0.4085,67.754,Stabil,Orta
40,DevOps,Senior,8.2,37,2025,4,3,6.9,34.7,0.671,0.723,0.862,0.7687,0.3552,0.6361,0.8,0.6,2.6667,222.9041,0.43389,0.3127,0.5717800000000001,5,0.8705,1.0,0.2748,62.0732,65.6178,0.8936,68.5078,0.2768,0.8847,70.806015,0.2801,72.4314,Stabil,Dusuk
40,DevOps,Senior,8.2,38,2025,9,7,26.4,29.5,0.5469,0.7118,0.7845,0.6943,1.2556,0.6939,0.8864,0.4,5.5714,61.6716,0.43119,0.2964,0.57486,3,0.6951,1.0,0.2746,54.9524,66.5022,0.9198,65.9483,-1.3098,0.7612,70.526505,0.3558,64.6573,Stabil,Orta
40,DevOps,Senior,8.2,39,2025,6,5,11.6,38.3,0.6967,0.6979,0.8057,0.6287,0.4503,0.6086,0.8571,0.4,2.4,218.5219,0.57069,0.4107,0.49258,4,0.9663,1.0,0.2799,55.4071,69.3154,0.7055,78.0998,3.1658,0.88,67.481715,0.2259,77.839,Stabil,Dusuk
40,DevOps,Senior,8.2,40,2025,9,8,36.7,32.7,0.5849,0.7179,0.8493,0.8823,1.4262,0.7044,0.8,0.6,5.0,40.7806,0.4185,0.2835,0.6177600000000001,2,0.8293,1.0,0.2568,69.6846,66.9488,0.8342,77.8538,4.019,0.8877,78.9201,0.2898,78.8125,Stabil,Dusuk
40,DevOps,Senior,8.2,41,2025,11,9,27.5,37.3,0.5756,0.668,0.8143,0.7122,1.0774,0.8431,0.9062,1.0,3.2222,123.575,0.42858,0.284,0.40018,6,0.9485,1.0,0.3699,75.4087,64.8723,0.7707,75.5234,2.8479,0.8276,75.22966500000001,0.2486,73.6515,Stabil,Dusuk
40,DevOps,Senior,8.2,42,2025,8,7,28.4,40.5,0.6024,0.7161,0.8177,0.7076,1.5888,0.8889,0.8649,0.8,4.5714,151.8116,0.35802,0.1936,0.6792500000000001,3,0.9857,0.0,0.3065,69.2035,72.3822,0.8317,79.5197,0.1929,0.9833,82.17216,0.235,78.7657,Yuksek,Dusuk
40,DevOps,Senior,8.2,43,2025,4,3,11.7,40.7,0.4584,0.6381,0.8299,0.8092,0.5069,0.7095,0.7,0.2,4.6667,156.6222,0.5015700000000001,0.2619,0.5754100000000001,3,1.0284,0.0,0.2404,58.413,67.8631,0.6639,81.5311,1.5028,0.821,73.54326,0.2816,72.1535,Stabil,Dusuk
40,DevOps,Senior,8.2,44,2025,12,11,27.5,42.7,0.2994,0.7223,0.9195,0.9139,1.0913,0.8363,0.7119,1.0,3.8182,152.8051,0.33867,0.1841,0.6523,2,1.0663,0.0,0.3851,79.3336,73.72,0.7982,79.045,1.2576,0.9398,83.542305,0.3021,78.8726,Yuksek,Orta
40,DevOps,Senior,8.2,45,2025,10,9,38.8,37.6,0.46,0.7238,0.906,0.8523,1.6623,0.6198,0.8065,0.2,2.7778,118.9581,0.38205,0.1698,0.55715,4,0.9944,0.0,0.2469,55.633,70.6044,0.8221,75.7405,-1.3824,0.7974,79.69720500000001,0.2567,67.4044,Stabil,Dusuk
40,DevOps,Senior,8.2,46,2025,12,10,37.8,40.5,0.5047,0.6821,0.8324,0.769,1.4395,0.7251,0.7436,0.6,5.8,101.1211,0.29169,0.2604,0.49753,5,0.9637,0.0,0.3215,66.7684,64.1284,0.7601,76.074,-1.9676,0.8979,78.407595,0.2838,69.0689,Stabil,Dusuk
40,DevOps,Senior,8.2,47,2025,12,10,39.9,35.6,0.5297,0.6661,0.8146,0.7465,1.4275,0.6679,0.7556,0.8,3.4,244.8795,0.44793,0.2658,0.6443800000000001,3,0.9671,0.0,0.3413,73.636,69.9408,0.8246,72.6845,-1.8748,0.7955,77.32451999999999,0.2522,66.351,Stabil,Dusuk
40,DevOps,Senior,8.2,48,2025,8,6,20.0,42.6,0.6067,0.6953,0.7902,0.7353,0.8236,0.6548,0.9286,0.2,4.3333,245.1577,0.43344,0.2273,0.50138,5,1.048,0.0,0.3665,51.5254,71.3708,0.8234,77.7842,0.2742,0.7936,72.155055,0.2511,70.0538,Stabil,Dusuk
40,DevOps,Senior,8.2,49,2025,9,7,15.6,37.7,0.5202,0.726,0.8051,0.7199,0.8923,0.838,0.9032,0.8,4.0,178.6029,0.45585,0.2134,0.7246800000000001,2,0.9391,0.0,0.3324,72.3327,70.552,0.6934,78.0239,1.0949,0.9317,77.159145,0.2771,77.3037,Stabil,Dusuk
40,DevOps,Senior,8.2,50,2025,9,7,24.6,39.3,0.4296,0.6777,0.7686,0.7036,1.0825,0.7308,0.75,0.4,6.0,141.1926,0.41094,0.3009,0.50369,5,0.9171,0.0,0.4151,54.7245,70.9117,0.7929,74.0988,0.4483,0.9199,72.69822,0.1793,75.8709,Stabil,Dusuk
40,DevOps,Senior,8.2,51,2025,4,3,10.5,35.5,0.5359,0.6923,0.7303,0.5743,0.4122,0.7992,1.0,0.6,2.6667,146.9044,0.4839299999999999,0.2544,0.69311,2,0.9598,0.0,0.3323,65.7051,69.7723,0.8425,64.82050000000001,-4.2816,0.9185,70.05978,0.3588,68.0728,Stabil,Orta
40,DevOps,Senior,8.2,52,2025,8,7,30.4,30.1,0.7052,0.702,0.9091,0.8119,1.2246,0.8657,0.9032,1.0,4.0,187.8419,0.45891,0.3031,0.5882800000000001,3,0.7808,0.0,0.2576,79.0127,72.9973,0.8726,74.2534,-2.059,0.9827,80.54172000000001,0.3366,75.4047,Yuksek,Orta
42,Frontend,Lead,14.7,1,2025,8,7,18.0,42.5,0.459,0.6714,0.9352,0.9088,0.883,0.8009,0.92,1.0,3.2857,214.0704,0.4116,0.2525,0.6403,4,1.0056,0.0,0.3437,68.1471,67.9791,0.7572,77.7796,0.0,0.7133,80.58592500000002,0.2492,64.9932,Yuksek,Dusuk
42,Frontend,Lead,14.7,2,2025,8,7,28.3,34.2,0.5586,0.7669,0.8757,0.7629,1.4433,0.6099,0.8485,0.2,4.0,54.721,0.4684,0.1785,0.6422,4,0.8534,0.0,0.269,53.5152,74.4588,0.7027,77.216,-0.5636,0.6905,76.68381000000001,0.2323,65.0307,Stabil,Dusuk
42,Frontend,Lead,14.7,3,2025,9,9,20.9,37.1,0.7203,0.7567,0.9522,0.8848,1.1094,0.833,0.8864,0.6,4.3333,139.5715,0.4076,0.2626,0.6117,2,0.9354,0.0,0.2632,59.6007,69.4505,0.7043,72.4248,-2.6774,0.7737,80.270925,0.3704,63.9661,Yuksek,Orta
42,Frontend,Lead,14.7,4,2025,8,8,20.2,39.1,0.5773,0.7042,0.9421,0.8772,1.0031,0.7929,0.775,0.8,3.875,174.0772,0.4441,0.2372,0.617,2,0.8682,0.0,0.3513,63.5449,69.5912,0.6458,73.6899,-1.706,0.8224,78.54577499999999,0.2399,67.7203,Stabil,Dusuk
42,Frontend,Lead,14.7,5,2025,7,6,13.7,36.3,0.621,0.7311,0.9226,0.8226,0.6726,0.7629,0.8205,0.4,5.3333,121.7888,0.3102,0.2561,0.7197,3,0.8794,0.0,0.322,60.4439,75.6238,0.6406,72.1282,-1.3998,0.6974,77.038185,0.2336,64.3824,Stabil,Dusuk
42,Frontend,Lead,14.7,6,2025,7,7,30.1,39.4,0.4221,0.7126,0.938,0.8809,1.5309,0.6725,0.75,0.4,3.8571,102.8771,0.4035,0.2605,0.6267,4,0.9277,0.0,0.324,54.4993,76.5299,0.7023,67.8706,-1.5224,0.6766,79.003365,0.2071,63.5281,Stabil,Dusuk
42,Frontend,Lead,14.7,7,2025,3,3,9.6,34.5,0.6046,0.7168,0.8938,0.7977,0.3981,0.8683,0.9167,1.0,3.6667,123.0778,0.2918,0.1481,0.6319,3,0.8959,0.0,0.3023,72.3859,69.5432,0.5972,65.0901,-3.0057,0.7574,76.556865,0.3529,62.7514,Stabil,Orta
42,Frontend,Lead,14.7,8,2025,10,8,37.4,46.9,0.6386,0.726,0.798,0.666,1.631,0.7527,0.9048,0.6,2.375,147.9942,0.3772,0.2628,0.6783,2,1.1476,0.0,0.3222,66.0206,76.2571,0.6385,69.2177,-1.1512,0.7876,76.57755,0.332,69.022,Stabil,Orta
42,Frontend,Lead,14.7,9,2025,9,8,18.6,35.4,0.5406,0.7564,0.9346,0.9076,0.9254,0.8119,0.9429,0.8,4.125,86.7171,0.3468,0.241,0.6313,4,0.8944,0.0,0.2941,68.0295,77.1139,0.7664,60.3578,-1.8411,0.6004,78.902355,0.2626,59.7752,Stabil,Dusuk
42,Frontend,Lead,14.7,10,2025,7,6,23.2,35.3,0.4535,0.7247,0.8364,0.9011,1.0169,0.7538,0.8095,1.0,2.8333,203.4207,0.354,0.112,0.6995,1,0.8208,0.0,0.2192,74.8374,75.9725,0.5839,63.9303,-1.234,0.7899,79.03539,0.2515,68.9092,Stabil,Dusuk
42,Frontend,Lead,14.7,11,2025,8,7,22.4,41.4,0.62,0.7579,0.9034,0.8467,1.0674,0.8034,0.92,0.8,3.2857,117.8048,0.35,0.1856,0.6304,4,1.0139,0.0,0.3819,64.8938,75.1332,0.6796,67.7877,-0.0718,0.8068,79.74204,0.2092,71.2342,Stabil,Dusuk
42,Frontend,Lead,14.7,12,2025,11,10,34.6,44.6,0.6998,0.7224,0.8945,0.7946,1.5008,0.4871,0.6333,0.2,1.9,97.7977,0.4598,0.2206,0.7462,3,1.1131,0.0,0.2141,49.4432,67.5869,0.7616,68.0285,2.6869,0.712,75.74973,0.2707,69.0166,Stabil,Dusuk
42,Frontend,Lead,14.7,13,2025,10,9,18.4,32.2,0.5577,0.7532,0.8696,0.7856,0.9811,0.7184,0.7647,0.4,4.3333,115.5958,0.462,0.249,0.5937,3,0.807,0.0,0.3329,61.3298,71.389,0.6537,69.2446,1.6184,0.8615,74.595675,0.3053,75.2133,Stabil,Orta
42,Frontend,Lead,14.7,14,2025,5,4,8.4,35.3,0.4239,0.7686,0.8708,0.864,0.4328,0.7299,0.6585,1.0,6.75,197.3266,0.273,0.2122,0.7386,2,0.8807,0.0,0.3372,74.6538,68.3698,0.6409,66.8122,-0.171,0.7704,76.41900000000001,0.2752,67.4106,Stabil,Dusuk
42,Frontend,Lead,14.7,15,2025,5,5,21.7,35.1,0.3449,0.7321,0.9042,0.7981,0.9836,0.7141,0.8,0.4,5.6,199.4083,0.351,0.2173,0.7275,2,0.8612,0.0,0.2083,63.2286,74.3942,0.6755,76.9216,2.4247,0.7589,78.96567,0.3205,72.7563,Stabil,Orta
42,Frontend,Lead,14.7,16,2025,13,11,20.7,45.1,0.2984,0.6977,0.8733,0.7792,1.0267,0.6523,0.7551,0.6,3.3636,74.859,0.4502,0.2594,0.7163,3,1.1021,0.0,0.3491,59.6038,75.8794,0.6392,80.4228,4.3644,0.7143,76.36114500000001,0.2969,74.2267,Stabil,Dusuk
42,Frontend,Lead,14.7,17,2025,10,8,22.9,36.0,0.6372,0.7589,0.833,0.749,1.2226,0.7856,0.7742,1.0,3.0,123.4722,0.328,0.2538,0.7992,1,0.9462,0.0,0.3314,77.2801,70.4578,0.5308,73.097,2.2356,0.8579,79.804305,0.262,75.7363,Stabil,Dusuk
42,Frontend,Lead,14.7,18,2025,10,9,29.9,29.5,0.2339,0.7234,0.9379,0.8443,1.3,0.7145,0.7681,0.6,5.8889,90.0913,0.3023,0.1583,0.7004,3,0.7345,0.0,0.3183,63.0687,75.9277,0.7393,73.8818,-1.6445,0.789,80.17821,0.1974,68.2143,Yuksek,Dusuk
42,Frontend,Lead,14.7,19,2025,7,7,32.2,38.2,0.6956,0.7367,0.9631,0.9187,1.3907,0.7029,0.7632,0.2,4.1429,158.4843,0.513,0.2705,0.6936,2,0.9367,0.0,0.3085,51.5427,74.1991,0.5991,72.0096,-2.4455,0.7699,79.315005,0.3967,65.5834,Stabil,Orta
42,Frontend,Lead,14.7,20,2025,9,8,19.8,36.4,0.6887,0.7261,0.9206,0.755,0.9252,0.6891,0.6792,0.4,4.5,109.7684,0.3278,0.2186,0.6641,4,0.9528,0.0,0.3825,59.7759,75.6472,0.6309,68.3173,-1.6211,0.8454,76.752165,0.1735,70.7021,Stabil,Dusuk
42,Frontend,Lead,14.7,21,2025,5,4,10.6,38.1,0.5681,0.7336,0.8357,0.7622,0.5325,0.5638,0.875,0.2,1.75,202.4632,0.2962,0.1715,0.6365,3,0.9756,0.0,0.3374,58.5213,77.3251,0.5907,64.2285,-3.2652,0.949,73.353105,0.3806,73.3001,Stabil,Orta
42,Frontend,Lead,14.7,22,2025,7,7,32.0,41.0,0.5516,0.7092,0.9366,0.8571,1.3131,0.8665,0.8205,0.8,4.5714,156.9146,0.4114,0.2044,0.7231,1,0.9843,0.0,0.2874,72.3081,75.9393,0.7139,64.3364,-2.7108,0.7294,82.64172,0.3642,63.8697,Yuksek,Orta
42,Frontend,Lead,14.7,23,2025,9,9,19.9,32.9,0.4698,0.7634,0.9692,0.873,0.862,0.7912,0.8226,0.8,5.6667,94.9659,0.4246,0.2622,0.7456,1,0.9177,0.0,0.2131,64.949,75.7128,0.7762,57.3592,-3.2766,0.725,78.9831,0.4271,62.718,Stabil,Orta
42,Frontend,Lead,14.7,24,2025,11,10,38.4,43.6,0.7483,0.7443,0.8927,0.722,1.5422,0.6679,0.9062,0.8,2.9,265.7491,0.4217,0.2636,0.6991,2,0.9947,0.0,0.2655,70.3657,72.8158,0.5749,63.8888,-0.7996,0.8186,78.501885,0.2531,69.9303,Stabil,Dusuk
42,Frontend,Lead,14.7,25,2025,6,5,12.5,44.3,0.7996,0.7699,0.8001,0.7467,0.5508,0.7683,0.92,0.4,4.6,197.8091,0.5158,0.2234,0.6401,3,1.1052,0.0,0.2462,60.1597,68.3922,0.7285,59.2905,-0.8608,0.8611,71.912295,0.333,70.424,Stabil,Orta
42,Frontend,Lead,14.7,26,2025,5,4,19.4,31.3,0.4468,0.7789,0.8206,0.8024,0.8236,0.727,0.8182,1.0,2.25,96.1208,0.3036,0.1857,0.7312,3,0.781,0.0,0.3639,73.1578,74.4728,0.6896,68.4577,2.8697,0.7588,76.19304000000001,0.1625,73.4738,Stabil,Dusuk
42,Frontend,Lead,14.7,27,2025,4,3,6.7,33.1,0.5401,0.7495,0.8409,0.8436,0.2686,0.676,0.9091,0.4,6.6667,216.6584,0.4087,0.1653,0.6912,1,0.8439,0.0,0.4283,56.1084,74.6078,0.7495,74.6232,4.137,0.859,73.286745,0.1532,80.0032,Stabil,Dusuk
42,Frontend,Lead,14.7,28,2025,10,7,22.6,30.3,0.5802,0.713,0.728,0.7243,1.2418,0.7564,0.72,0.4,5.1429,136.1646,0.3388,0.2523,0.6214,3,0.8025,0.0,0.1933,60.2331,74.9939,0.651,60.2064,0.8913,0.649,73.29798,0.2852,65.5977,Stabil,Dusuk
42,Frontend,Lead,14.7,29,2025,8,7,25.0,31.6,0.4569,0.7426,0.8491,0.8763,1.383,0.6302,0.76,0.2,2.7143,141.4001,0.296,0.1319,0.5626,3,0.8006,0.0,0.2388,57.5984,68.7528,0.6068,62.535,-3.2185,0.928,76.931715,0.4116,69.8586,Stabil,Orta
42,Frontend,Lead,14.7,30,2025,12,10,42.3,28.2,0.482,0.7033,0.8041,0.6595,1.7808,0.7227,0.7636,0.8,4.2,64.0933,0.4058,0.2503,0.6919,2,0.7312,0.0,0.3816,72.1472,73.1423,0.5999,68.1468,-1.71,0.8544,75.20961000000001,0.2655,70.2166,Stabil,Dusuk
42,Frontend,Lead,14.7,31,2025,10,9,23.2,35.8,0.3524,0.7187,0.8666,0.8135,1.1429,0.7737,0.7121,0.6,5.2222,124.165,0.3293,0.157,0.6821,3,0.8931,0.0,0.2597,65.8675,76.8633,0.6618,65.2393,2.0711,0.7111,78.82381500000001,0.2496,70.7946,Stabil,Dusuk
42,Frontend,Lead,14.7,32,2025,9,8,29.9,33.0,0.6427,0.7527,0.8578,0.7478,1.4386,0.8499,0.9091,0.6,5.0,121.2604,0.4823,0.2922,0.6148,2,0.8018,0.0,0.3517,66.7147,72.7837,0.7166,69.8272,1.8969,0.7108,77.08995,0.2545,69.2847,Stabil,Dusuk
42,Frontend,Lead,14.7,33,2025,10,10,23.5,30.7,0.5365,0.7928,0.9543,0.8368,1.2515,0.7666,0.6984,0.8,4.4,193.3904,0.4388,0.2445,0.6313,2,0.7804,0.0,0.3913,71.4019,77.596,0.7613,70.778,1.2482,0.8255,79.64754,0.2365,74.8753,Stabil,Dusuk
42,Frontend,Lead,14.7,34,2025,4,4,15.3,34.2,0.7422,0.7654,0.92,0.948,0.5964,0.6805,0.64,0.6,4.0,197.6566,0.429,0.2045,0.7073,2,0.8022,0.0,0.3633,60.871,68.7281,0.7425,62.2228,-0.8099,0.5677,74.113515,0.2897,57.3979,Stabil,Dusuk
42,Frontend,Lead,14.7,35,2025,8,7,22.4,33.8,0.523,0.7364,0.9111,0.8624,0.9614,0.6664,0.6923,0.6,3.8571,83.4007,0.3868,0.2515,0.583,4,0.8298,0.0,0.3015,62.041,72.4477,0.7553,69.0276,-1.0954,0.6803,76.10169,0.2087,63.1377,Stabil,Dusuk
42,Frontend,Lead,14.7,36,2025,7,6,21.1,37.2,0.7517,0.7689,0.8297,0.6735,0.8727,0.7465,0.7568,0.8,4.6667,66.2225,0.3741,0.281,0.5444,5,0.9196,0.0,0.37,66.2782,71.4092,0.8524,60.8969,-2.2839,0.7311,73.30501500000001,0.3736,63.2546,Stabil,Orta
42,Frontend,Lead,14.7,37,2025,12,11,46.4,32.8,0.4337,0.7244,0.9144,0.9093,1.8727,0.8174,0.7761,0.6,4.7273,142.06,0.3395,0.144,0.728,2,0.8498,0.0,0.2753,67.3873,73.0781,0.6449,64.4656,-0.1403,0.8442,82.46689500000001,0.2194,72.192,Yuksek,Dusuk
42,Frontend,Lead,14.7,38,2025,5,4,10.8,43.1,0.4048,0.748,0.8614,0.8732,0.457,0.5896,0.875,0.4,1.75,213.0915,0.4001,0.2285,0.6574,3,1.0344,0.0,0.3398,63.7013,74.703,0.7458,72.9146,1.523,0.7571,75.10702500000001,0.2975,71.3587,Stabil,Dusuk
42,Frontend,Lead,14.7,39,2025,8,7,14.3,38.3,0.3981,0.748,0.9148,0.8713,0.6692,0.673,0.8621,0.2,3.5714,114.555,0.3527,0.1622,0.7515,2,0.9156,0.0,0.3372,55.0363,70.9502,0.7824,70.7686,3.8064,0.8463,77.397495,0.1987,77.8146,Stabil,Dusuk
42,Frontend,Lead,14.7,40,2025,7,6,16.0,39.7,0.5388,0.6814,0.8652,0.8285,0.878,0.7232,0.6818,0.8,5.0,244.1022,0.3977,0.3145,0.6531,2,0.9837,0.0,0.2842,64.7861,70.0899,0.8379,67.7683,0.7762,0.6134,76.656195,0.2525,62.3446,Stabil,Dusuk
42,Frontend,Lead,14.7,41,2025,7,7,30.3,33.4,0.4033,0.7517,0.9342,0.8529,1.703,0.6942,0.7895,0.2,4.2857,122.7176,0.3541,0.1658,0.5926,2,0.8367,0.0,0.3082,54.2165,77.2617,0.7545,76.1453,0.6692,0.9092,80.931165,0.246,77.6373,Yuksek,Dusuk
42,Frontend,Lead,14.7,42,2025,8,7,19.7,37.4,0.4397,0.7597,0.9366,0.8754,0.7342,0.6477,0.6316,0.8,3.4286,71.382,0.4876,0.2798,0.6667,3,0.9406,0.0,0.2839,66.0005,67.9951,0.5682,74.2311,1.8764,0.7654,76.37322,0.1821,70.2731,Stabil,Dusuk
42,Frontend,Lead,14.7,43,2025,10,9,35.0,36.7,0.6246,0.7364,0.9165,0.8584,1.6055,0.748,0.8409,0.6,4.1111,203.933,0.4078,0.3271,0.6089,2,0.9132,0.0,0.3869,60.9649,74.8489,0.7296,82.3467,4.1821,0.8921,81.348435,0.1789,81.6319,Yuksek,Dusuk
42,Frontend,Lead,14.7,44,2025,9,8,29.6,37.4,0.5567,0.7332,0.8664,0.8972,1.1308,0.9327,0.875,1.0,5.25,158.2627,0.3952,0.2186,0.7049,2,0.9637,0.0,0.2927,70.7491,75.659,0.7944,65.8346,-2.2816,0.8085,82.318845,0.4418,68.0143,Yuksek,Orta
42,Frontend,Lead,14.7,45,2025,6,5,13.8,40.8,0.6002,0.7668,0.8782,0.7979,0.6617,0.6807,0.7586,0.2,4.4,183.5985,0.4489,0.2367,0.6364,3,0.9926,0.0,0.2128,50.8362,71.3777,0.95,70.3592,-2.8128,0.9609,76.59676499999999,0.3777,72.7598,Stabil,Orta
42,Frontend,Lead,14.7,46,2025,7,6,19.5,40.1,0.5913,0.7528,0.8536,0.7001,1.0372,0.8237,0.6383,1.0,5.0,112.6863,0.3523,0.1801,0.6209,4,1.0189,0.0,0.3146,79.0647,72.9437,0.6334,68.9337,-3.5714,0.7848,78.81909,0.3686,64.1186,Stabil,Orta
42,Frontend,Lead,14.7,47,2025,5,4,15.0,37.9,0.4399,0.7501,0.8353,0.7163,0.7099,0.8391,0.9032,1.0,7.0,170.2374,0.3009,0.1517,0.7301,2,0.9692,0.0,0.3796,79.142,68.9621,0.733,72.1914,1.7645,0.6948,78.25461,0.2664,67.2102,Stabil,Dusuk
42,Frontend,Lead,14.7,48,2025,9,8,39.5,42.9,0.8843,0.7495,0.9,0.8771,1.6338,0.8784,0.9333,0.6,5.25,154.2927,0.405,0.2478,0.6494,5,1.0828,0.0,0.3408,63.7564,69.3899,0.6783,61.1979,-2.4226,0.7387,80.00937,0.3477,62.7735,Yuksek,Orta
42,Frontend,Lead,14.7,49,2025,9,8,31.2,32.1,0.3896,0.7369,0.8981,0.8157,1.4006,0.6067,0.6842,0.4,3.25,206.4585,0.4435,0.2076,0.5624,5,0.8288,0.0,0.232,62.3026,72.317,0.7004,71.65,-0.2845,0.7299,77.127645,0.2658,66.5945,Stabil,Dusuk
42,Frontend,Lead,14.7,50,2025,4,3,7.5,32.1,0.5944,0.7443,0.8717,0.7905,0.3339,0.6929,0.8889,0.8,2.6667,66.3444,0.4089,0.2475,0.7111,2,0.7983,0.0,0.1534,73.6866,75.7585,0.6103,61.1185,-2.2766,0.6885,73.31635500000002,0.4406,62.6515,Stabil,Orta
42,Frontend,Lead,14.7,51,2025,6,5,13.0,35.9,0.7423,0.6957,0.9153,0.8928,0.6081,0.758,0.7857,0.4,4.4,162.7353,0.5464,0.3245,0.6348,3,0.9054,0.0,0.2329,62.007,76.5093,0.8779,59.9584,-1.425,0.6375,75.307365,0.2525,61.9118,Stabil,Dusuk
42,Frontend,Lead,14.7,52,2025,10,10,45.5,36.9,0.5937,0.7769,0.9798,0.8928,1.6573,0.7909,0.7536,0.8,5.2,204.6747,0.289,0.2229,0.6519,3,0.9454,0.0,0.3823,69.9323,68.1641,0.6101,60.3398,-3.509,0.7624,81.61713,0.4396,61.7738,Yuksek,Orta
45,Backend,Lead,12.9,1,2025,8,7,24.1,41.1,0.4766,0.7854,0.8138,0.7687,1.0631,0.8092,0.9512,0.4,5.5714,168.8485,0.4459,0.2881,0.5733,2,1.1034100000000002,0.0,0.2898,61.6084,73.4741,0.6994,75.887,0.0,0.8074,77.41125,0.1797,70.8765,Stabil,Dusuk
45,Backend,Lead,12.9,2,2025,6,5,18.2,42.1,0.453,0.8175,0.89,0.8653,0.9203,0.6497,0.6944,0.2,5.0,87.4929,0.4067,0.2142,0.5225,3,1.10143,0.0,0.1781,61.2661,75.184,0.8154,73.44,-2.447,0.866,79.04568,0.3362,70.2029,Stabil,Orta
45,Backend,Lead,12.9,3,2025,9,8,25.8,49.5,0.4422,0.8341,0.844,0.7659,1.1397,0.6079,0.8462,0.4,1.375,122.21,0.4252,0.2703,0.5593,4,1.30845,0.0,0.4044,58.7679,71.7738,0.8124,71.2225,-2.3323,0.603,72.90297,0.3951,57.5232,Stabil,Orta
45,Backend,Lead,12.9,4,2025,10,7,30.0,40.7,0.4969,0.7812,0.7489,0.5875,1.3869,0.7771,0.8333,0.8,3.5714,189.8283,0.4103,0.2097,0.6526,2,1.1266200000000002,0.0,0.249,69.0921,68.2697,0.7379,69.7737,-2.0557,0.7234,76.10504999999999,0.3058,62.3222,Stabil,Orta
45,Backend,Lead,12.9,5,2025,11,9,33.5,43.9,0.5251,0.8158,0.8077,0.6658,1.3281,0.7695,0.8537,0.4,3.8889,147.1809,0.4852,0.2542,0.5141,4,1.19735,0.0,0.2604,60.5334,76.2256,0.7754,62.6712,-3.3755,0.8991,75.200895,0.3732,70.5518,Stabil,Orta
45,Backend,Lead,12.9,6,2025,8,7,31.9,45.8,0.4806,0.8234,0.8435,0.8169,1.3045,0.7226,0.6613,0.8,5.8571,207.0237,0.3162,0.2268,0.6449,3,1.2391500000000002,0.0,0.397,70.7651,68.6134,0.7863,67.7763,-1.7441,0.6509,77.755545,0.3099,59.6516,Stabil,Orta
45,Backend,Lead,12.9,7,2025,5,4,15.2,47.6,0.5673,0.8216,0.8616,0.6909,0.7866,0.6296,0.64,0.6,4.0,235.7632,0.4649,0.2962,0.62,3,1.2746800000000005,0.0,0.3635,71.6044,76.1807,0.704,64.464,-1.0824,0.6497,71.93056500000002,0.2855,62.8973,Stabil,Dusuk
45,Backend,Lead,12.9,8,2025,11,9,25.3,41.7,0.4794,0.7656,0.8482,0.7716,1.1353,0.739,0.6588,0.6,6.2222,150.355,0.3993,0.1777,0.5414,4,1.06458,0.0,0.3769,71.0806,68.8649,0.8421,70.4442,2.0007,0.6911,77.61243,0.2782,67.3858,Stabil,Dusuk
45,Backend,Lead,12.9,9,2025,5,5,16.4,39.8,0.4516,0.7978,0.9611,0.8867,0.8203,0.654,0.75,0.8,3.6,38.603,0.4333,0.2215,0.6404,3,1.1121,0.0,0.4321,70.6871,73.2532,0.7475,64.4161,-0.41,0.7523,77.726355,0.2261,67.6871,Stabil,Dusuk
45,Backend,Lead,12.9,10,2025,9,7,15.8,38.1,0.7514,0.8102,0.7261,0.5883,0.7771,0.7102,0.7917,0.6,2.7143,133.0497,0.4454,0.2235,0.5426,3,1.01816,0.0,0.3556,67.9321,74.4609,0.6397,63.0122,-1.0384,0.6782,69.648285,0.2471,63.7355,Stabil,Dusuk
45,Backend,Lead,12.9,11,2025,10,9,32.8,35.9,0.6343,0.8261,0.87,0.7682,1.166,0.8384,0.8103,1.0,5.2222,86.9247,0.523,0.3139,0.6091,3,0.9603,0.0,0.2628,82.2957,69.8649,0.8874,64.0837,-2.0485,0.8019,78.60216,0.3657,66.3457,Stabil,Orta
45,Backend,Lead,12.9,12,2025,7,5,17.1,54.9,0.89,0.7979,0.7362,0.5401,0.9419,0.6536,0.6957,0.2,6.4,157.4232,0.6105,0.3446,0.4064,5,1.43264,1.0,0.2625,62.1998,68.7274,0.8281,60.3558,-1.1109,0.7949,65.11071,0.5292,67.152,Stabil,Orta
45,Backend,Lead,12.9,13,2025,6,5,24.1,49.7,0.5166,0.8261,0.7666,0.7848,0.9862,0.7428,0.75,0.6,4.8,90.1928,0.5096,0.2144,0.5485,3,1.33397,2.0,0.3119,70.1646,71.4539,0.7875,67.8099,1.0665,0.6513,72.48297000000001,0.4176,64.9098,Stabil,Orta
45,Backend,Lead,12.9,14,2025,9,7,23.5,34.7,0.2056,0.8115,0.8299,0.7906,1.1378,0.6676,0.75,0.4,3.4286,115.2827,0.2918,0.1835,0.5887,3,0.98912,2.0,0.2948,59.2326,69.4295,0.6777,72.1339,3.1605,0.8168,75.77262,0.2515,75.023,Stabil,Dusuk
45,Backend,Lead,12.9,15,2025,7,6,20.9,33.7,0.5564,0.851,0.9069,0.8723,1.0622,0.5634,0.7222,0.2,2.1667,178.2688,0.3966,0.2805,0.5746,4,0.95073,2.0,0.3679,53.7547,75.1113,0.7331,67.9868,2.7217,0.746,73.86372,0.2226,72.858,Stabil,Dusuk
45,Backend,Lead,12.9,16,2025,10,9,26.5,39.5,0.3893,0.8226,0.9157,0.7791,1.0314,0.6394,0.8,0.2,4.4444,227.1233,0.3984,0.2294,0.6199,3,1.1264,2.0,0.3966,58.4463,75.5222,0.8228,67.0795,-0.6338,0.8045,75.792255,0.2324,70.3669,Stabil,Dusuk
45,Backend,Lead,12.9,17,2025,7,6,22.7,46.4,0.6465,0.8285,0.7878,0.7516,1.0417,0.8316,0.931,0.6,4.5,179.4482,0.4304,0.2284,0.5994,3,1.2798500000000002,2.0,0.1951,65.0064,71.0062,0.6868,68.7695,-1.1001,0.5689,74.11645500000002,0.3237,57.683,Stabil,Orta
45,Backend,Lead,12.9,18,2025,5,4,19.4,43.5,0.7137,0.826,0.7653,0.6317,0.9154,0.7522,1.0,0.8,2.5,87.8938,0.4636,0.2944,0.585,2,1.2375,1.0,0.2917,69.2086,74.4739,0.7065,63.0604,-1.3089,0.7699,71.644335,0.3291,67.4439,Stabil,Orta
45,Backend,Lead,12.9,19,2025,12,11,37.2,39.6,0.4583,0.8441,0.879,0.7677,1.8058,0.6752,0.9211,0.4,3.1818,85.2846,0.3825,0.1446,0.5994,3,1.0791000000000002,0.0,0.2996,62.6709,68.6341,0.746,67.7168,-0.3797,0.7591,78.82602,0.2853,66.6555,Stabil,Dusuk
45,Backend,Lead,12.9,20,2025,4,3,13.0,38.2,0.6167,0.7827,0.8618,0.7588,0.6518,0.6358,0.7778,0.4,2.3333,125.1833,0.6056,0.4022,0.418,5,1.06931,0.0,0.2216,61.3166,74.3221,0.9014,69.2208,0.601,0.7805,72.36621,0.2322,70.8564,Stabil,Dusuk
45,Backend,Lead,12.9,21,2025,9,7,16.4,46.2,0.4309,0.8614,0.8013,0.7083,0.777,0.6842,0.7586,1.0,6.2857,24.6967,0.4436,0.2699,0.5821,2,1.25774,0.0,0.2464,81.8328,74.8572,0.5612,55.4358,-2.137,0.7178,72.08071500000001,0.4198,63.919,Stabil,Orta
45,Backend,Lead,12.9,22,2025,6,6,20.4,37.4,0.4645,0.7981,0.9503,0.8212,0.9533,0.758,0.6481,1.0,5.8333,92.1078,0.4603,0.2344,0.6291,2,1.04841,0.0,0.3554,79.1209,70.5842,0.8243,59.1863,-3.9377,0.6835,78.226575,0.3683,58.282,Stabil,Orta
45,Backend,Lead,12.9,23,2025,7,6,28.6,41.4,0.6151,0.8735,0.8307,0.83,1.275,0.6251,0.9,0.4,1.5,116.359,0.5482,0.2866,0.5038,5,1.13014,0.0,0.3496,62.2932,73.4884,0.7867,63.0737,-1.4691,0.8917,75.195855,0.3209,72.3776,Stabil,Orta
45,Backend,Lead,12.9,24,2025,10,8,31.9,48.4,0.6959,0.8095,0.753,0.6083,1.2582,0.6803,0.6833,0.2,5.125,181.9399,0.5547,0.3093,0.6639,3,1.36851,1.0,0.326,57.5594,69.3012,0.7493,55.9495,0.5429,0.6807,68.016795,0.3998,64.7715,Stabil,Orta
45,Backend,Lead,12.9,25,2025,5,4,10.2,42.4,0.4632,0.8107,0.8915,0.7457,0.6044,0.8097,1.0,0.6,3.25,167.0993,0.4343,0.2199,0.6065,4,1.14972,1.0,0.3234,69.5203,74.3491,0.7214,64.0063,0.7336,0.5736,74.53341,0.3072,61.7625,Stabil,Orta
45,Backend,Lead,12.9,26,2025,10,9,44.6,46.3,0.6532,0.8009,0.859,0.76,2.0444,0.7811,0.8571,1.0,4.0,239.197,0.4248,0.3032,0.6736,1,1.24872,1.0,0.262,74.7725,71.6173,0.8742,57.1685,-0.9659,0.5556,77.344575,0.3481,57.4784,Stabil,Orta
45,Backend,Lead,12.9,27,2025,12,10,50.0,41.7,0.7161,0.7817,0.8404,0.6917,2.3688,0.7623,0.8158,0.6,6.2,174.8903,0.542,0.293,0.5658,3,1.22727,1.0,0.2632,66.2605,72.279,0.8078,64.1014,1.7618,0.6615,75.23481,0.3444,66.7031,Stabil,Orta
45,Backend,Lead,12.9,28,2025,5,4,20.0,36.2,0.7197,0.8587,0.7259,0.6513,1.0208,0.8228,0.7368,1.0,3.5,142.4096,0.5106,0.2671,0.5553,3,1.00815,1.0,0.4178,76.5366,70.2856,0.6893,57.3592,-1.3008,0.7141,71.126265,0.3011,63.6882,Stabil,Orta
45,Backend,Lead,12.9,29,2025,8,6,27.8,39.2,0.6054,0.8339,0.7696,0.6523,1.4532,0.6568,0.6522,0.6,2.5,162.3461,0.4225,0.2004,0.6297,2,1.067,1.0,0.1939,63.3253,69.2618,0.6286,63.207,1.1373,0.7194,74.24088,0.3209,67.4283,Stabil,Orta
45,Backend,Lead,12.9,30,2025,4,3,10.9,43.2,0.3064,0.7925,0.8719,0.7174,0.6121,0.7913,0.8182,1.0,6.0,221.3055,0.3265,0.2039,0.5964,4,1.12288,0.0,0.246,81.3265,72.1417,0.6303,66.8195,1.4002,0.7824,77.361795,0.2539,71.5365,Stabil,Dusuk
45,Backend,Lead,12.9,31,2025,5,4,8.9,39.8,0.5157,0.8124,0.7829,0.66,0.4109,0.855,1.0,1.0,4.0,221.2222,0.41,0.3268,0.5765,4,1.05369,0.0,0.382,82.2427,70.6852,0.7382,63.1721,2.1051,0.7089,72.65979,0.2968,68.8953,Stabil,Dusuk
45,Backend,Lead,12.9,32,2025,7,5,19.7,44.9,0.5741,0.8172,0.7494,0.6989,1.0907,0.7202,0.8333,1.0,3.0,241.0678,0.4691,0.2747,0.6309,2,1.21286,0.0,0.2538,80.9474,70.1532,0.7516,53.376,-3.314,0.8124,73.7625,0.4515,64.927,Stabil,Orta
45,Backend,Lead,12.9,33,2025,6,5,16.4,42.9,0.327,0.8355,0.8888,0.8854,0.6395,0.812,0.7407,1.0,4.0,114.5425,0.3629,0.171,0.555,4,1.18723,0.0,0.3027,74.6423,69.9907,0.7812,66.3877,-1.1091,0.8004,78.50955,0.2346,67.7803,Stabil,Dusuk
45,Backend,Lead,12.9,34,2025,7,5,21.2,42.0,0.5477,0.8403,0.6884,0.669,0.986,0.7644,0.8065,0.2,5.0,155.858,0.4489,0.3143,0.5831,3,1.18932,0.0,0.2792,59.8565,69.067,0.7944,60.2718,0.4311,0.7658,70.9842,0.2952,68.3557,Stabil,Dusuk
45,Backend,Lead,12.9,35,2025,10,7,34.7,47.1,0.6334,0.8112,0.7076,0.6305,1.7498,0.6904,0.7667,0.4,3.2857,166.696,0.4484,0.3309,0.5856,3,1.22023,0.0,0.2318,66.8992,76.3871,0.6965,52.074,-1.0022,0.6357,71.58102,0.4302,62.4552,Stabil,Orta
45,Backend,Lead,12.9,36,2025,8,7,36.6,43.6,0.6625,0.818,0.8751,0.7698,1.5009,0.9149,0.975,0.8,5.5714,155.8286,0.5397,0.3165,0.5119,4,1.19581,0.0,0.364,74.1813,71.7728,0.8175,59.7939,-2.7979,0.7505,78.297555,0.404,63.4318,Stabil,Orta
45,Backend,Lead,12.9,37,2025,8,7,22.8,41.0,0.2153,0.7785,0.821,0.759,1.2203,0.75,0.8621,0.6,3.5714,112.2922,0.4065,0.1643,0.4848,4,1.1302500000000002,0.0,0.2251,69.48,68.4177,0.84,64.6931,2.0984,0.7901,77.699475,0.2587,71.8568,Stabil,Dusuk
45,Backend,Lead,12.9,38,2025,7,5,17.2,40.4,0.3356,0.7961,0.779,0.6666,0.6735,0.7538,0.8333,0.6,3.0,144.1183,0.401,0.1942,0.5844,2,1.1244200000000002,0.0,0.27,67.793,76.9118,0.786,65.8523,4.6234,0.7686,74.305035,0.2413,77.386,Stabil,Dusuk
45,Backend,Lead,12.9,39,2025,3,3,6.6,44.7,0.5431,0.8227,0.8783,0.8004,0.2868,0.6428,0.7143,0.6,1.6667,142.0874,0.5179,0.2697,0.5948,3,1.23607,0.0,0.3566,67.6168,74.843,0.7269,63.4053,1.1993,0.6703,70.971915,0.2984,66.9899,Stabil,Dusuk
45,Backend,Lead,12.9,40,2025,4,3,6.8,38.7,0.5441,0.8516,0.7091,0.6467,0.2982,0.9398,0.9286,1.0,4.3333,151.3725,0.4368,0.327,0.5312,3,1.07921,0.0,0.332,78.7034,73.1504,0.9283,71.6242,1.8346,0.669,73.33221,0.1665,67.4159,Stabil,Dusuk
45,Backend,Lead,12.9,41,2025,9,8,40.9,42.0,0.7043,0.8458,0.8454,0.7408,1.6146,0.8042,0.8627,0.8,5.5,212.0869,0.4225,0.2642,0.6756,2,1.1854700000000002,0.0,0.3402,77.8901,76.6255,0.727,68.6414,1.6586,0.6543,79.652685,0.1797,67.5208,Stabil,Dusuk
45,Backend,Lead,12.9,42,2025,9,7,19.6,41.0,0.5085,0.8346,0.8112,0.6498,0.8959,0.8496,0.9655,0.6,4.0,156.2502,0.3973,0.22,0.5622,3,1.13311,0.0,0.2807,67.0285,74.107,0.8368,69.7006,1.5903,0.8784,76.85454,0.2147,76.7464,Stabil,Dusuk
45,Backend,Lead,12.9,43,2025,6,5,24.2,38.1,0.4996,0.8144,0.7887,0.6976,1.0564,0.8124,0.85,0.8,3.4,161.3031,0.3895,0.2473,0.6555,1,1.0142000000000002,0.0,0.3761,73.5366,73.6243,0.7044,66.3894,-1.4645,0.7191,75.83971500000001,0.226,64.6576,Stabil,Dusuk
45,Backend,Lead,12.9,44,2025,13,12,37.0,40.8,0.4123,0.799,0.8905,0.8474,1.6361,0.6249,0.7037,0.6,3.1667,224.7765,0.3853,0.2341,0.4726,4,1.10011,0.0,0.2259,64.371,74.0435,0.7901,69.5338,-0.0634,0.6208,79.249065,0.2564,62.5496,Stabil,Dusuk
45,Backend,Lead,12.9,45,2025,11,9,40.8,42.4,0.6646,0.8372,0.816,0.7982,1.6716,0.629,0.6329,0.4,5.5556,221.0685,0.4918,0.2512,0.5087,4,1.17898,0.0,0.3501,58.2367,72.5017,0.7595,67.1192,-0.46,0.7967,75.349365,0.2627,69.3821,Stabil,Dusuk
45,Backend,Lead,12.9,46,2025,8,8,26.2,37.0,0.601,0.7881,0.9544,0.9339,1.299,0.6416,0.7143,0.4,3.75,206.8889,0.4221,0.2771,0.6858,1,1.0858100000000002,0.0,0.2874,60.4832,76.0853,0.95,67.5789,0.1154,0.5638,80.60734500000001,0.2439,60.8768,Yuksek,Dusuk
45,Backend,Lead,12.9,47,2025,7,6,19.2,40.0,0.3444,0.8124,0.7963,0.7078,0.9792,0.5309,0.7368,0.6,2.3333,27.2326,0.5291,0.2335,0.673,1,1.06227,0.0,0.3169,71.8965,76.2534,0.7345,60.5332,-2.6542,0.7524,72.716175,0.3052,65.0849,Stabil,Orta
45,Backend,Lead,12.9,48,2025,8,6,14.7,44.7,0.8146,0.7953,0.7216,0.6152,0.6015,0.6625,0.65,0.6,6.5,195.0154,0.5484,0.3691,0.6609,3,1.28007,0.0,0.3275,64.5595,70.225,0.6445,60.0807,-2.8161,0.7445,66.58554000000001,0.389,62.6688,Stabil,Orta
45,Backend,Lead,12.9,49,2025,7,6,25.6,39.3,0.4647,0.8158,0.8419,0.7326,1.3254,0.6428,0.7826,0.6,3.0,225.8338,0.4204,0.2147,0.578,4,1.05655,0.0,0.3091,67.7585,72.8337,0.6971,62.7921,-1.4813,0.7028,75.70353000000001,0.2636,63.6608,Stabil,Dusuk
45,Backend,Lead,12.9,50,2025,8,7,33.9,34.8,0.5551,0.8496,0.9223,0.8737,1.2289,0.685,0.64,0.8,4.5714,54.3485,0.4257,0.1835,0.6971,2,1.0145300000000002,0.0,0.2425,69.9137,69.6551,0.7357,72.046,3.725,0.9077,81.22054500000002,0.2503,80.0623,Yuksek,Dusuk
45,Backend,Lead,12.9,51,2025,8,6,29.4,43.8,0.5794,0.8448,0.7858,0.7068,1.3076,0.5617,0.6731,0.2,5.8333,241.6587,0.5483,0.2815,0.5988,4,1.2221000000000002,0.0,0.3455,61.2936,72.5187,0.7161,65.024,2.4084,0.7391,71.75238,0.3436,71.2766,Stabil,Orta
45,Backend,Lead,12.9,52,2025,7,6,20.5,41.6,0.4598,0.8358,0.8326,0.8002,0.9052,0.5883,0.8182,0.2,4.5,272.3215,0.4291,0.2297,0.6156,2,1.12288,0.0,0.3674,59.7912,70.2385,0.8342,66.2352,0.3307,0.7816,74.288235,0.3007,69.2616,Stabil,Orta
46,Frontend,Senior,8.7,1,2025,5,4,15.9,44.0,0.3959,0.7773,0.8054,0.7139,0.78,0.7156,0.6667,0.6,5.0,215.8099,0.4294,0.2706,0.5084,5,1.1284,0.0,0.1954,70.8571,71.1683,0.7752,67.3342,0.0,0.8896,74.298315,0.3735,73.8822,Stabil,Orta
46,Frontend,Senior,8.7,2,2025,4,3,11.1,45.1,0.6203,0.7549,0.8056,0.7639,0.5661,0.7748,0.8,0.6,4.0,168.8914,0.4664,0.3027,0.4626,5,1.1453,0.0,0.2877,69.0831,68.7974,0.5755,87.9985,20.6643,0.8029,74.09115,0.3125,81.7706,Stabil,Orta
46,Frontend,Senior,8.7,3,2025,9,7,16.0,45.4,0.6701,0.7162,0.7877,0.6544,0.8493,0.616,0.6806,0.6,7.0,219.1323,0.5373,0.2839,0.4681,4,1.1087,0.0,0.253,69.9394,75.6603,0.7613,73.0992,2.8825,0.9059,72.54723000000001,0.2774,80.4657,Stabil,Dusuk
46,Frontend,Senior,8.7,4,2025,7,5,22.2,50.0,0.5671,0.7656,0.71,0.5635,1.1024,0.7072,0.9375,0.8,3.0,248.1798,0.528,0.2795,0.4066,4,1.1747,0.0,0.2646,73.9619,72.1829,0.722,72.6663,0.1097,0.7928,70.93453500000001,0.3466,70.0041,Stabil,Orta
46,Frontend,Senior,8.7,5,2025,13,11,38.6,33.7,0.4845,0.7404,0.846,0.8305,1.895,0.6783,1.0,0.2,2.0,158.7782,0.5242,0.241,0.4393,4,0.8346,0.0,0.291,63.7847,76.4158,0.5896,77.6586,-3.1453,0.6988,76.55172,0.3081,61.957,Stabil,Orta
46,Frontend,Senior,8.7,6,2025,7,6,17.2,37.2,0.3732,0.709,0.7981,0.6622,0.8748,0.6611,0.84,0.2,7.0,167.1897,0.5543,0.3035,0.4147,5,0.9055,0.0,0.2741,62.7866,69.6477,0.6307,75.4664,1.2094,0.9276,71.50647000000001,0.229,77.0257,Stabil,Dusuk
46,Frontend,Senior,8.7,7,2025,7,5,19.4,45.4,0.4603,0.7585,0.7639,0.6595,0.8045,0.8068,0.7407,0.8,4.0,140.6686,0.4531,0.2311,0.5232,2,1.0891,0.0,0.2517,72.6786,75.7468,0.7169,77.3211,1.1772,0.7948,75.264105,0.2871,72.8299,Stabil,Dusuk
46,Frontend,Senior,8.7,8,2025,6,5,12.7,41.5,0.4249,0.7442,0.7891,0.7403,0.5538,0.625,0.7209,0.2,6.2,106.9958,0.5313,0.2795,0.5049,4,1.0568,0.0,0.3328,66.2037,75.6978,0.7727,65.1665,-3.5622,0.7827,70.87584,0.436,64.8647,Stabil,Orta
46,Frontend,Senior,8.7,9,2025,8,6,25.8,44.4,0.7655,0.8298,0.7577,0.6132,1.2836,0.6606,0.7143,0.4,3.3333,122.9684,0.5659,0.3408,0.518,3,1.0914,0.0,0.3856,70.9802,70.9713,0.6231,63.5362,-4.7945,0.8196,70.770105,0.431,63.1814,Stabil,Orta
46,Frontend,Senior,8.7,10,2025,7,5,14.0,44.6,0.353,0.6703,0.7796,0.707,0.6136,0.642,0.9,0.4,1.8,182.2237,0.4861,0.3033,0.5265,3,1.0977,0.0,0.3514,64.3481,68.56,0.6428,66.4198,-3.4334,0.8128,69.62949,0.4247,64.2814,Stabil,Orta
46,Frontend,Senior,8.7,11,2025,6,4,19.9,40.4,0.5653,0.7341,0.7296,0.6661,0.9483,0.8249,0.9474,0.6,4.5,188.7617,0.4659,0.3087,0.6087,3,1.0256,0.0,0.3261,68.1079,76.8469,0.8291,65.5124,0.3922,0.7723,74.33538,0.2707,70.9183,Stabil,Dusuk
46,Frontend,Senior,8.7,12,2025,13,9,25.6,50.1,0.7559,0.7763,0.6901,0.5819,1.1104,0.6415,0.9535,0.4,4.5556,305.6754,0.6291,0.3245,0.3957,5,1.2327,1.0,0.377,63.8903,75.0405,0.8293,67.3495,1.0533,0.8495,67.05352500000001,0.4088,74.8854,Stabil,Orta
46,Frontend,Senior,8.7,13,2025,9,7,18.3,38.4,0.6236,0.7077,0.8219,0.7036,0.9758,0.6483,0.88,0.2,3.1429,107.3525,0.5531,0.3282,0.4699,3,1.0009,1.0,0.3219,58.6166,71.2588,0.7905,67.4863,0.5037,0.7634,71.67531000000001,0.3211,69.0186,Stabil,Orta
46,Frontend,Senior,8.7,14,2025,9,7,24.9,41.5,0.6539,0.7335,0.8127,0.8055,1.283,0.6475,0.8462,0.4,3.1429,214.3283,0.6159,0.3858,0.5062,3,1.02,1.0,0.3059,63.5441,77.1503,0.6117,77.7501,3.685,0.6734,74.36079000000001,0.3237,71.7046,Stabil,Orta
46,Frontend,Senior,8.7,15,2025,9,8,25.0,41.3,0.5707,0.6977,0.8379,0.7741,1.1332,0.6318,0.6944,0.8,3.125,245.6145,0.4261,0.2654,0.5386,3,1.017,1.0,0.3511,80.0092,68.8016,0.5746,71.3235,2.2186,0.954,76.54415999999999,0.283,79.5355,Stabil,Dusuk
46,Frontend,Senior,8.7,16,2025,9,8,27.6,37.4,0.5069,0.7525,0.8589,0.7246,1.3689,0.8346,0.7206,1.0,6.125,158.4987,0.4571,0.3041,0.5268,3,0.987,1.0,0.4097,77.2992,68.9325,0.5115,64.375,-1.576,0.7839,76.37805,0.2683,65.9946,Stabil,Dusuk
46,Frontend,Senior,8.7,17,2025,8,7,30.8,42.3,0.4822,0.6927,0.8445,0.7562,1.6444,0.742,0.6538,1.0,2.4286,143.8309,0.4592,0.2591,0.4421,4,1.1262,1.0,0.2869,75.3402,75.2225,0.7547,75.9009,-1.2496,0.8993,78.84555,0.3306,73.5816,Stabil,Orta
46,Frontend,Senior,8.7,18,2025,7,5,21.0,43.3,0.5909,0.726,0.7349,0.6514,0.913,0.7165,0.7442,0.4,6.4,147.0606,0.602,0.3448,0.3579,7,1.0744,0.0,0.3192,70.649,71.1563,0.7716,78.4294,3.2844,0.9191,72.0111,0.3112,80.3371,Stabil,Orta
46,Frontend,Senior,8.7,19,2025,4,3,13.7,40.4,0.4693,0.7502,0.8111,0.8167,0.5917,0.8679,0.8824,1.0,5.0,81.7858,0.4138,0.1942,0.5142,4,0.969,0.0,0.2309,84.7371,71.6134,0.686,68.786,1.5761,0.8266,78.181005,0.2672,73.6428,Stabil,Dusuk
46,Frontend,Senior,8.7,20,2025,8,6,22.1,41.8,0.4459,0.7668,0.8035,0.6387,1.0327,0.8588,0.7778,0.8,4.6667,144.9359,0.4658,0.2952,0.4777,3,1.0414,0.0,0.3506,79.2816,72.825,0.8265,78.7695,-0.1038,0.8367,77.42469,0.2212,71.8364,Stabil,Dusuk
46,Frontend,Senior,8.7,21,2025,6,5,11.3,40.0,0.7373,0.7668,0.8028,0.6744,0.5676,0.6956,0.6923,1.0,3.6,245.0672,0.4424,0.3438,0.4878,4,1.0354,0.0,0.2708,80.2705,76.9166,0.6552,65.5949,-2.852,0.786,72.733605,0.3675,66.4879,Stabil,Orta
46,Frontend,Senior,8.7,22,2025,7,5,21.2,40.4,0.2937,0.7214,0.7476,0.6597,0.8699,0.685,0.7826,0.4,3.6,113.3409,0.3649,0.2061,0.4651,4,0.9527,0.0,0.1854,67.0682,67.9594,0.6859,68.3948,-1.4348,0.8472,73.255455,0.2563,68.7677,Stabil,Dusuk
46,Frontend,Senior,8.7,23,2025,7,5,19.1,44.1,0.483,0.7631,0.7394,0.6502,0.8274,0.7029,0.7895,0.4,3.0,152.5832,0.4698,0.2033,0.4336,4,1.1267,0.0,0.344,64.5368,72.3155,0.6405,68.0621,-2.9322,0.8759,70.55464500000001,0.3933,69.0298,Stabil,Orta
46,Frontend,Senior,8.7,24,2025,8,6,25.7,53.7,0.7127,0.7447,0.7686,0.6467,1.0321,0.7445,0.7368,1.0,2.3333,127.4548,0.4757,0.2719,0.4373,5,1.3194,1.0,0.3759,84.108,69.7734,0.677,68.4391,0.82,0.9148,71.531145,0.4261,75.8774,Stabil,Orta
46,Frontend,Senior,8.7,25,2025,7,6,20.7,40.9,0.7201,0.7256,0.8238,0.7336,0.9122,0.7811,0.913,0.6,3.5,175.132,0.4362,0.2806,0.584,3,1.0062,1.0,0.3056,68.9419,72.9541,0.8265,66.2683,-0.6002,0.7357,75.64693500000001,0.2272,66.5537,Stabil,Dusuk
46,Frontend,Senior,8.7,26,2025,10,8,28.8,40.7,0.5489,0.7178,0.8052,0.6726,1.2227,0.7167,0.7407,0.8,2.5,129.3265,0.5261,0.3399,0.4924,4,1.0356,1.0,0.4093,77.1443,70.0214,0.6483,70.7595,0.5922,0.7189,73.47081,0.2797,66.7821,Stabil,Dusuk
46,Frontend,Senior,8.7,27,2025,10,7,30.2,43.3,0.7978,0.7857,0.7436,0.579,1.2106,0.8289,0.9375,0.6,4.2857,175.1492,0.5239,0.3727,0.3718,5,1.0956,1.0,0.4028,68.6382,68.9303,0.8469,69.0943,0.6457,0.7354,71.09445000000001,0.3602,67.2801,Stabil,Orta
46,Frontend,Senior,8.7,28,2025,15,10,46.0,39.0,0.7497,0.7347,0.6338,0.5251,2.5,0.6723,0.6557,0.6,4.0,207.8692,0.6264,0.3782,0.4695,5,0.9824,1.0,0.3993,67.3527,77.3932,0.9206,71.6679,1.4534,0.6817,70.125195,0.2933,68.664,Stabil,Dusuk
46,Frontend,Senior,8.7,29,2025,7,4,10.7,50.2,0.9154,0.771,0.5397,0.3979,0.5919,0.6463,0.675,1.0,6.75,264.3356,0.6094,0.3507,0.5088,4,1.2477,2.0,0.2895,84.7834,74.4485,0.7121,59.1859,-3.2147,0.7501,61.363365,0.5406,63.5663,Riskli,Orta
46,Frontend,Senior,8.7,30,2025,7,5,19.2,44.4,0.423,0.7693,0.7491,0.678,0.8083,0.7689,0.8,1.0,2.4,126.6683,0.4816,0.3017,0.5656,4,1.0498,1.0,0.2219,85.8941,68.9189,0.7186,73.1522,-0.0308,0.9777,75.64578,0.3521,77.1249,Stabil,Orta
46,Frontend,Senior,8.7,31,2025,10,8,38.5,35.4,0.6226,0.6805,0.7597,0.5955,1.8966,0.7171,0.9375,0.2,3.75,121.1221,0.5403,0.3222,0.3944,5,0.9192,1.0,0.361,59.271,69.2312,0.7305,62.2298,-1.4348,0.7742,70.325535,0.2908,65.8653,Stabil,Dusuk
46,Frontend,Senior,8.7,32,2025,7,5,19.4,37.3,0.6769,0.7827,0.6543,0.5205,0.9334,0.7989,0.9024,0.8,7.4,155.1899,0.5486,0.3732,0.5098,4,0.9067,1.0,0.3645,80.129,75.7108,0.7604,63.3291,0.1507,0.8789,69.64965000000001,0.2538,75.0004,Stabil,Dusuk
46,Frontend,Senior,8.7,33,2025,8,6,23.7,39.6,0.4804,0.7531,0.784,0.7768,1.2622,0.6168,0.8056,0.2,4.8333,260.106,0.4283,0.1749,0.4855,4,1.0533,1.0,0.3048,58.9511,74.8945,0.6534,68.4377,-1.3044,1.0,74.978715,0.2121,77.9302,Stabil,Dusuk
46,Frontend,Senior,8.7,34,2025,14,11,52.4,43.1,0.6666,0.763,0.7806,0.7366,2.0426,0.8515,0.9167,0.8,4.0,171.9915,0.5763,0.326,0.5477,3,1.0936,1.0,0.3307,79.1137,75.0844,0.6381,67.879,2.2056,0.8909,77.06895,0.3222,78.5622,Stabil,Orta
46,Frontend,Senior,8.7,35,2025,7,5,23.6,45.0,0.6463,0.7148,0.7097,0.6768,1.0129,0.7781,0.913,0.4,4.2,126.41,0.4691,0.2458,0.5026,2,1.0737,0.0,0.3681,63.3211,74.1203,0.7206,65.0592,0.4632,0.7581,71.89497,0.2659,69.5762,Stabil,Dusuk
46,Frontend,Senior,8.7,36,2025,8,7,34.3,44.7,0.7464,0.7361,0.8619,0.7125,1.4187,0.7566,0.8387,1.0,3.7143,242.0085,0.6491,0.4454,0.4596,2,1.1042,0.0,0.3523,78.0762,75.553,0.7765,65.3234,-1.2163,0.7868,75.2052,0.3721,68.6705,Stabil,Orta
46,Frontend,Senior,8.7,37,2025,12,9,27.9,38.7,0.4843,0.6946,0.746,0.636,1.126,0.718,0.6719,0.8,4.7778,62.9296,0.4894,0.3212,0.4728,4,1.0053,0.0,0.3322,71.025,73.3789,0.7349,68.0919,0.0903,0.8861,73.58421000000001,0.2086,74.5287,Stabil,Dusuk
46,Frontend,Senior,8.7,38,2025,8,7,29.3,44.6,0.6256,0.7856,0.8581,0.6911,1.2399,0.7826,0.7736,0.8,5.8571,108.5577,0.588,0.342,0.4155,6,1.1318,0.0,0.4498,78.492,71.339,0.7184,71.4352,2.1896,0.8708,74.85712500000001,0.3626,76.5081,Stabil,Orta
46,Frontend,Senior,8.7,39,2025,10,7,26.1,41.6,0.6902,0.7804,0.7342,0.6734,1.2214,0.7505,0.8571,0.2,4.2857,147.1362,0.5419,0.3374,0.4438,2,1.0813,0.0,0.3603,59.163,74.9752,0.6522,67.0447,0.8507,0.9716,71.99430000000001,0.298,80.0454,Stabil,Dusuk
46,Frontend,Senior,8.7,40,2025,8,7,18.3,46.7,0.6522,0.7567,0.8174,0.7241,1.0042,0.5464,0.68,0.8,2.4286,279.766,0.5276,0.3549,0.4639,4,1.1476,0.0,0.3356,72.2695,72.1224,0.5925,74.8351,1.5839,0.8048,71.666595,0.2696,72.8276,Stabil,Dusuk
46,Frontend,Senior,8.7,41,2025,3,2,4.4,47.0,0.6615,0.7262,0.804,0.7088,0.2473,0.7099,0.6875,0.8,5.5,236.8193,0.5565,0.4269,0.4611,4,1.1222,0.0,0.2229,72.844,73.5977,0.7516,78.2937,2.8366,0.7804,71.057805,0.2291,74.1296,Stabil,Dusuk
46,Frontend,Senior,8.7,42,2025,6,5,21.3,46.4,0.5957,0.7203,0.7971,0.6185,0.7939,0.7058,0.7368,1.0,2.8,80.9295,0.5238,0.2781,0.5193,5,1.1244,0.0,0.3122,75.9544,70.4786,0.7881,72.3545,1.9388,0.9282,73.09144500000001,0.3306,78.4414,Stabil,Orta
46,Frontend,Senior,8.7,43,2025,10,8,32.8,35.8,0.5685,0.7668,0.8287,0.7637,1.5046,0.8876,0.9118,1.0,3.875,131.0829,0.4304,0.2216,0.5687,2,0.8696,0.0,0.3527,78.0346,75.6429,0.7551,76.9374,0.0368,0.7411,80.90449500000001,0.1825,68.5983,Yuksek,Dusuk
46,Frontend,Senior,8.7,44,2025,10,7,35.7,46.4,0.6037,0.7502,0.6903,0.5854,1.3638,0.7285,0.9375,0.6,6.4286,76.3506,0.6176,0.2787,0.3584,5,1.1661,0.0,0.2399,74.9839,78.1828,0.7075,72.5233,-1.2728,0.7244,71.75920500000001,0.2483,66.5622,Stabil,Dusuk
46,Frontend,Senior,8.7,45,2025,9,8,23.6,42.0,0.6107,0.7793,0.8427,0.814,1.1317,0.6659,0.92,0.6,2.875,239.9017,0.4601,0.3353,0.3595,5,1.0505,0.0,0.2778,67.843,68.9008,0.7584,76.8784,0.9158,0.8266,76.18317,0.3327,71.7978,Stabil,Orta
46,Frontend,Senior,8.7,46,2025,5,4,19.7,40.2,0.5373,0.7417,0.7862,0.6816,1.0479,0.7135,0.9167,0.6,2.75,198.6475,0.5559,0.3208,0.435,5,1.0057,0.0,0.3663,72.417,75.7176,0.7137,65.2293,-3.0769,0.9003,73.389015,0.3906,70.923,Stabil,Orta
46,Frontend,Senior,8.7,47,2025,6,5,19.0,48.6,0.5575,0.7551,0.8258,0.7235,0.8992,0.6267,0.7857,0.8,2.2,238.7569,0.6091,0.319,0.4087,6,1.1493,0.0,0.4042,81.141,78.1711,0.7789,73.8615,-0.7634,0.8784,73.27278000000001,0.2675,74.2863,Stabil,Dusuk
46,Frontend,Senior,8.7,48,2025,11,9,36.1,44.8,0.511,0.7496,0.8257,0.7196,1.4932,0.8813,0.6984,1.0,4.8889,144.2892,0.4255,0.2813,0.5627,3,1.1084,0.0,0.3996,76.5803,73.5557,0.7948,63.5755,-3.1277,0.7042,78.048285,0.348,61.3705,Stabil,Orta
46,Frontend,Senior,8.7,49,2025,7,5,15.1,40.5,0.6398,0.7547,0.7595,0.7356,0.6778,0.6511,0.9167,0.2,4.4,247.2845,0.4874,0.2711,0.5177,3,1.0733,0.0,0.331,63.8096,75.3715,0.6483,65.0235,-1.0904,0.765,70.57344,0.3412,67.8347,Stabil,Orta
46,Frontend,Senior,8.7,50,2025,11,10,35.1,43.5,0.6133,0.719,0.8818,0.7987,1.5627,0.7185,0.75,1.0,1.8,124.485,0.5575,0.2843,0.4209,4,1.0836,0.0,0.3802,84.2179,73.1911,0.7767,65.7596,-2.2858,0.815,78.257655,0.3518,67.5607,Stabil,Orta
46,Frontend,Senior,8.7,51,2025,4,3,7.4,42.8,0.5276,0.7481,0.6997,0.5345,0.3462,0.8204,0.8571,0.8,4.0,120.2772,0.548,0.3163,0.5533,1,1.1083,0.0,0.2348,79.3985,70.5888,0.5431,62.695,-0.1905,0.8437,68.18763000000001,0.33,71.3443,Stabil,Orta
46,Frontend,Senior,8.7,52,2025,6,5,17.4,43.4,0.3671,0.7321,0.768,0.6714,0.6338,0.6427,0.7674,0.2,6.6,123.0597,0.4145,0.2437,0.5398,4,1.0831,0.0,0.3738,56.3617,70.3423,0.7113,68.7878,0.8228,0.8304,70.026285,0.3164,72.2547,Stabil,Orta
47,QA,Mid,3.2,1,2025,5,4,14.7,42.8,0.5967,0.7777,0.8077,0.7803,0.5996,0.8392,0.8333,0.8,3.75,149.9908,0.807576,0.3899,0.327845,5,1.1332,0.0,0.1876,74.3455,70.1652,0.4818,56.3426,0.0,0.8302,65.287111,0.319,70.9103,Stabil,Orta
47,QA,Mid,3.2,2,2025,6,5,19.8,38.4,0.3859,0.7708,0.7944,0.7423,1.0664,0.6292,0.7083,0.6,3.4,231.5335,0.5774725,0.2546,0.592135,3,0.9223,0.0,0.2454,68.3795,71.0762,0.3734,59.8173,3.4747,0.5404,66.441993,0.2145,63.5706,Stabil,Dusuk
47,QA,Mid,3.2,3,2025,4,3,12.3,37.1,0.3784,0.8039,0.8444,0.8091,0.7421,0.7035,0.9231,0.2,4.0,105.3079,0.603152,0.27,0.48336,3,0.9051,0.0,0.256,55.3063,73.0049,0.3594,63.2808,3.4691,0.587,65.686363,0.1616,66.2368,Stabil,Dusuk
47,QA,Mid,3.2,4,2025,13,11,51.5,38.0,0.558,0.7934,0.8144,0.7337,2.219,0.6119,0.7436,0.2,2.6364,165.1678,0.600622,0.2905,0.3097,5,1.0108,0.0,0.311,57.5,71.3161,0.5678,64.2719,2.7251,0.772,67.758962,0.2632,72.8951,Stabil,Dusuk
47,QA,Mid,3.2,5,2025,6,5,16.1,34.0,0.4367,0.794,0.7535,0.6187,0.7148,0.8628,0.9655,0.6,5.6,161.3118,0.7249715000000001,0.264,0.46569,3,0.8597,0.0,0.0993,70.4995,68.6962,0.5561,69.8525,3.1097,0.7385,66.692835,0.3223,71.202,Stabil,Orta
47,QA,Mid,3.2,6,2025,3,2,6.4,35.0,0.4148,0.7709,0.8252,0.7466,0.3036,0.7698,0.9167,0.2,5.5,162.0442,0.528264,0.2452,0.28975,6,0.8435,0.0,0.249,61.8187,70.6463,0.5007,64.7495,0.9987,0.9064,64.97816599999999,0.1957,76.0419,Riskli,Dusuk
47,QA,Mid,3.2,7,2025,10,7,24.4,40.8,0.6678,0.7968,0.7338,0.5759,1.2035,0.7152,0.8438,0.4,3.8571,189.7264,0.7517895000000001,0.336,0.356915,4,1.0337,0.0,0.2995,60.3608,69.6176,0.5014,60.3185,-1.6963,0.8563,63.748982000000005,0.2293,69.27,Riskli,Dusuk
47,QA,Mid,3.2,8,2025,8,6,15.7,38.8,0.489,0.7828,0.7702,0.744,0.6077,0.6403,0.7353,0.2,4.1667,100.9911,0.675763,0.3321,0.42350999999999994,3,0.9775,0.0,0.2549,58.4354,67.7661,0.405,52.2407,-5.7266,0.8921,62.620387,0.4049,64.027,Riskli,Orta
47,QA,Mid,3.2,9,2025,9,6,22.1,41.5,0.5591,0.7713,0.6827,0.5627,1.0681,0.6815,0.6977,0.2,5.0,110.4589,0.868549,0.3227,0.38608,4,1.0698,0.0,0.2241,56.1211,68.8512,0.5401,52.2874,-4.5464,0.7173,60.245051,0.3176,58.3286,Riskli,Orta
47,QA,Mid,3.2,10,2025,8,6,15.4,43.3,0.2905,0.7818,0.7466,0.7442,0.7627,0.7236,0.7143,0.8,5.0,252.3122,0.6839855,0.3139,0.44782999999999995,4,1.0704,0.0,0.228,69.8943,64.739,0.3233,61.8404,0.4612,0.7852,64.691919,0.2624,67.9771,Riskli,Dusuk
47,QA,Mid,3.2,11,2025,8,6,17.8,29.8,0.4457,0.7791,0.7841,0.6945,0.9235,0.5522,0.7692,0.2,1.6667,119.7238,0.674751,0.2769,0.42863999999999997,5,0.7872,0.0,0.275,59.5221,73.7247,0.3359,67.7017,5.5936,0.8623,63.266795,0.2382,82.16,Riskli,Dusuk
47,QA,Mid,3.2,12,2025,12,8,39.7,49.0,0.6793,0.8063,0.6888,0.6428,1.5328,0.614,0.68,0.4,4.25,237.3782,0.601634,0.2278,0.397005,6,1.1911,0.0,0.309,69.1377,69.7082,0.4289,52.5182,0.6554,0.7066,63.377956999999995,0.3456,66.2352,Riskli,Orta
47,QA,Mid,3.2,13,2025,6,4,10.0,41.7,0.6376,0.7776,0.6868,0.665,0.6466,0.7549,1.0,0.6,2.75,189.481,0.7247184999999999,0.3056,0.45058499999999996,4,1.0157,0.0,0.2071,64.7294,65.6568,0.3378,60.2402,-1.9984,0.8266,62.966094999999996,0.2867,66.2701,Riskli,Dusuk
47,QA,Mid,3.2,14,2025,3,3,8.1,34.8,0.4229,0.7478,0.8668,0.7562,0.5439,0.7021,0.7727,0.4,5.6667,101.2495,0.6971415000000001,0.3732,0.48545,3,0.8414,0.0,0.366,61.9087,72.542,0.4068,62.4986,-0.7887,0.7335,63.80980099999999,0.2656,66.0373,Riskli,Dusuk
47,QA,Mid,3.2,15,2025,6,5,11.2,34.3,0.3276,0.7995,0.8395,0.875,0.463,0.6604,0.7333,1.0,2.2,70.295,0.47020049999999997,0.2235,0.458185,3,0.8443,0.0,0.1399,82.4753,71.2721,0.4376,66.0181,4.2758,0.7067,69.002987,0.2379,72.3651,Stabil,Dusuk
47,QA,Mid,3.2,16,2025,7,5,23.7,41.5,0.4435,0.7838,0.6582,0.6951,1.2691,0.7672,0.8,0.8,3.2,174.6131,0.5755750000000001,0.1954,0.5616399999999999,3,1.0324,0.0,0.2272,74.9294,68.6965,0.4093,59.0621,-0.0015,0.6309,67.528005,0.2442,61.4967,Stabil,Dusuk
47,QA,Mid,3.2,17,2025,5,4,17.5,33.8,0.4888,0.7332,0.7582,0.6193,0.9485,0.6474,0.7692,0.6,2.5,200.1328,0.62491,0.2847,0.40014,5,0.8612,0.0,0.2629,70.9926,63.7901,0.4553,68.3275,1.0531,0.8158,64.46328999999999,0.2292,69.9952,Riskli,Dusuk
47,QA,Mid,3.2,18,2025,9,6,22.6,34.6,0.4076,0.8097,0.676,0.6049,1.1472,0.6716,0.9348,0.4,7.1667,207.9608,0.652234,0.2826,0.42189499999999996,4,0.8743,0.0,0.238,68.0404,68.7367,0.5367,57.8389,-1.5272,0.7651,63.50822799999999,0.2577,65.1628,Riskli,Dusuk
47,QA,Mid,3.2,19,2025,13,11,25.2,37.7,0.5213,0.8097,0.8332,0.7528,1.1053,0.7634,0.8644,0.2,4.6364,158.235,0.630729,0.2814,0.31663499999999994,6,0.9115,0.0,0.2817,58.3571,69.9486,0.394,65.1892,0.7893,0.7923,66.908757,0.2435,70.3728,Stabil,Dusuk
47,QA,Mid,3.2,20,2025,13,11,24.1,34.1,0.3513,0.7314,0.8329,0.7962,1.1166,0.8133,0.6705,0.8,5.3636,140.0857,0.6599505000000001,0.2678,0.26105999999999996,7,0.8946,0.0,0.1201,71.3869,65.8929,0.394,57.3078,-2.5709,0.8829,68.507899,0.4284,67.9811,Stabil,Orta
47,QA,Mid,3.2,21,2025,5,4,8.3,33.3,0.5376,0.7537,0.7085,0.6335,0.4138,0.8263,1.0,1.0,2.0,167.7844,0.6560289999999999,0.3256,0.461605,3,0.8458,0.0,0.3061,79.1783,67.1448,0.5043,53.6849,-2.0343,0.934,62.98045099999999,0.4047,71.4954,Riskli,Orta
47,QA,Mid,3.2,22,2025,4,3,14.6,38.9,0.4402,0.817,0.7634,0.6532,0.5973,0.5977,0.7222,0.4,4.3333,36.1966,0.717761,0.3065,0.391685,2,0.9424,0.0,0.1869,68.3653,67.2781,0.3532,64.5907,-0.5418,0.7805,62.620096,0.223,66.9573,Riskli,Dusuk
47,QA,Mid,3.2,23,2025,12,10,29.1,34.7,0.3582,0.7645,0.8085,0.7709,1.3635,0.7698,0.9054,0.6,6.7,174.0501,0.589237,0.3088,0.45125,3,0.8383,0.0,0.1912,69.8079,66.049,0.3994,56.2397,0.7702,0.7787,68.207296,0.2911,68.5598,Stabil,Dusuk
47,QA,Mid,3.2,24,2025,15,10,24.0,50.4,0.7194,0.791,0.6645,0.5335,1.1043,0.6997,0.7,0.6,4.2,206.4471,0.7387599999999999,0.3432,0.38759999999999994,4,1.2736,1.0,0.3528,64.3163,67.9646,0.4762,50.7948,-1.7021,0.6715,57.909388,0.4772,60.4477,Riskli,Orta
47,QA,Mid,3.2,25,2025,7,6,16.3,34.2,0.4662,0.8137,0.8362,0.7803,0.7608,0.6656,0.75,0.4,3.5,111.0505,0.6257955,0.2609,0.42208499999999993,3,0.9008,1.0,0.2686,63.0843,68.047,0.3924,63.2557,-0.945,0.7343,65.158198,0.2316,64.4803,Stabil,Dusuk
47,QA,Mid,3.2,26,2025,7,6,16.7,25.1,0.6538,0.7763,0.8025,0.6952,0.7455,0.7555,0.6842,0.6,4.3333,165.4613,0.701316,0.3261,0.42141999999999996,3,0.6527,1.0,0.3006,68.8854,67.1736,0.5345,64.6152,3.7587,0.7208,62.832817,0.2845,70.9605,Riskli,Dusuk
47,QA,Mid,3.2,27,2025,11,8,32.7,35.4,0.5277,0.761,0.7152,0.668,1.3512,0.8559,0.7674,1.0,4.125,135.8,0.7239595,0.292,0.42958999999999997,3,0.8545,1.0,0.1814,79.603,64.1029,0.5234,61.296400000000006,3.2864,0.7218,67.271537,0.2656,69.3465,Stabil,Dusuk
47,QA,Mid,3.2,28,2025,9,5,13.5,31.4,0.5363,0.811,0.6036,0.5374,0.5607,0.7712,0.9,0.4,3.6,152.875,0.6332590000000001,0.2324,0.45714,4,0.836,1.0,0.3132,68.032,65.3481,0.4268,47.8434,-4.9556,0.7373,58.001053,0.4111,57.5389,Riskli,Orta
47,QA,Mid,3.2,29,2025,9,6,19.0,33.4,0.3695,0.8182,0.7168,0.6843,1.0816,0.6739,0.8529,0.2,4.8333,70.2888,0.6774075,0.297,0.34656,6,0.8524,1.0,0.3076,58.254,66.9318,0.316,62.6434,-1.9368,0.9205,62.350436,0.3001,70.9744,Riskli,Orta
47,QA,Mid,3.2,30,2025,11,8,26.0,32.5,0.6903,0.7666,0.7208,0.6176,1.3885,0.7051,0.6724,1.0,4.875,280.479,0.8283220000000001,0.3662,0.28329,7,0.8646,0.0,0.1583,81.5695,69.4555,0.4839,61.7869,1.6271,0.759,65.26548000000001,0.292,70.0337,Stabil,Dusuk
47,QA,Mid,3.2,31,2025,6,4,10.3,26.4,0.5958,0.7799,0.7274,0.6579,0.4571,0.7821,0.7143,0.8,3.75,138.4846,0.638572,0.3348,0.39501,4,0.6828,0.0,0.3002,71.4888,73.2487,0.4123,52.3771,1.2745,0.823,60.546623999999994,0.2338,73.5011,Riskli,Dusuk
47,QA,Mid,3.2,32,2025,6,4,17.6,30.8,0.4275,0.7883,0.6694,0.6588,0.8592,0.7395,0.8571,0.8,3.0,202.8544,0.5984715,0.2282,0.43452999999999997,4,0.7895,0.0,0.2791,69.638,65.3007,0.3953,56.6313,-2.7446,0.7666,62.35674100000001,0.32,62.3003,Riskli,Orta
47,QA,Mid,3.2,33,2025,16,12,44.8,31.8,0.3466,0.7906,0.78,0.6896,1.8411,0.7885,0.7812,0.6,4.1667,140.041,0.592526,0.2402,0.33610999999999996,5,0.8201,0.0,0.2171,69.5151,66.6721,0.4701,65.97,1.6804,0.7987,68.567748,0.3105,71.0701,Stabil,Orta
47,QA,Mid,3.2,34,2025,8,6,15.7,39.9,0.7789,0.7646,0.741,0.6231,0.6624,0.8099,0.7059,1.0,4.0,177.8588,0.7020750000000001,0.3174,0.46996499999999997,2,0.9339,0.0,0.2256,76.8356,67.9226,0.4074,52.9061,1.0926,0.8643,64.246786,0.3463,73.4771,Riskli,Orta
47,QA,Mid,3.2,35,2025,9,6,20.8,38.9,0.5911,0.7391,0.7133,0.647,1.3405,0.6551,0.8182,0.8,1.5,199.7169,0.8270570000000002,0.3471,0.5018849999999999,2,0.9692,0.0,0.2836,77.5024,72.0176,0.5073,55.484,-1.6506,0.6898,65.208444,0.2978,62.5693,Stabil,Dusuk
47,QA,Mid,3.2,36,2025,10,8,36.0,39.4,0.7179,0.8003,0.7685,0.754,1.3593,0.8235,0.8,1.0,3.0,145.1587,0.590249,0.2602,0.352545,5,0.9398,0.0,0.347,79.2598,69.1924,0.4001,53.1468,-3.5892,0.7288,68.181591,0.3555,60.4442,Stabil,Orta
47,QA,Mid,3.2,37,2025,9,7,34.6,38.9,0.4749,0.7768,0.8276,0.8275,1.4103,0.6263,0.7368,0.6,2.0,188.715,0.714978,0.3518,0.41363,3,0.9573,0.0,0.2168,64.6931,69.5022,0.3195,56.7944,0.9327,0.8102,67.455449,0.25,71.2689,Stabil,Dusuk
47,QA,Mid,3.2,38,2025,8,6,15.0,38.1,0.6892,0.8033,0.7305,0.6392,0.5974,0.7371,0.75,1.0,2.0,169.073,0.8431225,0.3187,0.27540499999999996,6,0.9529,0.0,0.2447,78.3531,69.414,0.5125,65.22,3.2855,0.8246,63.617644,0.1973,75.5643,Riskli,Dusuk
47,QA,Mid,3.2,39,2025,13,10,53.4,32.8,0.7529,0.7967,0.7788,0.6601,1.8035,0.5864,0.6429,0.2,3.6,193.9576,0.6187115,0.2695,0.308465,5,0.838,0.0,0.2867,57.5841,67.9991,0.345,66.3822,4.8132,0.672,64.04851799999999,0.2448,70.6617,Riskli,Dusuk
47,QA,Mid,3.2,40,2025,8,6,23.6,37.4,0.5433,0.7379,0.7056,0.5688,1.1387,0.5937,0.7097,0.2,3.6667,91.4728,0.667414,0.2977,0.39082999999999996,5,0.9079,0.0,0.2405,55.2857,64.5241,0.3482,65.3235,2.675,0.7961,61.581613999999995,0.2467,71.8613,Riskli,Dusuk
47,QA,Mid,3.2,41,2025,9,7,26.0,36.3,0.5902,0.8583,0.764,0.6375,1.1395,0.6657,0.8846,0.2,3.2857,186.1167,0.7219355,0.2922,0.47889499999999996,3,0.9484,0.0,0.2328,61.0927,70.8432,0.4359,61.1858,-1.3161,0.719,64.782129,0.2326,64.0532,Riskli,Dusuk
47,QA,Mid,3.2,42,2025,5,4,11.6,34.6,0.4633,0.746,0.8822,0.8573,0.574,0.6542,0.75,0.4,6.75,188.0823,0.6001160000000001,0.2845,0.5318099999999999,3,0.8555,0.0,0.2247,58.8508,66.2084,0.3205,63.8724,-1.1667,0.6818,65.67297699999999,0.2062,61.2186,Stabil,Dusuk
47,QA,Mid,3.2,43,2025,5,3,7.0,39.4,0.6751,0.8747,0.6676,0.5896,0.3335,0.7981,0.8462,1.0,3.6667,211.0631,0.8159250000000001,0.3798,0.37354,5,1.0102,0.0,0.2237,84.6189,73.873,0.3287,57.8285,-1.9798,0.6182,61.101367,0.2832,59.3855,Riskli,Dusuk
47,QA,Mid,3.2,44,2025,11,8,31.1,36.7,0.521,0.7649,0.7102,0.6412,1.2297,0.755,0.94,0.6,5.875,225.1602,0.6238980000000001,0.2693,0.351595,5,0.8772,0.0,0.1641,67.333,70.5464,0.5324,58.4528,-1.4243,0.9472,66.381756,0.2764,74.0623,Stabil,Dusuk
47,QA,Mid,3.2,45,2025,10,8,31.1,36.6,0.4038,0.7699,0.7975,0.699,1.1501,0.6358,0.8333,0.4,1.875,127.7656,0.6662754999999999,0.2222,0.36023999999999995,5,0.9174,0.0,0.2654,61.3466,68.0433,0.3688,62.2987,-0.4097,0.7575,65.048491,0.2688,66.3593,Stabil,Dusuk
47,QA,Mid,3.2,46,2025,12,10,32.8,40.1,0.5648,0.7818,0.8035,0.8001,1.2676,0.7055,0.8537,0.6,3.5,83.7529,0.6990390000000001,0.2794,0.49143499999999996,2,0.9734,0.0,0.2059,72.644,68.2959,0.4593,59.6826,0.9408,0.6906,69.023939,0.1835,65.5356,Stabil,Dusuk
47,QA,Mid,3.2,47,2025,7,5,18.4,35.9,0.3636,0.7837,0.7771,0.5959,0.8693,0.834,0.9643,1.0,5.4,250.101,0.7793665,0.302,0.30922499999999997,5,0.9163,0.0,0.3192,81.6562,68.2472,0.543,60.2072,0.2647,0.7646,65.10116199999999,0.1927,67.7964,Stabil,Dusuk
47,QA,Mid,3.2,48,2025,4,3,8.1,48.5,0.5765,0.762,0.7194,0.6483,0.405,0.6604,0.7619,0.8,5.3333,299.7224,0.7180139999999999,0.3146,0.41239499999999996,6,1.194,0.0,0.2855,74.5169,65.5908,0.5175,49.709,-3.7244,0.7466,59.554216999999994,0.4546,59.9527,Riskli,Orta
47,QA,Mid,3.2,49,2025,7,6,18.4,40.5,0.5711,0.8076,0.7918,0.6893,1.1163,0.6225,0.6667,0.6,3.0,89.3626,0.7730414999999999,0.3688,0.47367,3,0.9589,0.0,0.2802,65.4203,67.5269,0.3647,53.7673,-2.8244,0.7426,63.557309999999994,0.3973,61.7605,Riskli,Orta
47,QA,Mid,3.2,50,2025,14,11,42.6,38.8,0.4708,0.8074,0.7709,0.7002,1.6101,0.7324,0.8125,0.6,3.5455,186.9169,0.7186465000000001,0.3448,0.406315,3,0.9927,0.0,0.2661,68.2506,70.0296,0.4818,58.9815,0.0381,0.723,67.561955,0.2313,66.1032,Stabil,Dusuk
47,QA,Mid,3.2,51,2025,10,8,22.8,47.9,0.4654,0.7751,0.7796,0.7543,1.1579,0.7152,0.9298,0.4,6.625,194.2213,0.630729,0.3056,0.42350999999999994,4,1.1703,0.0,0.2608,60.6302,72.8571,0.4034,51.2148,0.9732,0.6789,64.400725,0.3303,66.4268,Riskli,Orta
47,QA,Mid,3.2,52,2025,13,10,54.8,32.4,0.9075,0.727,0.747,0.6399,2.0129,0.6937,0.7949,0.6,6.2,220.8564,0.682088,0.3268,0.33174,5,0.8479,0.0,0.396,67.2151,70.7441,0.3632,50.5828,-1.732,0.7614,63.072504,0.3101,65.2797,Riskli,Orta
48,DevOps,Senior,8.2,1,2025,7,7,17.3,32.2,0.383,0.6979,0.962,0.9636,0.8354,0.7753,0.8372,1.0,5.1429,29.5745,0.39042,0.1782,0.67661,3,0.8337,0.0,0.2825,82.2565,82.0589,0.9398,74.6254,0.0,0.8149,83.02539,0.2243,73.7904,Yuksek,Dusuk
48,DevOps,Senior,8.2,2,2025,9,9,18.3,35.5,0.4855,0.6752,0.9747,0.8567,1.1302,0.7559,0.7727,0.4,5.6667,141.5504,0.28755,0.2379,0.65439,3,0.8536,0.0,0.2725,68.6001,80.4876,0.8108,74.6767,0.0514,0.6943,81.22957500000001,0.2572,67.9685,Yuksek,Dusuk
48,DevOps,Senior,8.2,3,2025,12,10,46.4,44.7,0.4194,0.6603,0.805,0.6789,1.8824,0.7251,0.9167,0.8,3.3,59.4676,0.30006,0.143,0.7381000000000001,3,1.1653,0.0,0.2063,76.6178,82.4878,0.8632,77.7226,1.5486,0.9266,81.55644,0.2905,81.3648,Yuksek,Dusuk
48,DevOps,Senior,8.2,4,2025,15,14,52.9,39.2,0.3882,0.732,0.9568,0.8453,1.8854,0.711,0.7664,0.2,5.8571,146.7152,0.35145,0.2228,0.6296400000000001,4,0.9615,0.0,0.4144,62.2414,81.7941,0.82,83.7562,3.0438,0.7548,82.44495,0.2081,75.7623,Yuksek,Dusuk
48,DevOps,Senior,8.2,5,2025,7,6,22.6,37.8,0.6214,0.6603,0.9018,0.766,1.061,0.6202,0.6667,0.4,4.3333,232.3758,0.41157,0.2297,0.7546000000000002,2,0.9516,0.0,0.3265,65.7542,81.3223,0.9107,72.6734,0.0024,0.94,78.75,0.3023,79.1994,Stabil,Orta
48,DevOps,Senior,8.2,6,2025,12,12,60.3,34.7,0.6012,0.6889,0.9881,0.9084,2.5,0.6264,0.6292,0.6,4.6667,260.3905,0.39357,0.1857,0.70796,3,0.914,0.0,0.2452,66.8467,81.7615,0.9285,78.1228,-0.9882,0.8258,84.131565,0.2798,72.6444,Yuksek,Dusuk
48,DevOps,Senior,8.2,7,2025,8,7,26.3,37.8,0.4648,0.6658,0.885,0.8168,1.2162,0.6866,0.7021,0.2,4.7143,123.8432,0.4824,0.2694,0.6859600000000001,3,0.9276,0.0,0.3622,56.2152,78.8547,0.7392,66.0187,-4.7763,0.9311,76.24701,0.3354,70.5938,Stabil,Orta
48,DevOps,Senior,8.2,8,2025,7,6,22.7,39.5,0.6584,0.6856,0.8886,0.8398,0.8764,0.5306,0.75,0.6,2.0,36.0636,0.41355,0.2705,0.7174200000000001,3,0.9768,0.0,0.3716,72.2038,77.3253,0.7925,64.7509,-3.5872,0.707,75.297285,0.3576,61.9084,Stabil,Orta
48,DevOps,Senior,8.2,9,2025,6,5,24.7,42.9,0.5856,0.6931,0.8887,0.8113,1.1665,0.8111,0.8571,0.4,4.8,156.7071,0.2916,0.1563,0.64119,3,1.1019,0.0,0.2905,60.0916,83.0008,0.7901,68.1477,-3.1193,0.6957,79.31290500000001,0.445,63.8347,Stabil,Orta
48,DevOps,Senior,8.2,10,2025,9,8,36.3,39.3,0.5668,0.6822,0.8914,0.7488,1.512,0.6267,0.6957,0.6,2.0,177.6071,0.39168,0.2029,0.7802300000000001,2,1.0324,0.0,0.3371,65.358,77.7268,0.9132,74.4546,2.8705,0.8437,80.34201,0.2669,78.2711,Yuksek,Dusuk
48,DevOps,Senior,8.2,11,2025,5,4,17.1,40.0,0.5551,0.6865,0.8509,0.8664,0.7935,0.7135,0.7609,1.0,8.75,161.4586,0.32643,0.2305,0.7661500000000001,1,0.9356,0.0,0.2174,78.0155,77.7349,0.7293,72.3825,2.9202,0.7831,79.51114500000001,0.2631,75.6223,Stabil,Dusuk
48,DevOps,Senior,8.2,12,2025,7,6,15.0,47.1,0.5822,0.7092,0.8474,0.7567,0.7137,0.8406,0.8571,0.6,5.0,172.0701,0.44811,0.2616,0.6960800000000001,3,1.2044,1.0,0.4267,69.634,75.1179,0.8592,70.8289,0.5972,0.9789,75.008955,0.4428,80.02,Stabil,Orta
48,DevOps,Senior,8.2,13,2025,9,7,34.8,40.2,0.6609,0.7411,0.7603,0.6133,1.6383,0.6994,0.8667,0.6,1.8571,137.375,0.32346,0.1781,0.59906,5,0.9947,1.0,0.3417,70.928,83.208,0.8789,66.83529999999999,-2.4412,0.8603,77.13951,0.374,72.3609,Stabil,Orta
48,DevOps,Senior,8.2,14,2025,8,7,17.9,43.3,0.5028,0.7286,0.9215,0.842,0.9454,0.7913,0.8929,0.8,3.5714,194.8421,0.40788,0.2915,0.70125,2,1.0878,1.0,0.2534,75.8373,74.8074,0.8287,78.4521,1.4215,0.9051,80.72106000000001,0.274,77.894,Yuksek,Dusuk
48,DevOps,Senior,8.2,15,2025,7,6,25.3,47.4,0.7341,0.7451,0.8043,0.7535,0.9889,0.7321,0.7586,0.6,3.6667,122.4505,0.52911,0.3231,0.7747300000000001,2,1.1923,1.0,0.2152,66.7241,79.38,0.5953,71.3598,1.321,0.7372,73.33966500000001,0.4193,71.5504,Stabil,Orta
48,DevOps,Senior,8.2,16,2025,13,12,25.1,38.9,0.597,0.6716,0.9361,0.8772,1.2077,0.8102,0.6289,0.8,5.0833,138.1731,0.28449,0.2614,0.67914,2,1.0262,1.0,0.2491,77.157,81.3175,0.7833,75.451,1.8755,0.6947,83.324955,0.2391,71.0878,Yuksek,Dusuk
48,DevOps,Senior,8.2,17,2025,7,6,27.8,38.5,0.5309,0.6856,0.8536,0.6754,1.1168,0.9509,0.8824,1.0,5.0,155.9412,0.38673,0.199,0.71786,2,0.941,1.0,0.3349,83.783,77.8925,0.8632,78.7217,0.49,0.8353,81.48588,0.2489,74.2199,Yuksek,Dusuk
48,DevOps,Senior,8.2,18,2025,7,7,19.8,43.4,0.6085,0.7171,0.99,0.8974,0.8049,0.5673,0.8333,0.4,2.8571,39.5622,0.34902,0.2669,0.7159900000000001,3,1.0865,0.0,0.1624,60.4799,78.1062,0.7431,79.7742,2.8514,0.7563,79.25368499999999,0.2524,74.4214,Stabil,Dusuk
48,DevOps,Senior,8.2,19,2025,6,5,12.6,41.4,0.6074,0.7489,0.7924,0.6663,0.5567,0.7674,0.9167,0.8,2.2,132.4142,0.35505,0.2282,0.80003,1,1.0392,0.0,0.3529,70.8698,79.5828,0.8448,77.4798,0.7139,0.6262,75.31083,0.1995,65.6673,Stabil,Dusuk
48,DevOps,Senior,8.2,20,2025,8,7,26.0,49.4,0.5635,0.7139,0.8894,0.7847,1.2818,0.782,0.9643,0.4,3.8571,128.7214,0.42372,0.2492,0.6482300000000001,3,1.1359,0.0,0.3319,60.8664,78.854,0.8213,72.3369,-2.1449,0.8004,78.10551000000001,0.4186,68.8231,Stabil,Orta
48,DevOps,Senior,8.2,21,2025,13,12,59.9,41.7,0.6225,0.6847,0.8862,0.7363,2.2022,0.5358,0.6522,0.6,3.75,351.7154,0.34335,0.2963,0.7929900000000001,2,1.0319,0.0,0.2526,70.7616,82.7882,0.9202,80.488,-0.3002,0.6553,80.589285,0.2449,66.356,Yuksek,Dusuk
48,DevOps,Senior,8.2,22,2025,6,5,13.4,35.2,0.6614,0.7014,0.8671,0.7589,0.6471,0.8433,0.8485,1.0,5.6,205.2469,0.36954,0.2481,0.6508700000000001,4,0.9293,0.0,0.2766,77.4512,77.8978,0.8048,70.8235,-1.1818,0.7329,77.675745,0.2403,67.0046,Stabil,Dusuk
48,DevOps,Senior,8.2,23,2025,6,5,22.7,31.5,0.5849,0.7162,0.8619,0.8216,1.2254,0.6954,0.8824,0.2,3.0,147.4226,0.36234,0.2491,0.74294,2,0.882,0.0,0.3582,55.3255,75.3578,0.95,75.7023,0.0432,0.8295,78.26605500000001,0.2783,72.5039,Stabil,Dusuk
48,DevOps,Senior,8.2,24,2025,9,8,30.9,47.3,0.9005,0.7006,0.8506,0.7083,1.1584,0.7118,0.8049,0.4,4.125,107.8495,0.42606,0.2996,0.54527,5,1.1354,0.0,0.4126,69.7495,79.1343,0.8324,65.25739999999999,-4.0813,0.6217,73.685325,0.4115,57.8401,Stabil,Orta
48,DevOps,Senior,8.2,25,2025,18,15,60.3,49.1,0.5169,0.6662,0.8426,0.8403,2.3126,0.8254,0.8977,0.4,5.2667,145.8664,0.41184,0.2218,0.7357900000000002,1,1.1865,0.0,0.3443,61.3327,74.3448,0.95,67.2865,-2.1056,0.8038,79.183125,0.4913,67.6833,Stabil,Orta
48,DevOps,Senior,8.2,26,2025,10,10,41.7,41.9,0.5593,0.7126,0.9543,0.8814,1.7096,0.8197,0.7805,1.0,3.2,139.9325,0.39708,0.2383,0.62348,3,0.9976,0.0,0.5016,76.6554,74.963,0.8238,78.492,1.0398,0.8048,83.62263000000002,0.1838,72.8283,Yuksek,Dusuk
48,DevOps,Senior,8.2,27,2025,7,6,22.5,34.6,0.4397,0.703,0.9186,0.8017,1.0839,0.8558,0.66,1.0,5.5,150.1846,0.3707999999999999,0.255,0.74899,3,0.9126,0.0,0.3671,76.2543,77.6503,0.7187,74.5011,3.8937,0.7526,80.60808,0.337,75.7463,Yuksek,Orta
48,DevOps,Senior,8.2,28,2025,10,8,29.9,39.2,0.4819,0.6684,0.7914,0.7133,1.3474,0.5975,0.7105,0.4,3.375,224.9328,0.3807,0.2213,0.73117,5,1.0035,0.0,0.3551,62.9034,74.0226,0.9032,64.4528,-1.2492,0.7389,75.37950000000001,0.2512,66.0066,Stabil,Dusuk
48,DevOps,Senior,8.2,29,2025,6,5,14.0,31.9,0.4827,0.6615,0.8657,0.6994,0.6596,0.729,0.8571,1.0,2.4,218.263,0.26523,0.2178,0.7879300000000001,2,0.7922,0.0,0.3616,79.0183,78.3294,0.8494,71.6838,-3.0473,0.6824,76.18212,0.2893,61.9468,Stabil,Dusuk
48,DevOps,Senior,8.2,30,2025,7,6,27.7,33.9,0.4122,0.691,0.8298,0.7584,0.9814,0.7229,0.75,0.2,5.0,127.8161,0.29394,0.1539,0.7115900000000001,4,0.8413,0.0,0.2648,63.4812,79.3837,0.95,76.0071,1.1749,0.7284,78.08031000000001,0.2282,70.9305,Stabil,Dusuk
48,DevOps,Senior,8.2,31,2025,6,5,18.7,37.8,0.4445,0.6939,0.8775,0.8345,0.9111,0.8754,0.9643,0.8,5.4,110.9488,0.33849,0.2393,0.65098,3,0.9417,0.0,0.3502,76.9552,74.0735,0.95,74.222,3.3631,0.6988,80.56786500000001,0.2559,71.4218,Yuksek,Dusuk
48,DevOps,Senior,8.2,32,2025,4,3,10.6,36.6,0.6316,0.6779,0.8395,0.7236,0.5504,0.7484,0.6429,1.0,3.0,169.9332,0.38826,0.2513,0.7834200000000001,3,0.9649,0.0,0.2982,77.291,74.8617,0.8592,60.2816,-3.5992,0.6438,74.67379500000001,0.4188,58.3062,Stabil,Orta
48,DevOps,Senior,8.2,33,2025,4,4,9.7,38.1,0.3732,0.7341,0.9,0.8153,0.4763,0.8806,0.7917,1.0,4.75,124.5418,0.35586,0.1725,0.69575,3,0.9426,0.0,0.2806,80.8221,84.4044,0.8626,68.6558,-3.5994,0.9482,80.82228,0.3869,74.8641,Yuksek,Orta
48,DevOps,Senior,8.2,34,2025,7,6,16.7,38.8,0.4798,0.6803,0.8834,0.7845,0.7637,0.6414,0.7619,0.6,2.6667,208.9627,0.33732,0.2874,0.73172,3,0.9696,0.0,0.3882,67.2489,81.7171,0.7743,72.4998,0.3208,0.7933,76.57009500000001,0.2706,73.2165,Stabil,Dusuk
48,DevOps,Senior,8.2,35,2025,3,3,9.6,38.3,0.662,0.6844,0.8982,0.7547,0.6003,0.7373,0.9,0.6,3.0,185.7805,0.35343,0.1729,0.5885000000000001,4,0.9205,0.0,0.2969,68.6248,81.9769,0.9101,71.8046,3.8413,0.8642,77.463645,0.2802,81.9827,Stabil,Dusuk
48,DevOps,Senior,8.2,36,2025,5,4,20.6,49.3,0.766,0.6732,0.7859,0.6706,0.8031,0.7908,0.7059,0.8,6.0,137.8283,0.38601,0.3092,0.76978,1,1.3129,1.0,0.3698,74.2947,83.0455,0.9092,65.2384,-1.0947,0.7182,72.60099,0.5065,68.0233,Stabil,Orta
48,DevOps,Senior,8.2,37,2025,5,4,14.3,41.1,0.4909,0.6903,0.8545,0.8479,0.7362,0.7247,0.8333,0.4,5.0,77.2899,0.3508199999999999,0.2433,0.7044400000000001,3,1.0283,1.0,0.4738,60.9181,78.2953,0.791,71.1118,-1.073,0.7493,75.48534000000001,0.294,68.0318,Stabil,Dusuk
48,DevOps,Senior,8.2,38,2025,6,5,23.8,42.0,0.7978,0.7022,0.8573,0.7691,1.132,0.787,0.9583,0.2,4.6,136.2046,0.31788,0.277,0.6507600000000001,4,1.0467,1.0,0.3084,56.2727,80.2154,0.7916,71.5732,0.5179,0.6878,77.00574,0.2593,68.3245,Stabil,Dusuk
48,DevOps,Senior,8.2,39,2025,12,12,50.8,44.5,0.5823,0.69,0.9644,0.9358,1.9722,0.6849,0.9459,0.2,2.9167,126.0004,0.49599,0.277,0.7459100000000001,2,1.0982,1.0,0.3241,58.5093,74.9822,0.8313,73.7957,2.6133,0.7914,80.25601499999999,0.325,74.6904,Yuksek,Orta
48,DevOps,Senior,8.2,40,2025,9,8,24.4,37.2,0.6016,0.7078,0.8593,0.7619,0.9482,0.7371,0.7288,0.4,5.375,171.9563,0.35595,0.2678,0.6499900000000001,4,0.8959,1.0,0.3465,65.5084,78.6343,0.8297,72.0191,0.4944,0.9096,76.62228,0.2336,77.7958,Stabil,Dusuk
48,DevOps,Senior,8.2,41,2025,7,6,23.9,39.5,0.519,0.7137,0.9223,0.8886,0.9363,0.7024,0.6667,0.8,3.6667,205.7137,0.37215,0.1789,0.6371200000000001,4,0.919,1.0,0.27,72.6163,83.1375,0.6962,82.1753,3.003,0.9365,81.21351,0.2734,84.2779,Yuksek,Dusuk
48,DevOps,Senior,8.2,42,2025,5,4,14.0,40.7,0.6815,0.6774,0.8142,0.7121,0.7832,0.6742,0.9,0.8,6.75,272.4474,0.42993,0.2283,0.6208400000000001,3,1.0791,0.0,0.2682,73.6665,79.9211,0.9286,74.8132,1.3209,0.8738,76.261605,0.3363,77.8594,Stabil,Orta
48,DevOps,Senior,8.2,43,2025,15,14,58.0,40.3,0.4681,0.7082,0.9473,0.8986,2.5,0.5659,0.7333,0.4,1.5714,113.0189,0.44775,0.2566,0.7249000000000001,2,0.9997,0.0,0.36,65.0362,77.0916,0.9077,76.5996,0.638,0.7633,81.25446,0.2861,70.9738,Yuksek,Dusuk
48,DevOps,Senior,8.2,44,2025,8,8,23.4,36.9,0.5823,0.6714,0.9424,0.8989,0.9286,0.6301,0.8462,0.4,1.375,138.868,0.42624,0.2182,0.68882,3,0.9696,0.0,0.3018,60.3583,83.1332,0.8526,84.7277,0.9444,0.7648,80.37582,0.1691,73.3319,Yuksek,Dusuk
48,DevOps,Senior,8.2,45,2025,10,9,39.6,44.2,0.521,0.6523,0.8557,0.7098,1.6965,0.6824,0.9355,0.6,3.2222,55.4374,0.3609,0.1929,0.72908,2,1.0344,0.0,0.2604,65.5835,75.5107,0.73,76.1462,1.2127,0.8252,79.58916,0.3097,74.1836,Stabil,Orta
48,DevOps,Senior,8.2,46,2025,10,9,22.2,40.7,0.4537,0.7148,0.8899,0.8365,0.8454,0.7172,0.7879,0.8,2.8889,197.2581,0.24192,0.1584,0.7470100000000001,3,1.0234,0.0,0.28,73.017,74.4381,0.8561,75.5831,-1.1631,0.8791,81.45658499999999,0.2304,72.5726,Yuksek,Dusuk
48,DevOps,Senior,8.2,47,2025,10,9,37.3,41.6,0.55,0.6946,0.9384,0.8502,1.3345,0.6621,0.6567,0.2,4.8889,189.1509,0.4347,0.1556,0.8314900000000001,1,1.0089,0.0,0.2703,57.0307,80.34,0.95,72.5068,-3.7226,0.7697,81.55749,0.3647,65.4233,Yuksek,Orta
48,DevOps,Senior,8.2,48,2025,13,11,43.4,47.6,0.7737,0.6928,0.8623,0.7666,1.7872,0.8323,0.72,0.8,4.9091,168.8991,0.44181,0.2391,0.74679,1,1.1688,0.0,0.4355,70.2737,83.1535,0.8058,67.5774,-2.8783,0.8439,79.16349,0.4858,70.9229,Stabil,Orta
48,DevOps,Senior,8.2,49,2025,6,6,19.6,32.7,0.6807,0.7042,0.9439,0.8401,1.1211,0.8534,0.9355,0.6,4.8333,176.7368,0.51327,0.2795,0.7398600000000001,3,0.8901,0.0,0.3137,70.4265,75.352,0.95,68.7923,-2.5302,0.767,80.05998000000001,0.3,65.6677,Yuksek,Orta
48,DevOps,Senior,8.2,50,2025,11,10,19.4,42.8,0.3226,0.6784,0.9354,0.8647,0.8537,0.9174,0.8462,1.0,5.5,147.1822,0.34875,0.1699,0.74349,3,1.0308,0.0,0.2732,77.2544,73.9068,0.8533,75.3498,0.9744,0.8162,83.48088,0.2991,72.9236,Yuksek,Dusuk
48,DevOps,Senior,8.2,51,2025,10,9,20.2,32.1,0.4713,0.6915,0.9126,0.8958,0.7929,0.7904,0.9492,0.4,6.2222,141.9609,0.27765,0.1815,0.64779,4,0.8052,0.0,0.2916,60.9064,83.1012,0.9171,64.0518,-0.4019,0.8016,78.57087000000001,0.2017,72.8721,Stabil,Dusuk
48,DevOps,Senior,8.2,52,2025,7,6,29.2,39.1,0.5577,0.6834,0.8554,0.804,1.1762,0.8898,0.9394,0.8,5.1667,119.4741,0.34227,0.2093,0.77517,1,0.9864,0.0,0.3976,78.4075,77.0404,0.8257,66.6745,-1.7651,0.7898,81.300765,0.2565,68.3959,Yuksek,Dusuk
49,Backend,Senior,6.7,1,2025,10,8,27.1,41.5,0.4847,0.7904,0.7807,0.7205,1.1955,0.7441,0.8958,0.2,5.375,180.4882,0.515,0.2726,0.464,5,1.1646800000000002,0.0,0.253,51.5018,68.8297,0.6815,80.3852,0.0,0.7231,73.98237,0.287,65.6895,Stabil,Dusuk
49,Backend,Senior,6.7,2,2025,6,5,10.7,46.4,0.4523,0.8319,0.7664,0.7685,0.541,0.6538,0.7333,0.4,4.4,72.8801,0.4541,0.2807,0.4666,3,1.2804,0.0,0.2162,64.2213,60.8049,0.7776,70.5858,-9.7993,0.7558,70.395465,0.4881,52.2525,Stabil,Orta
49,Backend,Senior,6.7,3,2025,12,10,21.7,39.3,0.5141,0.8612,0.87,0.8051,0.9585,0.7961,0.8136,0.8,4.8,216.4951,0.4282,0.2575,0.3547,6,1.1132000000000002,0.0,0.3847,74.0184,69.9003,0.6799,78.6593,-0.8629,0.5793,76.81516500000001,0.245,58.1885,Stabil,Dusuk
49,Backend,Senior,6.7,4,2025,10,8,35.9,50.0,0.5563,0.8495,0.7879,0.6839,1.6597,0.655,0.7424,0.6,6.125,238.9533,0.5639,0.329,0.4482,4,1.3539900000000002,1.0,0.2944,61.9807,70.4676,0.5139,69.4686,-2.4676,0.7009,70.318185,0.4584,61.3261,Stabil,Orta
49,Backend,Senior,6.7,5,2025,6,5,15.8,45.8,0.3907,0.8319,0.7511,0.7105,0.6264,0.8,0.8333,0.8,3.0,151.2473,0.5518,0.349,0.4514,4,1.3054800000000002,1.0,0.3436,74.5529,67.9905,0.646,64.9942,-2.5966,0.771,69.148065,0.4478,63.5354,Stabil,Orta
49,Backend,Senior,6.7,6,2025,9,8,33.6,41.4,0.3383,0.8285,0.8758,0.7982,1.374,0.8254,0.8519,0.8,5.75,116.0827,0.5113,0.2353,0.4963,3,1.12893,1.0,0.3537,73.2756,61.3684,0.8778,66.9613,-3.9568,0.5793,77.51950500000001,0.375,50.7953,Stabil,Orta
49,Backend,Senior,6.7,7,2025,11,8,27.7,47.2,0.3853,0.8097,0.7108,0.6464,1.4335,0.6158,0.6923,0.4,3.375,93.5839,0.4897,0.3154,0.4716,4,1.2243000000000002,1.0,0.2339,57.9448,67.7609,0.8438,69.6642,0.2554,0.6377,70.79278500000001,0.3231,61.9256,Stabil,Orta
49,Backend,Senior,6.7,8,2025,8,6,16.6,43.9,0.6127,0.8164,0.7313,0.6307,0.7449,0.6184,0.8205,0.2,5.3333,256.5777,0.5566,0.3132,0.4235,4,1.20912,1.0,0.1882,55.805,64.0403,0.6692,65.9536,0.5581,0.6959,66.32493000000001,0.3598,63.9014,Stabil,Orta
49,Backend,Senior,6.7,9,2025,10,8,32.4,41.7,0.4926,0.7914,0.7737,0.6412,1.6206,0.6397,0.7353,1.0,3.125,280.3942,0.6023,0.3303,0.5139,2,1.1434500000000003,1.0,0.2483,72.4593,63.3148,0.836,61.7965,-1.9205,0.7452,72.584715,0.3027,62.0292,Stabil,Orta
49,Backend,Senior,6.7,10,2025,9,6,13.6,43.2,0.5532,0.8211,0.6826,0.5547,0.6689,0.5566,0.6471,0.4,3.6667,249.8791,0.6511,0.2584,0.3297,5,1.2172600000000002,0.0,0.2319,64.8931,62.2703,0.7976,61.6589,-2.8173,0.6723,63.875385,0.4058,57.0334,Riskli,Orta
49,Backend,Senior,6.7,11,2025,8,6,29.9,44.9,0.4995,0.8221,0.7645,0.6922,1.0629,0.7854,0.8889,0.6,4.0,115.7049,0.4881,0.2926,0.4078,6,1.26368,0.0,0.3789,63.8581,63.5162,0.8305,64.1957,-0.5411,0.7543,71.159025,0.3267,64.6528,Stabil,Orta
49,Backend,Senior,6.7,12,2025,6,4,10.1,54.8,0.4196,0.8182,0.7052,0.6525,0.5564,0.7528,0.7647,0.8,3.25,122.0036,0.4119,0.2805,0.5233,4,1.51415,1.0,0.3382,73.571,68.368,0.837,63.1943,0.673,0.7326,67.56078,0.5339,67.0309,Stabil,Orta
49,Backend,Senior,6.7,13,2025,11,8,27.9,43.1,0.6041,0.8116,0.7627,0.6156,1.1416,0.7954,0.8519,0.8,2.875,154.8699,0.5335,0.3291,0.4011,5,1.19691,1.0,0.3164,70.673,67.4717,0.6983,74.4925,3.75,0.6239,71.70912,0.2966,66.6757,Stabil,Dusuk
49,Backend,Senior,6.7,14,2025,3,2,5.0,51.7,0.4273,0.8698,0.7143,0.647,0.2421,0.8261,0.8333,0.6,5.0,176.6474,0.5011,0.3174,0.4806,5,1.4479300000000002,2.0,0.3302,63.1628,62.8389,0.6059,66.2434,1.7441,0.6228,63.670950000000005,0.5207,62.1013,Riskli,Orta
49,Backend,Senior,6.7,15,2025,6,5,14.8,42.0,0.4382,0.7923,0.8518,0.7299,0.7522,0.7627,0.8667,0.2,5.2,165.4968,0.5176,0.2338,0.55,2,1.1567600000000002,2.0,0.2916,56.3647,62.5887,0.7351,76.4625,3.1555,0.7141,72.732135,0.3309,68.3416,Stabil,Orta
49,Backend,Senior,6.7,16,2025,9,6,29.0,38.1,0.5514,0.7926,0.7222,0.6256,1.1287,0.7761,0.8718,0.4,5.6667,169.2454,0.5387,0.341,0.6259,1,1.04599,2.0,0.2741,59.4666,64.4754,0.7376,67.9917,-0.9283,0.614,70.3185,0.2611,58.0236,Stabil,Dusuk
49,Backend,Senior,6.7,17,2025,4,3,10.6,45.0,0.5999,0.8289,0.6679,0.609,0.4864,0.7767,0.65,0.8,4.3333,129.4063,0.5927,0.3198,0.3792,4,1.2498200000000002,2.0,0.3835,75.051,60.7038,0.694,70.1264,0.3178,0.8373,65.9043,0.3359,68.8857,Stabil,Orta
49,Backend,Senior,6.7,18,2025,8,6,14.4,39.7,0.5266,0.78,0.7702,0.7054,0.6795,0.7324,0.85,1.0,2.8333,69.9261,0.5292,0.2759,0.4846,3,1.1396000000000002,1.0,0.2954,78.5169,64.814,0.585,72.3327,-1.0255,0.6035,71.33542500000001,0.2728,57.5016,Stabil,Dusuk
49,Backend,Senior,6.7,19,2025,7,6,18.0,45.0,0.5735,0.8165,0.8454,0.7719,0.8738,0.8309,0.641,1.0,4.1667,148.6668,0.5499,0.4021,0.411,5,1.22782,1.0,0.2825,76.3412,61.9417,0.7613,60.0871,-2.1508,0.7063,72.337125,0.446,59.5053,Stabil,Orta
49,Backend,Senior,6.7,20,2025,4,3,13.5,50.3,0.5806,0.7965,0.6409,0.471,0.6768,0.6668,0.68,0.4,5.6667,200.9029,0.5706,0.3624,0.4126,6,1.38556,1.0,0.4237,58.7585,69.5819,0.8289,65.0071,-2.7604,0.6297,61.289865,0.5644,57.3977,Riskli,Orta
49,Backend,Senior,6.7,21,2025,7,5,15.3,38.8,0.4844,0.7892,0.7755,0.7831,0.7249,0.7869,0.7143,0.8,4.0,167.3205,0.3803,0.2131,0.4059,4,1.05556,1.0,0.3868,66.655,65.0543,0.7233,66.8648,-1.1484,0.7498,72.69916500000001,0.2466,63.9613,Stabil,Dusuk
49,Backend,Senior,6.7,22,2025,6,4,10.0,44.3,0.663,0.7947,0.6994,0.5495,0.4673,0.6486,0.9355,0.4,7.25,222.2537,0.5453,0.3011,0.3134,5,1.20494,1.0,0.3025,56.3737,64.3209,0.6563,60.2148,0.2241,0.6005,61.99074,0.3446,59.1669,Riskli,Orta
49,Backend,Senior,6.7,23,2025,3,2,6.2,38.7,0.4452,0.7889,0.7998,0.7391,0.2764,0.6216,0.6667,0.8,3.0,58.6839,0.4126,0.2936,0.4632,6,1.10946,1.0,0.2931,74.378,68.1962,0.7903,63.472,-1.1255,0.6591,70.11585000000001,0.292,60.8615,Stabil,Dusuk
49,Backend,Senior,6.7,24,2025,14,10,26.9,51.9,0.6171,0.83,0.6907,0.5054,1.061,0.7027,0.9636,0.2,5.3,67.8329,0.558,0.2846,0.4476,4,1.51129,2.0,0.3822,60.8043,61.2156,0.8233,52.5014,-3.9833,0.5627,61.6266,0.6638,49.9636,Riskli,Yuksek
49,Backend,Senior,6.7,25,2025,4,3,11.5,41.8,0.5513,0.8307,0.6678,0.6211,0.6814,0.7949,0.68,1.0,5.6667,194.8021,0.3954,0.255,0.45,4,1.11782,2.0,0.2824,73.9854,67.7868,0.8029,64.7615,0.2669,0.6369,70.09243500000001,0.3091,61.9151,Stabil,Orta
49,Backend,Senior,6.7,26,2025,3,2,10.2,42.8,0.6299,0.7837,0.6663,0.4554,0.4676,0.8306,0.9,1.0,4.5,232.0791,0.6342,0.3527,0.3576,4,1.16919,1.0,0.4401,71.5093,66.9173,0.7626,64.8601,1.6424,0.8333,64.56072,0.3246,72.6416,Riskli,Orta
49,Backend,Senior,6.7,27,2025,8,6,12.6,47.0,0.6456,0.8527,0.7353,0.5992,0.5969,0.6645,0.7111,0.4,5.3333,223.3085,0.6407,0.4116,0.4047,4,1.2375,1.0,0.3528,59.6346,70.4633,0.6549,63.2955,3.2481,0.698,63.971565000000005,0.3151,70.1258,Riskli,Orta
49,Backend,Senior,6.7,28,2025,8,5,22.6,42.3,0.576,0.8478,0.6801,0.5816,1.1535,0.7486,0.875,0.4,5.6,193.2109,0.5609,0.3578,0.3506,5,1.19801,1.0,0.3287,61.4212,68.0369,0.6891,70.3236,1.5122,0.6966,68.03359499999999,0.2838,66.6229,Stabil,Dusuk
49,Backend,Senior,6.7,29,2025,7,5,25.5,48.1,0.5813,0.8347,0.6562,0.4919,1.3329,0.676,0.7857,0.2,4.4,194.2713,0.548,0.2273,0.4987,5,1.24674,1.0,0.3561,56.5955,65.7481,0.6476,64.5098,0.5977,0.6646,66.190005,0.3536,63.0647,Stabil,Orta
49,Backend,Senior,6.7,30,2025,6,4,20.3,44.8,0.5494,0.8048,0.6296,0.5027,1.14,0.6752,0.6552,0.2,4.75,126.3193,0.4357,0.2402,0.5187,4,1.26577,0.0,0.3649,58.8493,65.9227,0.711,64.9005,-0.0999,0.6411,66.57294,0.3332,60.9707,Stabil,Orta
49,Backend,Senior,6.7,31,2025,9,6,19.1,35.2,0.5054,0.8179,0.6538,0.5899,0.8817,0.7314,0.6552,0.8,3.1667,137.7982,0.6678,0.2786,0.4389,4,0.96921,0.0,0.3087,69.6512,67.6777,0.561,62.4245,-2.3307,0.6951,66.198825,0.3181,60.4394,Stabil,Orta
49,Backend,Senior,6.7,32,2025,10,6,16.5,50.2,0.6038,0.7802,0.6302,0.4495,0.9135,0.6388,0.6364,0.4,3.5,179.1658,0.5679,0.3384,0.5086,3,1.3943600000000005,1.0,0.318,60.71,61.8584,0.7335,54.0328,-3.3907,0.6996,61.01676,0.543,57.24,Riskli,Orta
49,Backend,Senior,6.7,33,2025,8,6,28.4,43.3,0.7395,0.7671,0.7418,0.6977,1.1074,0.724,0.84,0.6,3.5,198.7265,0.5063,0.3297,0.5576,2,1.20472,1.0,0.3317,64.9058,65.9747,0.741,63.9392,-1.1276,0.7912,71.30529000000001,0.3403,66.1366,Stabil,Orta
49,Backend,Senior,6.7,34,2025,8,7,27.8,46.5,0.5273,0.8075,0.8273,0.7407,1.293,0.6881,0.7826,0.6,2.5714,124.1825,0.6521,0.3364,0.4297,5,1.26852,1.0,0.275,64.2454,67.7252,0.8126,59.3289,0.062,0.6247,70.76905500000001,0.4181,61.027,Stabil,Orta
49,Backend,Senior,6.7,35,2025,8,6,19.2,43.1,0.3392,0.8163,0.8036,0.7393,0.9682,0.7175,0.9048,0.6,3.1667,208.1389,0.374,0.3257,0.4798,2,1.12266,1.0,0.4126,69.0546,61.6894,0.6157,69.3059,4.1209,0.6643,72.33733500000001,0.2354,67.3372,Stabil,Dusuk
49,Backend,Senior,6.7,36,2025,11,8,29.8,48.9,0.8008,0.7782,0.7382,0.5774,1.2221,0.714,0.7222,0.6,3.25,134.0491,0.5618,0.3018,0.4775,2,1.36587,2.0,0.3712,62.4963,67.9984,0.7772,57.4582,-0.9466,0.6901,66.666285,0.4038,62.4744,Stabil,Orta
49,Backend,Senior,6.7,37,2025,8,5,19.4,47.8,0.6383,0.8615,0.6164,0.4577,1.0383,0.6738,0.8333,0.6,3.0,215.8772,0.5388,0.3282,0.4239,4,1.28271,2.0,0.2957,70.2219,62.2874,0.6613,61.9948,-0.385,0.7893,64.040655,0.4153,66.1049,Riskli,Orta
49,Backend,Senior,6.7,38,2025,10,8,26.2,49.1,0.4294,0.7985,0.8268,0.7182,1.0259,0.5659,0.6333,0.6,2.375,220.9151,0.4418,0.2574,0.4106,4,1.33672,2.0,0.3039,62.2494,63.7307,0.6392,69.055,0.3784,0.8073,69.48543,0.3881,68.5407,Stabil,Orta
49,Backend,Senior,6.7,39,2025,11,9,32.2,45.5,0.3614,0.8229,0.7777,0.7262,1.3991,0.7183,0.8056,0.6,3.2222,116.414,0.5358,0.3561,0.4029,6,1.2948100000000002,2.0,0.3953,67.5181,67.6209,0.8101,71.1992,4.8283,0.622,71.49975,0.3352,68.3216,Stabil,Orta
49,Backend,Senior,6.7,40,2025,6,4,19.4,51.1,0.6024,0.8123,0.6352,0.5301,0.8509,0.807,0.8333,0.4,5.0,138.9831,0.5874,0.3416,0.4471,3,1.41361,3.0,0.3549,62.4344,67.3402,0.6989,63.3259,0.6138,0.6642,62.93385,0.4695,63.5485,Riskli,Orta
49,Backend,Senior,6.7,41,2025,10,9,40.4,44.9,0.596,0.8404,0.889,0.7918,1.5949,0.7235,0.8636,1.0,2.1111,213.2541,0.5904,0.306,0.4944,4,1.2375,3.0,0.3792,72.1389,62.1508,0.7322,74.6275,0.8844,0.7142,75.23344499999999,0.3136,64.6643,Stabil,Orta
49,Backend,Senior,6.7,42,2025,8,6,26.1,43.0,0.4272,0.8431,0.6901,0.6123,1.193,0.6506,0.9655,0.2,4.6667,29.5055,0.6062,0.3517,0.5174,3,1.14741,2.0,0.4166,57.4052,66.3949,0.7704,71.4873,1.2166,0.6827,67.76836500000002,0.3765,65.0429,Stabil,Orta
49,Backend,Senior,6.7,43,2025,9,7,16.7,47.3,0.6882,0.816,0.7258,0.5341,0.729,0.5652,0.7805,0.2,4.5714,282.4248,0.6192,0.283,0.4906,5,1.2875500000000002,2.0,0.4319,53.5106,67.0584,0.8614,70.245,1.7617,0.6512,63.422205,0.3383,64.6724,Riskli,Orta
49,Backend,Senior,6.7,44,2025,7,6,12.4,45.3,0.4458,0.8205,0.8092,0.7486,0.5483,0.7414,0.75,0.6,4.0,180.8456,0.6027,0.3402,0.4217,4,1.28249,1.0,0.3362,69.6558,66.9124,0.851,67.5318,-2.2529,0.8022,70.045185,0.4638,65.1532,Stabil,Orta
49,Backend,Senior,6.7,45,2025,11,9,20.0,42.3,0.5047,0.8496,0.8504,0.8217,0.8194,0.7433,0.9565,0.6,2.4444,175.2603,0.4732,0.2494,0.4391,3,1.1678700000000002,1.0,0.3505,70.1073,65.5996,0.6642,64.3034,-2.4265,0.8148,73.651725,0.421,65.0546,Stabil,Orta
49,Backend,Senior,6.7,46,2025,11,8,36.3,40.1,0.5563,0.8465,0.7287,0.6087,1.7998,0.9144,0.8298,1.0,4.875,164.7994,0.5057,0.3599,0.5098,2,1.13795,0.0,0.3441,71.7091,63.254,0.828,67.5983,-1.1168,0.7477,75.08781,0.3003,63.3756,Stabil,Orta
49,Backend,Senior,6.7,47,2025,4,3,6.3,58.4,0.4314,0.8579,0.7245,0.6233,0.3213,0.7102,0.8571,1.0,2.0,82.6398,0.4952,0.3203,0.452,3,1.5505600000000002,1.0,0.4281,72.3361,66.2133,0.6456,54.4424,-3.5973,0.6007,61.572105,0.5823,53.776,Riskli,Orta
49,Backend,Senior,6.7,48,2025,11,9,40.8,47.0,0.7657,0.8198,0.8039,0.7125,1.6695,0.851,0.9189,1.0,3.7778,194.652,0.5201,0.3137,0.4358,6,1.28205,1.0,0.3212,80.4033,67.8797,0.6968,60.9365,-2.3257,0.6133,74.337795,0.4897,56.8285,Stabil,Orta
49,Backend,Senior,6.7,49,2025,6,5,23.0,42.5,0.4323,0.8252,0.7805,0.7123,1.1908,0.594,0.65,0.4,2.6,182.6547,0.5659,0.3031,0.5594,3,1.15544,1.0,0.3238,64.5914,65.0681,0.8487,64.0187,-0.4245,0.745,71.54143499999999,0.2332,64.8807,Stabil,Dusuk
49,Backend,Senior,6.7,50,2025,13,10,52.8,46.5,0.7528,0.8374,0.7591,0.6088,1.9141,0.6776,0.6774,0.6,4.2,217.1179,0.6793,0.4095,0.4849,5,1.2678600000000002,1.0,0.2873,61.5465,60.9508,0.7286,56.8531,1.0314,0.7394,67.83871500000001,0.3907,65.6715,Stabil,Orta
49,Backend,Senior,6.7,51,2025,7,5,10.9,44.9,0.527,0.7691,0.7453,0.6752,0.4848,0.629,0.6667,0.6,2.8,198.2732,0.5491,0.2592,0.4525,5,1.23904,1.0,0.3175,65.2653,65.849,0.6339,57.2593,-1.8197,0.71,65.435475,0.3658,61.361,Stabil,Orta
49,Backend,Senior,6.7,52,2025,6,5,16.5,40.6,0.507,0.8033,0.817,0.7706,0.7286,0.8278,0.95,0.8,3.8,191.0447,0.4865,0.2821,0.445,4,1.10638,1.0,0.2227,74.1407,69.7743,0.9009,62.4372,-0.4339,0.6078,74.64282,0.3057,60.1069,Stabil,Orta
