employee_id,year,week,team,role,experience_years,assigned_tasks,completed_tasks,story_points_completed,actual_work_hours,task_completion_rate,on_time_delivery_rate,commit_score,project_complexity,bug_density,critical_bug_ratio,code_review_acceptance,avg_pr_revision,workload_index,team_collaboration_score,feedback_score,org_centrality_score,motivation_score,Performance_Drop_Target,Burnout_Target,Resignation_Target,High_Risk_Target
SE-025,2024,1,Backend,Lead,9,6,6,18,42,0.9566,0.9907,1.303,0.8288,0.1342,0.092,0.9672,1.693,0.9254,0.123,0.8946,0.7982,0.8904,0,0,0,0
SE-025,2024,2,Backend,Lead,9,13,13,27,35,0.9869,0.9038,1.3629,0.9851,0.0,0.046,0.91,1.2108,0.854,0.0946,0.9443,0.7892,0.8872,0,0,0,0
SE-025,2024,3,Backend,Lead,9,12,11,39,38,0.9385,0.9526,1.3263,0.9824,0.0641,0.0543,0.8735,1.4123,0.9161,0.1222,0.9239,0.8074,0.8668,0,0,0,0
SE-025,2024,4,Backend,Lead,9,6,6,21,39,0.9595,0.9976,1.2946,0.9505,0.0786,0.0454,0.9024,1.2201,0.9116,0.1156,0.9018,0.87,0.8384,0,0,0,0
SE-025,2024,5,Backend,Lead,9,13,12,26,38,0.9115,0.9532,1.3824,0.8423,0.2119,0.0619,0.92,1.3856,0.9764,0.1649,0.9476,0.7531,0.845,1,0,0,0
SE-025,2024,6,Backend,Lead,9,9,8,30,42,0.9437,0.9006,1.4194,0.9093,0.1892,0.0458,0.9468,1.8821,0.9638,0.1257,0.8803,0.8112,0.8862,0,1,1,0
SE-025,2024,7,Backend,Lead,9,8,8,13,41,0.9767,0.9726,1.2992,0.8879,0.1069,0.1031,1.0,1.8817,1.041,0.1923,0.9333,0.802,0.9249,0,0,0,0
SE-025,2024,8,Backend,Lead,9,9,8,26,42,0.9227,1.0,1.3202,0.8942,0.1577,0.0727,0.9654,1.495,0.8505,0.1314,0.9595,0.8244,0.8778,0,0,1,0
SE-025,2024,9,Backend,Lead,9,11,11,35,41,1.0,0.9061,1.3085,0.9292,0.1572,0.1023,0.9474,1.7716,0.9705,0.138,0.9048,0.8077,0.9669,0,0,0,0
SE-025,2024,10,Backend,Lead,9,8,7,36,37,0.9271,0.9521,1.3235,0.9146,0.145,0.0925,0.9014,1.5383,0.9167,0.1587,0.8951,0.8471,1.0,0,0,0,0
SE-025,2024,11,Backend,Lead,9,12,11,10,36,0.9343,0.9339,1.3358,0.8953,0.1336,0.055,0.9926,1.7396,0.8672,0.1885,0.9009,0.8241,0.87,0,1,0,0
SE-025,2024,12,Backend,Lead,9,14,14,33,36,0.9876,0.9161,1.2682,0.9046,0.1224,0.1089,0.9936,1.5921,0.9299,0.1122,0.9127,0.7971,0.921,0,0,0,0
SE-025,2024,13,Backend,Lead,9,14,13,23,37,0.9563,0.9473,1.3428,0.8799,0.1302,0.0847,0.9288,1.5469,0.9233,0.1316,0.9089,0.7641,0.8823,0,0,0,0
SE-025,2024,14,Backend,Lead,9,10,9,36,35,0.9003,0.8972,1.3961,0.8859,0.1304,0.069,0.9409,1.3856,0.7561,0.1208,0.9113,0.8593,0.947,0,0,0,1
SE-025,2024,15,Backend,Lead,9,13,13,37,34,0.9703,0.9408,1.3186,0.9181,0.1248,0.0765,0.9459,1.5187,0.9363,0.1789,0.8608,0.7941,0.9626,0,1,0,0
SE-025,2024,16,Backend,Lead,9,10,10,14,39,0.9654,0.8963,1.3363,0.9298,0.1473,0.0274,0.9216,1.6596,0.9215,0.1175,0.8858,0.8293,0.928,0,1,0,0
SE-025,2024,17,Backend,Lead,9,6,5,30,42,0.9048,0.9603,1.3556,0.9357,0.1179,0.0734,0.963,1.5229,1.0386,0.1876,0.8604,0.7907,0.9373,0,0,0,0
SE-025,2024,18,Backend,Lead,9,12,12,20,37,1.0,0.971,1.272,0.8781,0.2039,0.0533,0.8944,1.3787,0.8219,0.1252,0.8493,0.8042,0.9421,1,0,0,1
SE-025,2024,19,Backend,Lead,9,11,10,16,42,0.9419,0.9345,1.3931,0.8616,0.0935,0.0769,0.9522,1.5204,0.9195,0.131,0.8979,0.804,0.9312,0,0,0,0
SE-025,2024,20,Backend,Lead,9,7,6,25,44,0.9009,0.9713,1.3428,0.8487,0.1075,0.0759,0.9363,1.3725,0.9044,0.0949,0.947,0.8782,0.8529,0,0,0,0
SE-025,2024,21,Backend,Lead,9,6,6,15,39,0.941,0.9073,1.3973,0.9274,0.2128,0.048,0.9395,1.5906,0.9475,0.1244,0.8533,0.832,0.9139,0,0,0,0
SE-025,2024,22,Backend,Lead,9,8,8,24,32,0.9405,0.934,1.3459,0.8855,0.089,0.0688,0.9374,1.5526,1.0319,0.162,0.8178,0.7518,0.9037,0,0,0,0
SE-025,2024,23,Backend,Lead,9,8,8,18,40,0.9455,0.923,1.3373,0.8528,0.1536,0.1084,0.9509,1.7508,0.7939,0.1342,0.9269,0.8156,0.9536,0,0,0,0
SE-025,2024,24,Backend,Lead,9,7,6,29,43,0.9128,0.8533,1.3873,0.9258,0.1295,0.0714,0.9351,1.6331,0.9904,0.1545,0.9137,0.8937,0.9959,0,0,0,1
SE-025,2024,25,Backend,Lead,9,12,11,28,40,0.9524,0.9294,1.294,0.8656,0.1398,0.0692,0.9158,1.6927,0.9466,0.1344,0.9353,0.827,0.9291,0,0,0,0
SE-025,2024,26,Backend,Lead,9,13,12,10,40,0.9548,0.9452,1.3121,0.908,0.1356,0.0725,0.9051,1.5501,0.8807,0.1725,0.8634,0.795,0.871,0,0,1,0
SE-025,2024,27,Backend,Lead,9,10,9,21,40,0.943,0.8917,1.3252,0.9176,0.0504,0.1196,0.9249,1.6916,0.9042,0.1018,0.905,0.8247,0.9545,0,0,0,0
SE-025,2024,28,Backend,Lead,9,13,12,38,41,0.9552,1.0,1.2575,0.8799,0.1535,0.0958,0.8923,1.8064,0.895,0.1554,0.8694,0.816,0.9087,0,0,0,0
SE-025,2024,29,Backend,Lead,9,14,13,14,39,0.9307,0.9108,1.397,0.917,0.0551,0.0961,0.938,1.6304,0.832,0.1101,0.9696,0.7744,0.9152,0,0,0,0
SE-025,2024,30,Backend,Lead,9,14,13,37,34,0.959,0.8904,1.3981,0.9486,0.1966,0.0586,0.9047,1.7478,0.8092,0.1204,0.9572,0.7824,0.9365,0,0,0,0
SE-025,2024,31,Backend,Lead,9,10,10,39,32,1.0,0.8418,1.3152,0.9233,0.068,0.1231,0.948,1.7055,0.9045,0.1474,0.9232,0.7565,0.938,0,1,0,0
SE-025,2024,32,Backend,Lead,9,14,14,35,38,0.9908,0.9338,1.3696,0.9265,0.2032,0.0955,0.9912,1.6001,0.9431,0.1593,0.7982,0.845,0.9267,0,0,0,0
SE-025,2024,33,Backend,Lead,9,13,13,26,35,1.0,0.8982,1.3457,0.9866,0.0526,0.0772,0.8724,1.6571,0.9074,0.1039,0.9515,0.8383,0.8751,0,0,0,0
SE-025,2024,34,Backend,Lead,9,6,6,34,33,0.9929,0.8638,1.2417,0.8825,0.1424,0.0479,0.9297,1.49,0.7642,0.0887,0.8592,0.8497,0.9238,0,0,0,0
SE-025,2024,35,Backend,Lead,9,13,12,40,39,0.9303,0.8774,1.4077,0.9193,0.1601,0.097,0.9516,1.609,0.9659,0.1404,0.9048,0.8168,0.941,0,0,0,0
SE-025,2024,36,Backend,Lead,9,11,10,20,42,0.938,0.927,1.421,0.9363,0.0868,0.1028,1.0,1.7062,0.8964,0.1764,0.8739,0.823,0.894,1,0,0,0
SE-025,2024,37,Backend,Lead,9,8,7,20,37,0.9299,0.9358,1.4221,0.9282,0.0945,0.0294,0.9654,1.5301,0.8395,0.0889,0.8891,0.8183,0.9494,0,0,0,0
SE-025,2024,38,Backend,Lead,9,11,11,26,33,0.9644,0.9007,1.2871,0.8954,0.1572,0.0373,0.9712,1.6102,0.8266,0.0817,0.8207,0.7993,0.8926,1,0,0,0
SE-025,2024,39,Backend,Lead,9,9,9,32,41,0.9727,0.933,1.3132,0.9148,0.1333,0.0599,0.9983,1.7903,0.8659,0.1327,0.958,0.8388,0.9786,0,1,0,0
SE-025,2024,40,Backend,Lead,9,8,8,20,39,0.9609,0.8976,1.31,0.8953,0.0279,0.0752,1.0,1.5162,0.9091,0.1509,0.9277,0.7821,0.8996,0,0,0,0
SE-025,2024,41,Backend,Lead,9,13,12,37,43,0.9117,0.8646,1.3047,0.9242,0.091,0.0124,0.9009,1.4705,1.0542,0.1157,0.9301,0.8519,1.0,1,0,0,0
SE-025,2024,42,Backend,Lead,9,12,12,16,38,1.0,0.9394,1.3649,0.946,0.2631,0.0697,0.9371,1.7474,0.9926,0.1774,0.9188,0.8541,0.9305,0,0,0,0
SE-025,2024,43,Backend,Lead,9,6,6,19,33,0.9561,0.9854,1.3142,0.9295,0.1223,0.0989,1.0,1.6259,0.8838,0.1499,0.8873,0.7587,0.8472,1,0,0,0
SE-025,2024,44,Backend,Lead,9,6,6,14,37,1.0,0.9283,1.2263,0.9694,0.1332,0.1093,0.9068,1.7069,0.8529,0.2006,0.8966,0.7118,0.9836,0,0,0,0
SE-025,2024,45,Backend,Lead,9,13,12,18,38,0.9314,0.8923,1.4904,0.9948,0.1597,0.058,0.98,1.4196,0.8278,0.0632,0.871,0.8524,0.8975,0,1,0,0
SE-025,2024,46,Backend,Lead,9,9,9,32,43,0.9481,0.9292,1.2994,0.9091,0.2058,0.0,0.9741,1.5016,1.1632,0.0906,0.8942,0.7835,0.9268,0,0,0,0
SE-025,2024,47,Backend,Lead,9,14,13,16,38,0.9455,1.0,1.3861,0.9309,0.1103,0.0472,0.9592,1.4924,0.9234,0.1407,0.8842,0.7659,0.8791,0,1,0,0
SE-025,2024,48,Backend,Lead,9,14,13,17,29,0.9299,0.9314,1.3545,0.931,0.1258,0.0636,0.9576,1.7735,0.8421,0.0761,0.8872,0.81,0.9642,0,1,0,0
SE-025,2024,49,Backend,Lead,9,11,11,12,37,0.9732,0.9371,1.2673,0.8984,0.1092,0.0946,0.9815,1.5088,0.7817,0.1112,0.898,0.8759,0.899,0,0,0,0
SE-025,2024,50,Backend,Lead,9,8,8,33,37,0.9414,0.8897,1.3009,0.8543,0.1849,0.0485,0.9672,1.458,0.916,0.1347,0.8937,0.7852,0.925,0,1,0,0
SE-025,2024,51,Backend,Lead,9,12,11,26,36,0.899,0.9854,1.408,0.889,0.134,0.0558,0.9767,1.4338,0.9372,0.1298,0.8872,0.7925,0.9116,0,0,0,1
SE-025,2024,52,Backend,Lead,9,6,5,32,48,0.9048,0.9297,1.4244,0.9241,0.1515,0.0748,0.9076,1.7856,1.0441,0.1274,0.9302,0.7569,0.8881,0,0,0,0
SE-045,2024,1,Backend,Lead,9,11,10,26,41,0.904,0.8942,1.2797,0.8923,0.1427,0.0633,0.8755,1.7543,0.9704,0.1362,0.9398,0.7116,0.863,0,0,0,0
SE-045,2024,2,Backend,Lead,9,9,8,18,35,0.943,0.9241,1.2787,0.9042,0.1769,0.0833,0.9351,1.6314,0.9796,0.185,0.907,0.8184,0.8587,0,0,1,0
SE-045,2024,3,Backend,Lead,9,11,10,24,37,0.9331,0.8934,1.32,0.7883,0.144,0.056,0.9477,1.5231,0.9859,0.1578,0.8734,0.7656,0.8408,0,0,0,0
SE-045,2024,4,Backend,Lead,9,7,7,33,41,0.9543,0.8723,1.276,0.8508,0.005,0.0596,0.9706,1.7402,0.7936,0.139,0.9364,0.8703,0.9203,0,0,0,0
SE-045,2024,5,Backend,Lead,9,12,12,25,38,0.9942,0.9072,1.3317,0.8302,0.1835,0.0532,0.9591,1.703,0.8988,0.1557,0.8574,0.7866,0.863,0,0,0,0
SE-045,2024,6,Backend,Lead,9,8,8,38,34,1.0,1.0,1.2923,0.9116,0.1228,0.0467,0.9393,1.5915,0.7806,0.1037,0.9599,0.8111,0.8528,0,0,0,0
SE-045,2024,7,Backend,Lead,9,6,6,35,34,0.9462,0.8879,1.4113,0.8263,0.2203,0.098,0.9026,1.6295,0.7896,0.0895,0.8495,0.803,0.8917,0,0,0,0
SE-045,2024,8,Backend,Lead,9,6,5,34,35,0.8624,0.9495,1.3411,0.9042,0.1321,0.114,0.8665,1.6449,0.8066,0.1262,0.887,0.8441,0.8994,0,0,0,0
SE-045,2024,9,Backend,Lead,9,11,11,36,37,0.9645,0.9404,1.2449,0.8713,0.1643,0.147,0.9655,1.7749,0.8852,0.1626,0.8989,0.801,0.9092,0,0,1,0
SE-045,2024,10,Backend,Lead,9,12,11,22,34,0.9423,0.9517,1.2912,0.8984,0.2403,0.0569,0.9113,1.5632,0.8738,0.1025,0.8646,0.8199,0.9038,0,0,0,0
SE-045,2024,11,Backend,Lead,9,9,9,23,31,1.0,0.8683,1.3683,0.8716,0.195,0.1244,0.9567,1.4604,0.9111,0.1023,0.9547,0.7584,0.8121,0,0,0,0
SE-045,2024,12,Backend,Lead,9,7,6,26,40,0.9201,1.0,1.31,0.8467,0.1101,0.1037,0.8685,1.7292,0.7656,0.1639,0.9151,0.7727,0.8855,0,1,0,0
SE-045,2024,13,Backend,Lead,9,6,6,11,31,1.0,0.9373,1.3031,0.9945,0.219,0.1493,0.9257,1.84,0.7691,0.0992,0.9358,0.8101,0.8567,0,0,0,0
SE-045,2024,14,Backend,Lead,9,11,10,34,40,0.9462,0.9019,1.2272,0.8877,0.2409,0.0739,0.9741,1.6755,0.78,0.1395,0.9175,0.7781,0.9476,0,0,0,0
SE-045,2024,15,Backend,Lead,9,8,8,24,37,1.0,0.9818,1.2565,0.8904,0.148,0.1077,0.8992,1.6295,0.9233,0.1129,0.9038,0.7859,0.9042,0,0,0,0
SE-045,2024,16,Backend,Lead,9,8,8,20,41,0.9612,0.8401,1.3321,0.8235,0.0974,0.0919,0.9724,1.5161,0.8,0.1439,0.8557,0.7555,0.8153,0,0,0,0
SE-045,2024,17,Backend,Lead,9,12,12,35,42,0.9771,0.9985,1.3373,0.9207,0.1201,0.1169,0.9327,1.7623,0.898,0.1045,0.8777,0.8248,0.8765,0,0,0,0
SE-045,2024,18,Backend,Lead,9,7,6,13,37,0.8793,0.9535,1.3928,0.8677,0.1949,0.0847,0.8936,1.1928,0.9601,0.1793,0.9248,0.8232,0.88,0,0,0,1
SE-045,2024,19,Backend,Lead,9,6,6,30,36,0.9951,0.8867,1.2744,0.967,0.1572,0.0499,0.8788,1.5993,0.9171,0.1702,0.882,0.7522,0.9126,0,0,0,0
SE-045,2024,20,Backend,Lead,9,9,9,24,34,0.9807,0.8853,1.2317,0.8055,0.0838,0.0761,0.8808,1.4556,0.7845,0.1052,0.875,0.8278,0.9017,0,0,0,0
SE-045,2024,21,Backend,Lead,9,7,7,38,38,1.0,0.9208,1.3209,0.9346,0.0619,0.1291,0.978,1.7968,0.8209,0.1162,0.8696,0.7066,0.938,0,1,0,0
SE-045,2024,22,Backend,Lead,9,10,10,19,33,0.9547,0.9153,1.2198,0.9185,0.0457,0.1042,0.9839,1.841,0.8097,0.1216,0.833,0.8005,0.8882,0,1,0,0
SE-045,2024,23,Backend,Lead,9,9,8,17,30,0.9248,0.8921,1.2746,0.8631,0.1968,0.0393,0.9361,1.5441,0.8793,0.1476,0.879,0.8026,0.9065,0,0,0,0
SE-045,2024,24,Backend,Lead,9,7,7,24,35,0.9917,0.8585,1.3966,0.9172,0.1581,0.1102,1.0,1.5607,0.7512,0.0847,0.863,0.7334,0.8745,0,1,1,0
SE-045,2024,25,Backend,Lead,9,11,10,21,38,0.9479,0.8868,1.292,0.9191,0.1724,0.104,0.9868,1.5811,0.9759,0.101,0.9442,0.7983,0.9162,0,0,0,0
SE-045,2024,26,Backend,Lead,9,14,13,25,37,0.9577,1.0,1.3922,0.8983,0.0846,0.0662,0.9232,1.8737,0.8449,0.1324,0.9035,0.873,0.8457,0,0,0,0
SE-045,2024,27,Backend,Lead,9,6,6,39,40,0.9349,0.8701,1.255,0.9053,0.1239,0.0849,0.8731,1.8162,0.8908,0.1303,0.8469,0.8583,0.9566,0,0,0,0
SE-045,2024,28,Backend,Lead,9,6,6,22,41,0.9518,0.9449,1.3901,0.8174,0.1191,0.0954,0.9531,1.845,0.9022,0.1454,0.8126,0.8749,0.8507,0,0,0,0
SE-045,2024,29,Backend,Lead,9,14,13,30,39,0.9317,0.9405,1.2756,0.8193,0.1475,0.0,0.9078,1.8098,0.8279,0.1083,0.8931,0.7583,0.8595,0,0,1,0
SE-045,2024,30,Backend,Lead,9,6,5,20,36,0.9001,0.9343,1.4094,0.8144,0.1466,0.1445,0.8956,1.7798,0.9932,0.1615,0.8633,0.7679,0.8328,0,0,0,0
SE-045,2024,31,Backend,Lead,9,14,13,37,37,0.9318,0.8606,1.2599,0.8388,0.1379,0.1034,0.9092,1.5525,0.7636,0.1127,0.9706,0.8178,0.8002,0,0,1,1
SE-045,2024,32,Backend,Lead,9,12,11,13,39,0.948,0.9186,1.2977,0.8411,0.0466,0.0719,0.901,1.3144,0.9184,0.1682,0.8984,0.7564,0.8792,0,0,0,0
SE-045,2024,33,Backend,Lead,9,10,10,13,44,0.9543,0.9065,1.3207,0.8877,0.2189,0.0655,0.8861,1.5067,0.9921,0.1427,0.8862,0.7938,0.9271,0,1,1,1
SE-045,2024,34,Backend,Lead,9,8,7,29,42,0.8864,0.8741,1.3329,0.8802,0.1178,0.0739,0.949,1.426,0.879,0.1753,0.8948,0.8208,0.9842,0,1,0,0
SE-045,2024,35,Backend,Lead,9,7,6,17,39,0.9084,0.8679,1.2752,0.87,0.1461,0.0842,0.9251,1.5259,0.8701,0.1634,0.9674,0.7838,0.863,0,0,0,0
SE-045,2024,36,Backend,Lead,9,14,14,11,37,0.9815,0.9338,1.1267,0.9258,0.1423,0.1275,0.9505,1.7228,0.9462,0.1647,0.8386,0.7868,0.8666,0,0,0,0
SE-045,2024,37,Backend,Lead,9,6,6,29,39,0.964,0.9131,1.3312,0.7888,0.139,0.0869,0.9596,1.6523,0.925,0.1556,0.8736,0.7826,0.9283,0,0,0,0
SE-045,2024,38,Backend,Lead,9,8,8,38,39,0.999,0.9506,1.2766,0.7798,0.1728,0.1517,0.9641,1.2492,0.8066,0.1239,0.9135,0.7983,0.8951,0,0,0,0
SE-045,2024,39,Backend,Lead,9,9,8,20,41,0.8671,0.8928,1.2855,0.8718,0.1206,0.0847,0.9122,1.6739,1.0744,0.2009,0.9179,0.8152,0.8963,1,0,0,0
SE-045,2024,40,Backend,Lead,9,14,13,36,33,0.9378,0.9757,1.2661,0.8886,0.2107,0.097,0.9485,1.5429,0.6684,0.0883,0.9206,0.8513,0.914,0,0,0,0
SE-045,2024,41,Backend,Lead,9,8,7,14,40,0.9327,0.8924,1.3938,0.8338,0.0685,0.0266,0.9414,1.4816,1.0021,0.1292,0.8502,0.8264,0.9358,0,0,0,0
SE-045,2024,42,Backend,Lead,9,11,10,10,37,0.9088,0.9049,1.2473,0.9474,0.2176,0.0857,0.9319,1.6594,0.9291,0.0724,0.8775,0.7908,0.9154,0,0,0,0
SE-045,2024,43,Backend,Lead,9,14,13,26,40,0.9615,0.9272,1.2567,0.8589,0.0769,0.0638,0.8816,1.5873,1.0147,0.1316,0.9025,0.8385,0.843,0,0,0,0
SE-045,2024,44,Backend,Lead,9,7,7,35,30,0.9706,0.8306,1.288,0.9191,0.2255,0.1069,0.9977,1.6297,0.7753,0.1089,0.771,0.7552,0.8821,0,0,0,0
SE-045,2024,45,Backend,Lead,9,11,10,22,38,0.9192,0.9924,1.2321,0.8437,0.0771,0.0554,0.9313,1.6507,0.974,0.1174,0.9214,0.8369,0.9943,0,0,0,0
SE-045,2024,46,Backend,Lead,9,6,6,23,36,0.9691,0.9445,1.1589,0.8515,0.203,0.1163,0.9634,1.4392,0.7673,0.1356,0.8829,0.7858,0.899,0,0,0,0
SE-045,2024,47,Backend,Lead,9,6,5,34,36,0.8815,0.8651,1.1913,0.9178,0.1607,0.0685,0.9691,1.3865,0.9587,0.1709,0.9262,0.8262,0.9693,0,0,0,1
SE-045,2024,48,Backend,Lead,9,9,8,33,32,0.9258,0.8872,1.3455,0.9169,0.195,0.0817,0.9167,1.581,0.8465,0.1223,1.0,0.7886,0.8399,0,0,0,0
SE-045,2024,49,Backend,Lead,9,6,6,34,42,0.9809,0.8879,1.1975,0.8956,0.1929,0.0925,0.943,1.5571,0.9119,0.0998,0.8808,0.7713,0.9177,0,0,0,0
SE-045,2024,50,Backend,Lead,9,12,11,21,40,0.9359,0.9376,1.3048,0.9034,0.1251,0.0679,0.9595,1.3258,0.934,0.1638,0.8219,0.8896,0.9345,0,0,0,0
SE-045,2024,51,Backend,Lead,9,8,7,25,40,0.8882,0.8603,1.3717,0.9302,0.1702,0.0817,1.0,1.88,0.9983,0.1389,0.8689,0.6943,0.9057,0,1,0,0
SE-045,2024,52,Backend,Lead,9,7,6,35,42,0.914,0.9179,1.2871,0.8958,0.3023,0.1002,0.9227,1.5181,0.9544,0.1401,0.8535,0.7996,0.8734,0,1,0,0
SE-042,2024,1,Frontend,Lead,8,12,12,27,38,0.9769,0.8856,1.3414,0.8975,0.2264,0.092,0.9447,1.6615,0.9789,0.1383,0.8687,0.733,0.847,0,0,0,0
SE-042,2024,2,Frontend,Lead,8,6,6,21,38,0.9969,0.8926,1.344,0.8841,0.1878,0.086,0.9136,2.0339,0.9059,0.1124,0.8267,0.7904,0.8781,0,0,0,0
SE-042,2024,3,Frontend,Lead,8,11,9,23,34,0.8608,0.9061,1.3668,0.9054,0.2009,0.1307,0.8824,1.5347,0.9673,0.1526,0.8508,0.7682,0.9142,0,0,0,0
SE-042,2024,4,Frontend,Lead,8,6,6,26,38,0.919,0.8783,1.2751,0.8905,0.1832,0.1286,0.9105,1.7547,0.9516,0.1221,0.9049,0.8138,0.9049,0,0,0,0
SE-042,2024,5,Frontend,Lead,8,11,10,16,38,0.9476,0.9313,1.2691,0.8448,0.1544,0.0894,0.937,1.4741,0.7558,0.1051,0.7461,0.7604,0.8621,0,0,0,0
SE-042,2024,6,Frontend,Lead,8,10,9,11,40,0.8816,0.9316,1.2699,0.889,0.178,0.0999,0.9228,1.8916,1.0007,0.163,0.8743,0.7306,0.8817,0,0,0,0
SE-042,2024,7,Frontend,Lead,8,14,14,29,34,0.9875,0.92,1.3143,0.9618,0.1333,0.0939,0.8509,1.8974,0.9841,0.1375,0.8264,0.8682,0.9396,0,0,0,0
SE-042,2024,8,Frontend,Lead,8,6,5,35,34,0.8866,0.8915,1.3805,0.9135,0.1869,0.089,0.8944,1.8014,0.8783,0.0739,0.8498,0.8436,0.8745,0,0,0,0
SE-042,2024,9,Frontend,Lead,8,8,8,36,40,0.9734,0.992,1.3714,0.8002,0.2067,0.1321,0.9647,1.6152,0.9772,0.124,0.8294,0.7124,0.8787,0,0,0,0
SE-042,2024,10,Frontend,Lead,8,8,8,34,39,0.9568,0.9213,1.3116,0.8691,0.1337,0.0703,0.8683,1.7911,0.868,0.0811,0.866,0.794,0.8696,0,1,0,0
SE-042,2024,11,Frontend,Lead,8,10,9,29,32,0.9154,0.9058,1.2808,0.864,0.0613,0.0699,0.9222,1.584,0.9712,0.1545,0.969,0.8321,0.9774,0,0,0,0
SE-042,2024,12,Frontend,Lead,8,6,6,26,32,0.9538,1.0,1.2707,0.8499,0.1713,0.0901,0.941,1.6334,0.7918,0.1498,0.8485,0.8012,0.8606,0,0,0,0
SE-042,2024,13,Frontend,Lead,8,9,8,30,39,0.9184,0.9352,1.365,0.8889,0.2168,0.0549,0.9305,1.9008,0.8911,0.0951,0.9207,0.8333,0.9197,0,0,0,0
SE-042,2024,14,Frontend,Lead,8,14,14,20,35,0.967,0.9033,1.2685,0.8203,0.0646,0.0487,0.9152,1.4512,0.9382,0.1179,0.9328,0.8702,0.8684,0,0,0,0
SE-042,2024,15,Frontend,Lead,8,13,12,15,44,0.9196,0.9498,1.2358,0.8733,0.0739,0.0959,0.9599,1.7554,0.8846,0.1421,0.8633,0.8244,0.8888,0,0,0,0
SE-042,2024,16,Frontend,Lead,8,10,9,33,41,0.9246,0.9458,1.3293,0.9039,0.1529,0.1189,0.9246,1.5936,0.8637,0.1528,0.8969,0.7291,0.9352,0,1,0,0
SE-042,2024,17,Frontend,Lead,8,10,9,35,43,0.8958,0.887,1.2265,0.9386,0.2246,0.1142,0.9103,1.5754,0.9321,0.1458,0.8267,0.851,0.9282,0,0,0,0
SE-042,2024,18,Frontend,Lead,8,9,9,24,43,0.9723,0.9219,1.2834,0.9022,0.2277,0.0946,0.9228,1.7634,0.9959,0.1828,0.843,0.7849,0.9022,0,0,0,0
SE-042,2024,19,Frontend,Lead,8,13,12,27,31,0.9063,0.952,1.2317,0.9131,0.2185,0.1075,0.9104,1.6191,0.7825,0.05,0.8971,0.7033,0.9132,0,1,0,0
SE-042,2024,20,Frontend,Lead,8,14,14,14,34,0.9986,0.9029,1.1924,0.854,0.164,0.1196,0.9376,1.8492,0.834,0.084,0.9067,0.7731,0.9336,1,1,0,0
SE-042,2024,21,Frontend,Lead,8,9,9,16,36,0.9766,0.8864,1.1395,0.9139,0.1169,0.0905,0.9021,1.813,0.8245,0.0748,0.9275,0.8189,0.9184,0,0,0,0
SE-042,2024,22,Frontend,Lead,8,14,13,16,35,0.9285,0.9062,1.3661,0.8686,0.151,0.0872,0.9308,1.7314,0.9083,0.1565,0.8329,0.8032,0.9186,0,0,0,0
SE-042,2024,23,Frontend,Lead,8,10,9,14,42,0.9249,0.9032,1.3004,0.8727,0.2105,0.075,0.9294,1.3557,0.9818,0.0994,0.8234,0.7916,0.9163,0,0,0,0
SE-042,2024,24,Frontend,Lead,8,8,7,29,41,0.9211,0.9763,1.3044,0.9723,0.053,0.1306,0.9198,1.7505,0.9,0.0979,0.824,0.7836,0.96,0,0,0,0
SE-042,2024,25,Frontend,Lead,8,10,9,19,35,0.94,0.9311,1.3138,0.8955,0.1197,0.1114,0.9021,1.573,1.0001,0.2004,0.8839,0.7436,0.9263,0,0,0,0
SE-042,2024,26,Frontend,Lead,8,10,10,25,36,0.9819,0.9813,1.2869,0.8464,0.1601,0.1349,0.9249,1.5418,1.0086,0.1386,0.8716,0.7753,0.9011,0,1,0,0
SE-042,2024,27,Frontend,Lead,8,12,12,32,34,0.9831,0.8656,1.2379,0.9135,0.1114,0.1491,0.9211,1.4701,0.8515,0.1265,0.8412,0.7739,0.8941,0,0,0,0
SE-042,2024,28,Frontend,Lead,8,14,12,31,42,0.8879,0.9324,1.3565,0.9282,0.1901,0.1018,0.9715,1.6923,1.0151,0.1899,0.847,0.8143,0.8423,0,0,0,0
SE-042,2024,29,Frontend,Lead,8,12,12,13,41,1.0,0.8562,1.3233,0.8661,0.2102,0.0722,0.8202,1.4279,0.8565,0.1235,0.8546,0.7648,0.8413,0,0,0,0
SE-042,2024,30,Frontend,Lead,8,6,6,26,39,0.9653,0.9322,1.2414,0.8446,0.2046,0.039,0.8894,1.6503,0.8481,0.1573,0.8729,0.746,0.9802,0,0,0,1
SE-042,2024,31,Frontend,Lead,8,13,13,25,41,0.9944,0.8847,1.3935,0.8614,0.1684,0.0866,0.9146,1.4358,0.8164,0.1168,0.828,0.7581,0.8753,0,0,0,0
SE-042,2024,32,Frontend,Lead,8,6,6,10,37,0.9177,0.916,1.3131,0.8373,0.2046,0.0926,0.9236,1.667,0.8519,0.1902,0.8153,0.7199,0.8546,0,0,0,0
SE-042,2024,33,Frontend,Lead,8,6,5,37,43,0.8537,0.9265,1.3028,0.8582,0.1022,0.0762,0.9013,1.5807,0.9395,0.1032,0.8589,0.7841,0.9496,0,0,0,0
SE-042,2024,34,Frontend,Lead,8,12,11,40,34,0.9315,0.936,1.3158,0.8908,0.1325,0.0982,0.8426,1.7567,0.9275,0.1052,0.9993,0.8132,0.9192,0,0,0,0
SE-042,2024,35,Frontend,Lead,8,7,7,12,41,0.9855,0.8528,1.3219,0.9181,0.1652,0.1028,0.9007,1.9307,0.8276,0.1347,0.8825,0.7167,0.9342,0,0,0,0
SE-042,2024,36,Frontend,Lead,8,11,10,18,36,0.9315,0.8942,1.3301,0.8211,0.1079,0.1041,0.964,1.6042,0.8747,0.1748,0.8537,0.7657,0.9335,0,0,0,1
SE-042,2024,37,Frontend,Lead,8,14,14,24,40,0.9835,0.8956,1.2389,0.9078,0.168,0.1461,0.9449,1.6466,0.8246,0.115,0.8503,0.7657,0.9092,0,0,1,0
SE-042,2024,38,Frontend,Lead,8,6,6,26,38,0.9283,0.884,1.2624,0.8476,0.1519,0.0969,0.9436,1.3124,0.9429,0.1614,0.8334,0.7773,0.9025,0,0,0,0
SE-042,2024,39,Frontend,Lead,8,8,8,16,40,0.9448,0.8987,1.3086,0.9298,0.1496,0.0936,0.9288,1.8738,0.9567,0.1599,0.8865,0.7817,0.9289,0,0,1,0
SE-042,2024,40,Frontend,Lead,8,10,9,34,39,0.9139,0.9401,1.2916,0.8827,0.1919,0.1579,0.8779,1.2901,0.7882,0.1598,0.8797,0.7107,0.9506,0,0,1,0
SE-042,2024,41,Frontend,Lead,8,8,7,35,37,0.9192,0.9324,1.3241,0.8277,0.2237,0.14,0.9419,1.6776,0.7662,0.1104,0.8754,0.7222,0.8837,0,0,0,0
SE-042,2024,42,Frontend,Lead,8,10,9,30,44,0.9296,0.8902,1.22,0.9012,0.1174,0.0768,0.9721,1.472,0.8278,0.098,0.8923,0.8409,0.8342,0,0,0,0
SE-042,2024,43,Frontend,Lead,8,12,11,38,29,0.9534,0.9099,1.3833,0.8386,0.1114,0.0714,0.9272,1.55,0.7893,0.05,0.8881,0.7679,0.8923,0,0,0,0
SE-042,2024,44,Frontend,Lead,8,13,13,18,37,1.0,0.9657,1.3088,0.8757,0.1449,0.1758,0.959,1.6761,0.7415,0.0525,0.8495,0.7917,0.8778,0,0,0,0
SE-042,2024,45,Frontend,Lead,8,10,9,11,37,0.945,0.845,1.2334,0.8566,0.0707,0.0635,0.9044,1.8492,0.8291,0.1364,0.8963,0.8546,0.8458,0,0,1,0
SE-042,2024,46,Frontend,Lead,8,9,8,36,35,0.9304,0.9019,1.3308,0.848,0.1681,0.084,0.9113,1.4052,0.7406,0.0863,0.9292,0.7756,0.8698,1,0,0,0
SE-042,2024,47,Frontend,Lead,8,11,10,17,35,0.9325,0.9393,1.2654,0.8973,0.2161,0.0753,0.9185,1.6234,0.8433,0.1672,0.8515,0.8337,0.9495,0,0,0,0
SE-042,2024,48,Frontend,Lead,8,10,9,38,34,0.9273,0.9341,1.386,0.9035,0.2013,0.1124,0.9883,1.5798,0.8824,0.1248,0.804,0.803,0.9303,0,0,0,0
SE-042,2024,49,Frontend,Lead,8,8,8,17,35,0.9418,0.8866,1.2645,0.8616,0.2538,0.1274,0.8917,1.5756,0.9105,0.1485,0.8117,0.7967,0.9379,0,0,0,0
SE-042,2024,50,Frontend,Lead,8,6,6,21,39,1.0,0.8968,1.2184,0.8918,0.0965,0.056,0.8801,1.7641,0.9337,0.0947,0.92,0.7786,0.9122,0,0,0,1
SE-042,2024,51,Frontend,Lead,8,8,8,21,36,0.9663,0.8988,1.1589,0.7953,0.221,0.0645,1.0,1.7163,0.7426,0.0767,0.8677,0.758,0.7778,0,0,0,0
SE-042,2024,52,Frontend,Lead,8,14,13,12,40,0.9354,0.8542,1.2938,0.9101,0.1978,0.1386,0.9145,1.625,0.8853,0.1358,0.8504,0.7868,0.8787,0,1,0,0
SE-032,2024,1,DevOps,Lead,9,12,11,16,38,0.9058,0.8743,1.2916,0.8044,0.2207,0.0909,0.9566,1.3405,0.9679,0.1411,0.7889,0.7419,0.9508,0,0,0,0
SE-032,2024,2,DevOps,Lead,9,12,12,37,38,0.9819,0.9117,1.2131,0.8765,0.1128,0.0978,0.868,1.7333,0.8164,0.1289,0.8457,0.7575,0.8363,0,0,0,0
SE-032,2024,3,DevOps,Lead,9,9,9,33,44,0.95,0.8965,1.1093,0.8655,0.1767,0.1121,0.952,1.4667,0.9793,0.1876,0.8772,0.7755,0.9139,0,0,0,0
SE-032,2024,4,DevOps,Lead,9,9,8,10,40,0.9297,0.9069,1.1441,0.8046,0.1235,0.1105,0.9536,1.7115,1.028,0.211,0.8876,0.7354,0.8761,0,0,0,0
SE-032,2024,5,DevOps,Lead,9,12,11,12,39,0.9255,0.8776,1.3205,0.8399,0.1489,0.0921,0.9371,1.7431,1.0407,0.2016,0.8873,0.6729,0.8928,0,1,0,0
SE-032,2024,6,DevOps,Lead,9,10,10,10,38,0.9561,0.8794,1.1601,0.8362,0.1952,0.1494,0.9092,1.7908,0.8728,0.1376,0.8637,0.7253,0.8948,1,0,0,0
SE-032,2024,7,DevOps,Lead,9,8,7,33,36,0.9285,0.9488,1.1822,0.8851,0.2157,0.0658,0.9435,1.3566,0.965,0.1849,0.8398,0.767,0.8951,0,1,0,0
SE-032,2024,8,DevOps,Lead,9,10,8,32,33,0.8394,0.9074,1.1991,0.8245,0.157,0.1403,0.9486,1.7335,0.907,0.1518,0.8466,0.7923,0.7946,0,1,0,0
SE-032,2024,9,DevOps,Lead,9,13,11,35,41,0.8748,0.9535,1.2378,0.8405,0.1369,0.0917,0.9095,1.6882,0.9288,0.1577,0.8224,0.7438,0.9478,0,0,0,0
SE-032,2024,10,DevOps,Lead,9,10,9,33,40,0.9145,0.9057,1.2788,0.8579,0.1433,0.0914,0.9017,1.8336,0.8587,0.123,0.9175,0.7201,0.8989,0,1,0,0
SE-032,2024,11,DevOps,Lead,9,11,10,26,41,0.8823,0.8544,1.1807,0.8724,0.1516,0.0987,0.957,2.0604,0.9857,0.1085,0.8404,0.7815,0.9037,0,0,0,0
SE-032,2024,12,DevOps,Lead,9,9,8,40,36,0.8946,0.8902,1.3011,0.8795,0.2463,0.0716,0.9124,1.5687,1.0233,0.1364,0.8118,0.7477,0.8644,0,0,0,0
SE-032,2024,13,DevOps,Lead,9,9,9,14,46,1.0,0.8903,1.2746,0.9071,0.1864,0.115,0.8319,1.9007,1.0509,0.1395,0.8686,0.7633,0.966,0,0,0,0
SE-032,2024,14,DevOps,Lead,9,10,9,29,43,0.883,0.9164,1.1422,0.9361,0.2091,0.1134,0.93,1.6516,0.9457,0.1255,0.8078,0.7368,0.8767,0,0,0,0
SE-032,2024,15,DevOps,Lead,9,7,7,11,34,0.993,0.8519,1.2215,0.8907,0.1933,0.1397,0.8788,1.7315,0.8536,0.0649,0.8646,0.7803,0.8359,0,0,0,0
SE-032,2024,16,DevOps,Lead,9,14,14,30,32,0.9817,0.9426,1.2081,0.8777,0.2356,0.1271,0.9432,1.6773,0.9822,0.1794,0.917,0.822,0.879,0,1,0,0
SE-032,2024,17,DevOps,Lead,9,10,9,17,36,0.9231,0.8902,1.1524,0.8287,0.192,0.0909,0.9638,1.3797,0.9444,0.169,0.9272,0.7905,0.8565,0,0,0,0
SE-032,2024,18,DevOps,Lead,9,9,8,38,34,0.8644,0.9317,1.1933,0.8906,0.1513,0.154,0.9371,1.4571,0.8681,0.1599,0.9082,0.7753,0.8258,0,0,0,0
SE-032,2024,19,DevOps,Lead,9,13,13,39,36,0.9642,0.9601,1.3069,0.813,0.2393,0.1361,0.8529,2.0199,0.9602,0.1446,0.8739,0.7909,0.8346,0,1,0,0
SE-032,2024,20,DevOps,Lead,9,8,7,12,40,0.9141,0.8683,1.2241,0.8797,0.2004,0.1189,0.8794,1.5749,0.9461,0.1355,0.8948,0.774,0.8352,0,0,1,0
SE-032,2024,21,DevOps,Lead,9,14,13,40,36,0.9323,0.9121,1.1881,0.8274,0.1409,0.0614,0.89,1.7053,0.9499,0.171,0.8692,0.72,0.8841,0,0,0,0
SE-032,2024,22,DevOps,Lead,9,6,6,11,36,0.9452,0.972,1.2111,0.9103,0.1735,0.1192,0.9296,1.7591,0.8487,0.0856,0.7943,0.8371,0.8274,1,1,0,0
SE-032,2024,23,DevOps,Lead,9,8,7,33,36,0.864,0.9175,1.2175,0.8519,0.1493,0.1479,0.9003,1.7273,0.8984,0.1542,0.8249,0.815,0.8896,0,0,0,0
SE-032,2024,24,DevOps,Lead,9,9,9,22,36,0.9544,0.9272,1.1707,0.8364,0.1601,0.0545,0.9484,1.5514,0.8478,0.1143,0.8358,0.7677,0.9738,1,0,0,1
SE-032,2024,25,DevOps,Lead,9,6,5,21,36,0.8307,0.8327,1.2893,0.8658,0.1782,0.1585,0.9377,1.3562,0.7299,0.0987,0.9266,0.8299,0.8777,1,0,1,0
SE-032,2024,26,DevOps,Lead,9,9,8,12,40,0.8375,0.9064,1.1913,0.8786,0.193,0.1121,0.8941,1.9607,1.0225,0.1756,0.8631,0.7591,0.9125,0,0,0,0
SE-032,2024,27,DevOps,Lead,9,12,11,14,36,0.9464,0.9508,1.2688,0.8816,0.1892,0.0843,0.9742,1.8933,0.8783,0.1101,0.7868,0.7597,0.9358,0,0,0,0
SE-032,2024,28,DevOps,Lead,9,9,8,17,37,0.9326,0.9395,1.2362,0.8899,0.1364,0.1583,0.9472,1.8461,1.0362,0.1471,0.9077,0.7575,0.9113,0,0,0,0
SE-032,2024,29,DevOps,Lead,9,6,6,27,39,0.9599,0.9047,1.2299,0.8537,0.2628,0.111,0.8517,1.8373,1.0434,0.1862,0.8084,0.7729,0.8569,0,1,0,0
SE-032,2024,30,DevOps,Lead,9,9,9,19,45,1.0,0.9401,1.2088,0.8965,0.1851,0.0791,0.8851,1.9688,1.0755,0.1908,0.8901,0.8344,0.8101,0,0,0,0
SE-032,2024,31,DevOps,Lead,9,9,9,16,39,0.9521,0.8374,1.1489,0.8959,0.2086,0.0512,0.888,1.4581,0.8684,0.1312,0.8906,0.824,0.8558,0,0,0,0
SE-032,2024,32,DevOps,Lead,9,6,6,39,37,0.9611,0.9257,1.1727,0.8817,0.167,0.1419,0.9159,1.8343,0.834,0.0775,0.8153,0.7465,0.853,0,0,0,0
SE-032,2024,33,DevOps,Lead,9,12,11,31,39,0.9518,0.8994,1.2226,0.8731,0.2366,0.0732,0.9142,1.5771,0.9176,0.0932,0.8623,0.7941,0.8474,0,0,0,0
SE-032,2024,34,DevOps,Lead,9,7,7,14,41,0.9438,0.9507,1.2519,0.8813,0.2374,0.1083,0.9333,1.4677,0.8143,0.1092,0.8466,0.7324,0.9092,0,1,0,0
SE-032,2024,35,DevOps,Lead,9,10,9,34,38,0.9085,0.8881,1.3119,0.8198,0.1973,0.1583,0.9184,1.3648,0.8867,0.0888,0.787,0.771,0.9219,0,0,0,0
SE-032,2024,36,DevOps,Lead,9,12,11,11,40,0.9101,0.9121,1.2689,0.8315,0.1945,0.1192,0.8655,1.5078,0.9357,0.1279,0.8621,0.8754,0.8479,0,0,0,1
SE-032,2024,37,DevOps,Lead,9,10,9,22,43,0.948,0.8961,1.1971,0.8736,0.1623,0.1324,0.9946,1.8602,0.9811,0.1303,0.9087,0.8352,0.8615,0,0,0,0
SE-032,2024,38,DevOps,Lead,9,8,8,12,43,1.0,0.8862,1.1652,0.8331,0.1346,0.1123,0.9155,2.0202,0.9643,0.1696,0.7932,0.8292,0.9099,0,1,0,0
SE-032,2024,39,DevOps,Lead,9,9,8,11,40,0.9215,0.8006,1.1999,0.8223,0.2299,0.113,0.9358,1.4243,1.0056,0.158,0.7974,0.7851,0.8216,0,0,0,0
SE-032,2024,40,DevOps,Lead,9,10,10,27,44,0.9717,0.9108,1.2372,0.7966,0.2065,0.0692,0.8602,1.6361,1.028,0.1436,0.8826,0.7812,0.8646,0,0,0,0
SE-032,2024,41,DevOps,Lead,9,7,7,27,38,0.9615,0.919,1.2797,0.9061,0.1365,0.0731,0.8757,1.5412,0.955,0.1693,0.8445,0.7522,0.8898,0,0,0,0
SE-032,2024,42,DevOps,Lead,9,8,7,19,40,0.8886,0.867,1.1224,0.8956,0.2547,0.104,0.8704,1.8536,1.0335,0.1785,0.7868,0.744,0.8586,0,0,0,0
SE-032,2024,43,DevOps,Lead,9,11,10,34,39,0.8761,0.8807,1.1766,0.8876,0.2,0.0959,0.9174,1.4628,0.9865,0.1534,0.9129,0.762,0.8845,0,1,0,0
SE-032,2024,44,DevOps,Lead,9,8,7,39,43,0.8991,0.8928,1.2681,0.9096,0.2486,0.1192,0.9909,1.485,1.0909,0.1489,0.783,0.8177,0.9089,0,0,0,0
SE-032,2024,45,DevOps,Lead,9,14,14,12,40,1.0,0.8692,1.2355,0.8908,0.0995,0.1585,0.914,1.4379,0.7179,0.1486,0.8744,0.7723,0.9249,0,0,0,0
SE-032,2024,46,DevOps,Lead,9,10,9,26,40,0.8856,0.8919,1.2272,0.859,0.2946,0.1288,0.9143,1.5739,1.0277,0.159,0.842,0.7968,0.9379,0,0,0,0
SE-032,2024,47,DevOps,Lead,9,11,10,34,37,0.9189,0.9286,1.1662,0.8849,0.3056,0.1224,0.8829,2.0042,0.9408,0.1427,0.8285,0.7538,0.9074,0,0,0,0
SE-032,2024,48,DevOps,Lead,9,13,12,15,40,0.9353,0.8917,1.2734,0.863,0.113,0.0946,0.9101,1.5496,0.864,0.1402,0.8731,0.7408,0.8467,0,1,0,0
SE-032,2024,49,DevOps,Lead,9,13,12,34,38,0.9199,0.9376,1.1749,0.888,0.0915,0.1059,0.9354,1.68,0.8937,0.1414,0.8615,0.8095,0.9054,0,1,0,0
SE-032,2024,50,DevOps,Lead,9,9,9,31,38,0.9537,0.8909,1.1477,0.8953,0.1656,0.1296,0.8553,1.5023,1.0424,0.1344,0.8634,0.7803,0.9343,0,0,0,0
SE-032,2024,51,DevOps,Lead,9,14,13,21,36,0.9305,0.9019,1.1912,0.8905,0.1771,0.1359,0.8977,1.7097,0.94,0.081,0.8718,0.7844,0.8268,0,0,0,0
SE-032,2024,52,DevOps,Lead,9,8,7,23,44,0.9232,0.8666,1.1894,0.8622,0.2514,0.1952,0.9098,1.4033,0.9331,0.1795,0.8427,0.7589,0.7733,0,1,0,0
SE-017,2024,1,Backend,Senior,6,7,6,17,40,0.9186,0.8839,1.2109,0.7862,0.259,0.1155,0.8609,1.3493,0.9272,0.1721,0.8546,0.8407,0.8354,0,0,0,0
SE-017,2024,2,Backend,Senior,6,11,11,30,34,0.9686,0.8859,1.084,0.8554,0.2188,0.0976,0.8234,1.5868,0.8065,0.0988,0.8592,0.8237,0.9309,0,0,0,0
SE-017,2024,3,Backend,Senior,6,6,6,31,41,0.9644,0.8486,1.1044,0.7908,0.2177,0.1329,0.9452,1.6644,0.8448,0.1055,0.8243,0.7677,0.9117,0,0,0,0
SE-017,2024,4,Backend,Senior,6,10,9,27,38,0.9367,0.8997,1.2047,0.8162,0.1593,0.1762,0.8953,1.3778,0.8796,0.1384,0.8539,0.8548,0.8496,0,0,0,0
SE-017,2024,5,Backend,Senior,6,10,9,38,37,0.882,0.8571,1.188,0.7857,0.2289,0.1363,0.8244,1.9832,0.8526,0.1458,0.9194,0.837,0.8804,0,0,0,0
SE-017,2024,6,Backend,Senior,6,10,8,31,37,0.8187,0.8922,1.1104,0.8061,0.2158,0.1534,0.9455,1.6719,0.8615,0.1859,0.8704,0.7241,0.895,0,0,1,0
SE-017,2024,7,Backend,Senior,6,8,7,40,42,0.9154,0.8565,1.296,0.8366,0.2184,0.0965,0.8931,1.9045,0.9644,0.1594,0.8417,0.6896,0.9339,0,0,0,0
SE-017,2024,8,Backend,Senior,6,7,7,35,36,0.984,0.8588,1.1469,0.8294,0.224,0.0895,0.928,1.4289,0.8654,0.1147,0.7918,0.797,0.8822,0,0,0,0
SE-017,2024,9,Backend,Senior,6,14,13,17,36,0.9544,0.8986,1.2651,0.8087,0.1593,0.1275,0.9018,1.4186,0.8943,0.105,0.8863,0.74,0.8833,0,0,0,0
SE-017,2024,10,Backend,Senior,6,10,10,12,34,1.0,0.8692,1.1949,0.8287,0.1605,0.1971,0.8787,2.0705,0.9023,0.1175,0.8502,0.7912,0.8734,0,0,0,0
SE-017,2024,11,Backend,Senior,6,11,10,13,35,0.8949,0.9269,1.315,0.826,0.1087,0.136,0.9056,1.7739,0.9427,0.1538,0.8545,0.7963,0.8367,0,0,0,0
SE-017,2024,12,Backend,Senior,6,14,13,38,37,0.8999,0.8155,1.0639,0.8621,0.187,0.1353,0.8743,1.4578,0.9778,0.1441,0.8085,0.7125,0.9225,0,0,0,0
SE-017,2024,13,Backend,Senior,6,12,11,40,38,0.9362,0.9076,1.2066,0.7726,0.2085,0.0914,0.8671,1.6738,0.8976,0.1805,0.8632,0.7297,0.9148,0,0,0,0
SE-017,2024,14,Backend,Senior,6,13,12,16,38,0.9318,0.8776,1.2052,0.7794,0.1071,0.18,0.8756,1.6545,0.8641,0.1452,0.8401,0.7555,0.8537,0,0,0,0
SE-017,2024,15,Backend,Senior,6,6,6,33,41,0.933,0.9206,1.0753,0.7823,0.1454,0.0852,0.9191,1.8137,0.9995,0.0827,0.8206,0.6923,0.9471,0,0,0,0
SE-017,2024,16,Backend,Senior,6,11,10,14,39,0.8798,0.9014,1.1282,0.7671,0.2753,0.1008,0.8554,1.2241,0.9771,0.1607,0.8449,0.8184,0.8802,0,0,0,0
SE-017,2024,17,Backend,Senior,6,12,12,38,41,0.9718,0.8931,1.2944,0.8327,0.2091,0.1488,0.8962,1.6425,0.9149,0.1089,0.9161,0.8128,0.9585,0,0,0,0
SE-017,2024,18,Backend,Senior,6,8,7,11,37,0.9292,0.8555,1.3002,0.8572,0.2569,0.1294,0.874,1.2993,0.8693,0.1288,0.8177,0.757,0.8693,0,0,0,1
SE-017,2024,19,Backend,Senior,6,9,9,37,40,0.9725,0.9203,1.3219,0.8121,0.2905,0.0851,0.9255,1.5363,0.9664,0.1135,0.8625,0.8192,0.9123,0,1,0,0
SE-017,2024,20,Backend,Senior,6,10,9,35,37,0.886,0.8933,1.2459,0.9603,0.2065,0.0939,0.9375,1.8881,0.8359,0.1597,0.8961,0.6704,0.8981,0,0,0,0
SE-017,2024,21,Backend,Senior,6,12,11,28,37,0.9101,0.9045,1.2024,0.7955,0.257,0.1476,0.9716,1.7181,0.7179,0.1091,0.8999,0.7843,0.8543,0,0,0,0
SE-017,2024,22,Backend,Senior,6,6,6,12,37,0.9512,0.8946,1.1824,0.827,0.1973,0.1335,0.9491,1.2349,0.823,0.0799,0.7928,0.7259,0.8786,0,0,0,0
SE-017,2024,23,Backend,Senior,6,8,7,34,36,0.8915,0.8744,1.2154,0.8495,0.1951,0.1126,0.8365,1.8969,0.8199,0.142,0.802,0.7654,0.8841,0,0,0,0
SE-017,2024,24,Backend,Senior,6,7,6,24,35,0.8798,0.9075,1.1795,0.8169,0.2304,0.0596,0.8752,1.8636,0.8882,0.1083,0.8687,0.7972,0.9356,0,1,0,0
SE-017,2024,25,Backend,Senior,6,10,10,40,38,0.9822,0.8519,1.1215,0.8402,0.1665,0.0885,0.8867,1.682,0.9609,0.1659,0.8509,0.7599,0.9284,0,0,0,0
SE-017,2024,26,Backend,Senior,6,6,5,12,29,0.9132,0.8191,1.2368,0.7868,0.2499,0.1196,0.8778,1.547,0.709,0.0629,0.9011,0.7089,0.8964,0,0,0,0
SE-017,2024,27,Backend,Senior,6,11,11,23,41,1.0,0.8762,1.2557,0.7973,0.152,0.1128,0.9044,2.0104,0.9489,0.1249,0.8255,0.784,0.8678,0,0,0,0
SE-017,2024,28,Backend,Senior,6,9,8,40,45,0.9384,0.883,1.2425,0.8138,0.1952,0.0949,0.8639,1.5538,0.9025,0.1363,0.8633,0.7667,0.8992,0,0,0,0
SE-017,2024,29,Backend,Senior,6,11,10,22,38,0.9035,0.8252,1.2195,0.8538,0.2788,0.1374,0.9376,1.7883,0.871,0.1068,0.8585,0.8522,0.8812,0,0,0,0
SE-017,2024,30,Backend,Senior,6,12,11,30,34,0.9551,0.9186,1.3091,0.7989,0.2819,0.0969,0.8384,1.4779,0.8238,0.1255,0.864,0.7671,0.9523,0,0,0,0
SE-017,2024,31,Backend,Senior,6,10,9,25,34,0.9089,0.9298,1.2804,0.7741,0.1613,0.1049,0.8173,1.5781,0.8729,0.1049,0.8728,0.714,0.9266,0,0,0,0
SE-017,2024,32,Backend,Senior,6,13,11,13,40,0.8558,0.8427,1.2467,0.8225,0.2452,0.1325,0.9642,1.4965,0.7813,0.1342,0.8255,0.8022,0.8878,0,1,0,0
SE-017,2024,33,Backend,Senior,6,6,6,38,36,0.9436,0.8664,1.277,0.7833,0.274,0.1494,0.7997,2.0167,0.8088,0.1375,0.8207,0.7357,0.8305,0,0,0,0
SE-017,2024,34,Backend,Senior,6,12,11,30,33,0.9269,0.8328,1.202,0.7823,0.1868,0.1481,0.9308,1.7169,0.9547,0.1518,0.9046,0.7687,0.9256,1,1,0,0
SE-017,2024,35,Backend,Senior,6,10,9,27,38,0.9491,0.8803,1.1217,0.8261,0.137,0.0819,0.8712,1.4744,0.9321,0.0744,0.8134,0.7778,0.9492,0,0,0,0
SE-017,2024,36,Backend,Senior,6,9,8,29,43,0.8851,0.8605,1.2929,0.8585,0.1241,0.1322,0.9368,1.7342,0.9741,0.1878,0.7852,0.8152,0.9285,0,0,0,0
SE-017,2024,37,Backend,Senior,6,11,10,10,40,0.9511,0.9316,1.1648,0.7964,0.1198,0.0559,0.8512,1.5888,1.003,0.1657,0.8533,0.7889,0.9347,0,0,0,0
SE-017,2024,38,Backend,Senior,6,13,11,39,36,0.8839,0.8214,1.2716,0.7565,0.2635,0.1421,0.8332,1.7187,0.8982,0.08,0.8605,0.7824,0.9354,0,0,0,0
SE-017,2024,39,Backend,Senior,6,6,5,32,42,0.8948,0.8848,1.2181,0.8479,0.192,0.1164,0.8463,1.7991,0.8263,0.1828,0.8428,0.7479,0.8464,0,0,0,0
SE-017,2024,40,Backend,Senior,6,13,12,39,35,0.9353,0.8956,1.1295,0.8617,0.2314,0.1703,0.8986,1.7431,0.7295,0.0955,0.9031,0.7863,0.927,0,0,0,0
SE-017,2024,41,Backend,Senior,6,9,8,31,31,0.9125,0.9367,1.2521,0.8258,0.213,0.1163,0.8648,1.9264,0.6902,0.094,0.8617,0.8301,0.9515,0,0,0,0
SE-017,2024,42,Backend,Senior,6,11,10,12,34,0.9307,0.7844,1.2097,0.7842,0.2153,0.1242,0.8787,1.7101,0.8972,0.0832,0.9447,0.7065,0.9087,0,0,0,0
SE-017,2024,43,Backend,Senior,6,14,13,27,38,0.9466,0.9147,1.1137,0.836,0.2125,0.1073,0.8911,1.8139,0.841,0.1052,0.7352,0.8058,0.8884,0,0,0,0
SE-017,2024,44,Backend,Senior,6,14,14,26,40,0.9724,0.9133,1.2252,0.8279,0.2248,0.0793,0.8947,1.7389,0.8186,0.1168,0.8577,0.7516,0.9182,0,0,0,0
SE-017,2024,45,Backend,Senior,6,8,7,23,40,0.9324,0.9266,1.2312,0.8658,0.1859,0.1372,0.7807,1.6158,0.8311,0.1178,0.7493,0.68,0.8817,0,0,0,0
SE-017,2024,46,Backend,Senior,6,6,6,37,34,0.9418,0.8655,1.1343,0.8897,0.223,0.1385,0.8778,1.8466,0.7906,0.0962,0.8639,0.8236,0.9378,0,0,0,0
SE-017,2024,47,Backend,Senior,6,12,11,10,38,0.8943,0.9081,1.1359,0.7759,0.2253,0.1181,0.9115,1.7612,0.9949,0.1472,0.8188,0.8115,0.9245,0,0,0,0
SE-017,2024,48,Backend,Senior,6,8,8,20,34,0.9421,0.9023,1.3545,0.8337,0.2046,0.1472,0.8836,1.6541,0.8326,0.1134,0.8395,0.737,0.9723,0,0,0,0
SE-017,2024,49,Backend,Senior,6,13,12,36,46,0.9484,0.9002,1.2423,0.7755,0.1015,0.0387,0.8688,1.4666,0.9661,0.1425,0.805,0.7272,0.9414,0,0,1,0
SE-017,2024,50,Backend,Senior,6,6,5,35,41,0.9051,0.9045,1.1616,0.8452,0.2383,0.1095,0.9046,2.1353,0.9151,0.0948,0.8389,0.717,0.9248,0,0,0,0
SE-017,2024,51,Backend,Senior,6,13,13,18,37,0.976,0.9588,1.3261,0.8161,0.1779,0.053,0.8954,1.9788,0.8209,0.1029,0.9105,0.7937,0.8841,0,0,0,0
SE-017,2024,52,Backend,Senior,6,12,11,15,36,0.9313,0.9348,1.249,0.755,0.2311,0.1469,0.945,1.3915,0.7932,0.1178,0.8785,0.6922,0.9201,0,0,0,0
SE-033,2024,1,Backend,Senior,6,10,9,22,38,0.8933,0.918,1.2017,0.827,0.3192,0.1352,0.9006,1.8097,0.8967,0.1216,0.7427,0.7476,0.9162,0,0,0,0
SE-033,2024,2,Backend,Senior,6,14,14,21,37,1.0,0.9171,1.2985,0.7934,0.2872,0.1404,0.9103,1.8263,0.7464,0.1257,0.8771,0.7287,0.8267,0,0,0,0
SE-033,2024,3,Backend,Senior,6,13,11,24,43,0.865,0.8927,1.1315,0.7945,0.2261,0.1251,0.7814,1.646,0.9956,0.1919,0.8749,0.718,0.8637,0,0,0,0
SE-033,2024,4,Backend,Senior,6,11,10,36,40,0.896,0.9017,1.1169,0.7814,0.1857,0.1211,0.9218,1.664,0.8298,0.1571,0.8871,0.7304,0.8101,1,0,0,0
SE-033,2024,5,Backend,Senior,6,8,7,12,40,0.8982,0.881,1.2296,0.7751,0.2111,0.1811,0.942,1.3617,0.9045,0.1528,0.8583,0.7781,0.8979,0,0,0,0
SE-033,2024,6,Backend,Senior,6,6,5,27,37,0.9101,0.8563,1.2499,0.765,0.3016,0.1567,0.9041,1.691,0.8294,0.1575,0.8804,0.8206,0.8608,0,0,0,0
SE-033,2024,7,Backend,Senior,6,9,8,15,38,0.9444,0.8831,1.2162,0.7499,0.1794,0.1739,0.8802,1.7464,0.9306,0.1556,0.8052,0.6965,0.8838,0,0,0,0
SE-033,2024,8,Backend,Senior,6,10,9,30,36,0.8853,0.8578,1.3363,0.8096,0.3054,0.1906,0.8692,1.6266,0.8206,0.1219,0.8344,0.7073,0.9173,0,0,0,0
SE-033,2024,9,Backend,Senior,6,8,7,24,40,0.8655,0.8875,1.2577,0.7399,0.1812,0.1975,0.9112,1.9049,0.8614,0.1185,0.8262,0.6159,0.8167,0,0,0,1
SE-033,2024,10,Backend,Senior,6,9,8,18,35,0.8841,0.8841,1.0978,0.7937,0.2014,0.1474,0.9112,1.8636,0.8989,0.1153,0.8189,0.71,0.8734,0,1,0,0
SE-033,2024,11,Backend,Senior,6,10,9,37,39,0.8789,0.9049,1.1728,0.7581,0.253,0.0924,0.8777,1.7508,1.0241,0.1259,0.8178,0.6735,0.8668,0,0,0,0
SE-033,2024,12,Backend,Senior,6,12,11,35,43,0.9353,0.9138,1.1586,0.813,0.2283,0.1183,0.939,1.5989,0.9634,0.1087,0.8368,0.7581,0.8649,0,0,0,0
SE-033,2024,13,Backend,Senior,6,8,8,34,37,0.9427,0.9131,1.2246,0.7505,0.1891,0.1366,0.8599,1.828,1.0084,0.1212,0.8726,0.7059,0.7971,0,0,1,0
SE-033,2024,14,Backend,Senior,6,6,6,37,28,0.926,0.96,1.0836,0.8075,0.262,0.1413,0.8859,1.6859,0.7013,0.1034,0.8228,0.7799,0.847,0,0,0,0
SE-033,2024,15,Backend,Senior,6,10,9,24,34,0.9157,0.9345,1.1693,0.8051,0.2798,0.127,0.8903,1.8558,0.8705,0.1207,0.8103,0.8068,0.9007,0,0,0,0
SE-033,2024,16,Backend,Senior,6,8,8,22,40,0.9797,0.9343,1.2611,0.7498,0.2056,0.1262,0.89,1.6462,0.8291,0.1119,0.8159,0.6965,0.8816,0,0,0,0
SE-033,2024,17,Backend,Senior,6,10,8,38,36,0.8199,0.8571,1.2076,0.7968,0.1794,0.1358,0.8607,1.5339,0.8653,0.096,0.8667,0.7349,0.7816,0,0,0,0
SE-033,2024,18,Backend,Senior,6,10,9,38,40,0.9245,0.8291,1.2313,0.8034,0.188,0.1639,0.9375,1.7151,0.9972,0.1425,0.8617,0.7405,0.9015,0,0,0,0
SE-033,2024,19,Backend,Senior,6,9,7,34,39,0.7912,0.8979,1.2132,0.7954,0.1787,0.1282,0.9143,1.6259,0.8743,0.1294,0.8575,0.805,0.8636,0,0,0,0
SE-033,2024,20,Backend,Senior,6,9,8,38,35,0.9058,0.9465,1.1631,0.7121,0.3493,0.0695,0.8795,1.7203,0.765,0.1028,0.8521,0.7308,0.7866,0,0,0,0
SE-033,2024,21,Backend,Senior,6,14,13,18,42,0.9415,0.8433,1.2974,0.7859,0.2591,0.1239,0.8258,1.4943,0.8857,0.1479,0.8388,0.6814,0.8563,0,0,0,0
SE-033,2024,22,Backend,Senior,6,10,9,18,40,0.8866,0.9144,1.1627,0.85,0.2231,0.1878,0.8986,1.6414,0.8917,0.1279,0.8577,0.7194,0.8114,0,0,0,1
SE-033,2024,23,Backend,Senior,6,6,6,39,37,0.9794,0.8305,1.2746,0.8023,0.3015,0.1226,0.8428,1.5506,0.8157,0.0981,0.8355,0.7605,0.8412,0,0,0,0
SE-033,2024,24,Backend,Senior,6,9,8,27,43,0.9053,0.8364,1.0953,0.7903,0.2339,0.1157,0.8764,1.7069,0.9383,0.1878,0.8538,0.7538,0.8884,0,0,0,0
SE-033,2024,25,Backend,Senior,6,13,12,13,36,0.9411,0.9219,1.2129,0.7614,0.2715,0.0913,0.8851,1.6871,0.7937,0.1099,0.839,0.7719,0.9009,0,0,0,0
SE-033,2024,26,Backend,Senior,6,13,12,17,35,0.9021,0.9275,1.202,0.829,0.1859,0.1143,0.8113,1.8015,0.7902,0.1742,0.8266,0.7593,0.8833,0,0,0,0
SE-033,2024,27,Backend,Senior,6,8,7,31,39,0.8396,0.8726,1.2085,0.7992,0.2117,0.1393,0.9844,1.9502,0.9782,0.1382,0.8571,0.7799,0.871,0,1,0,0
SE-033,2024,28,Backend,Senior,6,13,12,33,30,0.8964,0.7995,1.1719,0.7959,0.1945,0.1738,0.8408,1.4442,0.9039,0.1369,0.8561,0.7585,0.8656,0,0,0,0
SE-033,2024,29,Backend,Senior,6,11,10,23,39,0.8914,0.8414,1.2426,0.7509,0.2131,0.1481,0.8526,2.1546,0.8444,0.0828,0.8227,0.7638,0.9147,0,0,0,0
SE-033,2024,30,Backend,Senior,6,14,14,21,34,1.0,0.8652,1.1705,0.7818,0.1835,0.1272,0.9167,1.7348,0.8539,0.1075,0.8677,0.7593,0.8786,0,0,0,0
SE-033,2024,31,Backend,Senior,6,14,13,23,40,0.9443,0.9184,1.2453,0.8428,0.3056,0.1231,0.9334,1.9344,0.8909,0.1647,0.7932,0.8131,0.9123,0,0,0,0
SE-033,2024,32,Backend,Senior,6,9,8,27,38,0.8936,0.86,1.1083,0.8517,0.2315,0.1128,0.8726,1.8783,0.8542,0.1343,0.7633,0.7853,0.9134,0,0,0,0
SE-033,2024,33,Backend,Senior,6,11,11,37,42,0.9571,0.8903,1.0892,0.7768,0.2911,0.1492,0.8143,1.6857,1.1125,0.214,0.8646,0.7491,0.8683,0,0,0,0
SE-033,2024,34,Backend,Senior,6,6,5,17,40,0.879,0.8337,1.134,0.8297,0.2883,0.1262,0.8929,1.9265,0.9491,0.0969,0.8478,0.6985,0.8253,0,0,0,0
SE-033,2024,35,Backend,Senior,6,14,13,36,36,0.9389,0.8573,1.2254,0.7384,0.2118,0.1451,0.8711,1.3516,0.9169,0.1375,0.8387,0.7355,0.8002,0,1,0,0
SE-033,2024,36,Backend,Senior,6,8,7,28,41,0.91,0.8642,1.0711,0.756,0.2891,0.0517,0.893,1.5801,0.8503,0.1178,0.8951,0.6977,0.8703,0,1,0,0
SE-033,2024,37,Backend,Senior,6,13,12,32,36,0.9141,0.8851,1.1524,0.7691,0.2838,0.1516,0.8203,1.4675,0.7397,0.0545,0.7883,0.7514,0.8326,0,0,0,0
SE-033,2024,38,Backend,Senior,6,8,7,11,39,0.9034,0.9387,1.1785,0.8493,0.2066,0.146,0.8616,1.7187,0.9547,0.124,0.8709,0.7987,0.8835,0,0,1,0
SE-033,2024,39,Backend,Senior,6,8,7,37,47,0.8862,0.8461,1.1534,0.8643,0.1788,0.1441,0.9154,1.7023,0.8981,0.1217,0.8352,0.7981,0.8527,0,0,0,0
SE-033,2024,40,Backend,Senior,6,7,6,33,40,0.865,0.8323,1.189,0.8202,0.2075,0.1383,0.8007,1.7485,0.8204,0.0888,0.8476,0.7477,0.8966,1,0,0,0
SE-033,2024,41,Backend,Senior,6,13,12,35,32,0.9296,0.8293,1.0868,0.7835,0.2339,0.1396,0.8111,1.8382,0.759,0.1109,0.7737,0.7302,0.8855,0,0,0,0
SE-033,2024,42,Backend,Senior,6,9,9,29,38,0.9535,0.864,1.1588,0.8577,0.1982,0.1274,0.9403,1.5725,0.8361,0.1742,0.8363,0.7785,0.879,0,0,0,0
SE-033,2024,43,Backend,Senior,6,9,8,15,38,0.8536,0.8887,1.3648,0.779,0.229,0.1358,0.8468,1.9175,0.8744,0.1461,0.8669,0.737,0.9373,0,1,0,0
SE-033,2024,44,Backend,Senior,6,11,10,24,38,0.9372,0.8785,1.2053,0.8287,0.3064,0.1262,0.8685,1.6767,0.8871,0.1177,0.8516,0.7134,0.9404,0,0,0,0
SE-033,2024,45,Backend,Senior,6,13,13,21,39,0.9682,0.8447,1.0558,0.8011,0.1666,0.1331,0.8569,1.9091,0.8355,0.0992,0.8121,0.7183,0.8209,0,0,0,0
SE-033,2024,46,Backend,Senior,6,8,7,23,34,0.8553,0.9004,1.1778,0.7396,0.1516,0.1567,0.9499,2.1674,0.7561,0.0899,0.7989,0.7275,0.8352,0,0,0,0
SE-033,2024,47,Backend,Senior,6,10,9,16,32,0.8993,0.8891,1.1846,0.8344,0.2028,0.0943,0.8876,1.9078,0.9186,0.1345,0.8438,0.7891,0.8568,1,0,0,0
SE-033,2024,48,Backend,Senior,6,14,13,29,40,0.8959,0.8298,1.1443,0.8229,0.1858,0.1122,0.8893,1.5618,0.9445,0.16,0.8149,0.7383,0.8775,0,0,0,1
SE-033,2024,49,Backend,Senior,6,6,5,23,38,0.8901,0.8906,1.1869,0.7994,0.2455,0.1956,0.9337,1.8082,0.7656,0.1539,0.7809,0.7745,0.8739,0,0,0,0
SE-033,2024,50,Backend,Senior,6,8,7,21,35,0.8617,0.8917,1.2652,0.8045,0.2739,0.119,0.8938,1.7755,0.8233,0.1656,0.8746,0.7028,0.8191,0,0,1,0
SE-033,2024,51,Backend,Senior,6,6,6,13,36,0.9239,0.8927,0.9871,0.7779,0.2295,0.173,0.9031,1.6915,0.7312,0.0654,0.8366,0.756,0.8932,0,0,0,0
SE-033,2024,52,Backend,Senior,6,13,12,31,36,0.9324,0.868,1.188,0.8316,0.186,0.1013,0.9369,1.8109,0.9327,0.1544,0.8187,0.7521,0.9416,0,0,0,0
SE-049,2024,1,Backend,Senior,7,9,8,33,33,0.8864,0.8688,1.196,0.862,0.1836,0.0538,0.826,1.4338,0.9054,0.1377,0.9411,0.7939,0.9872,0,0,0,0
SE-049,2024,2,Backend,Senior,7,14,14,10,46,0.9669,0.8858,1.2404,0.7713,0.0746,0.1136,0.9242,2.0455,0.9791,0.1417,0.953,0.7642,0.8455,0,0,0,0
SE-049,2024,3,Backend,Senior,7,8,7,30,36,0.9273,0.9352,1.2376,0.8508,0.2037,0.1488,0.8776,1.7116,0.9474,0.1216,0.8553,0.8045,0.9505,0,0,0,0
SE-049,2024,4,Backend,Senior,7,13,12,32,39,0.9116,0.8806,1.2034,0.8629,0.1162,0.0766,0.9687,1.7663,0.9803,0.1316,0.9403,0.759,0.8638,0,0,0,0
SE-049,2024,5,Backend,Senior,7,8,7,35,40,0.9159,0.8932,1.2947,0.8726,0.2538,0.0955,0.9116,1.453,0.8896,0.1707,0.7837,0.8248,0.8813,0,0,0,0
SE-049,2024,6,Backend,Senior,7,9,8,28,41,0.8447,0.8822,1.1494,0.8402,0.2333,0.0736,0.9784,1.6935,0.9613,0.1553,0.8857,0.7886,0.9537,0,0,0,0
SE-049,2024,7,Backend,Senior,7,8,7,18,40,0.9263,0.9088,1.27,0.8827,0.2189,0.1068,0.97,1.6694,0.9733,0.1576,0.8987,0.8372,0.936,0,1,1,0
SE-049,2024,8,Backend,Senior,7,12,11,21,41,0.9346,0.8419,1.1693,0.8556,0.2321,0.1327,0.8986,1.6947,0.9059,0.155,0.8536,0.8372,0.8345,0,0,0,0
SE-049,2024,9,Backend,Senior,7,6,6,11,43,0.9965,0.9588,1.1776,0.7929,0.1728,0.067,0.8613,1.6035,0.9329,0.1145,0.8227,0.841,0.883,0,0,0,0
SE-049,2024,10,Backend,Senior,7,10,9,15,31,0.9152,0.9168,1.2745,0.8198,0.2156,0.1298,0.9305,1.358,0.7991,0.0758,0.864,0.7577,0.8972,0,0,0,0
SE-049,2024,11,Backend,Senior,7,6,6,28,39,0.9252,0.9524,1.2978,0.8201,0.277,0.1632,0.8981,1.447,0.8646,0.1068,0.8471,0.7265,0.91,1,0,0,0
SE-049,2024,12,Backend,Senior,7,9,8,23,38,0.9072,0.9488,1.2215,0.8295,0.2042,0.1557,0.962,1.7737,0.9088,0.1302,0.8217,0.7871,0.862,0,0,0,0
SE-049,2024,13,Backend,Senior,7,13,12,32,41,0.9208,0.9605,1.2675,0.81,0.1842,0.1178,0.952,1.3856,0.8689,0.1804,0.8845,0.8523,0.9268,0,0,0,0
SE-049,2024,14,Backend,Senior,7,9,8,33,42,0.8898,0.9167,1.155,0.8638,0.117,0.1344,0.9496,1.5501,1.0119,0.1176,0.877,0.7843,0.8671,0,0,0,0
SE-049,2024,15,Backend,Senior,7,13,12,16,40,0.9159,0.8693,1.228,0.8551,0.1835,0.1357,1.0,1.7197,0.9231,0.0821,0.9134,0.7393,0.9188,0,0,0,0
SE-049,2024,16,Backend,Senior,7,11,9,20,38,0.8534,0.908,1.2703,0.8109,0.2406,0.1168,0.9343,1.7189,0.8463,0.2036,0.8501,0.8016,0.8919,0,0,0,0
SE-049,2024,17,Backend,Senior,7,7,6,18,37,0.9038,0.8609,1.2685,0.8261,0.2237,0.0321,0.8579,1.7197,0.9245,0.1259,0.9052,0.7552,0.9743,1,0,0,0
SE-049,2024,18,Backend,Senior,7,8,7,27,34,0.9135,0.909,1.2503,0.8158,0.2216,0.1032,0.8705,1.6668,0.8942,0.1474,0.8925,0.7992,0.8018,0,0,0,0
SE-049,2024,19,Backend,Senior,7,6,5,30,40,0.9139,0.9435,1.3142,0.7991,0.122,0.1353,0.8666,1.6461,0.9801,0.1428,0.9133,0.7483,0.9329,0,1,0,0
SE-049,2024,20,Backend,Senior,7,12,11,36,33,0.9511,0.9208,1.1609,0.8123,0.1532,0.0798,0.9292,1.664,0.8678,0.0849,0.8384,0.7755,0.9289,0,1,0,0
SE-049,2024,21,Backend,Senior,7,6,6,15,39,0.9748,0.9088,1.271,0.7716,0.0818,0.0802,0.8618,1.7217,0.9372,0.1544,0.8909,0.8743,0.9365,0,0,0,0
SE-049,2024,22,Backend,Senior,7,9,9,14,36,0.9804,0.9785,1.323,0.8772,0.1108,0.0466,0.8955,1.6155,0.8083,0.1187,0.859,0.8118,0.9369,0,1,0,0
SE-049,2024,23,Backend,Senior,7,6,6,22,34,0.9237,0.9174,1.1155,0.8492,0.2405,0.14,0.8033,1.4769,0.7519,0.0996,0.7927,0.7564,0.8582,0,0,0,0
SE-049,2024,24,Backend,Senior,7,12,10,21,42,0.8639,0.9323,1.1906,0.8941,0.0529,0.0733,0.8319,1.5572,0.9282,0.1245,0.8281,0.8197,0.9259,0,0,0,0
SE-049,2024,25,Backend,Senior,7,10,9,26,40,0.8949,0.8375,1.1975,0.8229,0.1259,0.1849,0.8401,1.4428,0.9935,0.1836,0.8474,0.7761,0.9559,0,1,0,0
SE-049,2024,26,Backend,Senior,7,7,6,29,41,0.8971,0.9586,1.3056,0.8307,0.2326,0.1133,0.919,1.4704,0.9421,0.1912,0.867,0.7601,0.8261,0,0,0,0
SE-049,2024,27,Backend,Senior,7,7,7,12,36,0.9699,0.9129,1.2189,0.8123,0.0998,0.1782,0.8848,1.7964,0.9291,0.154,0.9734,0.7835,0.8427,0,0,0,0
SE-049,2024,28,Backend,Senior,7,9,9,30,38,1.0,0.9112,1.2285,0.823,0.1677,0.0809,0.9236,1.5967,1.0167,0.1543,0.8329,0.8216,0.9573,0,0,0,0
SE-049,2024,29,Backend,Senior,7,14,12,33,35,0.8541,0.8977,1.241,0.8263,0.0998,0.0921,0.9665,1.6188,0.91,0.1335,0.9141,0.7738,0.8782,0,0,0,0
SE-049,2024,30,Backend,Senior,7,9,9,24,42,1.0,0.8895,1.1623,0.8475,0.224,0.0834,0.8757,1.6056,1.0294,0.1952,0.8815,0.7605,0.883,0,0,0,0
SE-049,2024,31,Backend,Senior,7,10,9,11,41,0.8687,0.888,1.0949,0.8938,0.1869,0.1432,0.945,1.5513,0.9137,0.1078,0.8318,0.7525,0.8674,0,0,0,0
SE-049,2024,32,Backend,Senior,7,12,12,13,41,0.9751,0.8908,1.1546,0.8893,0.146,0.1259,0.8558,1.8089,1.0131,0.1676,0.8361,0.7748,0.9023,1,0,0,0
SE-049,2024,33,Backend,Senior,7,14,14,11,32,0.9778,0.8862,1.3933,0.7987,0.2155,0.1675,0.8746,1.4952,0.9009,0.1422,0.7983,0.7605,0.916,0,0,0,0
SE-049,2024,34,Backend,Senior,7,14,13,35,38,0.9095,0.8818,1.2074,0.797,0.188,0.1441,0.8761,1.9993,0.9222,0.1445,0.7655,0.7971,0.9183,0,0,0,0
SE-049,2024,35,Backend,Senior,7,12,11,39,37,0.9413,0.9114,1.3024,0.83,0.1539,0.0561,0.8782,1.666,0.7552,0.0975,0.7828,0.7603,0.9137,0,0,0,0
SE-049,2024,36,Backend,Senior,7,10,9,21,41,0.922,0.9005,1.2719,0.9007,0.1533,0.1247,0.9843,1.6217,0.8491,0.0823,0.9105,0.8223,0.828,0,0,0,0
SE-049,2024,37,Backend,Senior,7,12,11,25,36,0.9227,0.8805,1.1615,0.8321,0.2074,0.1264,0.9238,1.624,0.7303,0.0971,0.8781,0.8894,0.907,0,0,0,0
SE-049,2024,38,Backend,Senior,7,14,13,26,36,0.9031,0.8715,1.1837,0.8213,0.1203,0.1241,0.9435,1.6677,0.8171,0.1233,0.8267,0.793,0.9101,0,0,0,0
SE-049,2024,39,Backend,Senior,7,13,12,30,34,0.9482,0.9096,1.3587,0.8321,0.1861,0.1543,0.9196,1.3829,0.81,0.1343,0.878,0.8526,0.8815,0,0,0,0
SE-049,2024,40,Backend,Senior,7,12,10,15,32,0.8556,0.8958,1.2545,0.8358,0.1582,0.0809,0.9275,1.4511,0.8499,0.1402,0.861,0.8062,0.9629,0,0,0,0
SE-049,2024,41,Backend,Senior,7,8,8,32,37,0.9603,0.922,1.1583,0.8746,0.1513,0.056,0.8806,1.7789,0.8519,0.1279,0.9152,0.8126,0.8986,1,0,0,0
SE-049,2024,42,Backend,Senior,7,6,6,39,34,0.9438,0.9309,1.2508,0.8441,0.2767,0.1088,0.8945,1.6836,0.7615,0.0922,0.8192,0.7551,0.9437,1,0,0,0
SE-049,2024,43,Backend,Senior,7,9,8,14,36,0.8841,0.9166,1.1193,0.8417,0.1356,0.121,0.9534,1.6467,0.8668,0.0754,0.8255,0.7847,0.9396,0,0,0,0
SE-049,2024,44,Backend,Senior,7,9,9,34,43,1.0,0.8998,1.2343,0.8214,0.1351,0.1192,0.8569,1.6421,1.148,0.1397,0.8921,0.7726,0.9311,0,0,0,0
SE-049,2024,45,Backend,Senior,7,9,8,24,34,0.9179,0.845,1.3281,0.9126,0.1811,0.055,0.922,1.1276,0.8108,0.1643,0.7985,0.7977,0.8884,0,0,0,0
SE-049,2024,46,Backend,Senior,7,10,9,39,40,0.927,0.9636,1.1884,0.8462,0.2061,0.0915,0.9,1.7643,0.9439,0.1618,0.8624,0.7192,0.9204,0,0,0,0
SE-049,2024,47,Backend,Senior,7,9,8,21,38,0.9004,0.844,1.2014,0.8779,0.2395,0.1394,0.8803,1.6548,0.8699,0.1051,0.8431,0.8105,0.9336,0,1,0,0
SE-049,2024,48,Backend,Senior,7,8,8,31,37,0.9647,0.9335,1.3263,0.8411,0.271,0.1226,0.8831,1.6376,0.8513,0.0679,0.8686,0.7312,0.8924,0,0,0,0
SE-049,2024,49,Backend,Senior,7,11,10,27,36,0.9077,0.8869,1.2504,0.8752,0.2009,0.159,0.8987,1.9433,0.9028,0.1084,0.9412,0.7848,0.9239,0,0,0,0
SE-049,2024,50,Backend,Senior,7,9,9,16,39,0.9548,0.9502,1.2776,0.8681,0.1162,0.1142,0.8998,1.8783,0.8803,0.171,0.8431,0.7547,0.8967,0,0,0,0
SE-049,2024,51,Backend,Senior,7,12,11,24,33,0.9427,0.8657,1.2229,0.8609,0.1731,0.1046,0.9008,1.7819,0.6469,0.0964,0.9139,0.8033,0.9312,0,0,0,0
SE-049,2024,52,Backend,Senior,7,10,10,23,43,0.9557,0.864,1.2548,0.8681,0.1387,0.1534,0.8218,1.6169,0.7867,0.1586,0.8496,0.8325,0.909,0,0,0,1
SE-014,2024,1,Frontend,Senior,6,11,10,25,33,0.8896,0.9139,1.2092,0.7248,0.1614,0.139,0.8729,1.5538,0.9294,0.1422,0.9175,0.7809,0.8514,0,0,0,0
SE-014,2024,2,Frontend,Senior,6,6,6,36,39,0.9744,0.8774,1.1788,0.7742,0.1147,0.1178,0.8232,1.5151,1.0442,0.1591,0.8263,0.7429,0.922,0,0,0,1
SE-014,2024,3,Frontend,Senior,6,8,8,30,35,0.9426,0.926,1.2212,0.8037,0.2054,0.1319,0.921,1.2375,0.7705,0.1136,0.8779,0.7787,0.8922,0,0,0,0
SE-014,2024,4,Frontend,Senior,6,7,6,14,31,0.9089,0.854,1.1634,0.8292,0.21,0.1297,0.8321,1.762,0.7844,0.1241,0.8377,0.8082,0.8705,0,0,0,0
SE-014,2024,5,Frontend,Senior,6,9,9,32,37,0.9595,0.8055,1.1145,0.859,0.1854,0.1135,0.8746,1.5234,1.006,0.1154,0.8924,0.9151,0.8718,0,0,1,0
SE-014,2024,6,Frontend,Senior,6,10,9,22,43,0.9061,0.8136,1.1732,0.8029,0.1317,0.1879,0.8889,1.676,0.9301,0.1764,0.8444,0.6851,0.9183,0,0,0,1
SE-014,2024,7,Frontend,Senior,6,10,9,22,36,0.8745,0.89,1.1295,0.809,0.1102,0.1309,0.8681,1.6143,0.8941,0.1235,0.8201,0.6593,0.8962,0,1,0,0
SE-014,2024,8,Frontend,Senior,6,7,6,33,36,0.8364,0.9007,1.2618,0.7963,0.2532,0.0796,0.85,1.5327,0.8411,0.1364,0.8461,0.7909,0.8035,1,0,0,0
SE-014,2024,9,Frontend,Senior,6,9,9,23,38,0.9585,0.8921,1.0754,0.8861,0.1997,0.1532,0.8362,1.5221,0.9737,0.1972,0.8621,0.7241,0.8548,0,0,0,0
SE-014,2024,10,Frontend,Senior,6,9,9,28,39,0.9614,0.8799,1.2785,0.7768,0.2149,0.1318,0.8615,1.4474,0.7981,0.1479,0.8402,0.6866,0.8772,0,0,0,0
SE-014,2024,11,Frontend,Senior,6,9,9,32,31,0.9599,0.848,1.2673,0.8689,0.1565,0.1273,0.9038,1.9694,0.8606,0.111,0.8501,0.7227,0.8777,0,0,0,0
SE-014,2024,12,Frontend,Senior,6,11,10,30,35,0.9131,0.9396,1.065,0.8061,0.186,0.1193,0.8225,1.5514,0.8153,0.1571,0.8767,0.7252,0.8055,0,0,0,0
SE-014,2024,13,Frontend,Senior,6,12,11,28,30,0.8963,0.8958,1.1904,0.8171,0.232,0.1468,0.8777,1.2385,0.7383,0.1082,0.8955,0.7778,0.9124,0,0,0,0
SE-014,2024,14,Frontend,Senior,6,13,12,14,42,0.8966,0.8864,1.2435,0.8579,0.2967,0.1021,0.8465,1.6684,0.8505,0.0985,0.8335,0.8085,0.892,0,0,0,0
SE-014,2024,15,Frontend,Senior,6,12,11,36,36,0.8757,0.8424,1.1802,0.8471,0.1104,0.1651,0.9023,1.69,0.9204,0.1485,0.8835,0.8202,0.8241,0,0,0,0
SE-014,2024,16,Frontend,Senior,6,10,9,17,35,0.9052,0.8807,1.1768,0.8138,0.183,0.1168,0.8785,1.5529,0.8988,0.0803,0.9271,0.8113,0.9215,0,0,0,0
SE-014,2024,17,Frontend,Senior,6,14,12,33,36,0.8356,0.8991,1.1356,0.9012,0.1786,0.1057,0.8833,1.6525,0.8156,0.1279,0.8641,0.7687,0.903,0,0,0,0
SE-014,2024,18,Frontend,Senior,6,14,13,36,44,0.9556,0.9665,1.124,0.7838,0.2337,0.086,0.9207,1.5126,0.8495,0.1348,0.8234,0.7736,0.834,0,0,0,0
SE-014,2024,19,Frontend,Senior,6,10,9,23,43,0.9393,0.9676,1.2989,0.8036,0.2149,0.0863,0.9284,1.4516,0.997,0.1396,0.8924,0.7914,0.8676,0,0,0,0
SE-014,2024,20,Frontend,Senior,6,12,11,24,37,0.8889,0.9355,1.2735,0.8763,0.0858,0.0871,0.9038,1.572,0.9209,0.1408,0.8588,0.7599,0.8894,0,0,0,0
SE-014,2024,21,Frontend,Senior,6,12,10,12,32,0.8667,0.8718,1.1027,0.8207,0.216,0.112,0.8639,1.6202,0.8298,0.0718,0.8179,0.7696,0.8454,0,0,0,0
SE-014,2024,22,Frontend,Senior,6,13,11,14,34,0.8724,0.8845,1.1289,0.7808,0.1933,0.0556,0.9374,1.3523,0.9248,0.1227,0.8288,0.8059,0.9085,0,1,0,1
SE-014,2024,23,Frontend,Senior,6,14,14,27,36,0.9645,0.8405,1.0925,0.8056,0.149,0.0857,0.8844,1.807,0.8207,0.1,0.8739,0.8053,0.9098,0,1,0,0
SE-014,2024,24,Frontend,Senior,6,6,5,26,27,0.8961,0.8571,1.2065,0.7888,0.2406,0.1334,0.8835,1.7169,0.7279,0.1371,0.8571,0.7713,0.8818,0,0,0,0
SE-014,2024,25,Frontend,Senior,6,11,10,36,36,0.8861,0.8304,1.1316,0.7177,0.2414,0.1657,0.9054,2.0251,0.9339,0.088,0.8946,0.8036,0.8458,0,1,0,0
SE-014,2024,26,Frontend,Senior,6,13,12,28,36,0.8884,0.8645,1.086,0.9026,0.1945,0.1312,0.8774,1.4379,0.9391,0.1589,0.8707,0.7755,0.9336,0,0,0,0
SE-014,2024,27,Frontend,Senior,6,6,6,29,38,0.922,0.8777,1.2395,0.828,0.1935,0.124,0.8352,1.489,1.0096,0.1301,0.8646,0.7931,0.9327,0,0,0,0
SE-014,2024,28,Frontend,Senior,6,11,9,32,31,0.8623,0.9141,1.1289,0.7978,0.149,0.1474,0.8926,1.7405,0.7885,0.1423,0.9186,0.7615,0.8525,1,0,0,0
SE-014,2024,29,Frontend,Senior,6,13,12,32,41,0.9552,0.8476,1.1777,0.8152,0.1987,0.0721,0.9126,1.2632,0.9112,0.0978,0.8467,0.7964,0.9579,0,0,0,0
SE-014,2024,30,Frontend,Senior,6,12,10,31,38,0.8662,0.9477,1.1817,0.8239,0.1539,0.0965,0.8936,1.7579,0.9927,0.1766,0.8331,0.7369,0.8146,0,1,0,0
SE-014,2024,31,Frontend,Senior,6,10,9,40,35,0.9192,0.8736,1.258,0.8153,0.2737,0.0935,0.8853,1.7604,0.7739,0.0756,0.8519,0.7464,0.8219,0,0,0,0
SE-014,2024,32,Frontend,Senior,6,10,9,20,35,0.9328,0.9563,1.1332,0.7868,0.1723,0.1336,0.868,1.8259,0.83,0.1288,0.885,0.8101,0.9289,0,0,0,0
SE-014,2024,33,Frontend,Senior,6,6,6,32,38,0.9351,0.818,1.2254,0.8077,0.2048,0.1266,0.7999,1.4359,0.8903,0.1339,0.8387,0.7994,0.8432,0,0,1,0
SE-014,2024,34,Frontend,Senior,6,8,8,32,31,0.9917,0.891,1.2322,0.8372,0.1895,0.1587,0.8934,2.2279,0.8034,0.12,0.8646,0.7997,0.8912,0,0,1,0
SE-014,2024,35,Frontend,Senior,6,7,6,34,36,0.9084,0.8973,1.1953,0.8011,0.201,0.0935,0.9165,1.6016,0.8503,0.1319,0.8506,0.7039,0.942,0,0,0,0
SE-014,2024,36,Frontend,Senior,6,7,6,11,34,0.8632,0.8386,1.1411,0.7337,0.1673,0.1235,0.8586,1.645,0.7784,0.1533,0.9372,0.7485,0.9096,0,0,0,0
SE-014,2024,37,Frontend,Senior,6,13,12,40,37,0.9326,0.9158,1.3226,0.8178,0.266,0.1182,0.8051,1.7018,0.8913,0.1196,0.8497,0.7489,0.921,0,0,0,0
SE-014,2024,38,Frontend,Senior,6,6,6,30,38,0.9742,0.8675,1.0841,0.8698,0.1969,0.0967,0.8747,2.0288,0.6858,0.065,0.8752,0.739,0.8053,0,0,0,0
SE-014,2024,39,Frontend,Senior,6,10,9,28,40,0.8934,0.8604,1.0814,0.833,0.1866,0.1275,0.9214,1.4435,0.8716,0.1768,0.8596,0.8411,0.9682,0,0,0,0
SE-014,2024,40,Frontend,Senior,6,11,10,26,34,0.9512,0.856,1.1518,0.8098,0.1964,0.0876,0.8548,1.2102,0.6863,0.114,0.8008,0.7856,0.912,0,0,0,0
SE-014,2024,41,Frontend,Senior,6,7,6,17,37,0.8911,0.9014,1.2589,0.8425,0.1407,0.077,0.9005,1.904,0.9178,0.1719,0.8852,0.7126,0.8511,0,0,0,0
SE-014,2024,42,Frontend,Senior,6,7,6,19,40,0.9012,0.9367,1.098,0.8107,0.2858,0.164,0.9093,1.2827,0.8291,0.1537,0.8474,0.7841,0.9152,0,0,0,0
SE-014,2024,43,Frontend,Senior,6,11,11,20,45,1.0,0.8577,1.1373,0.7747,0.1608,0.1532,0.8437,2.1446,1.092,0.142,0.831,0.8001,0.8111,0,0,0,0
SE-014,2024,44,Frontend,Senior,6,11,11,20,36,0.9562,0.8642,1.1525,0.7945,0.1608,0.0909,0.8834,1.5389,1.0594,0.1531,0.8787,0.7722,0.9026,0,0,0,0
SE-014,2024,45,Frontend,Senior,6,6,6,40,43,0.9388,0.8534,1.258,0.9268,0.0837,0.1412,0.9138,1.6558,0.8536,0.1046,0.8215,0.7286,0.8962,0,0,0,0
SE-014,2024,46,Frontend,Senior,6,14,12,17,26,0.8691,0.8945,1.25,0.8716,0.2732,0.1129,0.9277,1.7073,0.6954,0.0752,0.8412,0.6717,0.8746,0,0,1,0
SE-014,2024,47,Frontend,Senior,6,14,13,13,42,0.9399,0.8987,1.2064,0.7875,0.1469,0.1788,0.9147,1.6294,1.073,0.1723,0.8548,0.7674,0.8183,0,0,0,0
SE-014,2024,48,Frontend,Senior,6,9,8,32,42,0.9061,0.883,1.2223,0.8038,0.2064,0.1497,0.9054,1.8087,0.8871,0.0915,0.8533,0.7271,0.8493,1,0,0,0
SE-014,2024,49,Frontend,Senior,6,13,12,11,42,0.9247,0.8407,1.1552,0.7482,0.2044,0.1386,0.9326,1.4733,1.0175,0.1755,0.9024,0.7289,0.9491,0,0,0,0
SE-014,2024,50,Frontend,Senior,6,12,10,27,35,0.8602,0.9101,1.1265,0.8203,0.2214,0.0373,0.9398,2.0559,0.8178,0.1073,0.8461,0.7232,0.9266,0,0,0,0
SE-014,2024,51,Frontend,Senior,6,9,8,36,38,0.8985,0.8697,1.1875,0.781,0.2465,0.1006,0.8566,1.8658,0.8251,0.114,0.8608,0.7943,0.8869,1,0,0,0
SE-014,2024,52,Frontend,Senior,6,9,8,14,41,0.8474,0.853,1.1364,0.8193,0.1968,0.1477,0.888,1.7659,0.9207,0.1522,0.8833,0.8278,0.8587,0,1,0,0
SE-046,2024,1,Frontend,Senior,6,10,9,40,37,0.8696,0.8343,1.1712,0.8207,0.2836,0.1723,0.8104,1.6337,0.7698,0.1078,0.8593,0.7789,0.8342,0,0,0,0
SE-046,2024,2,Frontend,Senior,6,6,5,37,38,0.8255,0.8522,1.1979,0.8131,0.2793,0.0956,0.8151,1.6291,0.8406,0.206,0.9188,0.7087,0.9062,0,0,0,0
SE-046,2024,3,Frontend,Senior,6,8,7,14,29,0.8897,0.8922,1.2162,0.8492,0.2782,0.0768,0.8272,1.7866,0.6771,0.0918,0.8159,0.7168,0.7729,0,1,1,0
SE-046,2024,4,Frontend,Senior,6,14,13,25,41,0.9297,0.7917,1.1509,0.7248,0.3327,0.1575,0.8083,1.5804,0.9254,0.1203,0.8765,0.7762,0.8473,0,0,0,0
SE-046,2024,5,Frontend,Senior,6,7,7,27,33,0.9621,0.7915,1.1194,0.8379,0.2197,0.0572,0.8475,1.8394,0.7136,0.0715,0.8688,0.7526,0.8536,0,0,0,0
SE-046,2024,6,Frontend,Senior,6,8,7,13,41,0.8801,0.8849,1.1463,0.7645,0.1827,0.1094,0.9314,1.8596,0.9846,0.164,0.8736,0.8006,0.9138,0,1,0,0
SE-046,2024,7,Frontend,Senior,6,13,11,34,38,0.8721,0.8826,1.1547,0.7443,0.2525,0.1554,0.9021,1.7684,0.8949,0.0923,0.7681,0.8006,0.7948,0,0,0,0
SE-046,2024,8,Frontend,Senior,6,14,13,33,38,0.9166,0.8847,1.1082,0.844,0.2277,0.0816,0.8724,1.3928,0.9355,0.1525,0.8313,0.7957,0.8947,0,0,0,0
SE-046,2024,9,Frontend,Senior,6,10,9,29,38,0.9417,0.8523,1.0733,0.7278,0.2239,0.101,0.8755,1.66,1.0247,0.1271,0.8756,0.7897,0.9488,0,0,0,1
SE-046,2024,10,Frontend,Senior,6,9,8,15,38,0.8977,0.8331,1.0911,0.8332,0.2341,0.1962,0.8772,1.461,0.8695,0.1542,0.792,0.7241,0.9634,1,0,0,0
SE-046,2024,11,Frontend,Senior,6,11,9,25,39,0.861,0.8676,1.1367,0.7304,0.2797,0.1334,0.8755,1.7561,0.8024,0.137,0.7906,0.7894,0.8643,0,0,0,0
SE-046,2024,12,Frontend,Senior,6,9,8,13,42,0.8388,0.826,1.1287,0.8771,0.2686,0.1315,0.85,1.5202,0.8584,0.1666,0.7945,0.7088,0.9096,0,0,0,1
SE-046,2024,13,Frontend,Senior,6,6,5,38,34,0.9033,0.8129,1.2325,0.7611,0.1712,0.1317,0.8899,1.5845,0.8871,0.0744,0.8411,0.766,0.9385,0,0,0,0
SE-046,2024,14,Frontend,Senior,6,8,7,12,31,0.9145,0.9216,1.2314,0.8272,0.2825,0.115,0.8564,1.694,0.767,0.0974,0.8245,0.8117,0.8188,0,0,0,1
SE-046,2024,15,Frontend,Senior,6,8,8,35,44,0.9549,0.8749,1.136,0.8102,0.2105,0.1313,0.9057,1.5518,1.0769,0.1088,0.842,0.7736,0.8083,1,0,0,0
SE-046,2024,16,Frontend,Senior,6,12,11,30,42,0.9074,0.8441,1.1991,0.8903,0.1336,0.1044,0.8773,1.8159,0.9783,0.1645,0.8468,0.7459,0.863,0,0,0,0
SE-046,2024,17,Frontend,Senior,6,10,10,28,39,0.9597,0.865,1.104,0.7708,0.1992,0.1306,0.8609,1.4006,0.8557,0.1548,0.7633,0.8388,0.8223,0,1,0,0
SE-046,2024,18,Frontend,Senior,6,8,8,34,40,0.9925,0.7968,1.1205,0.8457,0.1539,0.0782,0.8987,1.644,0.9585,0.1631,0.8646,0.7269,0.8553,0,1,0,1
SE-046,2024,19,Frontend,Senior,6,13,11,31,37,0.8594,0.9159,1.2305,0.872,0.1681,0.1654,0.8322,1.6149,0.9104,0.1627,0.7885,0.7851,0.8718,0,0,0,0
SE-046,2024,20,Frontend,Senior,6,7,6,15,32,0.886,0.8819,1.1707,0.7973,0.2421,0.1516,0.7715,1.705,0.7289,0.1305,0.8644,0.7517,0.8621,0,0,0,1
SE-046,2024,21,Frontend,Senior,6,12,11,16,36,0.9114,0.8595,1.2353,0.8426,0.2678,0.1287,0.8815,1.8005,0.7988,0.1181,0.8893,0.7265,0.8604,0,0,0,0
SE-046,2024,22,Frontend,Senior,6,11,10,18,34,0.8922,0.8009,1.1785,0.8214,0.2255,0.1539,0.8673,1.3039,0.8398,0.103,0.8307,0.69,0.8758,0,0,0,0
SE-046,2024,23,Frontend,Senior,6,8,8,26,37,0.9738,0.8329,1.1018,0.8072,0.248,0.1373,0.9249,1.8565,0.8046,0.1144,0.88,0.8202,0.8594,0,0,0,0
SE-046,2024,24,Frontend,Senior,6,13,12,35,30,0.9273,0.8804,1.1719,0.778,0.2368,0.1456,0.9729,1.9778,0.8637,0.1103,0.7509,0.7484,0.8936,0,0,0,0
SE-046,2024,25,Frontend,Senior,6,7,7,39,34,0.9295,0.8737,1.1639,0.7741,0.2003,0.1371,0.8467,2.0153,0.858,0.1314,0.9311,0.7602,0.8341,0,0,0,0
SE-046,2024,26,Frontend,Senior,6,8,7,32,37,0.8655,0.8539,1.0659,0.826,0.2964,0.1332,0.8688,1.7905,0.7982,0.1609,0.8498,0.804,0.8928,0,0,0,0
SE-046,2024,27,Frontend,Senior,6,7,6,33,40,0.88,0.8671,1.1366,0.8433,0.1958,0.1451,0.8384,1.5984,0.894,0.1118,0.7928,0.6839,0.8511,0,0,1,0
SE-046,2024,28,Frontend,Senior,6,14,13,28,42,0.9579,0.8679,1.0724,0.8271,0.2663,0.0741,0.879,1.8045,0.8069,0.1368,0.7897,0.7481,0.8733,0,0,0,0
SE-046,2024,29,Frontend,Senior,6,14,13,17,39,0.8976,0.8885,1.2432,0.7477,0.1382,0.1943,0.8629,1.5335,0.8599,0.1181,0.7927,0.7878,0.8455,0,0,0,0
SE-046,2024,30,Frontend,Senior,6,6,6,29,38,0.9338,0.8273,1.0646,0.7659,0.1406,0.1611,0.8334,1.9169,0.8334,0.1337,0.7913,0.7019,0.8623,0,0,0,0
SE-046,2024,31,Frontend,Senior,6,13,12,16,37,0.9165,0.8537,1.1426,0.8131,0.1706,0.1015,0.8557,1.9937,0.7263,0.1303,0.8095,0.7346,0.8782,0,0,0,0
SE-046,2024,32,Frontend,Senior,6,7,6,14,40,0.9191,0.853,1.2314,0.7803,0.2134,0.094,0.9115,1.9328,1.0235,0.1539,0.7808,0.7845,0.8479,0,0,0,0
SE-046,2024,33,Frontend,Senior,6,11,10,38,37,0.9239,0.8772,1.1472,0.7318,0.2984,0.1681,0.8619,1.9322,0.9458,0.1212,0.8341,0.7021,0.8207,0,1,0,0
SE-046,2024,34,Frontend,Senior,6,11,10,10,44,0.9154,0.9173,1.1415,0.7577,0.1899,0.1087,0.8466,2.1473,0.8505,0.1715,0.8087,0.7236,0.8102,0,0,1,0
SE-046,2024,35,Frontend,Senior,6,12,11,22,37,0.887,0.8567,1.152,0.7889,0.2314,0.1425,0.9308,1.8769,0.7515,0.0916,0.826,0.7524,0.9346,0,0,0,0
SE-046,2024,36,Frontend,Senior,6,13,12,36,35,0.9532,0.8681,1.1296,0.8158,0.1709,0.1431,0.9364,1.5318,0.7527,0.086,0.6771,0.6646,0.8854,0,0,0,0
SE-046,2024,37,Frontend,Senior,6,7,6,20,33,0.9121,0.8587,1.1123,0.8402,0.1877,0.111,0.962,1.5903,0.6717,0.1349,0.8408,0.7458,0.9542,0,0,1,0
SE-046,2024,38,Frontend,Senior,6,8,7,11,33,0.8839,0.8927,1.0992,0.8352,0.2723,0.1076,0.9149,1.6089,0.7624,0.1193,0.8609,0.7722,0.8746,0,0,0,0
SE-046,2024,39,Frontend,Senior,6,8,6,13,33,0.786,0.8276,1.1877,0.768,0.1669,0.1346,0.9348,1.6312,0.8048,0.0745,0.8141,0.7595,0.9165,0,0,0,0
SE-046,2024,40,Frontend,Senior,6,8,7,27,38,0.901,0.8707,1.2191,0.7969,0.2803,0.17,0.7943,1.9115,0.7602,0.112,0.8195,0.7488,0.8322,0,0,0,0
SE-046,2024,41,Frontend,Senior,6,10,9,25,39,0.8905,0.8441,1.0762,0.8397,0.1919,0.1283,0.8826,1.7785,0.9104,0.121,0.8012,0.7009,0.977,0,0,0,0
SE-046,2024,42,Frontend,Senior,6,9,8,30,35,0.909,0.8519,1.1896,0.7934,0.2385,0.1537,0.8487,1.8087,0.7523,0.0711,0.8439,0.7558,0.8698,0,0,0,0
SE-046,2024,43,Frontend,Senior,6,9,8,18,41,0.9347,0.8818,1.0888,0.7616,0.2215,0.1218,0.8779,1.7147,0.944,0.158,0.8496,0.6705,0.8912,0,1,0,0
SE-046,2024,44,Frontend,Senior,6,10,9,10,41,0.9359,0.8839,1.1818,0.7803,0.1813,0.0997,0.8911,1.3948,0.8957,0.0864,0.8401,0.7563,0.9454,0,0,0,0
SE-046,2024,45,Frontend,Senior,6,11,10,38,35,0.9237,0.8414,1.2524,0.7996,0.1813,0.1141,0.8583,1.912,0.8286,0.0807,0.7886,0.7565,0.9198,1,0,0,0
SE-046,2024,46,Frontend,Senior,6,8,7,24,32,0.889,0.8692,1.1231,0.7835,0.2641,0.0885,0.9007,1.4989,0.8458,0.1894,0.8779,0.7284,0.8826,1,0,0,0
SE-046,2024,47,Frontend,Senior,6,10,9,29,41,0.8628,0.8518,1.1728,0.7724,0.2098,0.1766,0.8419,1.8772,0.9933,0.1383,0.797,0.6873,0.8474,0,1,0,0
SE-046,2024,48,Frontend,Senior,6,12,12,22,38,1.0,0.8314,1.1829,0.7903,0.1242,0.1536,0.8786,1.555,0.7854,0.165,0.8203,0.6992,0.8645,1,0,0,0
SE-046,2024,49,Frontend,Senior,6,7,7,16,37,0.9363,0.8506,1.1903,0.7867,0.178,0.1703,0.8886,1.5732,0.8135,0.1392,0.778,0.6957,0.8721,0,0,0,0
SE-046,2024,50,Frontend,Senior,6,7,6,13,33,0.9092,0.8731,1.2517,0.7474,0.2947,0.1529,0.833,1.6885,0.7909,0.1171,0.8385,0.7559,0.8681,0,0,0,0
SE-046,2024,51,Frontend,Senior,6,11,10,11,39,0.8931,0.8608,1.0991,0.7748,0.2298,0.1567,0.9055,1.665,0.9738,0.1613,0.7918,0.7811,0.9256,0,0,0,0
SE-046,2024,52,Frontend,Senior,6,8,7,36,37,0.8782,0.8991,1.2094,0.8493,0.1324,0.1643,0.7765,1.6391,0.7431,0.15,0.8457,0.7629,0.9078,0,0,0,0
SE-020,2024,1,DevOps,Senior,6,6,5,15,39,0.8598,0.863,1.0722,0.7913,0.2431,0.1518,0.8551,1.6504,1.056,0.1878,0.9154,0.7238,0.7812,0,0,0,0
SE-020,2024,2,DevOps,Senior,6,7,6,39,39,0.8762,0.8449,1.0942,0.7815,0.2789,0.1193,0.9011,1.8756,0.9746,0.1402,0.8496,0.7498,0.8314,0,0,0,0
SE-020,2024,3,DevOps,Senior,6,12,10,40,37,0.8686,0.8688,1.172,0.8617,0.2603,0.1445,0.9468,1.9779,0.936,0.1309,0.8407,0.7521,0.8422,0,0,0,0
SE-020,2024,4,DevOps,Senior,6,14,13,24,35,0.9354,0.9105,1.1603,0.7992,0.2035,0.1024,0.9684,1.3384,1.1141,0.1832,0.8095,0.7132,0.9346,0,0,0,0
SE-020,2024,5,DevOps,Senior,6,12,11,10,42,0.9342,0.8406,1.2149,0.8103,0.2386,0.0954,0.8928,1.8697,0.8866,0.1798,0.7564,0.742,0.8389,0,0,0,0
SE-020,2024,6,DevOps,Senior,6,8,7,31,41,0.906,0.8989,1.2993,0.7857,0.0917,0.1018,0.8974,1.8605,0.9005,0.1408,0.7788,0.738,0.8654,0,0,0,0
SE-020,2024,7,DevOps,Senior,6,13,12,30,36,0.9448,0.8796,1.2283,0.8329,0.1895,0.0991,0.8582,1.483,0.7891,0.0855,0.8367,0.7701,0.8288,0,0,0,0
SE-020,2024,8,DevOps,Senior,6,13,12,37,43,0.8988,0.9255,1.178,0.8398,0.1885,0.114,0.8497,1.7527,0.9407,0.1135,0.8451,0.7919,0.8571,0,0,0,0
SE-020,2024,9,DevOps,Senior,6,12,11,30,35,0.9215,0.889,1.1552,0.83,0.2656,0.0921,0.8468,1.7221,0.8827,0.1364,0.7663,0.7409,0.8304,0,0,0,0
SE-020,2024,10,DevOps,Senior,6,11,10,17,40,0.8949,0.8265,1.18,0.8112,0.2537,0.1734,0.8734,1.4945,0.8997,0.1164,0.888,0.6848,0.9001,0,0,0,0
SE-020,2024,11,DevOps,Senior,6,12,11,26,42,0.9554,0.8679,1.0639,0.8126,0.228,0.1599,0.8263,1.3746,0.907,0.1157,0.8879,0.8156,0.8803,0,0,0,0
SE-020,2024,12,DevOps,Senior,6,14,13,40,41,0.9271,0.8738,1.1906,0.8234,0.193,0.1052,0.8638,2.1139,0.9535,0.1408,0.8505,0.6733,0.8437,0,0,0,1
SE-020,2024,13,DevOps,Senior,6,13,11,27,38,0.8555,0.8846,1.068,0.8272,0.1609,0.1049,0.889,1.4739,0.8397,0.1395,0.8176,0.7206,0.93,0,0,0,0
SE-020,2024,14,DevOps,Senior,6,12,11,36,41,0.9276,0.819,1.1762,0.8118,0.2475,0.1121,0.8452,1.3196,0.9171,0.1238,0.7732,0.8282,0.8481,0,0,0,0
SE-020,2024,15,DevOps,Senior,6,9,9,18,31,0.9706,0.8731,1.1234,0.8567,0.2378,0.0724,0.8568,1.992,0.7035,0.1278,0.8024,0.7486,0.9558,0,0,0,0
SE-020,2024,16,DevOps,Senior,6,10,9,40,42,0.9354,0.8387,1.1465,0.8197,0.2495,0.086,0.9048,1.7376,0.9473,0.1237,0.909,0.8008,0.8816,0,0,0,0
SE-020,2024,17,DevOps,Senior,6,11,9,33,43,0.8472,0.7891,1.1462,0.8353,0.1526,0.1435,0.9169,1.5856,0.9401,0.194,0.7452,0.7912,0.8814,0,0,0,0
SE-020,2024,18,DevOps,Senior,6,13,12,29,38,0.9308,0.8432,1.1186,0.8832,0.1832,0.1436,0.792,1.5716,0.9159,0.1459,0.7906,0.7318,0.9158,0,0,0,0
SE-020,2024,19,DevOps,Senior,6,14,13,18,40,0.9071,0.8201,1.0696,0.8209,0.2565,0.1353,0.8813,1.543,0.9867,0.1984,0.7518,0.7138,0.8766,0,0,0,0
SE-020,2024,20,DevOps,Senior,6,11,10,40,38,0.8905,0.8578,1.0507,0.8079,0.2589,0.0963,0.9535,1.8839,1.0237,0.1763,0.7539,0.7475,0.8908,0,0,0,0
SE-020,2024,21,DevOps,Senior,6,9,9,30,37,0.9592,0.9073,1.1079,0.7849,0.2131,0.1007,0.9296,1.4385,0.9435,0.1132,0.7946,0.7905,0.8613,0,0,0,0
SE-020,2024,22,DevOps,Senior,6,11,9,14,40,0.8416,0.8497,1.0951,0.8424,0.162,0.1199,0.9222,1.8165,0.9342,0.1234,0.8266,0.7542,0.8912,0,0,1,0
SE-020,2024,23,DevOps,Senior,6,13,12,36,39,0.8974,0.9173,1.1725,0.7622,0.2411,0.1187,0.8625,1.5717,0.9577,0.1266,0.8752,0.758,0.909,0,0,0,0
SE-020,2024,24,DevOps,Senior,6,12,11,25,35,0.8991,0.9264,1.2101,0.7141,0.3127,0.0984,0.8752,1.8005,0.7323,0.0852,0.8158,0.866,0.8627,0,0,0,0
SE-020,2024,25,DevOps,Senior,6,11,10,40,40,0.9107,0.8588,1.1109,0.8146,0.2539,0.1213,0.8616,1.9824,0.8287,0.1601,0.7924,0.7946,0.9554,0,0,0,0
SE-020,2024,26,DevOps,Senior,6,7,7,12,35,0.9324,0.8381,1.1807,0.8046,0.1841,0.092,0.8747,1.407,0.9403,0.127,0.8186,0.729,0.9921,0,0,0,0
SE-020,2024,27,DevOps,Senior,6,6,6,31,44,0.9191,0.8172,1.1826,0.7372,0.1958,0.0806,0.8759,1.9409,1.0156,0.1224,0.8554,0.7416,0.9389,0,0,0,0
SE-020,2024,28,DevOps,Senior,6,12,11,36,38,0.9145,0.8709,0.9946,0.8133,0.1342,0.1279,0.8607,1.4484,0.7496,0.0948,0.8297,0.7518,0.8222,0,0,0,0
SE-020,2024,29,DevOps,Senior,6,7,6,19,38,0.8875,0.9031,1.1075,0.8022,0.2941,0.1241,0.9252,1.7851,0.9727,0.1496,0.9003,0.6973,0.8059,0,0,0,1
SE-020,2024,30,DevOps,Senior,6,13,11,27,37,0.8833,0.8241,1.1297,0.7749,0.1295,0.1252,0.8866,1.8572,0.7237,0.0912,0.9018,0.6739,0.8478,0,0,0,0
SE-020,2024,31,DevOps,Senior,6,12,11,17,34,0.8783,0.8892,1.1941,0.7872,0.1472,0.1541,0.8765,1.5372,0.8755,0.098,0.8851,0.8551,0.8637,0,0,1,0
SE-020,2024,32,DevOps,Senior,6,7,6,28,35,0.8922,0.8968,1.2816,0.7607,0.2679,0.1829,0.9275,1.6083,0.8413,0.1066,0.8459,0.7551,0.8711,0,0,0,0
SE-020,2024,33,DevOps,Senior,6,14,12,34,32,0.8706,0.844,1.15,0.7544,0.3807,0.1364,0.9166,1.3182,0.7742,0.0857,0.795,0.7474,0.8669,0,0,0,0
SE-020,2024,34,DevOps,Senior,6,8,7,38,41,0.9068,0.9245,1.1221,0.7624,0.287,0.1812,0.8698,1.8229,0.918,0.0799,0.822,0.8175,0.8499,0,0,0,0
SE-020,2024,35,DevOps,Senior,6,12,11,31,40,0.8751,0.8361,1.0636,0.7945,0.2223,0.1189,0.8518,1.8194,0.9661,0.189,0.8681,0.7634,0.8713,0,0,1,0
SE-020,2024,36,DevOps,Senior,6,14,13,19,37,0.9317,0.9039,1.24,0.788,0.2698,0.162,0.8593,1.9159,0.8969,0.1329,0.8299,0.7634,0.8658,0,0,0,0
SE-020,2024,37,DevOps,Senior,6,12,11,37,39,0.8793,0.9553,1.1006,0.834,0.1027,0.1436,0.8038,1.5401,0.8369,0.1534,0.8904,0.7323,0.8348,0,0,0,0
SE-020,2024,38,DevOps,Senior,6,12,12,12,37,0.9812,0.8774,1.1358,0.8234,0.2598,0.1314,0.8822,1.5668,0.7492,0.1563,0.7776,0.7865,0.9135,0,0,0,0
SE-020,2024,39,DevOps,Senior,6,13,12,10,39,0.9396,0.8821,1.1033,0.8124,0.2242,0.1143,0.8713,1.657,0.8453,0.155,0.856,0.705,0.9069,0,0,0,0
SE-020,2024,40,DevOps,Senior,6,8,7,36,39,0.8618,0.8525,1.0651,0.779,0.2615,0.1578,0.8919,1.7134,0.9537,0.1731,0.7669,0.7836,0.8527,0,0,0,0
SE-020,2024,41,DevOps,Senior,6,9,9,11,41,0.9583,0.9469,1.1464,0.758,0.1407,0.1096,0.8455,1.7875,0.9469,0.127,0.7549,0.7706,0.8792,0,1,0,0
SE-020,2024,42,DevOps,Senior,6,13,12,17,43,0.9202,0.8323,1.1416,0.7768,0.2101,0.1367,0.8269,1.7934,1.2112,0.1237,0.8766,0.6633,0.8223,1,0,0,0
SE-020,2024,43,DevOps,Senior,6,6,5,30,37,0.8995,0.8563,1.1236,0.7658,0.2356,0.1287,0.8527,1.3208,0.7523,0.0658,0.7767,0.7802,0.8785,0,0,0,0
SE-020,2024,44,DevOps,Senior,6,11,10,12,42,0.8692,0.8625,1.1371,0.7305,0.2102,0.0898,0.9196,1.7199,0.7,0.1483,0.8157,0.7396,0.8288,0,1,0,0
SE-020,2024,45,DevOps,Senior,6,10,9,20,35,0.9377,0.8379,1.1134,0.7662,0.233,0.0945,0.8645,1.1941,0.8634,0.1455,0.8652,0.7601,0.8454,0,0,1,0
SE-020,2024,46,DevOps,Senior,6,14,12,33,38,0.8926,0.84,1.2159,0.9165,0.1425,0.1645,0.845,1.8469,0.95,0.1244,0.7911,0.7327,0.8485,0,0,0,0
SE-020,2024,47,DevOps,Senior,6,14,13,37,36,0.9574,0.86,1.0861,0.8206,0.2195,0.1277,0.924,1.5793,0.8452,0.0635,0.8877,0.7189,0.9133,0,0,0,0
SE-020,2024,48,DevOps,Senior,6,10,9,34,42,0.9008,0.9189,0.9173,0.772,0.2091,0.0683,0.8953,1.6777,0.8956,0.1329,0.7899,0.7424,0.853,0,0,0,0
SE-020,2024,49,DevOps,Senior,6,8,8,31,36,1.0,0.9233,1.2127,0.7474,0.2234,0.1521,0.8698,2.1267,0.8254,0.0793,0.894,0.7802,0.8281,1,0,0,0
SE-020,2024,50,DevOps,Senior,6,7,7,22,40,0.9531,0.8867,1.0302,0.7697,0.1318,0.1037,0.888,1.6706,0.9954,0.148,0.8052,0.7776,0.9172,0,1,0,0
SE-020,2024,51,DevOps,Senior,6,14,14,21,33,0.9741,0.8898,1.1732,0.7689,0.2211,0.1954,0.9761,1.7646,0.6856,0.139,0.9104,0.685,0.8407,0,0,0,0
SE-020,2024,52,DevOps,Senior,6,6,5,14,37,0.912,0.9033,1.2115,0.7586,0.2073,0.1147,0.9097,1.5514,0.8563,0.0629,0.8244,0.7648,0.8387,0,0,0,0
SE-040,2024,1,DevOps,Senior,7,9,7,37,37,0.8135,0.9319,1.1494,0.822,0.1678,0.1171,0.8631,1.901,0.976,0.1718,0.8313,0.7998,0.8257,0,0,0,0
SE-040,2024,2,DevOps,Senior,7,9,8,23,43,0.9288,0.9235,1.1949,0.8051,0.2435,0.1124,0.9057,1.6709,0.982,0.1394,0.8553,0.8239,0.8981,0,0,1,0
SE-040,2024,3,DevOps,Senior,7,9,9,35,35,1.0,0.8523,1.1868,0.8596,0.2088,0.1495,0.9065,1.205,0.8437,0.1292,0.8017,0.7808,0.8736,0,0,0,0
SE-040,2024,4,DevOps,Senior,7,14,13,40,37,0.9073,0.8767,1.0685,0.7831,0.2144,0.1322,0.9185,1.7684,1.0333,0.125,0.7686,0.7598,0.9419,1,0,0,0
SE-040,2024,5,DevOps,Senior,7,13,13,30,43,0.9619,0.9035,1.1206,0.8253,0.1551,0.114,0.9313,1.411,0.9689,0.1236,0.8462,0.7164,0.9276,0,0,0,0
SE-040,2024,6,DevOps,Senior,7,10,9,33,38,0.9383,0.8803,1.1494,0.7999,0.1595,0.0882,0.8233,1.8587,0.8222,0.1277,0.8883,0.8301,0.8695,0,0,1,0
SE-040,2024,7,DevOps,Senior,7,6,6,22,33,0.9417,0.8368,1.3001,0.831,0.2669,0.0547,0.9135,1.6801,0.9288,0.161,0.8531,0.7663,0.8489,0,1,0,0
SE-040,2024,8,DevOps,Senior,7,9,9,11,41,0.9993,0.9412,1.2333,0.7781,0.1872,0.1015,0.8664,1.6386,1.0526,0.1693,0.8637,0.7974,0.8751,0,0,0,0
SE-040,2024,9,DevOps,Senior,7,6,6,28,35,0.9673,0.8416,1.1538,0.8008,0.2101,0.0981,0.9206,1.7742,0.8294,0.1278,0.8092,0.7751,0.8993,0,0,0,0
SE-040,2024,10,DevOps,Senior,7,7,7,37,35,1.0,0.8898,1.2078,0.7883,0.1584,0.1333,0.8732,1.6687,0.8847,0.1774,0.7911,0.7796,0.9185,0,0,0,0
SE-040,2024,11,DevOps,Senior,7,7,6,13,32,0.9043,0.8526,1.1811,0.8165,0.1724,0.1371,0.8693,1.7147,0.7733,0.1385,0.8642,0.8098,0.9103,0,1,0,0
SE-040,2024,12,DevOps,Senior,7,13,13,38,37,0.974,0.8854,1.1065,0.8492,0.1691,0.1146,0.8495,1.4362,0.9196,0.1388,0.8419,0.7058,0.8497,0,0,0,0
SE-040,2024,13,DevOps,Senior,7,6,5,22,36,0.9068,0.8491,1.2562,0.7447,0.2053,0.1181,0.855,1.6982,0.8362,0.083,0.8751,0.7748,0.8794,0,0,0,0
SE-040,2024,14,DevOps,Senior,7,13,12,40,32,0.8939,0.9112,1.1338,0.8576,0.0281,0.1702,0.966,1.3195,0.7949,0.145,0.8487,0.7511,0.8837,0,0,0,0
SE-040,2024,15,DevOps,Senior,7,12,11,21,36,0.9432,0.9025,1.2219,0.8352,0.1455,0.112,0.9227,1.5049,0.8452,0.1311,0.8337,0.7711,0.867,0,0,0,0
SE-040,2024,16,DevOps,Senior,7,12,12,40,38,0.9976,0.8847,1.1768,0.8626,0.1695,0.0512,0.8411,1.3991,0.8225,0.122,0.8328,0.8045,0.8995,0,0,0,0
SE-040,2024,17,DevOps,Senior,7,6,6,29,38,0.9601,0.8023,1.1954,0.7791,0.2204,0.0667,0.8531,1.9302,0.8775,0.1606,0.7906,0.7528,0.902,0,0,0,0
SE-040,2024,18,DevOps,Senior,7,14,13,38,44,0.9244,0.885,1.1038,0.7255,0.2585,0.1407,0.8674,1.8452,1.0417,0.1854,0.8673,0.7678,0.8884,0,0,0,0
SE-040,2024,19,DevOps,Senior,7,10,9,30,39,0.8559,0.9183,1.223,0.8389,0.2544,0.1095,0.8174,1.6431,0.9765,0.1057,0.8806,0.7721,0.929,0,0,0,0
SE-040,2024,20,DevOps,Senior,7,14,13,21,40,0.9222,0.8643,1.2683,0.7738,0.2049,0.0395,0.9215,1.819,0.8856,0.1916,0.9113,0.7681,0.9281,0,0,0,0
SE-040,2024,21,DevOps,Senior,7,6,5,29,35,0.898,0.8709,1.1551,0.8172,0.1423,0.0562,0.8619,1.8474,0.9665,0.1624,0.8468,0.7462,0.9183,0,0,0,0
SE-040,2024,22,DevOps,Senior,7,8,7,22,36,0.8202,0.8959,1.2485,0.8211,0.174,0.1126,0.8617,1.3508,0.9302,0.1865,0.8624,0.7832,0.9167,0,0,0,0
SE-040,2024,23,DevOps,Senior,7,13,12,14,38,0.8945,0.8786,1.1469,0.7945,0.1961,0.1419,0.9302,1.533,0.8232,0.148,0.8606,0.8289,0.9294,0,0,0,0
SE-040,2024,24,DevOps,Senior,7,8,7,12,35,0.9186,0.8543,1.1947,0.7783,0.2677,0.0127,0.8704,1.8137,0.8979,0.1197,0.8605,0.7002,0.9222,0,0,0,0
SE-040,2024,25,DevOps,Senior,7,9,8,31,42,0.9064,0.8836,1.1577,0.8166,0.1652,0.1304,0.8558,1.2554,0.9078,0.1326,0.9283,0.7034,0.853,0,0,0,0
SE-040,2024,26,DevOps,Senior,7,6,5,21,34,0.882,0.9169,1.2236,0.8737,0.2339,0.1271,1.0,2.0508,0.9243,0.1307,0.8702,0.736,0.9022,0,0,0,0
SE-040,2024,27,DevOps,Senior,7,7,7,37,35,0.9466,0.9291,1.128,0.8648,0.1879,0.0935,0.832,1.6247,0.9573,0.1356,0.8828,0.8089,0.8662,0,0,0,0
SE-040,2024,28,DevOps,Senior,7,8,7,25,34,0.9158,0.9188,1.1947,0.7754,0.1609,0.158,0.902,1.8478,0.8518,0.1151,0.8369,0.7281,0.8589,0,0,0,0
SE-040,2024,29,DevOps,Senior,7,13,12,27,42,0.9404,0.9296,1.2268,0.8306,0.2333,0.1303,0.8781,1.6218,0.8266,0.1425,0.9177,0.7822,0.8767,1,0,0,0
SE-040,2024,30,DevOps,Senior,7,13,11,13,38,0.8741,0.9294,1.1626,0.8132,0.2168,0.1044,0.9389,1.7097,0.8241,0.178,0.9088,0.7973,0.8416,0,0,0,0
SE-040,2024,31,DevOps,Senior,7,10,9,13,43,0.8768,0.929,1.0907,0.8739,0.3048,0.1037,0.9196,1.6033,0.9464,0.1549,0.881,0.7618,0.956,1,0,0,0
SE-040,2024,32,DevOps,Senior,7,11,10,17,35,0.9108,0.9133,1.1105,0.8287,0.184,0.1463,0.9339,1.6012,0.8033,0.1901,0.8709,0.7643,0.8983,0,1,0,0
SE-040,2024,33,DevOps,Senior,7,11,10,37,32,0.9002,0.8555,1.0751,0.8927,0.1055,0.0822,0.9023,1.7088,0.8631,0.0769,0.8085,0.7145,0.8605,0,0,0,0
SE-040,2024,34,DevOps,Senior,7,10,9,21,40,0.91,0.8813,1.1639,0.8275,0.1456,0.1181,0.9042,1.9302,0.8626,0.1487,0.8776,0.7752,0.878,0,0,0,0
SE-040,2024,35,DevOps,Senior,7,6,6,19,36,0.9596,0.9485,1.1506,0.8075,0.2252,0.1114,0.8526,1.6688,0.8966,0.1412,0.866,0.7849,0.8502,0,0,0,0
SE-040,2024,36,DevOps,Senior,7,9,8,21,37,0.9288,0.8593,1.2414,0.8419,0.1914,0.1667,0.8451,1.7845,0.9715,0.1557,0.8876,0.802,0.8821,0,0,0,0
SE-040,2024,37,DevOps,Senior,7,13,12,34,40,0.8854,0.9263,1.1692,0.7943,0.2094,0.1488,0.9248,1.3983,0.9216,0.0983,0.9564,0.7335,0.8366,0,0,0,0
SE-040,2024,38,DevOps,Senior,7,8,8,27,39,0.9515,0.8326,1.1941,0.8875,0.2101,0.0947,0.8735,1.7314,0.9269,0.1537,0.851,0.7679,0.7789,0,0,0,0
SE-040,2024,39,DevOps,Senior,7,13,13,39,29,0.9704,0.8481,1.2796,0.7904,0.1565,0.1515,0.8448,1.7746,0.8505,0.1358,0.8537,0.751,0.8973,0,0,0,0
SE-040,2024,40,DevOps,Senior,7,8,7,17,39,0.9041,0.8945,1.2544,0.8667,0.2456,0.1265,0.8746,1.2242,0.8713,0.1151,0.8665,0.8452,0.853,0,0,0,0
SE-040,2024,41,DevOps,Senior,7,11,10,38,39,0.8901,0.938,1.1212,0.8474,0.2179,0.1264,0.8761,1.7101,0.9406,0.1675,0.8268,0.6894,0.9196,0,0,0,0
SE-040,2024,42,DevOps,Senior,7,11,10,24,40,0.908,0.9815,1.1338,0.8338,0.2589,0.1172,0.9507,1.5748,0.9059,0.1486,0.8738,0.7565,0.875,1,0,0,0
SE-040,2024,43,DevOps,Senior,7,14,13,28,37,0.9401,0.8658,1.0663,0.7841,0.2011,0.1416,0.8617,1.3361,0.967,0.1542,0.8235,0.752,0.9177,1,0,0,1
SE-040,2024,44,DevOps,Senior,7,14,14,14,38,0.9744,0.8366,1.1931,0.8382,0.1743,0.1441,0.9001,1.9269,0.8641,0.147,0.8315,0.6899,0.9377,0,0,0,0
SE-040,2024,45,DevOps,Senior,7,6,6,12,35,0.968,0.897,1.2956,0.8644,0.1905,0.0946,0.8451,1.6621,0.7858,0.0796,0.8662,0.8262,0.9282,0,0,0,0
SE-040,2024,46,DevOps,Senior,7,9,8,39,41,0.9408,0.87,1.2372,0.759,0.1589,0.1183,0.8531,1.8107,0.8668,0.0858,0.8644,0.7944,0.8619,0,0,0,0
SE-040,2024,47,DevOps,Senior,7,12,11,23,35,0.9139,0.9719,1.0835,0.8079,0.3161,0.1275,0.9504,1.8666,0.7866,0.1491,0.8144,0.7474,0.9096,0,0,0,0
SE-040,2024,48,DevOps,Senior,7,9,9,17,37,0.9742,0.8472,1.2384,0.8199,0.2877,0.099,0.8737,1.6172,0.9431,0.1591,0.744,0.7187,0.8906,0,1,0,0
SE-040,2024,49,DevOps,Senior,7,10,9,22,34,0.9092,0.8289,1.3654,0.7005,0.2154,0.0811,0.9485,1.7174,0.8469,0.0834,0.8043,0.8087,0.9109,1,1,1,0
SE-040,2024,50,DevOps,Senior,7,9,9,21,38,0.9592,0.8427,1.2383,0.7879,0.1594,0.139,0.8762,1.681,0.962,0.1712,0.8937,0.8038,0.8955,0,0,0,0
SE-040,2024,51,DevOps,Senior,7,7,6,29,38,0.8807,0.8957,1.204,0.872,0.171,0.1237,0.8968,1.7412,0.8087,0.1725,0.7914,0.8022,0.8658,0,0,0,0
SE-040,2024,52,DevOps,Senior,7,10,9,19,39,0.8704,0.8671,1.2237,0.8224,0.2099,0.1121,0.8643,1.3785,0.8576,0.1579,0.8558,0.8262,0.9013,0,1,0,0
SE-048,2024,1,DevOps,Senior,6,10,9,12,39,0.9238,0.8585,0.9923,0.8092,0.2238,0.138,0.9101,1.5598,0.7726,0.1136,0.8771,0.7434,0.889,0,0,0,0
SE-048,2024,2,DevOps,Senior,6,8,7,18,33,0.8437,0.8796,1.2915,0.8483,0.2117,0.1162,0.8344,1.6125,0.8672,0.1253,0.8285,0.7521,0.8701,0,0,0,0
SE-048,2024,3,DevOps,Senior,6,10,9,22,45,0.8967,0.8836,1.2142,0.8337,0.1785,0.133,0.8527,1.8216,0.9714,0.0754,0.812,0.6548,0.932,0,1,0,0
SE-048,2024,4,DevOps,Senior,6,8,7,18,34,0.882,0.8804,1.1134,0.8065,0.2143,0.1072,0.9038,1.7061,0.8157,0.1562,0.7901,0.7612,0.8826,0,0,0,0
SE-048,2024,5,DevOps,Senior,6,13,11,28,38,0.8725,0.9462,1.2609,0.8383,0.2138,0.1355,0.9087,1.6781,0.8212,0.1261,0.8096,0.7643,0.867,0,0,0,0
SE-048,2024,6,DevOps,Senior,6,8,8,18,41,0.9449,0.9106,1.2069,0.8586,0.2006,0.0434,0.9161,1.5092,0.8903,0.1062,0.8065,0.7142,0.8835,0,0,0,0
SE-048,2024,7,DevOps,Senior,6,12,11,10,36,0.8947,0.8422,1.0536,0.7851,0.2012,0.1115,0.8804,1.6489,0.8931,0.1827,0.7975,0.7177,0.8729,1,0,0,0
SE-048,2024,8,DevOps,Senior,6,8,8,24,37,0.9392,0.9299,1.2196,0.8099,0.2158,0.18,0.9304,1.5511,1.0238,0.1679,0.8498,0.7549,0.8073,0,0,0,0
SE-048,2024,9,DevOps,Senior,6,7,6,21,39,0.9145,0.9404,1.1218,0.8085,0.2504,0.1355,0.8245,1.4863,0.8199,0.0818,0.8047,0.7767,0.9175,0,0,0,0
SE-048,2024,10,DevOps,Senior,6,12,11,33,39,0.9263,0.9154,1.1569,0.7428,0.1755,0.1397,0.9167,2.1405,0.8132,0.137,0.8317,0.7554,0.8863,0,0,0,0
SE-048,2024,11,DevOps,Senior,6,8,7,38,36,0.9167,0.9336,1.057,0.8947,0.1615,0.1297,0.911,1.7283,0.9187,0.141,0.8134,0.7074,0.9224,0,0,0,0
SE-048,2024,12,DevOps,Senior,6,6,5,40,40,0.9052,0.8441,1.1417,0.7548,0.29,0.1388,0.9079,1.857,0.8376,0.122,0.8194,0.7454,0.8823,0,0,0,0
SE-048,2024,13,DevOps,Senior,6,10,10,17,34,0.9986,0.9225,1.3175,0.7818,0.1501,0.1637,0.8198,1.6236,0.7552,0.0801,0.7421,0.7563,0.8859,0,0,0,0
SE-048,2024,14,DevOps,Senior,6,8,8,25,39,0.9417,0.9334,1.1589,0.8829,0.254,0.1594,0.9472,1.4138,1.009,0.1363,0.7384,0.8024,0.8697,0,0,0,0
SE-048,2024,15,DevOps,Senior,6,9,8,35,38,0.8682,0.8433,1.1458,0.7483,0.2767,0.1088,1.0,1.6042,0.9414,0.1351,0.9212,0.7173,0.9251,0,1,0,0
SE-048,2024,16,DevOps,Senior,6,14,13,29,38,0.9122,0.8019,1.1808,0.8056,0.272,0.0459,0.831,1.7077,0.9282,0.1636,0.8314,0.7907,0.8944,1,0,0,0
SE-048,2024,17,DevOps,Senior,6,9,8,28,37,0.8635,0.8295,1.1559,0.8101,0.2089,0.1596,0.9222,2.0891,0.889,0.142,0.8939,0.8157,0.7959,0,0,0,0
SE-048,2024,18,DevOps,Senior,6,11,10,35,40,0.8688,0.892,1.1749,0.8265,0.2876,0.0871,0.8801,1.8739,0.8842,0.1584,0.8403,0.7569,0.7503,0,0,0,0
SE-048,2024,19,DevOps,Senior,6,14,12,39,39,0.853,0.8612,1.118,0.7555,0.1504,0.1758,0.8315,1.3101,0.863,0.1303,0.8795,0.759,0.9188,0,0,0,0
SE-048,2024,20,DevOps,Senior,6,14,13,21,42,0.9125,0.8711,1.1892,0.7906,0.2568,0.1576,0.8628,1.7331,0.8057,0.1464,0.8188,0.6577,0.9005,0,0,1,0
SE-048,2024,21,DevOps,Senior,6,9,8,37,36,0.9339,0.8925,1.1321,0.8623,0.2052,0.1554,0.9045,1.8821,0.9152,0.1206,0.8768,0.77,0.9436,0,0,0,0
SE-048,2024,22,DevOps,Senior,6,13,12,34,33,0.9419,0.9103,1.0607,0.7565,0.2443,0.1138,0.833,1.3066,0.841,0.1474,0.8485,0.7392,0.8869,0,1,0,0
SE-048,2024,23,DevOps,Senior,6,7,6,10,33,0.9041,0.9096,1.0966,0.7809,0.2473,0.1363,0.902,1.7292,0.809,0.1073,0.8517,0.7467,0.8965,0,0,0,0
SE-048,2024,24,DevOps,Senior,6,10,9,12,38,0.9407,0.8615,1.2379,0.8529,0.281,0.1033,0.9121,1.5787,0.909,0.115,0.8198,0.6987,0.8957,0,1,0,0
SE-048,2024,25,DevOps,Senior,6,7,6,16,35,0.8725,0.892,1.213,0.778,0.2254,0.0779,0.9167,1.8001,0.9544,0.1661,0.8077,0.7789,0.8152,0,0,0,1
SE-048,2024,26,DevOps,Senior,6,9,8,11,41,0.9291,0.8809,1.1629,0.8173,0.2845,0.1923,0.8941,1.9871,0.868,0.1294,0.8597,0.6645,0.8663,0,0,0,0
SE-048,2024,27,DevOps,Senior,6,12,10,11,43,0.8735,0.8927,1.0463,0.8967,0.2363,0.1209,0.9036,1.5237,0.9034,0.0864,0.9043,0.666,0.9184,0,0,0,0
SE-048,2024,28,DevOps,Senior,6,12,11,35,36,0.9053,0.9016,1.1182,0.7253,0.1757,0.1301,0.8557,1.7282,0.777,0.1007,0.8901,0.7988,0.8778,0,0,0,0
SE-048,2024,29,DevOps,Senior,6,11,10,14,41,0.9267,0.8738,1.3116,0.7936,0.1248,0.1491,0.8504,1.4349,1.0175,0.1201,0.8888,0.7249,0.8707,0,0,0,0
SE-048,2024,30,DevOps,Senior,6,10,9,29,40,0.8655,0.9106,1.1869,0.875,0.2579,0.0708,0.8597,1.9249,0.9187,0.1014,0.7951,0.7452,0.83,0,1,0,0
SE-048,2024,31,DevOps,Senior,6,13,12,35,38,0.9531,0.8379,1.1171,0.7556,0.274,0.1372,0.8303,1.2897,0.8601,0.1363,0.9055,0.7554,0.8008,0,0,0,0
SE-048,2024,32,DevOps,Senior,6,7,6,26,33,0.9009,0.9287,1.0523,0.8135,0.2694,0.0988,0.8605,1.599,0.8451,0.1549,0.8003,0.7195,0.8793,0,0,0,0
SE-048,2024,33,DevOps,Senior,6,6,5,37,35,0.8695,0.8542,1.2309,0.8253,0.1546,0.0913,0.8938,1.62,0.8698,0.1309,0.7911,0.7244,0.8792,0,0,0,0
SE-048,2024,34,DevOps,Senior,6,10,10,15,40,0.9579,0.8968,1.1348,0.8359,0.2079,0.1648,0.8328,1.5893,0.8823,0.1093,0.8584,0.7579,0.8662,0,0,0,0
SE-048,2024,35,DevOps,Senior,6,8,8,13,40,0.9548,0.8414,1.2001,0.8611,0.2274,0.2153,0.976,1.707,0.8604,0.1344,0.8548,0.7378,0.8177,0,1,1,0
SE-048,2024,36,DevOps,Senior,6,13,12,11,39,0.9248,0.9344,1.2385,0.7839,0.1502,0.1171,0.8654,1.5503,0.7965,0.1318,0.8167,0.7003,0.8741,0,0,0,0
SE-048,2024,37,DevOps,Senior,6,14,12,33,35,0.8354,0.9107,1.1173,0.6985,0.1614,0.167,0.874,1.7599,0.8171,0.1066,0.8415,0.7382,0.8833,0,0,0,0
SE-048,2024,38,DevOps,Senior,6,14,12,27,26,0.8653,0.8342,1.1813,0.8021,0.1698,0.1123,0.8603,1.5841,0.6901,0.1466,0.8283,0.8563,0.8903,0,0,0,0
SE-048,2024,39,DevOps,Senior,6,14,13,22,34,0.9153,0.8669,1.1869,0.7771,0.171,0.1013,0.9943,1.7505,0.9243,0.1131,0.8802,0.8252,0.9087,0,0,0,0
SE-048,2024,40,DevOps,Senior,6,7,6,34,38,0.8778,0.9234,1.1128,0.8457,0.1745,0.1199,0.8349,2.0284,0.9179,0.1429,0.804,0.7696,0.8679,0,1,0,0
SE-048,2024,41,DevOps,Senior,6,6,5,11,41,0.9076,0.92,1.0815,0.8121,0.0844,0.1316,0.8599,1.826,0.8954,0.1557,0.8303,0.7133,0.8898,0,0,1,0
SE-048,2024,42,DevOps,Senior,6,14,13,33,37,0.9323,0.9142,1.1497,0.879,0.2126,0.1284,0.9306,1.9726,0.8072,0.0862,0.8324,0.6953,0.8716,0,1,0,0
SE-048,2024,43,DevOps,Senior,6,11,10,25,39,0.8671,0.8426,1.2675,0.8759,0.1814,0.1864,0.8889,1.873,0.8415,0.0949,0.8979,0.7886,0.9136,0,0,0,0
SE-048,2024,44,DevOps,Senior,6,6,5,22,37,0.8967,0.8858,1.1677,0.8653,0.1863,0.1505,0.8846,1.6515,0.928,0.1237,0.7766,0.8216,0.9315,0,0,0,0
SE-048,2024,45,DevOps,Senior,6,10,9,40,39,0.9005,0.9055,1.1421,0.8565,0.1574,0.1138,0.8934,1.7267,0.8968,0.1719,0.8459,0.7486,0.8955,0,0,0,0
SE-048,2024,46,DevOps,Senior,6,10,9,21,35,0.8645,0.9145,1.2125,0.7621,0.2816,0.1095,0.8581,1.755,0.8665,0.127,0.9148,0.7456,0.805,0,0,1,0
SE-048,2024,47,DevOps,Senior,6,10,9,17,37,0.928,0.835,1.1761,0.7343,0.1917,0.1321,0.9331,1.5918,0.7928,0.1412,0.7968,0.7787,0.961,0,0,0,0
SE-048,2024,48,DevOps,Senior,6,9,8,39,32,0.8857,0.8192,1.2846,0.779,0.2152,0.1158,0.9107,1.567,0.7946,0.1523,0.8976,0.7479,0.8557,0,0,0,0
SE-048,2024,49,DevOps,Senior,6,7,7,13,29,0.9424,0.8429,1.1522,0.779,0.1441,0.1222,0.8896,1.7505,0.7564,0.0912,0.8257,0.7433,0.8087,0,0,0,0
SE-048,2024,50,DevOps,Senior,6,8,7,17,42,0.9247,0.9344,1.1008,0.7671,0.1019,0.1267,0.8826,1.7006,0.9704,0.1521,0.7884,0.7176,0.8609,0,0,0,1
SE-048,2024,51,DevOps,Senior,6,9,8,33,38,0.883,0.8816,1.1945,0.8715,0.1998,0.0878,0.8679,1.9098,0.8373,0.0979,0.8129,0.6794,0.8039,0,0,0,0
SE-048,2024,52,DevOps,Senior,6,12,10,15,35,0.8474,0.8794,1.1441,0.8336,0.2829,0.1066,0.8961,1.9652,1.0299,0.1003,0.8382,0.7909,0.8147,0,0,0,0
SE-035,2024,1,QA,Senior,5,9,8,30,43,0.9075,0.8292,1.0922,0.7562,0.2206,0.1737,0.9207,1.7451,0.955,0.1339,0.8033,0.7308,0.7999,0,0,0,0
SE-035,2024,2,QA,Senior,5,8,7,34,40,0.8895,0.8986,1.0753,0.8175,0.2969,0.1159,0.9427,1.8376,0.9399,0.2055,0.8248,0.7768,0.8406,1,0,0,0
SE-035,2024,3,QA,Senior,5,9,9,26,36,0.956,0.9023,1.1553,0.7691,0.2012,0.1721,0.8526,1.5199,0.8508,0.092,0.8442,0.7264,0.919,0,0,0,0
SE-035,2024,4,QA,Senior,5,10,9,34,38,0.8853,0.8201,1.0259,0.8442,0.2126,0.1544,0.8725,1.597,0.8933,0.1147,0.835,0.6892,0.8507,0,0,0,0
SE-035,2024,5,QA,Senior,5,8,7,29,38,0.8755,0.8916,1.0984,0.7694,0.2553,0.1054,0.9372,1.778,0.8367,0.0957,0.8094,0.7619,0.8299,0,0,0,0
SE-035,2024,6,QA,Senior,5,11,9,18,39,0.8565,0.8535,1.1321,0.8087,0.2345,0.1491,0.8318,1.8462,0.9744,0.1534,0.8051,0.7082,0.8614,0,1,0,0
SE-035,2024,7,QA,Senior,5,9,8,28,38,0.8927,0.8869,1.0931,0.8126,0.2484,0.1704,0.8812,1.6476,0.8482,0.1479,0.7792,0.7396,0.8531,0,0,0,0
SE-035,2024,8,QA,Senior,5,14,13,12,38,0.9274,0.8939,1.0099,0.7679,0.2264,0.1029,0.8907,1.4193,0.8048,0.16,0.8446,0.7804,0.8966,0,0,0,0
SE-035,2024,9,QA,Senior,5,9,8,36,41,0.9293,0.8394,1.1145,0.8067,0.1425,0.1085,0.9263,1.8166,0.9232,0.1364,0.8549,0.7458,0.8435,0,1,1,0
SE-035,2024,10,QA,Senior,5,6,5,25,42,0.8584,0.8481,1.1578,0.8057,0.1441,0.1593,0.8695,1.7847,0.998,0.1472,0.8201,0.785,0.8054,0,0,0,0
SE-035,2024,11,QA,Senior,5,10,9,12,36,0.9078,0.8908,1.0689,0.7946,0.2777,0.1312,0.8695,1.9477,0.9298,0.1419,0.7843,0.7386,0.8335,0,0,0,0
SE-035,2024,12,QA,Senior,5,6,5,30,38,0.893,0.8054,1.1681,0.7759,0.1511,0.1342,0.8419,1.8426,0.7785,0.1307,0.8019,0.6892,0.8605,0,0,0,0
SE-035,2024,13,QA,Senior,5,10,9,40,35,0.8982,0.8203,1.0476,0.7219,0.2557,0.1704,0.8501,2.1754,0.9195,0.1488,0.817,0.788,0.9085,0,0,0,0
SE-035,2024,14,QA,Senior,5,9,8,27,29,0.9389,0.8996,1.1297,0.8195,0.2188,0.1229,0.9246,1.5839,0.9305,0.1302,0.8661,0.6767,0.8513,0,0,0,0
SE-035,2024,15,QA,Senior,5,13,11,25,38,0.8774,0.8749,1.1364,0.7198,0.2145,0.1426,0.8635,2.0576,0.9126,0.0933,0.8068,0.8254,0.813,0,0,0,0
SE-035,2024,16,QA,Senior,5,8,7,18,37,0.9002,0.9266,1.128,0.7339,0.3409,0.1872,0.8218,1.5585,0.876,0.2146,0.8214,0.7065,0.8757,0,0,0,0
SE-035,2024,17,QA,Senior,5,8,8,21,38,0.9386,0.8456,1.0507,0.7344,0.1917,0.1742,0.95,1.8658,0.9072,0.1492,0.8153,0.7519,0.8682,0,0,0,0
SE-035,2024,18,QA,Senior,5,6,5,13,43,0.8608,0.8643,1.1591,0.7554,0.1678,0.147,0.8545,1.6082,0.7852,0.1525,0.8544,0.7086,0.8704,0,0,0,0
SE-035,2024,19,QA,Senior,5,8,7,37,39,0.9064,0.7544,1.089,0.8158,0.188,0.1023,0.8863,1.4996,1.0424,0.1767,0.8348,0.7775,0.8882,0,0,0,0
SE-035,2024,20,QA,Senior,5,8,7,11,41,0.9359,0.8442,1.1064,0.7714,0.1602,0.168,0.9163,1.8743,0.8646,0.1237,0.7932,0.7509,0.9106,0,0,0,0
SE-035,2024,21,QA,Senior,5,9,8,18,36,0.8786,0.9158,0.9196,0.8381,0.2743,0.14,0.8372,1.3997,0.9908,0.1476,0.8551,0.7479,0.9305,0,0,0,0
SE-035,2024,22,QA,Senior,5,11,9,24,41,0.8594,0.8042,1.008,0.7462,0.283,0.181,0.9188,1.9494,0.9034,0.1302,0.8141,0.7948,0.8371,0,0,0,0
SE-035,2024,23,QA,Senior,5,12,11,25,37,0.8928,0.8652,1.2853,0.7904,0.2577,0.1529,0.8315,2.0971,0.9537,0.139,0.868,0.7652,0.8972,0,0,0,0
SE-035,2024,24,QA,Senior,5,9,8,15,34,0.8518,0.797,1.1038,0.7508,0.2866,0.1029,0.9426,1.5227,0.7732,0.1497,0.8306,0.8419,0.8174,0,1,0,0
SE-035,2024,25,QA,Senior,5,6,5,22,42,0.8886,0.9079,1.13,0.7454,0.2132,0.1297,0.7518,1.4846,0.9071,0.1739,0.8079,0.8128,0.8847,0,0,0,0
SE-035,2024,26,QA,Senior,5,7,6,20,41,0.8406,0.8399,1.2033,0.7567,0.2089,0.1757,0.7705,1.8274,0.9096,0.1806,0.7468,0.7427,0.8151,0,0,0,0
SE-035,2024,27,QA,Senior,5,11,9,15,33,0.8617,0.8474,1.1924,0.7839,0.2977,0.1797,0.9136,1.7978,1.0283,0.193,0.8226,0.773,0.8474,0,1,0,0
SE-035,2024,28,QA,Senior,5,13,11,39,28,0.8581,0.8344,1.1572,0.7866,0.2415,0.1448,0.9663,1.9798,0.6213,0.1148,0.8021,0.69,0.9062,0,0,0,0
SE-035,2024,29,QA,Senior,5,6,6,39,27,0.9501,0.8005,1.0222,0.7977,0.2591,0.1618,0.8714,1.8596,0.8086,0.0875,0.7711,0.6846,0.8158,0,1,0,0
SE-035,2024,30,QA,Senior,5,6,5,18,36,0.8672,0.9339,1.3149,0.8206,0.2982,0.1445,0.8776,1.8391,0.9003,0.1893,0.7784,0.7415,0.8988,0,0,0,0
SE-035,2024,31,QA,Senior,5,10,9,33,34,0.8698,0.8348,1.1483,0.7443,0.215,0.1307,0.8491,1.3714,0.9664,0.1141,0.7642,0.7459,0.8431,0,0,0,0
SE-035,2024,32,QA,Senior,5,7,6,35,34,0.8568,0.9029,1.058,0.7983,0.1881,0.1401,0.8485,1.5354,0.8541,0.1532,0.8492,0.7087,0.9363,0,0,0,1
SE-035,2024,33,QA,Senior,5,12,11,35,35,0.953,0.8713,1.1674,0.8087,0.2287,0.1274,0.8689,1.76,0.8721,0.1122,0.759,0.8106,0.8499,0,0,0,0
SE-035,2024,34,QA,Senior,5,8,7,23,37,0.9273,0.8659,1.2009,0.8062,0.2121,0.1135,0.8628,1.7651,0.9014,0.1766,0.7993,0.7407,0.8601,0,0,0,0
SE-035,2024,35,QA,Senior,5,9,8,20,48,0.8424,0.9021,1.1518,0.8008,0.113,0.0863,0.8939,1.6318,1.0847,0.2004,0.7613,0.7002,0.8207,0,0,0,0
SE-035,2024,36,QA,Senior,5,9,8,21,37,0.8994,0.8556,1.1147,0.8036,0.3321,0.1736,0.8171,1.939,0.8786,0.1307,0.8418,0.6743,0.8447,0,0,0,0
SE-035,2024,37,QA,Senior,5,7,6,26,36,0.8741,0.8862,1.0907,0.8115,0.2101,0.162,0.8313,1.7104,0.8613,0.2222,0.7717,0.7285,0.9034,0,0,0,0
SE-035,2024,38,QA,Senior,5,10,9,10,39,0.8927,0.8343,1.1771,0.7814,0.2906,0.1785,0.7989,1.5277,0.9626,0.0996,0.7786,0.7463,0.7867,0,0,0,0
SE-035,2024,39,QA,Senior,5,13,11,18,42,0.8638,0.883,1.1349,0.7441,0.234,0.1129,0.8648,1.9673,0.9424,0.1655,0.7872,0.7195,0.9111,1,0,0,0
SE-035,2024,40,QA,Senior,5,13,12,15,39,0.9408,0.8327,1.1335,0.7891,0.2677,0.1363,0.8194,1.4904,0.9888,0.1421,0.8014,0.7288,0.8388,0,0,0,0
SE-035,2024,41,QA,Senior,5,14,13,32,33,0.9304,0.9152,1.1817,0.7925,0.2425,0.1524,0.895,1.4584,0.7899,0.1172,0.8201,0.8124,0.8731,0,0,0,0
SE-035,2024,42,QA,Senior,5,10,9,14,35,0.9302,0.8502,1.1136,0.8005,0.3064,0.1761,0.882,1.9177,0.8119,0.1506,0.8248,0.7035,0.8959,0,0,0,0
SE-035,2024,43,QA,Senior,5,14,13,13,37,0.9354,0.8382,1.0645,0.778,0.2461,0.1179,0.8492,1.8185,0.9528,0.119,0.7945,0.6615,0.9217,0,0,0,0
SE-035,2024,44,QA,Senior,5,14,13,24,40,0.8958,0.8348,1.0177,0.71,0.226,0.1693,0.8871,1.8656,0.831,0.1618,0.8289,0.721,0.8927,0,0,0,0
SE-035,2024,45,QA,Senior,5,10,9,14,35,0.941,0.8619,1.1302,0.7427,0.2271,0.123,0.9317,1.7089,0.9393,0.1091,0.7768,0.7134,0.8811,0,1,0,0
SE-035,2024,46,QA,Senior,5,14,12,31,39,0.8403,0.8371,1.0405,0.7714,0.2632,0.1628,0.8747,1.4557,0.8755,0.0949,0.8053,0.7387,0.8403,0,0,0,0
SE-035,2024,47,QA,Senior,5,6,5,24,37,0.8958,0.7555,1.1092,0.8103,0.3118,0.1183,0.838,1.9675,0.8632,0.1251,0.7953,0.779,0.8703,0,0,0,0
SE-035,2024,48,QA,Senior,5,13,12,16,40,0.8921,0.8415,1.0904,0.7569,0.2331,0.1427,0.8707,1.5887,1.0212,0.1739,0.8314,0.738,0.9137,0,0,0,0
SE-035,2024,49,QA,Senior,5,10,9,22,41,0.8751,0.7729,1.1351,0.7299,0.2589,0.1731,0.8939,1.7578,0.915,0.0919,0.7268,0.7687,0.8038,0,1,1,0
SE-035,2024,50,QA,Senior,5,13,11,32,36,0.8659,0.8382,1.0712,0.8106,0.2895,0.0863,0.891,1.7657,0.8897,0.1342,0.8057,0.766,0.8585,0,0,0,0
SE-035,2024,51,QA,Senior,5,6,6,38,26,0.9591,0.9015,1.135,0.8251,0.2198,0.1721,0.8703,1.9841,0.6276,0.0845,0.7871,0.7671,0.8926,0,0,0,0
SE-035,2024,52,QA,Senior,5,10,9,16,37,0.8939,0.8913,1.1692,0.8293,0.2065,0.1517,0.8165,1.7266,0.8534,0.1366,0.7719,0.7509,0.8489,0,0,0,1
SE-001,2024,1,Backend,Mid-Level,4,8,7,36,37,0.8626,0.8461,0.9537,0.8166,0.332,0.1568,0.8317,2.1615,0.7322,0.0964,0.6974,0.6968,0.7531,1,1,0,0
SE-001,2024,2,Backend,Mid-Level,4,12,10,26,38,0.859,0.7966,1.0203,0.7388,0.3892,0.1941,0.7786,1.9842,1.049,0.1728,0.8058,0.6666,0.7287,0,1,0,0
SE-001,2024,3,Backend,Mid-Level,4,9,7,35,41,0.8051,0.7517,0.9626,0.7524,0.3363,0.2015,0.8135,1.6382,0.8474,0.1519,0.7233,0.5627,0.6807,1,0,0,1
SE-001,2024,4,Backend,Mid-Level,4,14,11,14,46,0.8038,0.7981,0.9427,0.7901,0.2764,0.2109,0.7942,1.7892,1.0055,0.1307,0.7541,0.6772,0.7793,0,0,0,1
SE-001,2024,5,Backend,Mid-Level,4,10,9,18,42,0.8554,0.7417,0.901,0.7304,0.3098,0.2441,0.7865,1.9056,0.9618,0.1446,0.7513,0.6673,0.7842,0,0,0,0
SE-001,2024,6,Backend,Mid-Level,4,10,8,22,35,0.7897,0.8015,1.0549,0.7662,0.3182,0.1777,0.8202,2.3257,0.7481,0.1176,0.7674,0.6676,0.8216,1,0,0,0
SE-001,2024,7,Backend,Mid-Level,4,11,8,21,47,0.7542,0.7714,0.9315,0.7801,0.3058,0.2244,0.7469,1.7566,0.8141,0.0663,0.7606,0.6519,0.8241,0,1,0,0
SE-001,2024,8,Backend,Mid-Level,4,8,7,11,32,0.824,0.7627,1.0494,0.7989,0.2535,0.1691,0.7756,2.2479,0.8949,0.181,0.7758,0.6285,0.8136,1,1,0,0
SE-001,2024,9,Backend,Mid-Level,4,9,7,40,33,0.8146,0.7607,0.8925,0.7018,0.3531,0.1946,0.7589,2.0614,0.8675,0.1713,0.8178,0.675,0.7832,0,0,0,0
SE-001,2024,10,Backend,Mid-Level,4,11,9,37,42,0.8386,0.8014,1.008,0.6966,0.3587,0.1794,0.7185,1.9368,1.0119,0.1494,0.7842,0.6318,0.7841,0,1,0,0
SE-001,2024,11,Backend,Mid-Level,4,9,7,18,41,0.7449,0.7367,1.0739,0.7291,0.2576,0.1546,0.7363,2.2007,0.9359,0.0941,0.6994,0.6244,0.6513,0,0,0,0
SE-001,2024,12,Backend,Mid-Level,4,10,8,30,35,0.794,0.6969,1.0182,0.7574,0.315,0.1892,0.8149,1.7105,0.8193,0.1314,0.6557,0.6675,0.7802,0,0,0,0
SE-001,2024,13,Backend,Mid-Level,4,9,7,11,40,0.8045,0.7646,1.1109,0.7101,0.296,0.2298,0.7852,2.1342,0.758,0.0737,0.6941,0.7151,0.811,0,0,0,0
SE-001,2024,14,Backend,Mid-Level,4,6,5,34,30,0.8285,0.7584,1.0545,0.7632,0.3185,0.2265,0.708,1.8858,0.6362,0.11,0.8508,0.6298,0.7344,0,0,1,0
SE-001,2024,15,Backend,Mid-Level,4,6,5,19,39,0.8207,0.8114,0.9662,0.7468,0.2652,0.1793,0.7694,1.8956,0.9322,0.2017,0.7667,0.6485,0.8008,0,1,0,0
SE-001,2024,16,Backend,Mid-Level,4,14,11,35,35,0.8161,0.7659,1.0728,0.7024,0.3673,0.1527,0.7062,1.6581,0.7589,0.1134,0.7192,0.6754,0.8106,0,0,0,1
SE-001,2024,17,Backend,Mid-Level,4,12,10,16,32,0.7955,0.7961,1.0139,0.7874,0.3295,0.1823,0.7718,1.866,0.7393,0.05,0.7623,0.6995,0.8514,0,0,0,0
SE-001,2024,18,Backend,Mid-Level,4,13,10,40,31,0.8043,0.7892,0.9638,0.7803,0.2951,0.1782,0.7661,2.4401,0.8768,0.1102,0.7341,0.659,0.7681,0,1,0,0
SE-001,2024,19,Backend,Mid-Level,4,13,10,39,33,0.8068,0.8248,0.9662,0.7968,0.3167,0.2405,0.8385,1.7331,0.8972,0.1397,0.7455,0.6937,0.756,0,0,0,0
SE-001,2024,20,Backend,Mid-Level,4,14,11,19,35,0.7922,0.7225,1.0936,0.8294,0.2902,0.1582,0.7356,1.6924,0.8085,0.0971,0.6916,0.7215,0.7434,0,0,0,0
SE-001,2024,21,Backend,Mid-Level,4,13,11,31,39,0.8625,0.72,1.0537,0.7483,0.2979,0.1763,0.75,1.7567,0.9823,0.1632,0.7252,0.7099,0.8024,0,0,0,0
SE-001,2024,22,Backend,Mid-Level,4,14,11,36,34,0.7707,0.7652,0.9533,0.6889,0.2402,0.237,0.7487,1.8114,0.7996,0.0835,0.7072,0.6416,0.8409,0,1,0,0
SE-001,2024,23,Backend,Mid-Level,4,10,8,29,37,0.7781,0.7674,1.0106,0.7453,0.2601,0.2116,0.8329,2.1056,0.8935,0.1402,0.7396,0.5712,0.8111,0,0,0,1
SE-001,2024,24,Backend,Mid-Level,4,10,9,22,34,0.8541,0.7318,1.0056,0.7546,0.2348,0.1817,0.832,2.0344,0.9205,0.1166,0.7657,0.6207,0.8533,0,0,0,0
SE-001,2024,25,Backend,Mid-Level,4,12,9,12,43,0.7704,0.7734,0.9557,0.7247,0.3376,0.1947,0.7448,1.6829,1.0608,0.1244,0.6702,0.6352,0.7645,1,0,0,1
SE-001,2024,26,Backend,Mid-Level,4,9,7,32,35,0.7723,0.7753,1.0864,0.7181,0.4394,0.207,0.7584,1.9382,0.8797,0.142,0.7819,0.6304,0.8015,0,0,0,0
SE-001,2024,27,Backend,Mid-Level,4,12,10,14,33,0.833,0.8471,1.0325,0.7728,0.2821,0.1554,0.6859,1.8006,0.8114,0.0697,0.6975,0.6411,0.8195,0,0,0,0
SE-001,2024,28,Backend,Mid-Level,4,8,7,39,42,0.8767,0.7311,0.9907,0.7367,0.2578,0.2424,0.8231,1.4358,0.9101,0.1367,0.7496,0.7249,0.7447,0,0,0,1
SE-001,2024,29,Backend,Mid-Level,4,11,9,19,37,0.8322,0.7449,1.0074,0.6567,0.2991,0.2519,0.791,1.8639,0.7622,0.1644,0.6452,0.64,0.815,0,0,0,0
SE-001,2024,30,Backend,Mid-Level,4,10,8,19,39,0.8478,0.8245,1.0454,0.803,0.2748,0.1466,0.8006,1.6342,0.9064,0.168,0.8095,0.6773,0.7383,1,1,1,0
SE-001,2024,31,Backend,Mid-Level,4,13,11,18,46,0.8218,0.8168,0.9252,0.7047,0.3706,0.2464,0.838,2.0329,1.0165,0.1672,0.8158,0.705,0.8163,0,1,0,0
SE-001,2024,32,Backend,Mid-Level,4,14,11,32,38,0.7792,0.735,0.9027,0.7915,0.318,0.1733,0.7947,1.9798,0.825,0.1099,0.7221,0.6658,0.7725,0,0,0,0
SE-001,2024,33,Backend,Mid-Level,4,8,6,40,40,0.7879,0.8112,0.9935,0.7139,0.3876,0.1675,0.7576,1.9172,0.8939,0.1353,0.7891,0.644,0.7675,1,0,0,0
SE-001,2024,34,Backend,Mid-Level,4,8,6,18,39,0.8108,0.6889,0.9738,0.6876,0.3313,0.215,0.7579,1.9315,0.8905,0.1016,0.7569,0.6825,0.7598,0,0,0,0
SE-001,2024,35,Backend,Mid-Level,4,12,10,24,38,0.8195,0.7017,0.9429,0.7114,0.1866,0.1783,0.7051,1.9597,0.7936,0.0748,0.7623,0.6228,0.8597,0,0,0,0
SE-001,2024,36,Backend,Mid-Level,4,14,12,35,34,0.8339,0.7199,0.9997,0.7791,0.2742,0.1958,0.795,2.0445,0.7615,0.135,0.7342,0.721,0.7893,0,1,0,0
SE-001,2024,37,Backend,Mid-Level,4,12,10,16,37,0.8545,0.7981,1.0064,0.803,0.3502,0.1713,0.7651,1.9425,0.8406,0.1476,0.7674,0.7035,0.8102,0,0,0,0
SE-001,2024,38,Backend,Mid-Level,4,10,8,33,39,0.8115,0.7443,1.1876,0.7683,0.3906,0.1948,0.7269,2.0562,0.9222,0.1536,0.7308,0.7086,0.7499,0,0,0,0
SE-001,2024,39,Backend,Mid-Level,4,14,11,24,37,0.8121,0.7417,0.9989,0.6726,0.3644,0.1457,0.7058,1.9404,0.8533,0.1176,0.7326,0.6719,0.7857,1,0,0,0
SE-001,2024,40,Backend,Mid-Level,4,9,8,27,40,0.8494,0.7721,0.9369,0.7065,0.2735,0.1419,0.7397,1.7347,0.9749,0.0969,0.7034,0.6735,0.8236,0,0,1,0
SE-001,2024,41,Backend,Mid-Level,4,7,6,38,40,0.8155,0.764,0.9321,0.7405,0.2713,0.1786,0.7656,1.9313,0.7493,0.1233,0.7603,0.6475,0.7795,1,0,0,0
SE-001,2024,42,Backend,Mid-Level,4,12,9,27,40,0.7855,0.8202,1.0924,0.7485,0.2497,0.2057,0.7663,1.9028,0.8089,0.1276,0.7561,0.7335,0.7856,0,0,0,0
SE-001,2024,43,Backend,Mid-Level,4,14,12,38,38,0.8366,0.7574,1.0637,0.6964,0.2861,0.2444,0.7896,2.0648,0.7581,0.1396,0.7662,0.7092,0.7752,0,0,0,0
SE-001,2024,44,Backend,Mid-Level,4,7,6,29,41,0.8459,0.7573,1.1299,0.7392,0.2417,0.1899,0.83,2.2169,0.9277,0.1526,0.7417,0.6313,0.7728,0,1,0,0
SE-001,2024,45,Backend,Mid-Level,4,7,5,37,49,0.7614,0.7934,1.0555,0.75,0.4123,0.1778,0.8033,1.7682,0.9561,0.1482,0.7739,0.6744,0.8242,0,0,0,1
SE-001,2024,46,Backend,Mid-Level,4,11,9,23,35,0.8473,0.8007,0.9153,0.7391,0.2567,0.2152,0.8434,1.999,0.9235,0.1554,0.7543,0.6969,0.7926,0,0,0,0
SE-001,2024,47,Backend,Mid-Level,4,7,5,30,36,0.7464,0.7662,0.965,0.761,0.3359,0.1984,0.7502,2.0459,0.8607,0.1252,0.7613,0.7194,0.7574,0,1,0,0
SE-001,2024,48,Backend,Mid-Level,4,11,10,22,43,0.8712,0.7051,1.0649,0.7465,0.3744,0.1926,0.6856,1.5959,0.9812,0.1574,0.797,0.659,0.7842,0,0,0,0
SE-001,2024,49,Backend,Mid-Level,4,12,10,18,35,0.8233,0.7754,0.9812,0.6558,0.2762,0.2149,0.7484,1.8455,0.8957,0.1584,0.7701,0.6767,0.797,1,1,1,0
SE-001,2024,50,Backend,Mid-Level,4,14,12,24,42,0.8267,0.8285,0.9943,0.7461,0.3108,0.1548,0.8236,2.2388,1.0077,0.1476,0.7746,0.6639,0.7436,0,0,1,1
SE-001,2024,51,Backend,Mid-Level,4,7,6,10,42,0.7873,0.8204,1.0445,0.7503,0.3371,0.1697,0.7437,2.0134,0.9305,0.14,0.7493,0.6049,0.7557,0,0,1,0
SE-001,2024,52,Backend,Mid-Level,4,7,6,19,42,0.8106,0.7619,1.0758,0.7707,0.2268,0.2214,0.9069,2.0126,0.9293,0.0703,0.7316,0.6908,0.7448,0,0,0,1
SE-005,2024,1,Backend,Mid-Level,4,8,6,23,40,0.767,0.7936,0.8744,0.6775,0.2728,0.1957,0.7875,2.2517,0.9113,0.1109,0.7562,0.6247,0.8127,0,1,0,0
SE-005,2024,2,Backend,Mid-Level,4,7,5,21,37,0.7692,0.8105,1.0226,0.736,0.3054,0.1909,0.7397,1.6752,0.9868,0.1841,0.8077,0.6432,0.768,0,0,0,0
SE-005,2024,3,Backend,Mid-Level,4,10,8,35,39,0.8166,0.8112,0.8348,0.6674,0.3529,0.1782,0.7682,2.0328,0.8627,0.1209,0.7399,0.6089,0.7786,0,0,0,1
SE-005,2024,4,Backend,Mid-Level,4,8,6,19,35,0.7655,0.8009,1.0166,0.7056,0.2794,0.2075,0.7454,2.3444,0.9275,0.1219,0.7107,0.7014,0.8371,0,1,0,0
SE-005,2024,5,Backend,Mid-Level,4,9,7,21,36,0.7838,0.7655,1.0031,0.7629,0.3512,0.1902,0.7618,2.1907,0.8801,0.0707,0.7778,0.7051,0.7913,1,0,1,0
SE-005,2024,6,Backend,Mid-Level,4,6,5,27,38,0.7892,0.8156,0.9291,0.7678,0.3607,0.1821,0.7918,1.9152,0.9101,0.1175,0.8081,0.6755,0.7367,0,0,0,0
SE-005,2024,7,Backend,Mid-Level,4,13,10,39,38,0.7664,0.782,1.0545,0.7187,0.3716,0.1942,0.6453,2.0723,0.7984,0.1192,0.749,0.6375,0.7543,0,1,1,0
SE-005,2024,8,Backend,Mid-Level,4,6,5,18,42,0.8341,0.7774,1.005,0.731,0.424,0.2039,0.7474,2.4186,1.0619,0.1742,0.6803,0.5856,0.7834,0,0,0,0
SE-005,2024,9,Backend,Mid-Level,4,6,5,11,38,0.7985,0.6917,0.9743,0.75,0.2821,0.2641,0.8289,1.7343,1.0351,0.1558,0.7276,0.6078,0.7141,1,0,1,0
SE-005,2024,10,Backend,Mid-Level,4,10,8,32,34,0.8319,0.7572,0.8432,0.7428,0.3942,0.2296,0.801,2.0747,0.8676,0.1327,0.7993,0.6462,0.7722,0,1,0,0
SE-005,2024,11,Backend,Mid-Level,4,8,7,24,40,0.8617,0.7681,1.0145,0.7544,0.319,0.1864,0.7798,2.1121,1.0117,0.133,0.6721,0.6934,0.7657,0,0,1,0
SE-005,2024,12,Backend,Mid-Level,4,10,9,13,33,0.8641,0.7405,1.0766,0.7253,0.3671,0.2123,0.8012,1.8832,0.8718,0.1055,0.7476,0.6734,0.7532,0,1,0,0
SE-005,2024,13,Backend,Mid-Level,4,13,10,18,43,0.7802,0.7004,0.9289,0.7643,0.2758,0.1831,0.794,1.884,1.1534,0.1712,0.707,0.6185,0.7535,0,0,0,0
SE-005,2024,14,Backend,Mid-Level,4,9,7,38,40,0.7882,0.6813,0.9981,0.6758,0.3384,0.2237,0.8299,1.5573,0.8591,0.1272,0.6973,0.7133,0.7536,1,1,0,1
SE-005,2024,15,Backend,Mid-Level,4,9,7,27,35,0.7446,0.686,0.9885,0.778,0.3009,0.2296,0.7478,1.7296,0.8456,0.1346,0.7894,0.688,0.7758,0,0,0,0
SE-005,2024,16,Backend,Mid-Level,4,12,10,34,35,0.7966,0.743,0.9712,0.7234,0.3499,0.2561,0.8319,1.9518,0.8323,0.0716,0.6789,0.7138,0.768,1,1,0,1
SE-005,2024,17,Backend,Mid-Level,4,12,10,34,37,0.8083,0.7337,1.0266,0.7137,0.3029,0.1887,0.7458,2.0616,0.868,0.1418,0.7413,0.6116,0.7277,0,0,0,1
SE-005,2024,18,Backend,Mid-Level,4,9,7,32,42,0.7932,0.7555,1.0216,0.6946,0.3542,0.1645,0.7309,1.888,0.9667,0.1091,0.7528,0.6871,0.8059,0,0,0,0
SE-005,2024,19,Backend,Mid-Level,4,8,6,28,40,0.8113,0.8547,0.9744,0.7606,0.4793,0.1884,0.7263,1.9709,0.9102,0.1301,0.7246,0.6085,0.722,1,0,0,0
SE-005,2024,20,Backend,Mid-Level,4,10,7,30,44,0.7189,0.7859,1.0134,0.6866,0.3578,0.2221,0.7919,1.6664,0.9377,0.1414,0.8218,0.6346,0.7488,0,1,0,0
SE-005,2024,21,Backend,Mid-Level,4,9,8,24,39,0.8607,0.7836,1.1002,0.7225,0.3423,0.1669,0.7095,2.0647,0.9947,0.184,0.7728,0.6181,0.7282,0,0,0,0
SE-005,2024,22,Backend,Mid-Level,4,14,11,20,40,0.7711,0.7495,0.8957,0.6907,0.279,0.1954,0.8033,2.0261,0.7926,0.0936,0.6708,0.6933,0.7358,1,0,0,0
SE-005,2024,23,Backend,Mid-Level,4,7,6,13,35,0.8663,0.7771,1.0692,0.7804,0.3287,0.2288,0.7352,2.089,0.9311,0.1618,0.6892,0.656,0.7468,0,0,0,1
SE-005,2024,24,Backend,Mid-Level,4,13,10,26,42,0.7927,0.8335,1.003,0.7366,0.4331,0.2105,0.7698,1.904,0.9884,0.142,0.6705,0.592,0.7751,0,1,0,0
SE-005,2024,25,Backend,Mid-Level,4,6,4,25,35,0.7095,0.7716,0.9349,0.7772,0.4127,0.1767,0.7325,2.2537,0.8377,0.1376,0.7122,0.6169,0.7665,0,1,0,0
SE-005,2024,26,Backend,Mid-Level,4,12,10,26,38,0.8211,0.7727,0.9314,0.7022,0.3664,0.2399,0.743,2.1507,1.003,0.1241,0.7023,0.6426,0.8137,0,0,0,0
SE-005,2024,27,Backend,Mid-Level,4,6,5,31,34,0.8035,0.7918,0.9501,0.7875,0.3083,0.1634,0.8019,2.0914,0.9004,0.1231,0.7122,0.6779,0.6966,0,0,1,0
SE-005,2024,28,Backend,Mid-Level,4,10,8,27,39,0.8055,0.7636,0.9456,0.7968,0.3792,0.2109,0.7835,1.9286,0.8672,0.1551,0.7185,0.7044,0.7367,0,0,0,0
SE-005,2024,29,Backend,Mid-Level,4,6,5,31,37,0.8012,0.7244,1.0349,0.736,0.389,0.192,0.7779,1.9352,0.9419,0.1044,0.7388,0.6802,0.7072,0,0,0,0
SE-005,2024,30,Backend,Mid-Level,4,10,8,30,39,0.7954,0.7579,0.9797,0.6687,0.3086,0.1941,0.7361,2.017,0.9095,0.1463,0.7049,0.676,0.7598,0,1,0,0
SE-005,2024,31,Backend,Mid-Level,4,6,5,21,39,0.7934,0.7751,0.9733,0.7145,0.3544,0.1988,0.7436,1.948,1.0107,0.1966,0.676,0.6095,0.8578,0,1,0,1
SE-005,2024,32,Backend,Mid-Level,4,10,8,37,42,0.8055,0.7661,0.9485,0.7698,0.416,0.2176,0.6747,1.7953,0.8944,0.1845,0.6843,0.6712,0.7198,0,0,0,0
SE-005,2024,33,Backend,Mid-Level,4,11,9,37,40,0.8004,0.8018,0.9709,0.663,0.2515,0.1502,0.7042,1.8156,0.9868,0.1531,0.7693,0.7251,0.8148,0,0,0,0
SE-005,2024,34,Backend,Mid-Level,4,12,9,12,35,0.778,0.8109,1.0186,0.7154,0.2777,0.2114,0.7419,1.9687,0.7602,0.0723,0.7597,0.6274,0.7882,0,0,0,0
SE-005,2024,35,Backend,Mid-Level,4,6,4,27,39,0.7157,0.775,1.0376,0.7463,0.3021,0.2262,0.7823,1.7872,0.8694,0.1046,0.7187,0.5823,0.7572,0,1,0,1
SE-005,2024,36,Backend,Mid-Level,4,11,9,17,37,0.778,0.7808,0.9486,0.7194,0.289,0.165,0.7931,1.6558,0.9164,0.1445,0.6804,0.6251,0.8139,0,0,0,1
SE-005,2024,37,Backend,Mid-Level,4,11,10,10,40,0.8826,0.7396,0.9516,0.7016,0.295,0.2262,0.7219,2.1713,0.9024,0.1354,0.7266,0.6276,0.7695,0,0,0,0
SE-005,2024,38,Backend,Mid-Level,4,6,5,19,34,0.783,0.7594,1.0133,0.7223,0.2565,0.2114,0.7732,1.7679,0.7622,0.1101,0.7903,0.649,0.7926,0,0,0,0
SE-005,2024,39,Backend,Mid-Level,4,13,11,33,39,0.8128,0.7334,0.9667,0.7006,0.3862,0.2382,0.7576,1.9513,0.8434,0.1483,0.7025,0.6543,0.7484,1,1,0,0
SE-005,2024,40,Backend,Mid-Level,4,9,7,40,36,0.8006,0.7797,0.8943,0.7852,0.3031,0.1897,0.7778,2.0398,0.9008,0.1605,0.6835,0.7021,0.7552,0,1,0,0
SE-005,2024,41,Backend,Mid-Level,4,13,11,21,39,0.8477,0.7445,0.9107,0.7098,0.3448,0.2161,0.7903,1.8934,0.844,0.0788,0.7547,0.6011,0.7522,0,0,0,0
SE-005,2024,42,Backend,Mid-Level,4,8,6,36,41,0.7627,0.7829,0.9581,0.7094,0.3879,0.258,0.7453,2.2965,0.9027,0.1205,0.7639,0.6169,0.7883,1,0,0,0
SE-005,2024,43,Backend,Mid-Level,4,6,5,21,32,0.8537,0.732,0.9397,0.7312,0.2921,0.2022,0.7863,1.8372,0.7341,0.0737,0.6896,0.5551,0.7813,0,1,0,0
SE-005,2024,44,Backend,Mid-Level,4,7,6,22,43,0.8032,0.7359,0.9954,0.727,0.294,0.165,0.7429,2.2011,1.0445,0.1479,0.7033,0.6801,0.8198,0,0,0,0
SE-005,2024,45,Backend,Mid-Level,4,8,6,15,36,0.7739,0.7708,0.9608,0.7088,0.2959,0.2245,0.8241,1.9886,0.7746,0.081,0.7045,0.7259,0.7639,0,0,0,0
SE-005,2024,46,Backend,Mid-Level,4,12,10,14,36,0.8553,0.7757,0.9551,0.6909,0.3595,0.1416,0.766,1.9501,0.8847,0.1494,0.6749,0.5796,0.8017,1,0,0,1
SE-005,2024,47,Backend,Mid-Level,4,6,5,29,38,0.8248,0.6875,1.1132,0.7126,0.3172,0.1469,0.8353,1.6711,0.8844,0.101,0.7275,0.6917,0.7246,0,0,0,1
SE-005,2024,48,Backend,Mid-Level,4,12,11,37,36,0.9031,0.7672,1.063,0.707,0.3862,0.2073,0.771,1.9051,0.6835,0.1515,0.7713,0.6516,0.7987,0,0,0,0
SE-005,2024,49,Backend,Mid-Level,4,14,11,12,45,0.7581,0.7536,0.9673,0.7296,0.3859,0.2279,0.7444,1.6597,0.9928,0.1932,0.7363,0.6813,0.792,0,0,1,1
SE-005,2024,50,Backend,Mid-Level,4,12,10,26,30,0.8568,0.7386,1.0019,0.706,0.3685,0.1838,0.7613,2.0402,0.7795,0.1089,0.7698,0.678,0.7926,0,1,0,1
SE-005,2024,51,Backend,Mid-Level,4,8,7,25,38,0.8733,0.7469,1.0295,0.6655,0.3137,0.2011,0.8197,1.5685,0.9059,0.1305,0.8056,0.6685,0.7324,0,0,0,0
SE-005,2024,52,Backend,Mid-Level,4,7,6,16,36,0.8578,0.7101,1.0017,0.7155,0.4226,0.1727,0.7086,2.0647,0.9787,0.1555,0.7281,0.6141,0.747,0,0,0,0
SE-009,2024,1,Backend,Mid-Level,3,7,5,15,38,0.742,0.7868,0.9917,0.6775,0.4388,0.2478,0.7042,1.6031,0.8374,0.1168,0.6677,0.6531,0.7933,0,0,0,1
SE-009,2024,2,Backend,Mid-Level,3,8,6,22,42,0.8046,0.7567,0.8791,0.7082,0.4259,0.2042,0.7529,1.9799,0.889,0.1197,0.7359,0.6195,0.7624,0,0,0,1
SE-009,2024,3,Backend,Mid-Level,3,11,8,20,41,0.7639,0.7536,0.9133,0.748,0.3118,0.1933,0.6955,1.8539,0.9265,0.1116,0.6738,0.6114,0.7956,1,0,0,0
SE-009,2024,4,Backend,Mid-Level,3,14,12,34,40,0.8379,0.7037,0.8905,0.714,0.3656,0.279,0.7745,1.8594,1.0072,0.1688,0.6982,0.6494,0.7647,0,0,0,0
SE-009,2024,5,Backend,Mid-Level,3,14,11,11,42,0.7795,0.7178,0.9227,0.6313,0.3696,0.1369,0.6833,1.8721,0.9279,0.1531,0.6908,0.7152,0.7726,0,0,0,0
SE-009,2024,6,Backend,Mid-Level,3,11,9,30,33,0.8424,0.7557,1.0002,0.6951,0.3161,0.2423,0.7213,1.7258,0.876,0.1619,0.7611,0.6179,0.7133,0,0,0,1
SE-009,2024,7,Backend,Mid-Level,3,11,9,15,35,0.8126,0.739,0.9367,0.6642,0.4044,0.175,0.7087,1.8891,0.8307,0.1122,0.7002,0.578,0.756,0,1,0,1
SE-009,2024,8,Backend,Mid-Level,3,7,5,26,43,0.7736,0.8006,0.9324,0.6933,0.4633,0.2209,0.6943,2.1231,0.9953,0.1409,0.6585,0.6035,0.7394,0,0,0,0
SE-009,2024,9,Backend,Mid-Level,3,8,6,40,41,0.7551,0.7349,0.8661,0.7389,0.3036,0.2348,0.7217,1.888,0.9862,0.1438,0.7112,0.6168,0.7701,0,1,0,0
SE-009,2024,10,Backend,Mid-Level,3,6,5,23,41,0.7906,0.78,0.8788,0.7153,0.3887,0.2032,0.709,1.9061,0.9381,0.1233,0.6512,0.6428,0.7472,1,0,0,0
SE-009,2024,11,Backend,Mid-Level,3,14,11,37,46,0.7945,0.6603,0.9247,0.6858,0.3882,0.2351,0.8242,2.2135,0.9963,0.1687,0.6826,0.6565,0.7263,0,1,1,1
SE-009,2024,12,Backend,Mid-Level,3,9,7,22,43,0.7719,0.7289,0.9375,0.7082,0.4236,0.1962,0.7645,1.9478,0.9132,0.1189,0.6367,0.6794,0.7617,0,1,0,0
SE-009,2024,13,Backend,Mid-Level,3,11,9,22,31,0.8379,0.7908,1.0428,0.7131,0.3041,0.1522,0.7177,1.8931,0.7957,0.1167,0.6464,0.6624,0.7134,1,1,0,1
SE-009,2024,14,Backend,Mid-Level,3,8,6,11,43,0.7862,0.7286,1.0213,0.7121,0.3144,0.204,0.7576,2.1239,0.8377,0.1173,0.6861,0.6783,0.6967,0,0,0,0
SE-009,2024,15,Backend,Mid-Level,3,11,8,29,30,0.7661,0.7982,0.9783,0.6775,0.4538,0.2114,0.7081,1.8902,0.7964,0.142,0.739,0.5931,0.7504,0,1,0,0
SE-009,2024,16,Backend,Mid-Level,3,12,9,36,40,0.7271,0.7857,1.0166,0.7119,0.4142,0.1748,0.7732,1.8032,0.9704,0.1314,0.7602,0.6699,0.7715,1,0,0,0
SE-009,2024,17,Backend,Mid-Level,3,14,11,15,39,0.7751,0.696,0.9504,0.6144,0.4612,0.2584,0.7226,2.2906,0.9634,0.1443,0.7012,0.7094,0.7391,0,1,0,0
SE-009,2024,18,Backend,Mid-Level,3,9,7,22,37,0.7721,0.6879,1.0272,0.6606,0.3322,0.1913,0.7902,1.9469,0.8531,0.097,0.7048,0.6413,0.759,0,0,0,0
SE-009,2024,19,Backend,Mid-Level,3,13,10,18,45,0.7455,0.7791,1.0512,0.7341,0.3485,0.2561,0.7579,2.1646,0.98,0.1401,0.7518,0.6778,0.7875,0,1,1,0
SE-009,2024,20,Backend,Mid-Level,3,12,11,39,35,0.892,0.821,1.1033,0.6861,0.3661,0.2391,0.7335,1.9251,0.8836,0.1152,0.7899,0.601,0.7729,1,0,1,0
SE-009,2024,21,Backend,Mid-Level,3,12,10,19,43,0.8613,0.7683,0.9851,0.7434,0.2977,0.2344,0.8042,1.8967,0.9238,0.096,0.713,0.6908,0.7441,1,1,0,0
SE-009,2024,22,Backend,Mid-Level,3,8,6,13,34,0.7367,0.7598,0.9539,0.7013,0.4378,0.1836,0.7656,1.8284,0.7498,0.1047,0.6647,0.6416,0.6575,0,0,0,1
SE-009,2024,23,Backend,Mid-Level,3,6,4,13,37,0.7324,0.7235,1.1027,0.7438,0.3514,0.2673,0.7602,1.9128,0.8045,0.1583,0.6795,0.6753,0.7135,1,1,0,0
SE-009,2024,24,Backend,Mid-Level,3,7,6,39,29,0.7954,0.7897,1.0106,0.6482,0.3579,0.1745,0.6965,2.3952,0.7567,0.1545,0.7279,0.6465,0.7311,0,1,0,1
SE-009,2024,25,Backend,Mid-Level,3,12,9,36,42,0.7409,0.7167,0.8999,0.6682,0.4281,0.2491,0.6576,2.2453,1.0315,0.1246,0.7005,0.6687,0.7513,0,0,1,0
SE-009,2024,26,Backend,Mid-Level,3,6,5,39,38,0.7954,0.7317,0.9495,0.6944,0.3323,0.2282,0.7794,2.2537,0.9368,0.1227,0.7316,0.6187,0.7304,0,0,0,0
SE-009,2024,27,Backend,Mid-Level,3,13,10,25,38,0.7811,0.7898,0.9461,0.6908,0.3136,0.2531,0.7387,1.8426,1.0086,0.1857,0.6773,0.5723,0.7208,0,1,0,0
SE-009,2024,28,Backend,Mid-Level,3,7,6,31,35,0.8391,0.6945,0.8414,0.7354,0.2749,0.1992,0.7654,1.9918,0.9273,0.0833,0.6925,0.5567,0.7746,0,0,0,1
SE-009,2024,29,Backend,Mid-Level,3,8,6,17,33,0.7376,0.7389,0.8532,0.6596,0.3055,0.199,0.7052,1.9317,0.8246,0.0649,0.704,0.585,0.6851,0,0,0,0
SE-009,2024,30,Backend,Mid-Level,3,8,6,14,41,0.7656,0.7856,0.9088,0.7107,0.31,0.2226,0.7724,2.4262,0.9671,0.1665,0.6848,0.6081,0.8084,0,1,1,0
SE-009,2024,31,Backend,Mid-Level,3,14,10,28,39,0.7379,0.7451,0.9074,0.6729,0.45,0.1919,0.7687,2.1298,0.8526,0.1589,0.6681,0.6442,0.6558,0,1,0,1
SE-009,2024,32,Backend,Mid-Level,3,8,6,31,30,0.7865,0.7262,1.0227,0.6663,0.3646,0.2251,0.7757,1.9978,0.7958,0.176,0.7184,0.5994,0.7541,0,0,0,0
SE-009,2024,33,Backend,Mid-Level,3,6,5,39,39,0.7852,0.6993,0.9941,0.7177,0.4069,0.2128,0.8252,2.1473,0.9682,0.1382,0.7106,0.5451,0.7051,1,1,0,0
SE-009,2024,34,Backend,Mid-Level,3,14,11,25,49,0.7904,0.7976,0.9508,0.7857,0.3961,0.1852,0.7297,1.9235,0.8527,0.1376,0.7039,0.6495,0.7173,0,0,1,0
SE-009,2024,35,Backend,Mid-Level,3,7,5,36,39,0.7357,0.6458,1.0278,0.645,0.3338,0.2518,0.7513,1.9582,0.8876,0.135,0.6516,0.6084,0.7811,0,0,1,1
SE-009,2024,36,Backend,Mid-Level,3,7,5,27,37,0.7318,0.6844,0.9483,0.6927,0.324,0.216,0.8206,2.2952,0.9904,0.1251,0.6374,0.6701,0.7672,0,0,0,0
SE-009,2024,37,Backend,Mid-Level,3,6,5,40,36,0.832,0.7405,1.0361,0.7195,0.3385,0.2499,0.659,2.1128,0.8503,0.1451,0.7421,0.6192,0.7449,0,1,0,0
SE-009,2024,38,Backend,Mid-Level,3,10,8,21,37,0.7833,0.7197,0.8669,0.6747,0.3245,0.1972,0.7652,1.9705,0.8706,0.1281,0.7574,0.6583,0.6197,0,1,1,0
SE-009,2024,39,Backend,Mid-Level,3,14,10,34,39,0.7166,0.742,0.9989,0.7289,0.3813,0.2285,0.7909,1.8399,0.81,0.0612,0.7445,0.6132,0.8194,0,0,0,0
SE-009,2024,40,Backend,Mid-Level,3,11,9,39,38,0.8199,0.6815,0.9542,0.7184,0.3754,0.2197,0.7755,2.0298,0.825,0.132,0.6778,0.69,0.7825,0,0,0,1
SE-009,2024,41,Backend,Mid-Level,3,9,7,28,31,0.8184,0.7897,0.9351,0.6505,0.3511,0.1734,0.6469,1.8822,0.8402,0.1073,0.7456,0.6225,0.7269,0,1,0,0
SE-009,2024,42,Backend,Mid-Level,3,10,8,33,32,0.7604,0.795,1.056,0.7417,0.3332,0.2133,0.7067,1.948,0.7042,0.1165,0.6917,0.6514,0.7792,0,0,0,0
SE-009,2024,43,Backend,Mid-Level,3,8,7,27,39,0.8188,0.7798,0.9058,0.7341,0.3238,0.2421,0.6802,1.9437,0.8631,0.121,0.6532,0.5889,0.7508,1,0,1,0
SE-009,2024,44,Backend,Mid-Level,3,14,11,13,33,0.7778,0.7277,1.0037,0.6673,0.2945,0.2204,0.7098,1.9349,0.8854,0.0937,0.7518,0.6571,0.7694,0,1,0,1
SE-009,2024,45,Backend,Mid-Level,3,7,5,27,40,0.7243,0.7101,0.8555,0.7437,0.4178,0.2126,0.8019,2.4636,0.9657,0.1965,0.6973,0.7613,0.7768,0,0,0,0
SE-009,2024,46,Backend,Mid-Level,3,10,8,39,35,0.7825,0.6719,1.0295,0.6751,0.3977,0.21,0.7953,1.9307,0.8791,0.098,0.6189,0.6352,0.7074,0,0,0,1
SE-009,2024,47,Backend,Mid-Level,3,8,6,30,43,0.8015,0.7362,1.0266,0.6804,0.2999,0.1964,0.7111,1.5959,1.02,0.1387,0.7214,0.668,0.7207,0,0,0,1
SE-009,2024,48,Backend,Mid-Level,3,9,7,39,33,0.7888,0.7371,1.0016,0.6848,0.3249,0.2651,0.8551,1.7077,0.849,0.2056,0.6743,0.6793,0.7294,1,1,0,0
SE-009,2024,49,Backend,Mid-Level,3,10,8,12,36,0.8124,0.7006,0.9295,0.7083,0.4374,0.2255,0.7969,2.0697,0.8835,0.1749,0.7327,0.6267,0.7907,1,0,0,1
SE-009,2024,50,Backend,Mid-Level,3,12,9,38,40,0.785,0.7926,0.8934,0.7464,0.3521,0.2427,0.7566,1.9725,0.8878,0.0663,0.7157,0.6575,0.8002,0,0,0,1
SE-009,2024,51,Backend,Mid-Level,3,14,11,14,39,0.7973,0.7361,1.0424,0.6482,0.4042,0.2239,0.793,2.2523,0.8497,0.2072,0.7112,0.6776,0.7868,0,0,0,0
SE-009,2024,52,Backend,Mid-Level,3,7,6,30,40,0.8016,0.7903,0.9857,0.7113,0.2495,0.2569,0.7067,1.845,0.9251,0.1807,0.6854,0.6178,0.7441,0,0,0,0
SE-004,2024,1,DevOps,Mid-Level,4,11,9,29,42,0.8023,0.788,0.9869,0.6994,0.3488,0.2334,0.732,1.7799,0.9222,0.0865,0.7604,0.6646,0.8374,0,0,0,0
SE-004,2024,2,DevOps,Mid-Level,4,7,6,36,35,0.8635,0.7248,0.9486,0.6463,0.2416,0.1819,0.7529,1.9691,0.817,0.1389,0.7157,0.6498,0.7842,0,0,0,1
SE-004,2024,3,DevOps,Mid-Level,4,14,11,38,43,0.8109,0.7989,0.9627,0.7245,0.2887,0.1664,0.7601,1.8613,0.9535,0.0995,0.7154,0.6985,0.7855,0,1,0,0
SE-004,2024,4,DevOps,Mid-Level,4,6,4,30,33,0.738,0.7617,0.8883,0.7164,0.3483,0.2185,0.7592,1.8878,0.9183,0.1695,0.7635,0.6606,0.7029,0,0,0,0
SE-004,2024,5,DevOps,Mid-Level,4,13,10,36,38,0.7584,0.7848,1.0381,0.7351,0.2503,0.2047,0.8082,2.0736,0.9579,0.1759,0.7348,0.6569,0.7609,1,0,0,1
SE-004,2024,6,DevOps,Mid-Level,4,11,10,29,38,0.8871,0.8034,1.0001,0.6819,0.2971,0.1621,0.7569,1.9972,0.8399,0.1383,0.7123,0.7253,0.715,0,1,0,0
SE-004,2024,7,DevOps,Mid-Level,4,10,8,19,36,0.8234,0.79,1.0576,0.7443,0.2671,0.1803,0.7863,1.6383,0.796,0.1466,0.839,0.7067,0.786,0,0,0,0
SE-004,2024,8,DevOps,Mid-Level,4,12,10,13,40,0.8386,0.7442,0.9634,0.6623,0.3849,0.1775,0.8052,1.9894,0.9285,0.1585,0.7094,0.645,0.7989,0,0,0,0
SE-004,2024,9,DevOps,Mid-Level,4,11,9,15,35,0.8339,0.7581,0.9506,0.7329,0.2878,0.1965,0.8186,2.0142,0.9277,0.0848,0.7271,0.6992,0.7182,0,0,0,0
SE-004,2024,10,DevOps,Mid-Level,4,14,11,28,41,0.7916,0.8134,1.0519,0.7528,0.2468,0.2082,0.7428,2.2534,0.9499,0.1709,0.6692,0.6501,0.8645,0,0,0,1
SE-004,2024,11,DevOps,Mid-Level,4,13,11,10,43,0.8432,0.7466,0.9446,0.7118,0.3002,0.208,0.7303,1.5727,0.9115,0.1042,0.7247,0.7101,0.7969,0,1,0,1
SE-004,2024,12,DevOps,Mid-Level,4,13,10,21,34,0.779,0.7787,1.016,0.6991,0.321,0.2132,0.7664,2.0747,0.8603,0.1755,0.7967,0.6994,0.851,0,1,0,0
SE-004,2024,13,DevOps,Mid-Level,4,11,9,28,47,0.8384,0.7169,0.9262,0.6997,0.2723,0.1752,0.7355,1.8138,1.132,0.1716,0.7411,0.6629,0.6858,0,1,0,0
SE-004,2024,14,DevOps,Mid-Level,4,6,5,25,37,0.8683,0.8282,0.8887,0.7566,0.1785,0.2059,0.8295,2.1209,0.8994,0.1163,0.7285,0.6921,0.7529,0,0,1,0
SE-004,2024,15,DevOps,Mid-Level,4,14,11,15,33,0.8113,0.7888,1.0812,0.6522,0.3375,0.1697,0.7923,1.6859,0.7246,0.101,0.7823,0.6541,0.7854,0,1,0,0
SE-004,2024,16,DevOps,Mid-Level,4,11,9,29,39,0.8449,0.7784,0.9408,0.7368,0.3953,0.1357,0.8702,1.9271,0.9218,0.0999,0.713,0.7461,0.7904,0,0,0,0
SE-004,2024,17,DevOps,Mid-Level,4,6,4,10,42,0.7418,0.823,0.8808,0.7625,0.3314,0.1949,0.7577,1.9606,1.0852,0.1157,0.7172,0.6853,0.7807,0,1,0,0
SE-004,2024,18,DevOps,Mid-Level,4,9,7,40,37,0.8085,0.7732,0.8678,0.6659,0.3642,0.184,0.7606,1.9856,0.9087,0.1079,0.7716,0.6917,0.8011,0,1,0,0
SE-004,2024,19,DevOps,Mid-Level,4,12,10,33,35,0.8051,0.8173,1.0191,0.6677,0.2895,0.1698,0.7594,1.9801,0.8717,0.1556,0.7896,0.6233,0.7481,0,0,0,0
SE-004,2024,20,DevOps,Mid-Level,4,10,9,19,40,0.8965,0.7839,0.8361,0.7053,0.4153,0.2077,0.8439,1.7522,0.9293,0.1725,0.7358,0.7163,0.7747,0,1,0,0
SE-004,2024,21,DevOps,Mid-Level,4,6,5,28,36,0.8848,0.7893,0.9661,0.7296,0.3877,0.1658,0.7825,1.8077,0.8833,0.1576,0.7273,0.6419,0.7819,0,0,0,1
SE-004,2024,22,DevOps,Mid-Level,4,10,8,31,39,0.8044,0.7708,0.9151,0.7473,0.2931,0.1564,0.8038,1.7506,0.9337,0.1358,0.6879,0.6514,0.7787,1,0,0,0
SE-004,2024,23,DevOps,Mid-Level,4,10,9,20,41,0.871,0.7803,0.878,0.7063,0.2979,0.1741,0.767,1.9885,0.9402,0.1237,0.7508,0.7027,0.8085,0,0,1,0
SE-004,2024,24,DevOps,Mid-Level,4,14,11,25,37,0.8139,0.7735,1.051,0.7218,0.3451,0.1545,0.7795,1.8844,0.848,0.0672,0.7295,0.7055,0.8535,0,0,0,0
SE-004,2024,25,DevOps,Mid-Level,4,12,10,34,36,0.8574,0.7849,1.0334,0.7045,0.2677,0.2009,0.8162,1.7498,0.827,0.1224,0.753,0.6993,0.7256,0,0,1,0
SE-004,2024,26,DevOps,Mid-Level,4,9,8,38,36,0.8845,0.7668,0.9602,0.8055,0.272,0.2019,0.7732,1.7735,0.9279,0.1652,0.7382,0.7189,0.7407,1,1,0,1
SE-004,2024,27,DevOps,Mid-Level,4,7,6,39,45,0.821,0.8,1.0799,0.7231,0.2136,0.1684,0.6403,1.7748,0.9971,0.1682,0.7214,0.6302,0.7861,0,0,1,0
SE-004,2024,28,DevOps,Mid-Level,4,13,10,21,40,0.7766,0.749,0.9626,0.7873,0.3611,0.1657,0.7198,1.8957,0.8732,0.0965,0.7213,0.6701,0.8813,0,0,0,0
SE-004,2024,29,DevOps,Mid-Level,4,14,11,35,43,0.8204,0.8541,0.938,0.7253,0.3319,0.1074,0.8176,2.0238,1.0456,0.1237,0.7887,0.6254,0.7578,0,0,0,0
SE-004,2024,30,DevOps,Mid-Level,4,14,12,25,34,0.8325,0.7701,0.8883,0.6782,0.3351,0.1978,0.8007,2.0454,0.7268,0.1368,0.7053,0.6685,0.7957,0,0,0,0
SE-004,2024,31,DevOps,Mid-Level,4,11,9,22,38,0.7735,0.7689,0.9809,0.7099,0.3272,0.1605,0.8864,1.7307,0.9229,0.1363,0.6917,0.7051,0.8935,1,1,1,0
SE-004,2024,32,DevOps,Mid-Level,4,9,7,36,34,0.7549,0.7532,1.0044,0.6678,0.2718,0.1677,0.8264,2.0722,0.883,0.1266,0.726,0.6675,0.7931,1,0,0,0
SE-004,2024,33,DevOps,Mid-Level,4,10,8,20,38,0.811,0.8163,1.0342,0.7076,0.241,0.2118,0.8401,1.6065,0.7864,0.1164,0.7886,0.6899,0.8374,0,0,0,0
SE-004,2024,34,DevOps,Mid-Level,4,11,9,31,41,0.835,0.8159,0.9345,0.7262,0.3772,0.1892,0.8124,2.0207,0.9231,0.1337,0.7652,0.6256,0.8088,1,1,0,1
SE-004,2024,35,DevOps,Mid-Level,4,6,5,13,35,0.791,0.8095,0.9504,0.6931,0.3862,0.1689,0.762,1.8604,0.7969,0.0987,0.7745,0.7141,0.7833,1,0,0,0
SE-004,2024,36,DevOps,Mid-Level,4,14,12,33,32,0.8335,0.7917,1.0222,0.7815,0.3488,0.1639,0.776,2.1006,0.8381,0.1573,0.7737,0.7016,0.7304,0,0,0,0
SE-004,2024,37,DevOps,Mid-Level,4,14,11,34,39,0.7917,0.7449,0.9309,0.8031,0.3007,0.1494,0.824,1.5628,1.0466,0.1531,0.7516,0.6918,0.8933,0,0,0,1
SE-004,2024,38,DevOps,Mid-Level,4,11,9,20,31,0.8093,0.7547,1.0526,0.697,0.3103,0.1471,0.7461,2.1766,0.7981,0.137,0.7504,0.7175,0.7857,0,0,0,0
SE-004,2024,39,DevOps,Mid-Level,4,13,11,20,42,0.8277,0.7189,0.881,0.7426,0.3594,0.1709,0.7996,1.8591,0.8532,0.122,0.7395,0.7282,0.7957,0,0,0,1
SE-004,2024,40,DevOps,Mid-Level,4,8,7,11,42,0.853,0.786,0.9885,0.7515,0.2395,0.18,0.7888,2.2338,0.9498,0.1799,0.7386,0.6012,0.7404,1,1,0,0
SE-004,2024,41,DevOps,Mid-Level,4,14,12,22,37,0.8604,0.7703,0.9603,0.6784,0.3202,0.1771,0.7689,1.9209,0.8821,0.1654,0.7964,0.6871,0.8168,0,0,0,0
SE-004,2024,42,DevOps,Mid-Level,4,12,9,29,39,0.7484,0.7804,1.0047,0.6771,0.4058,0.1658,0.7652,2.1169,0.8143,0.05,0.6907,0.646,0.8347,0,0,1,0
SE-004,2024,43,DevOps,Mid-Level,4,12,9,16,38,0.7259,0.8442,0.9892,0.7016,0.2765,0.1681,0.7396,1.4769,0.8652,0.159,0.7359,0.6639,0.8331,0,0,0,0
SE-004,2024,44,DevOps,Mid-Level,4,9,7,12,35,0.7669,0.8527,0.9321,0.7186,0.2429,0.1245,0.7958,1.7577,0.9411,0.2012,0.7658,0.6614,0.7374,1,0,0,0
SE-004,2024,45,DevOps,Mid-Level,4,8,6,16,37,0.7937,0.7679,1.0592,0.6185,0.3417,0.1737,0.7318,1.8038,0.8943,0.0643,0.7995,0.6422,0.7997,0,1,1,0
SE-004,2024,46,DevOps,Mid-Level,4,13,10,31,35,0.7917,0.825,0.9843,0.7485,0.3576,0.1836,0.7649,1.869,0.7988,0.1177,0.7449,0.6352,0.7779,0,1,0,0
SE-004,2024,47,DevOps,Mid-Level,4,11,9,35,42,0.7986,0.8332,0.9705,0.7492,0.2354,0.2429,0.8512,2.2106,0.9059,0.1363,0.7528,0.6143,0.7976,1,0,0,0
SE-004,2024,48,DevOps,Mid-Level,4,13,11,13,41,0.8607,0.735,0.945,0.7343,0.3028,0.1638,0.8771,1.8263,0.8801,0.1937,0.8035,0.7443,0.8147,0,1,0,0
SE-004,2024,49,DevOps,Mid-Level,4,6,5,31,35,0.7731,0.7926,0.9842,0.7453,0.3243,0.1779,0.7938,1.5354,0.8661,0.0931,0.6838,0.7388,0.8382,0,0,0,0
SE-004,2024,50,DevOps,Mid-Level,4,9,7,12,34,0.8179,0.7613,1.0664,0.6997,0.2935,0.2007,0.8341,2.0003,0.8347,0.1217,0.716,0.5775,0.7713,0,0,0,0
SE-004,2024,51,DevOps,Mid-Level,4,9,8,36,41,0.8397,0.8401,0.9696,0.7623,0.3973,0.173,0.7354,2.1141,0.8818,0.18,0.7571,0.6855,0.771,0,0,0,0
SE-004,2024,52,DevOps,Mid-Level,4,9,7,38,41,0.81,0.8273,1.1125,0.7542,0.3308,0.2162,0.8246,2.3165,0.8759,0.1991,0.8126,0.6835,0.8041,0,0,0,0
SE-028,2024,1,DevOps,Mid-Level,4,12,9,21,32,0.7675,0.7416,0.7969,0.6992,0.385,0.192,0.7035,2.072,0.9073,0.1432,0.749,0.6841,0.7626,0,1,0,0
SE-028,2024,2,DevOps,Mid-Level,4,8,7,24,39,0.8318,0.8912,0.9013,0.6304,0.316,0.2338,0.751,1.7134,0.873,0.1366,0.7206,0.6776,0.679,0,1,0,1
SE-028,2024,3,DevOps,Mid-Level,4,7,5,15,40,0.7258,0.8219,1.0109,0.8121,0.3535,0.1954,0.8024,1.9706,0.9799,0.1563,0.736,0.647,0.696,0,1,0,0
SE-028,2024,4,DevOps,Mid-Level,4,14,10,16,40,0.7276,0.8081,0.9743,0.65,0.3312,0.1838,0.8101,2.0291,0.8664,0.1279,0.7031,0.6416,0.7817,0,0,0,0
SE-028,2024,5,DevOps,Mid-Level,4,7,5,33,41,0.7573,0.7749,0.9098,0.7327,0.4497,0.2491,0.7215,1.5969,0.8377,0.0534,0.7029,0.6018,0.6418,0,0,0,0
SE-028,2024,6,DevOps,Mid-Level,4,8,7,22,39,0.8241,0.7499,0.9607,0.7238,0.4035,0.2327,0.798,2.068,0.8458,0.065,0.7501,0.6278,0.7417,0,0,1,1
SE-028,2024,7,DevOps,Mid-Level,4,8,7,24,41,0.8224,0.8028,0.9365,0.6405,0.2829,0.2058,0.845,1.5713,1.0343,0.1548,0.7625,0.6638,0.7181,0,1,0,1
SE-028,2024,8,DevOps,Mid-Level,4,10,8,10,37,0.7989,0.7177,0.8926,0.7711,0.4641,0.1978,0.7282,1.7357,0.8957,0.1116,0.7773,0.663,0.7791,0,1,0,0
SE-028,2024,9,DevOps,Mid-Level,4,10,8,40,41,0.7702,0.7545,1.1045,0.7662,0.2646,0.2545,0.7601,1.5026,0.9127,0.1174,0.7155,0.6176,0.7671,0,0,1,0
SE-028,2024,10,DevOps,Mid-Level,4,8,7,20,36,0.8387,0.8228,0.9725,0.6554,0.3495,0.1598,0.715,1.701,0.9662,0.1432,0.6732,0.5443,0.7429,1,1,0,0
SE-028,2024,11,DevOps,Mid-Level,4,13,10,19,40,0.7975,0.7857,0.8998,0.6832,0.4161,0.2288,0.8067,1.8541,0.8746,0.1919,0.7277,0.7133,0.8189,0,0,0,0
SE-028,2024,12,DevOps,Mid-Level,4,9,8,36,36,0.8412,0.7256,0.9203,0.64,0.3617,0.229,0.7133,1.5844,0.8994,0.1285,0.7426,0.6287,0.7654,0,0,0,0
SE-028,2024,13,DevOps,Mid-Level,4,8,6,18,36,0.7568,0.714,0.9547,0.6885,0.4211,0.2414,0.7154,2.0317,0.8256,0.1219,0.7278,0.6228,0.7358,0,0,0,1
SE-028,2024,14,DevOps,Mid-Level,4,10,8,12,31,0.8017,0.7779,0.9205,0.7387,0.3791,0.2469,0.8047,1.6668,0.791,0.1342,0.7702,0.6615,0.7005,1,0,0,0
SE-028,2024,15,DevOps,Mid-Level,4,8,6,14,36,0.7858,0.755,0.9148,0.6572,0.3467,0.1966,0.7189,2.0233,0.8798,0.1327,0.7851,0.6843,0.7196,0,0,0,1
SE-028,2024,16,DevOps,Mid-Level,4,12,10,35,40,0.8303,0.8181,0.8425,0.7603,0.341,0.2024,0.7618,1.9848,0.8995,0.1362,0.7448,0.6275,0.6929,0,0,0,1
SE-028,2024,17,DevOps,Mid-Level,4,6,5,30,40,0.8142,0.7483,1.0358,0.6759,0.3526,0.2165,0.8035,2.0694,0.8883,0.118,0.7131,0.674,0.7572,1,0,0,0
SE-028,2024,18,DevOps,Mid-Level,4,14,12,37,34,0.8465,0.8253,1.0088,0.7666,0.2894,0.2134,0.7348,2.5347,0.8713,0.1219,0.7482,0.655,0.7836,0,0,1,0
SE-028,2024,19,DevOps,Mid-Level,4,11,9,37,38,0.782,0.7388,0.9305,0.7578,0.263,0.1947,0.7522,1.9822,0.7458,0.1234,0.6816,0.6533,0.7716,0,0,1,0
SE-028,2024,20,DevOps,Mid-Level,4,10,8,19,37,0.785,0.7814,0.9799,0.7875,0.3151,0.2259,0.7168,2.3638,0.8028,0.1592,0.6869,0.7123,0.7585,0,0,0,0
SE-028,2024,21,DevOps,Mid-Level,4,10,8,38,39,0.7587,0.7459,0.9585,0.6633,0.3539,0.1736,0.7714,1.8433,0.9832,0.1707,0.6668,0.6745,0.7067,0,0,1,1
SE-028,2024,22,DevOps,Mid-Level,4,8,6,17,34,0.7362,0.6977,0.9195,0.6403,0.257,0.2115,0.7691,1.8679,0.8015,0.1284,0.7384,0.6797,0.8316,1,1,0,0
SE-028,2024,23,DevOps,Mid-Level,4,9,7,16,35,0.8,0.7862,0.986,0.7713,0.3498,0.2305,0.6934,1.8223,0.7714,0.1118,0.726,0.6735,0.7421,0,1,0,1
SE-028,2024,24,DevOps,Mid-Level,4,13,11,24,38,0.8435,0.7367,0.963,0.7556,0.3589,0.1611,0.7201,2.0424,0.8272,0.1564,0.6636,0.6559,0.7474,0,1,0,1
SE-028,2024,25,DevOps,Mid-Level,4,11,9,31,34,0.7973,0.6948,0.9073,0.7083,0.3392,0.1941,0.7494,1.8525,0.9561,0.1668,0.7325,0.6619,0.8016,0,0,0,0
SE-028,2024,26,DevOps,Mid-Level,4,8,6,33,41,0.7818,0.743,0.9432,0.6906,0.3657,0.2252,0.7187,2.2188,0.9264,0.1566,0.7316,0.6716,0.8497,1,1,0,0
SE-028,2024,27,DevOps,Mid-Level,4,7,6,22,41,0.8248,0.7555,1.0203,0.6942,0.2984,0.183,0.769,1.8919,0.8284,0.1073,0.7127,0.6825,0.7005,0,0,0,0
SE-028,2024,28,DevOps,Mid-Level,4,8,6,15,36,0.8056,0.7992,0.9628,0.6672,0.1039,0.2413,0.7218,1.8189,0.8113,0.1224,0.6846,0.64,0.7395,0,0,0,0
SE-028,2024,29,DevOps,Mid-Level,4,11,8,13,40,0.7669,0.7226,0.9428,0.6472,0.348,0.1882,0.7403,1.7643,0.8717,0.1307,0.7841,0.6419,0.7803,0,0,0,0
SE-028,2024,30,DevOps,Mid-Level,4,11,8,38,39,0.7655,0.7572,1.0272,0.6977,0.3959,0.2009,0.7546,2.2912,0.8844,0.1458,0.6992,0.6734,0.7275,0,1,0,0
SE-028,2024,31,DevOps,Mid-Level,4,13,11,19,37,0.8586,0.7486,1.006,0.6827,0.4424,0.2215,0.6939,1.8731,0.8164,0.0536,0.7245,0.7047,0.7148,1,0,0,0
SE-028,2024,32,DevOps,Mid-Level,4,9,7,19,37,0.7496,0.7606,1.0227,0.6987,0.3883,0.248,0.7678,2.2635,0.909,0.1692,0.7042,0.6661,0.7434,0,0,0,0
SE-028,2024,33,DevOps,Mid-Level,4,9,8,21,34,0.8356,0.7947,0.964,0.7607,0.3515,0.2406,0.7347,1.8301,0.8513,0.0936,0.7255,0.6865,0.8124,0,0,0,0
SE-028,2024,34,DevOps,Mid-Level,4,12,10,26,42,0.8161,0.7665,1.0277,0.683,0.3493,0.1911,0.7355,2.1346,0.9777,0.1485,0.6986,0.6662,0.7947,0,0,0,0
SE-028,2024,35,DevOps,Mid-Level,4,14,11,27,43,0.807,0.7645,1.0094,0.6952,0.3142,0.1883,0.7341,2.0342,1.0025,0.1098,0.7493,0.6136,0.7455,0,0,1,0
SE-028,2024,36,DevOps,Mid-Level,4,12,10,21,36,0.8,0.7964,0.9524,0.7661,0.3748,0.1961,0.7893,1.8977,0.7737,0.1182,0.7258,0.6838,0.7321,1,0,0,1
SE-028,2024,37,DevOps,Mid-Level,4,10,8,11,39,0.8378,0.7682,0.9201,0.717,0.2541,0.1546,0.6796,2.0858,0.8642,0.1137,0.7879,0.653,0.7628,1,0,0,0
SE-028,2024,38,DevOps,Mid-Level,4,9,7,37,40,0.7716,0.7657,0.8743,0.7359,0.3071,0.205,0.8003,2.0337,0.9601,0.1577,0.7284,0.6284,0.7946,0,1,0,0
SE-028,2024,39,DevOps,Mid-Level,4,9,7,22,38,0.8137,0.7746,0.9434,0.7052,0.3185,0.1686,0.7018,1.9921,0.9538,0.177,0.7583,0.5779,0.7104,0,1,0,0
SE-028,2024,40,DevOps,Mid-Level,4,8,6,26,43,0.7414,0.8017,0.953,0.6765,0.482,0.2478,0.8072,1.7217,0.9847,0.1142,0.7592,0.6512,0.7962,0,0,0,0
SE-028,2024,41,DevOps,Mid-Level,4,9,7,19,39,0.8037,0.7419,0.9271,0.6735,0.316,0.2161,0.7527,1.9116,0.853,0.1008,0.7337,0.637,0.7827,0,1,0,1
SE-028,2024,42,DevOps,Mid-Level,4,14,11,14,38,0.8169,0.7809,0.9869,0.743,0.3945,0.2246,0.7637,1.9938,0.8818,0.1366,0.733,0.7292,0.744,0,0,0,0
SE-028,2024,43,DevOps,Mid-Level,4,12,9,35,33,0.7541,0.8245,0.9053,0.7133,0.3616,0.2417,0.7588,1.8106,0.9157,0.1293,0.7651,0.6693,0.7409,0,0,0,0
SE-028,2024,44,DevOps,Mid-Level,4,6,5,16,36,0.8128,0.8001,0.9722,0.6908,0.413,0.139,0.7371,2.0543,0.7702,0.0899,0.7233,0.6981,0.7897,0,1,0,0
SE-028,2024,45,DevOps,Mid-Level,4,7,5,11,42,0.7794,0.8263,0.8988,0.7049,0.3276,0.2115,0.7419,2.0383,0.9265,0.1189,0.7153,0.7385,0.7561,0,1,0,0
SE-028,2024,46,DevOps,Mid-Level,4,8,7,29,39,0.8605,0.8559,1.0733,0.6684,0.3546,0.1985,0.7107,1.9198,0.8178,0.1453,0.6875,0.6727,0.8151,0,0,0,1
SE-028,2024,47,DevOps,Mid-Level,4,8,7,22,35,0.8594,0.82,0.9124,0.7383,0.3048,0.1978,0.7825,1.7731,0.8009,0.1865,0.7849,0.6796,0.7637,0,0,1,0
SE-028,2024,48,DevOps,Mid-Level,4,14,12,27,36,0.8621,0.8045,1.0112,0.7315,0.3079,0.1716,0.7839,2.0578,0.9213,0.1232,0.7683,0.7468,0.7353,0,0,0,0
SE-028,2024,49,DevOps,Mid-Level,4,12,9,32,42,0.71,0.7568,0.9688,0.7201,0.3353,0.1719,0.8032,2.1953,0.7886,0.1133,0.6911,0.6288,0.7294,0,1,1,0
SE-028,2024,50,DevOps,Mid-Level,4,7,6,28,40,0.8235,0.7472,0.9977,0.668,0.3727,0.2005,0.6314,1.6516,0.8889,0.1177,0.711,0.6135,0.7687,0,0,0,0
SE-028,2024,51,DevOps,Mid-Level,4,9,6,32,45,0.7172,0.7113,1.0326,0.7596,0.326,0.194,0.6835,2.3088,0.9893,0.1725,0.6582,0.6312,0.8219,0,0,0,1
SE-028,2024,52,DevOps,Mid-Level,4,10,8,19,41,0.7595,0.6933,0.9164,0.6431,0.3525,0.19,0.8361,1.915,0.884,0.1315,0.7225,0.6825,0.7989,0,1,0,0
SE-018,2024,1,Frontend,Mid-Level,4,12,9,16,33,0.7845,0.7331,1.0625,0.697,0.3247,0.2285,0.7462,2.1631,0.7549,0.1532,0.7353,0.6578,0.7867,0,0,0,1
SE-018,2024,2,Frontend,Mid-Level,4,10,7,33,40,0.7436,0.6857,0.9716,0.7018,0.3062,0.2428,0.8062,1.9009,0.9833,0.1508,0.7411,0.6443,0.8217,0,0,1,0
SE-018,2024,3,Frontend,Mid-Level,4,10,8,23,36,0.7881,0.7355,1.0103,0.7171,0.2726,0.1666,0.7353,1.7624,0.8865,0.1349,0.7255,0.5984,0.8063,0,1,1,0
SE-018,2024,4,Frontend,Mid-Level,4,10,8,33,49,0.8108,0.7558,0.9495,0.6158,0.3559,0.2057,0.7527,1.8003,1.076,0.2393,0.7573,0.7041,0.8117,0,0,1,0
SE-018,2024,5,Frontend,Mid-Level,4,12,9,32,42,0.7461,0.7565,0.9421,0.7668,0.3316,0.2097,0.8446,1.9332,0.9695,0.1464,0.707,0.6786,0.7723,0,1,0,0
SE-018,2024,6,Frontend,Mid-Level,4,13,10,34,46,0.78,0.7837,0.9929,0.6029,0.3453,0.1792,0.6985,1.9188,0.9924,0.1856,0.7503,0.674,0.7525,1,0,0,0
SE-018,2024,7,Frontend,Mid-Level,4,6,5,32,34,0.7914,0.7224,0.8685,0.6691,0.2725,0.241,0.7923,2.2467,0.8091,0.0962,0.776,0.6715,0.8809,0,1,0,0
SE-018,2024,8,Frontend,Mid-Level,4,13,10,23,33,0.7545,0.7608,1.0709,0.7233,0.2681,0.1844,0.789,2.1029,0.9924,0.155,0.7382,0.6812,0.8146,1,1,0,0
SE-018,2024,9,Frontend,Mid-Level,4,10,9,25,39,0.8596,0.6941,0.9364,0.7521,0.2895,0.1821,0.7928,2.0542,0.8956,0.123,0.7257,0.6083,0.7695,0,0,0,0
SE-018,2024,10,Frontend,Mid-Level,4,9,7,20,39,0.8244,0.7499,0.9984,0.6842,0.404,0.2143,0.7745,2.2107,0.865,0.1311,0.6943,0.618,0.7897,0,1,0,0
SE-018,2024,11,Frontend,Mid-Level,4,12,9,34,40,0.7747,0.7168,0.9127,0.6267,0.2554,0.1935,0.8311,1.8176,0.799,0.0937,0.7041,0.6691,0.841,0,0,0,0
SE-018,2024,12,Frontend,Mid-Level,4,9,7,10,41,0.8257,0.7529,0.9989,0.7105,0.3313,0.1561,0.7761,2.1436,0.9395,0.1462,0.81,0.607,0.748,0,0,0,0
SE-018,2024,13,Frontend,Mid-Level,4,6,5,17,40,0.828,0.6839,0.9402,0.7627,0.3852,0.2391,0.8195,2.1176,0.9154,0.1325,0.7022,0.5976,0.7747,0,0,0,0
SE-018,2024,14,Frontend,Mid-Level,4,10,8,40,41,0.7703,0.6703,0.8605,0.7005,0.2599,0.1967,0.7,1.9704,0.9711,0.1098,0.7339,0.6266,0.6951,0,1,0,0
SE-018,2024,15,Frontend,Mid-Level,4,6,5,15,34,0.8198,0.7726,0.9684,0.7392,0.3108,0.2275,0.7717,1.7103,0.8167,0.1701,0.7211,0.6168,0.8134,0,1,0,0
SE-018,2024,16,Frontend,Mid-Level,4,6,5,18,41,0.8241,0.785,0.899,0.6985,0.39,0.2093,0.8147,1.7759,0.9484,0.1005,0.7973,0.6882,0.7054,0,0,0,0
SE-018,2024,17,Frontend,Mid-Level,4,10,9,13,38,0.8854,0.766,0.8682,0.6981,0.2929,0.1839,0.7298,1.9617,0.8608,0.0829,0.7362,0.6726,0.7947,1,0,0,0
SE-018,2024,18,Frontend,Mid-Level,4,13,11,23,35,0.8254,0.7658,1.0022,0.632,0.3663,0.2944,0.7878,2.0485,0.8692,0.1087,0.7806,0.6837,0.7655,1,0,0,0
SE-018,2024,19,Frontend,Mid-Level,4,10,8,30,34,0.8123,0.7865,0.9086,0.7086,0.3112,0.2056,0.704,1.7325,0.8421,0.1242,0.7624,0.6834,0.7092,1,0,1,1
SE-018,2024,20,Frontend,Mid-Level,4,6,5,20,39,0.8145,0.7868,1.0163,0.7076,0.3659,0.1885,0.7642,1.8428,0.8915,0.1326,0.6883,0.6665,0.7227,0,0,0,0
SE-018,2024,21,Frontend,Mid-Level,4,8,7,24,42,0.8193,0.7727,0.9035,0.6666,0.313,0.2201,0.8117,1.9128,0.7992,0.1295,0.7083,0.5835,0.7765,0,0,0,0
SE-018,2024,22,Frontend,Mid-Level,4,9,8,21,40,0.8762,0.7892,0.9925,0.7122,0.3446,0.2048,0.8302,2.0541,0.7505,0.1467,0.7407,0.7342,0.7546,0,0,1,0
SE-018,2024,23,Frontend,Mid-Level,4,8,6,10,41,0.7435,0.8021,1.0185,0.6488,0.3779,0.183,0.7626,2.1443,0.918,0.1677,0.7388,0.5964,0.7225,0,0,0,1
SE-018,2024,24,Frontend,Mid-Level,4,8,6,31,38,0.7715,0.7591,0.9209,0.7479,0.2819,0.1833,0.7882,2.0225,0.8789,0.1461,0.6809,0.635,0.7628,0,0,0,0
SE-018,2024,25,Frontend,Mid-Level,4,14,12,15,36,0.8433,0.7351,0.9911,0.7127,0.3896,0.2182,0.7449,2.1682,0.9519,0.1314,0.6887,0.5971,0.7019,0,0,1,1
SE-018,2024,26,Frontend,Mid-Level,4,9,7,11,36,0.7424,0.7719,1.0754,0.7023,0.3297,0.1948,0.6733,2.3379,0.8016,0.177,0.7846,0.6701,0.6933,0,1,1,0
SE-018,2024,27,Frontend,Mid-Level,4,12,10,35,38,0.806,0.7309,1.0016,0.6891,0.3608,0.2406,0.8105,2.3212,0.8396,0.1447,0.706,0.68,0.7247,0,0,0,0
SE-018,2024,28,Frontend,Mid-Level,4,12,10,20,32,0.8257,0.7402,0.8531,0.6696,0.3592,0.2075,0.7518,2.2002,0.7847,0.1251,0.7028,0.7029,0.7608,1,0,0,0
SE-018,2024,29,Frontend,Mid-Level,4,13,11,24,41,0.8114,0.7485,0.9177,0.7918,0.2709,0.1796,0.7468,2.2572,0.9663,0.168,0.7354,0.6595,0.7439,0,1,0,1
SE-018,2024,30,Frontend,Mid-Level,4,14,11,12,39,0.7633,0.7895,0.9551,0.622,0.4052,0.1963,0.7949,2.0981,0.9354,0.1587,0.753,0.5857,0.7828,0,0,1,0
SE-018,2024,31,Frontend,Mid-Level,4,9,8,11,42,0.8677,0.725,1.0324,0.7249,0.2143,0.2259,0.8146,1.8246,0.9521,0.179,0.7733,0.7338,0.765,0,0,0,0
SE-018,2024,32,Frontend,Mid-Level,4,12,10,20,37,0.8746,0.8007,0.9784,0.6969,0.3666,0.1467,0.7967,1.7784,0.7708,0.1397,0.6824,0.6551,0.7549,0,1,0,0
SE-018,2024,33,Frontend,Mid-Level,4,11,9,34,31,0.7888,0.7053,0.9338,0.7358,0.2727,0.3048,0.7955,2.0918,0.7316,0.1399,0.7778,0.6904,0.806,0,0,0,0
SE-018,2024,34,Frontend,Mid-Level,4,7,6,23,35,0.802,0.7617,0.9794,0.6871,0.3085,0.2006,0.7096,1.9226,0.9819,0.1702,0.7654,0.6386,0.7848,0,0,0,1
SE-018,2024,35,Frontend,Mid-Level,4,13,11,29,31,0.8199,0.7558,0.8881,0.6472,0.2666,0.1589,0.7503,1.7625,0.7262,0.076,0.7644,0.6429,0.7767,0,0,0,1
SE-018,2024,36,Frontend,Mid-Level,4,6,5,10,47,0.8195,0.7247,0.8856,0.6786,0.3062,0.2494,0.8046,1.7491,0.9377,0.0824,0.6947,0.6124,0.7403,0,0,0,0
SE-018,2024,37,Frontend,Mid-Level,4,7,5,39,35,0.77,0.8099,0.935,0.6909,0.408,0.1973,0.7674,2.1325,0.86,0.1902,0.687,0.641,0.7449,0,0,0,0
SE-018,2024,38,Frontend,Mid-Level,4,11,9,39,35,0.8417,0.7703,1.0031,0.6925,0.2634,0.1485,0.76,1.7736,0.8461,0.1101,0.6743,0.6133,0.824,0,0,0,0
SE-018,2024,39,Frontend,Mid-Level,4,6,5,13,42,0.7766,0.8027,0.9549,0.6495,0.4137,0.2099,0.7725,1.9763,0.9583,0.1184,0.7679,0.7526,0.7582,0,0,0,0
SE-018,2024,40,Frontend,Mid-Level,4,6,4,33,39,0.7354,0.7354,1.0534,0.7137,0.3684,0.2062,0.7485,1.9326,0.9119,0.1266,0.6948,0.7195,0.7239,0,1,1,0
SE-018,2024,41,Frontend,Mid-Level,4,6,4,13,41,0.7261,0.7284,0.9467,0.7517,0.3458,0.2302,0.7882,1.7162,0.9191,0.0961,0.7586,0.6565,0.7194,0,1,0,0
SE-018,2024,42,Frontend,Mid-Level,4,14,10,28,36,0.7176,0.797,0.9465,0.6632,0.3421,0.2219,0.7479,2.1832,0.709,0.1244,0.6763,0.6568,0.7253,0,0,0,0
SE-018,2024,43,Frontend,Mid-Level,4,9,7,35,40,0.8043,0.8115,1.0866,0.6888,0.3948,0.2331,0.7517,2.1046,0.976,0.1263,0.7441,0.6776,0.7849,0,0,0,0
SE-018,2024,44,Frontend,Mid-Level,4,6,5,32,30,0.7946,0.7766,0.9964,0.7052,0.2939,0.246,0.8107,1.8927,0.9129,0.0852,0.676,0.645,0.7383,0,0,0,0
SE-018,2024,45,Frontend,Mid-Level,4,14,12,38,29,0.8657,0.7807,0.9671,0.5884,0.3441,0.1998,0.6689,2.1383,0.7385,0.1303,0.7316,0.6389,0.7354,0,1,0,0
SE-018,2024,46,Frontend,Mid-Level,4,12,9,26,36,0.7883,0.7694,0.9881,0.6975,0.3243,0.2544,0.7577,2.0472,0.9199,0.1333,0.674,0.6765,0.8145,0,0,0,0
SE-018,2024,47,Frontend,Mid-Level,4,9,8,16,32,0.8482,0.732,1.0908,0.6857,0.2762,0.2113,0.7932,2.1945,0.9159,0.179,0.7217,0.6606,0.7732,0,1,0,0
SE-018,2024,48,Frontend,Mid-Level,4,12,10,24,37,0.8547,0.7527,0.9731,0.7053,0.3656,0.1869,0.7469,2.18,0.8,0.1243,0.7461,0.6193,0.8008,0,1,0,0
SE-018,2024,49,Frontend,Mid-Level,4,8,7,36,35,0.8347,0.8131,0.9189,0.6277,0.3693,0.1384,0.8086,2.2193,0.8132,0.1166,0.7722,0.6828,0.7596,1,0,0,1
SE-018,2024,50,Frontend,Mid-Level,4,7,5,28,37,0.76,0.7428,0.9043,0.7554,0.3908,0.2025,0.7346,1.919,0.8589,0.1249,0.7385,0.6553,0.7195,0,1,1,1
SE-018,2024,51,Frontend,Mid-Level,4,8,7,18,43,0.8342,0.7418,1.0448,0.6867,0.3194,0.1965,0.7898,2.264,0.9343,0.0891,0.7176,0.6359,0.7795,0,0,0,0
SE-018,2024,52,Frontend,Mid-Level,4,7,5,32,39,0.7216,0.6862,0.9046,0.691,0.3395,0.2082,0.7641,1.7901,0.9044,0.1317,0.7168,0.6691,0.7695,0,0,1,1
SE-034,2024,1,Frontend,Mid-Level,3,8,6,17,43,0.7572,0.776,0.904,0.6978,0.3951,0.182,0.8023,1.893,0.844,0.1322,0.6654,0.6919,0.7575,0,1,0,0
SE-034,2024,2,Frontend,Mid-Level,3,7,5,14,35,0.7849,0.7503,0.9165,0.6994,0.3872,0.2414,0.7799,1.5677,0.9063,0.1199,0.7512,0.5781,0.735,0,1,0,0
SE-034,2024,3,Frontend,Mid-Level,3,12,10,15,39,0.8628,0.7109,0.921,0.7051,0.424,0.2297,0.7492,1.9705,0.977,0.1372,0.7016,0.614,0.7037,0,0,0,0
SE-034,2024,4,Frontend,Mid-Level,3,11,9,12,34,0.7943,0.7125,0.9476,0.6792,0.4333,0.2404,0.7248,2.1105,0.9469,0.1094,0.7225,0.6592,0.7751,1,1,1,0
SE-034,2024,5,Frontend,Mid-Level,3,6,4,36,37,0.7245,0.7054,0.9652,0.694,0.3419,0.221,0.7553,1.9207,0.7017,0.0929,0.6768,0.7026,0.8121,1,0,1,0
SE-034,2024,6,Frontend,Mid-Level,3,8,6,33,37,0.8012,0.7771,0.9218,0.6935,0.3807,0.2742,0.6902,2.3876,0.8585,0.1228,0.6417,0.6302,0.7632,0,1,0,0
SE-034,2024,7,Frontend,Mid-Level,3,10,7,35,39,0.7198,0.7335,1.0047,0.6892,0.4549,0.2362,0.715,2.1039,1.0393,0.144,0.6879,0.6121,0.8436,1,1,0,1
SE-034,2024,8,Frontend,Mid-Level,3,12,9,13,39,0.7774,0.7497,0.8607,0.696,0.3211,0.2051,0.7477,2.2812,0.8864,0.1288,0.7283,0.649,0.7369,0,0,0,0
SE-034,2024,9,Frontend,Mid-Level,3,7,6,21,37,0.8215,0.7079,0.9609,0.7827,0.313,0.2665,0.7692,1.9226,0.9237,0.1493,0.7931,0.6673,0.7799,0,0,0,0
SE-034,2024,10,Frontend,Mid-Level,3,11,9,27,40,0.8011,0.8328,0.8123,0.6678,0.3631,0.169,0.7448,1.7659,1.0039,0.135,0.6828,0.6799,0.7402,0,0,0,0
SE-034,2024,11,Frontend,Mid-Level,3,8,6,40,39,0.6953,0.6956,1.0231,0.6899,0.3429,0.2726,0.8209,1.7191,0.8983,0.1009,0.7133,0.6682,0.7604,0,1,0,0
SE-034,2024,12,Frontend,Mid-Level,3,10,8,25,37,0.8304,0.7607,0.9408,0.68,0.4165,0.2226,0.7855,2.1304,0.9663,0.1023,0.6198,0.6553,0.7393,1,0,0,1
SE-034,2024,13,Frontend,Mid-Level,3,11,9,25,32,0.81,0.6947,1.0034,0.6351,0.344,0.2552,0.7959,2.2666,0.9695,0.1535,0.7163,0.6569,0.7659,0,0,0,0
SE-034,2024,14,Frontend,Mid-Level,3,12,10,30,37,0.8099,0.6875,0.8819,0.6763,0.4105,0.2047,0.7518,2.3292,0.8724,0.0828,0.6352,0.6052,0.7201,0,0,0,0
SE-034,2024,15,Frontend,Mid-Level,3,8,6,35,39,0.7503,0.7676,0.8738,0.5885,0.3516,0.1831,0.743,2.3567,0.8618,0.1078,0.7467,0.6376,0.7768,0,0,0,0
SE-034,2024,16,Frontend,Mid-Level,3,14,12,27,36,0.8257,0.7689,0.9656,0.6665,0.3865,0.2176,0.7511,1.9151,0.849,0.0678,0.7026,0.6344,0.8199,0,1,0,0
SE-034,2024,17,Frontend,Mid-Level,3,13,10,20,39,0.7498,0.6912,0.8625,0.7183,0.311,0.2398,0.7373,1.6867,0.8772,0.1258,0.7338,0.6313,0.6795,0,0,0,1
SE-034,2024,18,Frontend,Mid-Level,3,8,6,10,38,0.794,0.7872,0.9654,0.6957,0.4112,0.1882,0.7719,2.3151,0.8741,0.099,0.7609,0.6096,0.7765,1,0,0,0
SE-034,2024,19,Frontend,Mid-Level,3,14,10,40,48,0.7035,0.6928,0.944,0.6263,0.3265,0.1935,0.7631,1.9122,1.0476,0.1597,0.7389,0.6292,0.8204,0,1,1,0
SE-034,2024,20,Frontend,Mid-Level,3,7,6,18,43,0.7894,0.8197,0.8571,0.7419,0.2584,0.2555,0.7608,2.1364,0.9116,0.1409,0.6994,0.6856,0.765,0,0,0,0
SE-034,2024,21,Frontend,Mid-Level,3,13,11,37,30,0.851,0.7101,0.8769,0.6403,0.3117,0.2042,0.8091,1.9062,0.8055,0.1725,0.8311,0.661,0.7463,1,0,0,0
SE-034,2024,22,Frontend,Mid-Level,3,8,6,21,38,0.8012,0.7922,0.9664,0.7692,0.3526,0.1818,0.6638,2.1298,0.9643,0.1694,0.732,0.6858,0.7897,0,0,0,0
SE-034,2024,23,Frontend,Mid-Level,3,6,4,25,41,0.7282,0.7455,0.8641,0.7129,0.3079,0.1768,0.677,2.0591,0.9046,0.1583,0.7156,0.7067,0.7316,0,0,0,1
SE-034,2024,24,Frontend,Mid-Level,3,9,8,31,36,0.8351,0.7468,0.8878,0.6767,0.3656,0.2378,0.7102,1.8315,0.8729,0.1677,0.6656,0.6505,0.7519,0,1,1,1
SE-034,2024,25,Frontend,Mid-Level,3,8,6,18,33,0.8066,0.7769,0.9698,0.7029,0.2914,0.2079,0.7553,1.4749,0.8466,0.1006,0.7115,0.7073,0.7757,1,0,0,1
SE-034,2024,26,Frontend,Mid-Level,3,12,10,39,40,0.8163,0.745,0.8991,0.652,0.3842,0.2384,0.6392,2.1386,0.8839,0.1304,0.6901,0.6397,0.7253,0,0,0,0
SE-034,2024,27,Frontend,Mid-Level,3,14,11,23,39,0.7838,0.7766,1.034,0.6604,0.3832,0.2302,0.7759,1.9474,0.9063,0.1502,0.6872,0.6906,0.7557,0,0,0,1
SE-034,2024,28,Frontend,Mid-Level,3,7,5,14,32,0.7707,0.7404,0.7955,0.6227,0.3887,0.2197,0.7568,2.0762,0.8968,0.0823,0.7323,0.6036,0.6946,0,0,0,0
SE-034,2024,29,Frontend,Mid-Level,3,9,7,40,43,0.773,0.6922,0.8956,0.66,0.381,0.1738,0.6817,2.046,0.9146,0.1456,0.7149,0.6114,0.7481,0,0,0,1
SE-034,2024,30,Frontend,Mid-Level,3,10,8,34,42,0.788,0.7904,0.8394,0.7134,0.2831,0.2256,0.7354,1.9246,0.9721,0.0794,0.6977,0.6327,0.7295,0,0,0,0
SE-034,2024,31,Frontend,Mid-Level,3,11,9,22,35,0.7869,0.75,0.9141,0.7431,0.4299,0.2353,0.7911,2.0224,0.9118,0.1312,0.6803,0.6767,0.7263,0,0,0,0
SE-034,2024,32,Frontend,Mid-Level,3,11,9,13,39,0.8441,0.8343,0.9612,0.5935,0.3633,0.1777,0.7839,2.0648,0.7949,0.1158,0.6622,0.6513,0.7851,1,0,0,0
SE-034,2024,33,Frontend,Mid-Level,3,9,7,35,31,0.8041,0.7416,0.9067,0.6963,0.3927,0.1509,0.8035,2.2785,0.8105,0.0981,0.6921,0.6648,0.7985,0,0,0,0
SE-034,2024,34,Frontend,Mid-Level,3,12,9,40,41,0.7864,0.7773,0.8423,0.6321,0.3149,0.2254,0.673,1.9255,0.8011,0.1147,0.716,0.6304,0.727,0,0,1,0
SE-034,2024,35,Frontend,Mid-Level,3,11,9,29,37,0.8249,0.7079,0.8902,0.6723,0.338,0.1628,0.7716,1.9262,1.0381,0.1643,0.6698,0.6128,0.7728,0,0,0,0
SE-034,2024,36,Frontend,Mid-Level,3,8,6,14,38,0.7282,0.7479,0.8832,0.699,0.3896,0.219,0.6828,2.2921,0.8357,0.1431,0.6967,0.6039,0.7474,0,0,0,0
SE-034,2024,37,Frontend,Mid-Level,3,9,7,28,38,0.7306,0.6984,0.8829,0.6546,0.3231,0.2411,0.747,2.0058,0.8844,0.1673,0.6483,0.681,0.7187,0,0,1,0
SE-034,2024,38,Frontend,Mid-Level,3,7,6,20,37,0.8077,0.7363,0.8453,0.6251,0.3413,0.2106,0.7626,1.9948,0.7439,0.0881,0.6797,0.6533,0.7577,0,0,0,0
SE-034,2024,39,Frontend,Mid-Level,3,11,9,40,41,0.8402,0.8018,0.938,0.6903,0.3519,0.1858,0.7517,1.9793,1.0296,0.1746,0.7613,0.6079,0.7706,0,0,0,1
SE-034,2024,40,Frontend,Mid-Level,3,12,9,38,37,0.7213,0.6919,0.8723,0.6498,0.3547,0.2277,0.7064,1.5181,0.893,0.0637,0.7343,0.6031,0.7197,0,0,0,0
SE-034,2024,41,Frontend,Mid-Level,3,10,8,35,35,0.7968,0.782,1.0099,0.6708,0.3215,0.2105,0.7749,2.2844,0.8545,0.1274,0.7855,0.5584,0.7074,1,1,0,0
SE-034,2024,42,Frontend,Mid-Level,3,12,9,24,32,0.7715,0.7559,1.0824,0.7097,0.4049,0.2135,0.7371,1.9486,0.7517,0.1562,0.7144,0.6354,0.7424,0,0,0,1
SE-034,2024,43,Frontend,Mid-Level,3,14,11,10,37,0.7857,0.6962,0.8888,0.6004,0.306,0.2694,0.7574,2.2336,0.9871,0.1382,0.6713,0.6766,0.7223,0,1,1,1
SE-034,2024,44,Frontend,Mid-Level,3,14,11,31,43,0.7924,0.8056,0.9641,0.6728,0.4571,0.2224,0.7303,1.9396,0.9853,0.1193,0.6915,0.591,0.7965,0,1,1,0
SE-034,2024,45,Frontend,Mid-Level,3,6,5,15,37,0.751,0.7763,0.8981,0.6604,0.2625,0.2046,0.775,2.0315,0.8217,0.1203,0.711,0.6273,0.7493,0,1,0,0
SE-034,2024,46,Frontend,Mid-Level,3,14,11,25,41,0.8184,0.7743,0.876,0.6577,0.4221,0.2483,0.7145,1.6141,0.886,0.1223,0.7406,0.6573,0.6707,1,0,0,0
SE-034,2024,47,Frontend,Mid-Level,3,10,8,36,35,0.7589,0.7765,1.0,0.7047,0.3885,0.2303,0.8235,2.0375,0.8274,0.1198,0.7078,0.6223,0.6943,0,1,0,0
SE-034,2024,48,Frontend,Mid-Level,3,8,6,11,30,0.7403,0.7074,0.8461,0.6841,0.3932,0.1782,0.7663,2.5766,0.8975,0.1213,0.6917,0.6658,0.6673,1,1,0,1
SE-034,2024,49,Frontend,Mid-Level,3,12,10,27,35,0.8238,0.7263,0.9268,0.7048,0.397,0.2328,0.7666,2.0059,0.9514,0.1008,0.7672,0.6372,0.7639,0,1,1,0
SE-034,2024,50,Frontend,Mid-Level,3,6,5,24,37,0.8393,0.7234,0.9343,0.68,0.2836,0.1822,0.7936,1.679,0.81,0.1303,0.6872,0.6365,0.7434,0,0,0,0
SE-034,2024,51,Frontend,Mid-Level,3,12,9,40,45,0.7544,0.7664,0.9081,0.6748,0.3588,0.2347,0.7565,1.8223,1.0843,0.2312,0.683,0.6593,0.7554,0,0,0,0
SE-034,2024,52,Frontend,Mid-Level,3,10,7,40,37,0.733,0.6949,0.9668,0.5935,0.4538,0.2143,0.7824,1.9055,0.9027,0.0972,0.7178,0.6799,0.7908,1,1,0,0
SE-038,2024,1,Frontend,Mid-Level,4,13,10,35,34,0.7862,0.7654,1.0065,0.7388,0.3065,0.1681,0.7656,1.8984,0.8263,0.1042,0.7204,0.6489,0.8007,0,0,0,0
SE-038,2024,2,Frontend,Mid-Level,4,10,8,32,44,0.8021,0.7301,0.9812,0.6973,0.2069,0.1708,0.7173,1.8147,0.9356,0.1757,0.7547,0.6554,0.8244,0,0,1,0
SE-038,2024,3,Frontend,Mid-Level,4,10,8,26,42,0.7886,0.7788,0.9241,0.7448,0.3713,0.1673,0.7885,1.842,0.9903,0.1728,0.7681,0.6185,0.8523,0,0,0,0
SE-038,2024,4,Frontend,Mid-Level,4,11,9,16,36,0.8497,0.7745,0.9067,0.6492,0.2829,0.2147,0.74,1.8227,0.9284,0.1441,0.76,0.6809,0.7869,0,1,0,0
SE-038,2024,5,Frontend,Mid-Level,4,8,6,12,42,0.7905,0.728,0.9401,0.6889,0.3176,0.123,0.7303,1.7603,0.8716,0.181,0.7621,0.6735,0.7616,0,0,1,1
SE-038,2024,6,Frontend,Mid-Level,4,14,11,34,43,0.8198,0.8445,0.9986,0.6815,0.372,0.2439,0.7313,1.8084,0.8256,0.1348,0.6933,0.6541,0.7799,1,0,1,0
SE-038,2024,7,Frontend,Mid-Level,4,9,7,13,36,0.8126,0.772,0.9853,0.6741,0.2336,0.2065,0.7563,2.0605,0.8627,0.1407,0.694,0.6169,0.7656,1,0,0,0
SE-038,2024,8,Frontend,Mid-Level,4,14,11,16,38,0.79,0.8062,0.8939,0.7159,0.3416,0.1703,0.7722,2.0284,0.7593,0.1464,0.7865,0.6635,0.7747,0,0,0,1
SE-038,2024,9,Frontend,Mid-Level,4,14,11,35,35,0.8158,0.8579,0.9131,0.7068,0.3245,0.1891,0.8403,2.2808,0.9241,0.1543,0.7161,0.6984,0.788,0,0,1,1
SE-038,2024,10,Frontend,Mid-Level,4,12,9,17,35,0.7907,0.7291,1.032,0.7295,0.4313,0.1985,0.7752,1.8912,0.8723,0.1181,0.7058,0.6922,0.8059,1,0,0,0
SE-038,2024,11,Frontend,Mid-Level,4,10,8,20,37,0.8414,0.7181,0.9081,0.6989,0.3044,0.204,0.7996,2.1412,0.8618,0.146,0.6996,0.7099,0.7416,1,1,1,0
SE-038,2024,12,Frontend,Mid-Level,4,13,11,39,37,0.8328,0.7212,1.0105,0.6986,0.3065,0.2012,0.7609,2.0087,0.8574,0.12,0.7463,0.69,0.7866,0,0,0,1
SE-038,2024,13,Frontend,Mid-Level,4,8,7,32,35,0.8297,0.6901,0.9591,0.74,0.2424,0.2263,0.7587,1.8462,0.8374,0.1593,0.6569,0.6598,0.7499,0,0,0,0
SE-038,2024,14,Frontend,Mid-Level,4,8,6,10,44,0.7466,0.7352,0.9559,0.7329,0.4025,0.1954,0.7988,2.1963,1.0467,0.182,0.7762,0.6382,0.7111,1,1,0,0
SE-038,2024,15,Frontend,Mid-Level,4,11,8,27,32,0.7707,0.8133,0.9319,0.7265,0.3102,0.1963,0.742,2.0247,0.9082,0.0955,0.7142,0.6485,0.7366,0,0,0,0
SE-038,2024,16,Frontend,Mid-Level,4,11,10,16,38,0.884,0.8079,0.97,0.7367,0.2987,0.1587,0.7409,1.8319,0.7776,0.0522,0.7757,0.7131,0.7938,0,0,0,1
SE-038,2024,17,Frontend,Mid-Level,4,9,7,13,38,0.8049,0.8098,0.9442,0.6865,0.3195,0.215,0.747,1.843,0.8132,0.1328,0.7427,0.621,0.8149,0,0,0,0
SE-038,2024,18,Frontend,Mid-Level,4,14,12,19,36,0.8346,0.7648,0.8857,0.7569,0.3153,0.1452,0.8007,1.5727,0.8098,0.1751,0.7692,0.6372,0.7798,0,0,0,0
SE-038,2024,19,Frontend,Mid-Level,4,11,9,23,39,0.7866,0.8165,0.958,0.7392,0.4481,0.2299,0.8316,1.696,0.8113,0.0828,0.7439,0.6145,0.7873,1,0,0,0
SE-038,2024,20,Frontend,Mid-Level,4,8,7,27,37,0.863,0.7588,0.8917,0.7331,0.2799,0.2305,0.7572,1.8781,0.9524,0.1128,0.7525,0.6781,0.757,1,0,0,0
SE-038,2024,21,Frontend,Mid-Level,4,10,8,17,39,0.8133,0.8351,0.9453,0.7193,0.2146,0.2203,0.7621,2.0351,0.9131,0.1083,0.7779,0.6227,0.7315,0,0,0,0
SE-038,2024,22,Frontend,Mid-Level,4,9,8,30,42,0.8581,0.7682,0.8381,0.6799,0.3466,0.2254,0.7992,2.1878,0.8902,0.1458,0.6874,0.6568,0.7586,0,0,0,0
SE-038,2024,23,Frontend,Mid-Level,4,9,7,31,44,0.7433,0.8075,0.9252,0.8007,0.2612,0.2183,0.8106,1.7755,0.9824,0.1416,0.73,0.6892,0.7974,0,0,0,0
SE-038,2024,24,Frontend,Mid-Level,4,10,8,25,33,0.8023,0.8236,0.9689,0.7412,0.441,0.2195,0.7364,1.615,0.9624,0.1557,0.6983,0.6387,0.7598,0,0,0,0
SE-038,2024,25,Frontend,Mid-Level,4,8,6,18,31,0.7965,0.8011,0.9047,0.7953,0.3454,0.2316,0.7732,1.9352,0.7717,0.0793,0.7033,0.6754,0.7259,0,1,0,0
SE-038,2024,26,Frontend,Mid-Level,4,9,8,31,34,0.8429,0.7362,0.9079,0.6839,0.3362,0.1818,0.7681,1.8282,0.8593,0.1827,0.7626,0.6364,0.7594,0,0,0,0
SE-038,2024,27,Frontend,Mid-Level,4,13,11,34,34,0.8403,0.7021,0.9681,0.6868,0.3605,0.1937,0.6873,1.9046,0.7608,0.1193,0.7805,0.6945,0.7839,1,0,1,0
SE-038,2024,28,Frontend,Mid-Level,4,7,5,11,37,0.749,0.8244,0.9717,0.7377,0.3693,0.1316,0.769,1.8254,0.8058,0.0976,0.7631,0.6018,0.8508,0,1,0,0
SE-038,2024,29,Frontend,Mid-Level,4,7,6,18,35,0.8089,0.8164,0.984,0.6842,0.2879,0.2051,0.7523,1.9864,0.8195,0.1153,0.7026,0.6939,0.8157,0,1,0,0
SE-038,2024,30,Frontend,Mid-Level,4,13,11,10,36,0.8176,0.7276,0.991,0.682,0.2962,0.2352,0.807,1.9116,0.9655,0.1544,0.6884,0.7396,0.7794,0,0,0,0
SE-038,2024,31,Frontend,Mid-Level,4,9,7,11,35,0.7824,0.7511,0.9362,0.7565,0.2602,0.1748,0.7198,2.0874,0.8352,0.0932,0.7617,0.6925,0.7575,0,0,0,1
SE-038,2024,32,Frontend,Mid-Level,4,14,12,37,37,0.8554,0.7412,0.8844,0.7211,0.3648,0.1628,0.7619,2.0273,0.7797,0.1148,0.7847,0.689,0.7975,0,1,0,0
SE-038,2024,33,Frontend,Mid-Level,4,9,7,31,37,0.7813,0.7607,0.8294,0.7163,0.3211,0.1954,0.7578,1.7076,0.7563,0.1549,0.7243,0.6272,0.8347,0,0,0,0
SE-038,2024,34,Frontend,Mid-Level,4,10,8,23,36,0.8129,0.7582,0.9952,0.6891,0.3344,0.1551,0.7163,1.6657,0.8261,0.129,0.7592,0.742,0.8071,0,0,1,0
SE-038,2024,35,Frontend,Mid-Level,4,9,7,39,36,0.7475,0.7429,1.0192,0.7474,0.2821,0.1946,0.7702,1.8646,0.879,0.07,0.8013,0.6063,0.7835,0,1,1,0
SE-038,2024,36,Frontend,Mid-Level,4,10,8,17,43,0.8058,0.774,0.8935,0.7241,0.3383,0.1039,0.8011,1.6067,0.9203,0.1177,0.7507,0.6076,0.8048,0,0,0,0
SE-038,2024,37,Frontend,Mid-Level,4,14,11,10,38,0.7972,0.7442,0.9393,0.7434,0.2242,0.2446,0.748,1.8304,0.8989,0.1417,0.6957,0.6245,0.8254,0,1,0,0
SE-038,2024,38,Frontend,Mid-Level,4,14,10,37,42,0.7359,0.7816,0.9428,0.7378,0.3118,0.18,0.8347,2.2907,0.8696,0.1701,0.7672,0.6292,0.8267,0,0,0,0
SE-038,2024,39,Frontend,Mid-Level,4,9,7,33,37,0.8274,0.7748,0.8766,0.7268,0.4289,0.1325,0.7633,1.8385,0.8311,0.1132,0.6937,0.7061,0.7187,0,0,0,0
SE-038,2024,40,Frontend,Mid-Level,4,12,10,21,40,0.8242,0.7559,0.8879,0.7102,0.2697,0.1651,0.7992,1.776,0.9594,0.1554,0.8161,0.6875,0.8248,1,0,0,0
SE-038,2024,41,Frontend,Mid-Level,4,9,8,36,38,0.8444,0.8086,0.8821,0.713,0.3478,0.2166,0.772,2.3563,0.9538,0.0912,0.7135,0.674,0.7693,1,0,0,0
SE-038,2024,42,Frontend,Mid-Level,4,11,9,40,36,0.8194,0.7743,0.9615,0.6962,0.298,0.1231,0.7295,1.7679,0.8465,0.1162,0.7086,0.6209,0.8108,0,1,0,0
SE-038,2024,43,Frontend,Mid-Level,4,13,11,37,39,0.8451,0.8248,0.9233,0.7292,0.3239,0.2238,0.7125,1.7131,0.817,0.1301,0.7053,0.6575,0.7162,0,0,0,0
SE-038,2024,44,Frontend,Mid-Level,4,13,10,10,34,0.7795,0.75,1.0057,0.6812,0.29,0.2167,0.7842,1.7928,0.73,0.1146,0.7615,0.6856,0.7938,0,0,0,0
SE-038,2024,45,Frontend,Mid-Level,4,7,6,28,38,0.8556,0.7602,0.8805,0.7026,0.2877,0.1589,0.7749,1.6432,0.9778,0.1816,0.7695,0.6513,0.7743,0,0,0,0
SE-038,2024,46,Frontend,Mid-Level,4,14,12,24,39,0.8669,0.7408,0.9693,0.6623,0.294,0.1645,0.8243,2.0732,0.8001,0.0824,0.8403,0.6179,0.812,0,0,0,0
SE-038,2024,47,Frontend,Mid-Level,4,12,10,21,37,0.8104,0.8153,0.9648,0.6893,0.2981,0.1218,0.7591,2.1584,0.9796,0.1449,0.7524,0.6495,0.8043,0,1,0,0
SE-038,2024,48,Frontend,Mid-Level,4,10,8,12,42,0.8033,0.7761,0.8661,0.7149,0.366,0.2046,0.7984,2.0041,0.7882,0.141,0.7075,0.67,0.7226,0,0,1,1
SE-038,2024,49,Frontend,Mid-Level,4,9,7,24,38,0.7481,0.7482,1.062,0.6971,0.2587,0.2352,0.8539,1.8802,0.9313,0.1316,0.759,0.6847,0.8028,0,0,1,0
SE-038,2024,50,Frontend,Mid-Level,4,11,8,20,34,0.7449,0.8211,0.9344,0.7203,0.452,0.1973,0.7176,1.8592,0.8568,0.1369,0.7187,0.6496,0.7233,0,0,0,1
SE-038,2024,51,Frontend,Mid-Level,4,10,8,15,36,0.7747,0.8311,0.8481,0.7167,0.3707,0.1919,0.7251,1.9761,0.7531,0.0858,0.6984,0.7084,0.7938,1,0,0,1
SE-038,2024,52,Frontend,Mid-Level,4,11,8,33,41,0.7602,0.8137,0.9273,0.7508,0.3205,0.2077,0.7686,2.3905,0.8643,0.0762,0.7472,0.6711,0.8232,1,1,0,0
SE-007,2024,1,QA,Mid-Level,3,10,8,38,28,0.7875,0.7445,0.8912,0.718,0.3096,0.1805,0.7163,1.7796,0.8383,0.1655,0.7045,0.6344,0.733,1,0,0,0
SE-007,2024,2,QA,Mid-Level,3,9,7,20,38,0.7992,0.7345,0.9644,0.6431,0.3521,0.2644,0.705,2.3358,0.9429,0.1492,0.7125,0.6289,0.7346,0,1,0,0
SE-007,2024,3,QA,Mid-Level,3,6,5,29,31,0.7797,0.757,0.9542,0.7164,0.3594,0.2304,0.7473,1.6557,0.8538,0.0845,0.7442,0.607,0.7412,0,0,0,1
SE-007,2024,4,QA,Mid-Level,3,10,8,23,33,0.7804,0.7148,0.8771,0.7071,0.3167,0.2007,0.77,2.2578,0.8254,0.1146,0.6551,0.6444,0.715,0,1,0,0
SE-007,2024,5,QA,Mid-Level,3,12,9,13,34,0.7299,0.7921,0.8981,0.6965,0.4117,0.2705,0.7394,1.9004,0.7626,0.0602,0.7266,0.6375,0.6489,1,0,0,1
SE-007,2024,6,QA,Mid-Level,3,10,8,33,44,0.7909,0.7812,0.9137,0.6328,0.3801,0.2139,0.7014,1.7689,0.9666,0.1238,0.7829,0.7002,0.7869,0,0,1,0
SE-007,2024,7,QA,Mid-Level,3,14,11,39,40,0.8034,0.7304,0.8927,0.6331,0.3216,0.2101,0.7684,2.053,0.9335,0.1365,0.6958,0.6343,0.708,1,0,0,0
SE-007,2024,8,QA,Mid-Level,3,8,6,18,34,0.8041,0.7425,0.9467,0.6371,0.43,0.251,0.7813,1.9096,0.9114,0.0881,0.7108,0.5693,0.7416,0,1,0,0
SE-007,2024,9,QA,Mid-Level,3,8,6,29,36,0.7839,0.7729,0.9789,0.6916,0.3313,0.2127,0.7621,2.2279,0.8886,0.1311,0.7221,0.5727,0.7588,0,0,0,1
SE-007,2024,10,QA,Mid-Level,3,13,10,27,34,0.7793,0.7096,0.8806,0.7247,0.4435,0.2093,0.7433,2.1085,0.8917,0.1021,0.743,0.6618,0.7812,1,1,0,1
SE-007,2024,11,QA,Mid-Level,3,10,8,24,40,0.8134,0.7737,0.8572,0.715,0.4353,0.2644,0.7232,2.2235,1.0433,0.1539,0.7329,0.6342,0.773,0,0,0,0
SE-007,2024,12,QA,Mid-Level,3,9,7,37,38,0.7719,0.7115,0.9905,0.7108,0.4086,0.2066,0.7925,2.1357,0.8007,0.1067,0.7675,0.6709,0.7383,0,0,0,0
SE-007,2024,13,QA,Mid-Level,3,10,8,39,38,0.8102,0.6825,0.9041,0.693,0.3749,0.2065,0.733,1.8598,0.9316,0.1452,0.6581,0.6498,0.818,1,1,0,0
SE-007,2024,14,QA,Mid-Level,3,9,7,20,38,0.7676,0.7856,1.064,0.6347,0.3801,0.2001,0.7016,1.6559,0.7836,0.1796,0.6618,0.6674,0.7782,0,1,1,0
SE-007,2024,15,QA,Mid-Level,3,13,10,14,35,0.7581,0.6998,0.9818,0.6899,0.3479,0.245,0.7721,1.661,0.743,0.1332,0.8214,0.6573,0.7081,0,0,1,0
SE-007,2024,16,QA,Mid-Level,3,7,6,11,36,0.786,0.7612,0.9503,0.7089,0.288,0.2121,0.7332,1.7391,0.7924,0.1401,0.7484,0.5986,0.777,0,0,0,1
SE-007,2024,17,QA,Mid-Level,3,12,9,37,42,0.77,0.7425,0.8601,0.7145,0.3485,0.2475,0.6945,1.9897,0.9195,0.1837,0.7142,0.6505,0.7321,1,1,1,0
SE-007,2024,18,QA,Mid-Level,3,9,7,38,37,0.7726,0.7249,0.9259,0.7584,0.3807,0.2208,0.7635,1.5551,0.8936,0.1948,0.7368,0.6373,0.6934,0,1,0,0
SE-007,2024,19,QA,Mid-Level,3,13,10,24,41,0.779,0.6724,1.0007,0.6828,0.36,0.1825,0.8058,1.9572,0.9131,0.1686,0.7712,0.6994,0.7354,0,0,0,0
SE-007,2024,20,QA,Mid-Level,3,8,6,35,31,0.7858,0.7705,0.8393,0.6697,0.3435,0.2267,0.7519,1.9247,0.7544,0.1592,0.719,0.6853,0.7448,1,0,1,1
SE-007,2024,21,QA,Mid-Level,3,12,9,33,39,0.7873,0.7622,0.9326,0.6744,0.4467,0.2656,0.7449,2.2088,0.9086,0.1078,0.6968,0.6003,0.7849,0,0,0,0
SE-007,2024,22,QA,Mid-Level,3,14,10,30,41,0.7476,0.8235,0.963,0.7107,0.3376,0.23,0.7193,1.99,0.8982,0.1754,0.7581,0.6324,0.6728,0,1,0,0
SE-007,2024,23,QA,Mid-Level,3,13,10,27,38,0.7563,0.7415,0.9264,0.6972,0.2318,0.2175,0.7219,1.8929,0.9433,0.1173,0.7167,0.6493,0.7903,0,1,0,1
SE-007,2024,24,QA,Mid-Level,3,10,8,36,35,0.8313,0.7531,0.8633,0.7173,0.4448,0.2205,0.7348,2.0517,0.9928,0.159,0.7397,0.6432,0.6826,0,0,1,0
SE-007,2024,25,QA,Mid-Level,3,8,7,33,30,0.8373,0.7528,0.9328,0.738,0.2826,0.1756,0.7676,1.8108,0.8791,0.178,0.766,0.5911,0.7372,0,0,0,0
SE-007,2024,26,QA,Mid-Level,3,9,8,20,39,0.8435,0.6565,0.9705,0.6473,0.3556,0.2424,0.7571,1.7631,0.9203,0.0994,0.7032,0.6744,0.7337,1,0,0,0
SE-007,2024,27,QA,Mid-Level,3,10,7,30,33,0.7437,0.7937,0.8943,0.7151,0.3563,0.2239,0.7449,2.2424,0.8396,0.1058,0.6948,0.6216,0.7535,0,0,0,1
SE-007,2024,28,QA,Mid-Level,3,13,10,31,33,0.7797,0.6296,0.9525,0.7188,0.321,0.1331,0.7557,1.9542,0.7896,0.0983,0.6891,0.6498,0.6986,1,0,0,1
SE-007,2024,29,QA,Mid-Level,3,13,10,11,33,0.79,0.6833,0.8649,0.737,0.3738,0.2239,0.7495,2.0798,0.9254,0.124,0.7188,0.6667,0.811,1,1,1,0
SE-007,2024,30,QA,Mid-Level,3,8,6,30,45,0.8035,0.782,0.9567,0.7486,0.3887,0.2506,0.6954,1.9457,0.9049,0.123,0.6641,0.6754,0.7449,0,0,0,0
SE-007,2024,31,QA,Mid-Level,3,11,9,16,39,0.7988,0.7522,0.9692,0.6592,0.3788,0.1925,0.7159,1.7995,0.9121,0.1613,0.697,0.5808,0.8004,0,1,0,0
SE-007,2024,32,QA,Mid-Level,3,11,9,22,42,0.7969,0.7161,0.9585,0.667,0.3734,0.1719,0.8127,2.2381,0.9884,0.0964,0.7201,0.6618,0.7217,1,1,1,0
SE-007,2024,33,QA,Mid-Level,3,6,5,11,38,0.8334,0.7748,0.8641,0.6785,0.3547,0.1626,0.7635,1.7918,0.97,0.1864,0.7398,0.5703,0.6961,1,0,1,1
SE-007,2024,34,QA,Mid-Level,3,11,8,37,42,0.759,0.7112,1.0002,0.6844,0.4398,0.2095,0.903,1.9908,0.9011,0.1209,0.7179,0.6626,0.762,1,1,0,0
SE-007,2024,35,QA,Mid-Level,3,10,8,21,40,0.7982,0.7869,0.9702,0.702,0.3553,0.1948,0.7288,2.0178,0.9599,0.1387,0.7727,0.6377,0.7459,0,0,0,0
SE-007,2024,36,QA,Mid-Level,3,13,10,19,40,0.8057,0.8235,0.9372,0.6018,0.3715,0.2107,0.7283,2.2943,1.0602,0.1537,0.6766,0.6298,0.7385,1,0,0,0
SE-007,2024,37,QA,Mid-Level,3,12,9,13,37,0.7309,0.7201,0.9215,0.634,0.3955,0.2044,0.747,1.8202,0.7489,0.094,0.6876,0.6877,0.7617,0,0,0,0
SE-007,2024,38,QA,Mid-Level,3,7,6,11,39,0.8125,0.7762,1.0393,0.7927,0.2782,0.2234,0.6305,1.5209,0.7051,0.0776,0.7441,0.6587,0.7842,1,1,0,0
SE-007,2024,39,QA,Mid-Level,3,10,8,34,35,0.807,0.7287,0.84,0.7511,0.3538,0.2542,0.7675,1.6357,0.7575,0.1845,0.7253,0.5278,0.769,0,0,0,0
SE-007,2024,40,QA,Mid-Level,3,9,7,16,36,0.757,0.8178,0.9839,0.6799,0.3193,0.2569,0.7598,1.8597,0.8416,0.1658,0.7315,0.6311,0.7245,1,0,1,0
SE-007,2024,41,QA,Mid-Level,3,12,9,40,35,0.7431,0.7221,0.9126,0.749,0.4778,0.1768,0.7407,1.9311,0.868,0.1476,0.6818,0.6257,0.81,1,1,1,1
SE-007,2024,42,QA,Mid-Level,3,6,5,30,35,0.7816,0.7112,1.0011,0.7633,0.4708,0.237,0.8267,2.1556,0.7054,0.0976,0.7571,0.6419,0.7634,0,0,1,0
SE-007,2024,43,QA,Mid-Level,3,14,11,10,42,0.7937,0.7185,0.8524,0.7512,0.3947,0.1883,0.7802,1.8593,0.899,0.1627,0.6858,0.6746,0.7216,0,1,0,0
SE-007,2024,44,QA,Mid-Level,3,6,4,22,38,0.7431,0.6777,0.8759,0.6267,0.404,0.1955,0.7951,1.7068,0.7719,0.1078,0.7966,0.6003,0.7571,0,0,0,0
SE-007,2024,45,QA,Mid-Level,3,7,5,12,35,0.7707,0.7522,0.9798,0.7172,0.3812,0.1986,0.7889,2.0404,0.9027,0.1342,0.6864,0.6544,0.791,0,0,0,0
SE-007,2024,46,QA,Mid-Level,3,10,8,37,39,0.7552,0.7153,0.8678,0.6962,0.3914,0.2418,0.7605,2.0165,0.8933,0.125,0.7495,0.655,0.6535,1,0,0,1
SE-007,2024,47,QA,Mid-Level,3,7,5,32,41,0.733,0.7612,0.8828,0.6912,0.3338,0.2262,0.6981,1.503,0.8938,0.128,0.6862,0.5924,0.7345,0,1,1,0
SE-007,2024,48,QA,Mid-Level,3,6,5,25,38,0.8238,0.7924,0.8955,0.6758,0.3583,0.1949,0.7621,2.1587,0.9637,0.2045,0.7005,0.6486,0.7511,0,1,1,0
SE-007,2024,49,QA,Mid-Level,3,7,6,19,39,0.8279,0.8385,0.8431,0.731,0.3452,0.2571,0.7032,2.2961,0.935,0.1032,0.7546,0.7011,0.7649,0,0,1,0
SE-007,2024,50,QA,Mid-Level,3,10,8,40,38,0.7508,0.7461,0.8974,0.7109,0.3097,0.2063,0.7584,1.8385,0.8342,0.1107,0.7413,0.6978,0.7294,0,0,0,1
SE-007,2024,51,QA,Mid-Level,3,8,6,30,40,0.8029,0.7423,0.9169,0.7362,0.4235,0.2897,0.7885,1.6482,0.9719,0.1883,0.7001,0.621,0.813,1,0,0,0
SE-007,2024,52,QA,Mid-Level,3,6,5,25,36,0.829,0.7597,0.9583,0.6991,0.3612,0.1706,0.7648,1.9648,0.7942,0.1515,0.753,0.7109,0.7625,0,0,0,0
SE-031,2024,1,QA,Mid-Level,3,13,10,20,41,0.7505,0.663,0.9479,0.692,0.4379,0.2185,0.7221,1.9578,0.8979,0.1708,0.684,0.6223,0.726,1,1,0,0
SE-031,2024,2,QA,Mid-Level,3,6,5,33,34,0.8058,0.7004,0.9791,0.6623,0.3791,0.2322,0.7525,1.8087,0.9729,0.1537,0.748,0.6094,0.7111,0,0,0,0
SE-031,2024,3,QA,Mid-Level,3,12,9,37,42,0.7619,0.702,0.9213,0.5856,0.3395,0.2796,0.6703,2.0482,1.149,0.1539,0.7088,0.5962,0.7061,0,1,0,0
SE-031,2024,4,QA,Mid-Level,3,6,4,19,36,0.7459,0.7146,0.846,0.6964,0.5041,0.2042,0.7185,2.2004,0.7554,0.0945,0.669,0.6482,0.7363,1,0,1,0
SE-031,2024,5,QA,Mid-Level,3,12,10,35,38,0.8288,0.6752,0.8641,0.8147,0.2873,0.2324,0.7788,1.8679,0.9017,0.1259,0.6713,0.6067,0.763,1,0,0,0
SE-031,2024,6,QA,Mid-Level,3,8,6,18,42,0.7915,0.7197,0.8035,0.6878,0.3794,0.2035,0.7517,1.727,0.952,0.106,0.7305,0.6413,0.7522,0,1,0,0
SE-031,2024,7,QA,Mid-Level,3,11,7,22,38,0.6715,0.7729,0.8803,0.7222,0.3905,0.2296,0.6808,2.3234,0.859,0.1484,0.6845,0.6205,0.6784,1,1,0,0
SE-031,2024,8,QA,Mid-Level,3,11,9,15,40,0.7749,0.7148,0.901,0.6986,0.3953,0.2339,0.6846,2.0065,0.9705,0.1204,0.6584,0.6585,0.7772,0,1,1,0
SE-031,2024,9,QA,Mid-Level,3,11,9,14,35,0.8135,0.7543,0.9623,0.7312,0.3386,0.2352,0.7337,2.0998,0.9069,0.1208,0.725,0.6361,0.6989,1,0,0,0
SE-031,2024,10,QA,Mid-Level,3,7,5,15,35,0.7627,0.7253,0.858,0.6458,0.3989,0.2341,0.7466,1.8249,0.915,0.1447,0.7245,0.6824,0.6665,0,0,1,0
SE-031,2024,11,QA,Mid-Level,3,13,10,37,36,0.7738,0.7651,1.0136,0.737,0.4084,0.2228,0.7036,2.0285,0.9498,0.1435,0.6663,0.51,0.7265,1,0,1,0
SE-031,2024,12,QA,Mid-Level,3,10,8,36,42,0.7555,0.7585,0.8898,0.6461,0.3476,0.2481,0.6952,1.7459,0.938,0.1589,0.634,0.6788,0.7329,1,1,1,1
SE-031,2024,13,QA,Mid-Level,3,14,11,16,39,0.7527,0.751,0.9952,0.7433,0.3926,0.2091,0.7186,2.2744,0.9822,0.1803,0.7206,0.6254,0.7649,0,1,1,1
SE-031,2024,14,QA,Mid-Level,3,11,9,29,30,0.7776,0.7912,0.9904,0.6437,0.3464,0.2243,0.7291,2.081,0.8055,0.0522,0.639,0.6596,0.7567,0,0,0,0
SE-031,2024,15,QA,Mid-Level,3,7,6,29,36,0.7953,0.7207,0.9107,0.6396,0.384,0.2127,0.6979,2.0889,0.8445,0.1104,0.7048,0.7053,0.7491,0,1,0,1
SE-031,2024,16,QA,Mid-Level,3,10,7,16,37,0.7457,0.8259,0.8395,0.6424,0.4202,0.291,0.7022,2.0806,0.8019,0.1016,0.7204,0.6541,0.7445,0,0,0,0
SE-031,2024,17,QA,Mid-Level,3,11,9,22,36,0.8356,0.7152,0.9095,0.5987,0.3985,0.217,0.7303,2.3387,0.8539,0.1289,0.6848,0.6635,0.7596,0,0,0,0
SE-031,2024,18,QA,Mid-Level,3,11,10,18,38,0.8759,0.6548,0.9199,0.6619,0.4178,0.2199,0.703,1.4033,0.8178,0.1332,0.6941,0.6279,0.6971,0,0,0,0
SE-031,2024,19,QA,Mid-Level,3,13,10,35,34,0.7373,0.732,0.9229,0.6519,0.3689,0.2764,0.7584,1.9756,0.7801,0.11,0.7437,0.6567,0.7529,1,0,0,0
SE-031,2024,20,QA,Mid-Level,3,8,6,24,36,0.7463,0.7922,0.8854,0.602,0.3871,0.2564,0.7276,2.3937,0.8593,0.1646,0.7198,0.5966,0.7621,0,0,0,0
SE-031,2024,21,QA,Mid-Level,3,10,7,30,36,0.7334,0.7219,0.9751,0.7401,0.2539,0.1821,0.8105,2.3636,0.8799,0.1522,0.7361,0.6668,0.7861,0,1,0,1
SE-031,2024,22,QA,Mid-Level,3,13,10,10,37,0.805,0.7112,0.9873,0.7025,0.3787,0.2199,0.7489,2.1442,0.8148,0.1043,0.7588,0.6156,0.7703,0,1,1,0
SE-031,2024,23,QA,Mid-Level,3,7,6,37,38,0.8447,0.6664,0.951,0.6942,0.381,0.2449,0.6967,1.9567,0.934,0.164,0.7078,0.5806,0.6813,0,0,0,0
SE-031,2024,24,QA,Mid-Level,3,12,9,35,38,0.7566,0.7121,0.9635,0.7077,0.3958,0.3122,0.7359,2.1686,1.0085,0.1411,0.6736,0.6071,0.7461,0,1,1,0
SE-031,2024,25,QA,Mid-Level,3,7,6,22,39,0.7895,0.6653,0.8549,0.6909,0.4346,0.1978,0.7125,2.4158,0.9139,0.0757,0.6161,0.6561,0.7367,0,0,1,0
SE-031,2024,26,QA,Mid-Level,3,10,7,13,37,0.7491,0.758,0.8602,0.6866,0.358,0.279,0.7088,2.0818,0.7566,0.0809,0.69,0.6332,0.7112,0,0,0,0
SE-031,2024,27,QA,Mid-Level,3,11,9,33,38,0.8018,0.7053,1.0454,0.709,0.3571,0.1424,0.6988,2.0598,0.8147,0.133,0.776,0.592,0.6902,0,1,0,0
SE-031,2024,28,QA,Mid-Level,3,7,5,19,40,0.766,0.7775,0.8837,0.6509,0.4943,0.2384,0.7143,2.1298,1.0844,0.1186,0.7301,0.689,0.7021,0,0,0,1
SE-031,2024,29,QA,Mid-Level,3,9,7,31,40,0.7961,0.7346,0.925,0.7282,0.3897,0.1715,0.6292,2.0006,0.9847,0.1682,0.6669,0.6503,0.6884,0,0,0,0
SE-031,2024,30,QA,Mid-Level,3,14,10,25,41,0.7313,0.7356,0.9187,0.7025,0.2381,0.263,0.7096,2.186,1.0048,0.1973,0.6644,0.6829,0.7737,0,0,1,0
SE-031,2024,31,QA,Mid-Level,3,7,5,29,37,0.7419,0.7555,0.8588,0.7041,0.3172,0.2462,0.72,1.8738,0.741,0.1123,0.6753,0.5619,0.7454,1,0,0,0
SE-031,2024,32,QA,Mid-Level,3,7,5,39,34,0.7455,0.7638,0.7773,0.7053,0.4395,0.2339,0.7104,2.0355,0.8702,0.1464,0.6764,0.6492,0.7002,1,0,0,0
SE-031,2024,33,QA,Mid-Level,3,11,8,18,35,0.6934,0.75,0.8712,0.6383,0.3279,0.2039,0.7935,2.1469,0.9576,0.1513,0.65,0.586,0.6939,1,1,0,0
SE-031,2024,34,QA,Mid-Level,3,13,10,28,42,0.7531,0.7104,0.8909,0.6586,0.3809,0.234,0.7742,2.3838,0.9511,0.1611,0.6198,0.5576,0.7447,1,1,0,1
SE-031,2024,35,QA,Mid-Level,3,8,7,40,38,0.8521,0.6932,0.8447,0.6743,0.3932,0.2135,0.7505,1.9451,0.867,0.0801,0.7188,0.6019,0.7108,0,0,0,1
SE-031,2024,36,QA,Mid-Level,3,12,9,10,35,0.7452,0.731,0.9284,0.6325,0.4577,0.2767,0.7283,1.9737,0.8923,0.1273,0.6664,0.5727,0.6887,0,0,0,1
SE-031,2024,37,QA,Mid-Level,3,14,11,22,39,0.7506,0.7051,0.9595,0.6483,0.3244,0.1968,0.8042,1.6626,0.7226,0.1492,0.7447,0.6522,0.759,1,0,0,0
SE-031,2024,38,QA,Mid-Level,3,10,7,26,38,0.7196,0.7375,0.8915,0.6025,0.3942,0.2637,0.7165,2.016,0.8677,0.1031,0.7485,0.7422,0.7426,0,0,0,0
SE-031,2024,39,QA,Mid-Level,3,14,11,38,43,0.7744,0.7388,0.9793,0.6784,0.3416,0.1911,0.7558,2.0962,0.9425,0.1148,0.7619,0.6501,0.7928,1,0,0,0
SE-031,2024,40,QA,Mid-Level,3,13,10,38,39,0.7592,0.7133,0.8638,0.6553,0.4413,0.1638,0.7925,2.7682,0.9097,0.1658,0.7353,0.6527,0.7658,1,0,0,0
SE-031,2024,41,QA,Mid-Level,3,13,11,20,37,0.8218,0.7089,0.8688,0.686,0.3373,0.2648,0.743,2.0796,0.7793,0.0871,0.7428,0.635,0.7792,1,0,0,0
SE-031,2024,42,QA,Mid-Level,3,6,5,12,40,0.8246,0.6657,0.9683,0.7087,0.3939,0.304,0.7589,2.0803,0.9068,0.145,0.6988,0.6468,0.6781,1,1,0,0
SE-031,2024,43,QA,Mid-Level,3,7,5,25,41,0.7596,0.6909,0.9343,0.7398,0.4435,0.2019,0.7307,1.7451,0.7837,0.1222,0.6898,0.6237,0.6969,1,1,0,0
SE-031,2024,44,QA,Mid-Level,3,10,7,29,35,0.7427,0.7126,0.9023,0.6406,0.3469,0.2532,0.7623,2.1162,0.8104,0.0746,0.7046,0.6942,0.7068,0,0,1,0
SE-031,2024,45,QA,Mid-Level,3,14,10,31,36,0.7459,0.748,0.9452,0.6671,0.3316,0.216,0.7875,2.116,0.8939,0.0801,0.6594,0.5617,0.6838,0,1,0,0
SE-031,2024,46,QA,Mid-Level,3,10,8,35,37,0.8017,0.7188,0.8938,0.6944,0.3137,0.2368,0.7178,2.2561,0.8625,0.173,0.6734,0.6036,0.7597,0,1,0,0
SE-031,2024,47,QA,Mid-Level,3,11,9,33,42,0.7953,0.7948,0.9386,0.6363,0.3924,0.2073,0.7142,2.1483,1.0036,0.1062,0.6917,0.6958,0.7924,0,0,0,1
SE-031,2024,48,QA,Mid-Level,3,6,4,32,39,0.722,0.7365,0.9453,0.7264,0.4406,0.1961,0.7543,1.9342,0.9284,0.1566,0.6773,0.6181,0.7285,0,0,1,0
SE-031,2024,49,QA,Mid-Level,3,13,12,24,37,0.9055,0.7535,0.8559,0.6182,0.3609,0.2527,0.7202,1.9251,0.887,0.1121,0.7118,0.6624,0.7424,0,0,1,1
SE-031,2024,50,QA,Mid-Level,3,7,5,15,42,0.708,0.7318,0.8031,0.6526,0.4137,0.254,0.7246,1.9823,0.9066,0.1465,0.6557,0.6877,0.8107,1,0,0,1
SE-031,2024,51,QA,Mid-Level,3,12,8,37,41,0.6814,0.7448,0.9589,0.6564,0.3225,0.2333,0.7384,2.3285,0.8092,0.1439,0.7296,0.6153,0.7458,0,0,1,0
SE-031,2024,52,QA,Mid-Level,3,12,9,31,33,0.7564,0.7624,1.0054,0.7145,0.317,0.1531,0.7163,1.8336,0.8434,0.1666,0.6967,0.6899,0.7626,0,0,1,0
SE-047,2024,1,QA,Mid-Level,3,11,8,29,36,0.7603,0.7578,0.9655,0.7173,0.3945,0.2419,0.7337,2.1434,0.9608,0.1129,0.6824,0.5945,0.8234,0,1,0,0
SE-047,2024,2,QA,Mid-Level,3,6,5,21,40,0.7787,0.717,0.9758,0.718,0.4342,0.2499,0.7973,1.986,0.8081,0.152,0.6451,0.6058,0.7212,0,0,0,0
SE-047,2024,3,QA,Mid-Level,3,9,7,11,39,0.8133,0.7869,0.9399,0.6976,0.3681,0.2442,0.7612,1.887,0.9458,0.1378,0.8185,0.6353,0.7433,1,0,0,0
SE-047,2024,4,QA,Mid-Level,3,10,8,20,39,0.8458,0.6136,0.8432,0.6995,0.3804,0.2404,0.7181,2.1675,0.8145,0.1189,0.7554,0.629,0.7414,0,0,1,1
SE-047,2024,5,QA,Mid-Level,3,7,5,16,41,0.7698,0.6846,0.9092,0.7335,0.3424,0.2071,0.8135,2.0099,0.9016,0.1569,0.7572,0.5882,0.72,0,0,0,0
SE-047,2024,6,QA,Mid-Level,3,6,4,40,41,0.6986,0.6802,0.8868,0.7221,0.2774,0.2205,0.6959,2.0309,0.8938,0.1154,0.7169,0.6127,0.7105,1,0,0,0
SE-047,2024,7,QA,Mid-Level,3,14,11,15,35,0.8015,0.7714,0.916,0.7258,0.4096,0.2315,0.8413,2.1795,0.9772,0.0774,0.6992,0.6488,0.7454,0,0,0,1
SE-047,2024,8,QA,Mid-Level,3,13,10,40,40,0.7768,0.7141,0.9001,0.672,0.4024,0.1824,0.7502,1.8839,0.7912,0.1467,0.6898,0.6694,0.7086,0,1,0,1
SE-047,2024,9,QA,Mid-Level,3,11,9,40,37,0.8204,0.746,0.9278,0.7326,0.3025,0.2307,0.7161,2.5926,0.7877,0.1625,0.7027,0.6906,0.7047,0,0,0,1
SE-047,2024,10,QA,Mid-Level,3,7,5,11,36,0.7537,0.6778,0.9418,0.5998,0.4433,0.2701,0.7369,1.9489,0.9439,0.1382,0.7025,0.6255,0.7807,0,0,1,0
SE-047,2024,11,QA,Mid-Level,3,8,6,28,40,0.7941,0.7058,0.9768,0.6739,0.3836,0.2365,0.7512,1.9359,0.939,0.1738,0.708,0.688,0.84,0,0,1,0
SE-047,2024,12,QA,Mid-Level,3,14,10,23,35,0.7448,0.6651,0.9034,0.6624,0.3284,0.2222,0.8198,2.0348,1.0036,0.1721,0.7283,0.6535,0.6933,0,0,1,0
SE-047,2024,13,QA,Mid-Level,3,11,8,13,37,0.769,0.7899,0.9733,0.7614,0.3815,0.2961,0.7048,2.5464,0.8992,0.1762,0.7338,0.6291,0.7489,1,0,0,0
SE-047,2024,14,QA,Mid-Level,3,12,10,35,39,0.8467,0.6524,0.8541,0.7196,0.3515,0.2439,0.7731,2.0924,1.0364,0.185,0.7387,0.7328,0.7397,0,0,0,0
SE-047,2024,15,QA,Mid-Level,3,10,8,12,33,0.7643,0.6792,0.8644,0.6732,0.3372,0.2337,0.7354,1.9459,0.8795,0.0928,0.6877,0.6605,0.7256,0,0,1,0
SE-047,2024,16,QA,Mid-Level,3,7,5,25,39,0.7583,0.7459,0.9034,0.6513,0.519,0.2487,0.732,2.1203,0.9633,0.1517,0.7582,0.6584,0.7592,1,1,1,0
SE-047,2024,17,QA,Mid-Level,3,10,8,37,42,0.8053,0.7675,0.8907,0.6683,0.3847,0.2119,0.7107,1.988,1.0864,0.1289,0.7518,0.6302,0.7963,0,0,0,0
SE-047,2024,18,QA,Mid-Level,3,7,5,25,37,0.7549,0.7261,0.9021,0.652,0.4385,0.2228,0.742,2.0062,0.9299,0.1529,0.7326,0.6957,0.6981,0,0,0,0
SE-047,2024,19,QA,Mid-Level,3,8,6,28,36,0.8015,0.7325,0.9258,0.7123,0.3809,0.1946,0.7822,2.2095,0.9327,0.1671,0.7393,0.6627,0.7358,1,0,0,0
SE-047,2024,20,QA,Mid-Level,3,11,8,18,41,0.7625,0.8064,0.919,0.7445,0.4035,0.2579,0.7693,1.9423,0.7906,0.1145,0.7812,0.5839,0.6859,0,0,1,0
SE-047,2024,21,QA,Mid-Level,3,8,6,22,35,0.7939,0.7118,0.9325,0.6899,0.3765,0.2033,0.6759,1.975,0.8815,0.155,0.7517,0.5759,0.7223,0,0,0,0
SE-047,2024,22,QA,Mid-Level,3,14,11,22,40,0.7993,0.7069,0.9082,0.6562,0.4369,0.2017,0.7636,2.1902,0.902,0.1603,0.7887,0.6467,0.7457,1,0,1,0
SE-047,2024,23,QA,Mid-Level,3,14,10,17,34,0.7386,0.6771,0.9019,0.7383,0.3904,0.2769,0.7689,2.142,0.7821,0.1012,0.7024,0.6729,0.6592,0,0,0,0
SE-047,2024,24,QA,Mid-Level,3,9,7,24,35,0.7863,0.677,0.8903,0.73,0.456,0.1468,0.793,2.1817,0.8446,0.1512,0.7365,0.5683,0.763,0,0,0,1
SE-047,2024,25,QA,Mid-Level,3,11,9,36,38,0.8449,0.7383,0.9086,0.7402,0.3964,0.2376,0.77,1.8676,0.8921,0.1243,0.6893,0.6438,0.6812,0,0,0,1
SE-047,2024,26,QA,Mid-Level,3,11,8,30,47,0.7471,0.7292,0.908,0.713,0.2846,0.2221,0.8046,2.1699,0.9467,0.1919,0.6914,0.6352,0.7298,0,0,0,1
SE-047,2024,27,QA,Mid-Level,3,9,7,39,40,0.7766,0.7504,0.9758,0.6865,0.3313,0.2234,0.7494,1.375,1.0007,0.1213,0.7513,0.6673,0.6941,1,0,0,1
SE-047,2024,28,QA,Mid-Level,3,11,8,29,41,0.6905,0.7654,0.953,0.7451,0.3527,0.2078,0.7814,2.0985,1.0375,0.141,0.7177,0.5796,0.7507,1,1,0,0
SE-047,2024,29,QA,Mid-Level,3,10,8,23,33,0.8081,0.8113,0.9094,0.7917,0.3042,0.2251,0.7558,2.0872,0.8034,0.1794,0.662,0.6441,0.7311,0,1,0,0
SE-047,2024,30,QA,Mid-Level,3,9,7,24,37,0.7273,0.7199,0.8556,0.682,0.3403,0.2485,0.773,2.0303,0.8845,0.1485,0.6684,0.6927,0.7427,0,0,0,1
SE-047,2024,31,QA,Mid-Level,3,9,7,28,38,0.7451,0.6978,0.915,0.635,0.3636,0.2371,0.7516,2.2227,0.9364,0.1399,0.7466,0.6147,0.7883,1,0,1,1
SE-047,2024,32,QA,Mid-Level,3,7,6,23,36,0.7968,0.6961,0.8497,0.6941,0.3445,0.1847,0.7862,1.9459,0.8929,0.088,0.6638,0.6745,0.7846,0,0,0,0
SE-047,2024,33,QA,Mid-Level,3,10,8,23,31,0.7899,0.7121,0.8732,0.6815,0.4404,0.25,0.7422,2.1795,0.6605,0.1036,0.7204,0.6995,0.77,0,0,0,0
SE-047,2024,34,QA,Mid-Level,3,9,7,35,37,0.7975,0.7298,0.8788,0.6905,0.3621,0.2683,0.7279,1.9179,0.8232,0.145,0.6377,0.6168,0.7295,1,1,0,1
SE-047,2024,35,QA,Mid-Level,3,13,10,12,38,0.7979,0.7569,0.973,0.6598,0.3574,0.1679,0.7871,1.9401,0.8145,0.1258,0.5906,0.6229,0.7498,0,0,0,0
SE-047,2024,36,QA,Mid-Level,3,7,6,28,33,0.7914,0.6876,0.9981,0.7326,0.388,0.2185,0.7677,1.8846,0.7835,0.1737,0.7163,0.6149,0.6933,0,1,1,0
SE-047,2024,37,QA,Mid-Level,3,14,11,24,40,0.8119,0.7443,0.9693,0.7695,0.3865,0.1927,0.8129,1.8451,0.9301,0.1074,0.7718,0.5812,0.7422,0,0,0,0
SE-047,2024,38,QA,Mid-Level,3,11,9,12,42,0.8005,0.7534,1.0411,0.6902,0.3354,0.2168,0.7736,2.0038,1.0209,0.1912,0.714,0.6629,0.7364,0,1,1,1
SE-047,2024,39,QA,Mid-Level,3,12,9,10,41,0.7725,0.7136,0.9123,0.6345,0.3117,0.2425,0.7945,1.9379,0.935,0.2008,0.6743,0.6022,0.7793,0,0,0,0
SE-047,2024,40,QA,Mid-Level,3,11,8,30,38,0.7436,0.8145,0.8474,0.6618,0.4022,0.2495,0.772,1.8881,0.9701,0.1341,0.7054,0.6362,0.7254,1,0,0,0
SE-047,2024,41,QA,Mid-Level,3,10,8,26,38,0.809,0.7714,0.8567,0.587,0.397,0.2146,0.7219,1.8775,0.8679,0.0938,0.6203,0.7109,0.6927,0,0,0,0
SE-047,2024,42,QA,Mid-Level,3,11,8,17,39,0.7715,0.8288,0.8934,0.7149,0.3162,0.2367,0.7047,2.1642,0.9555,0.1383,0.7575,0.6484,0.8293,0,0,0,1
SE-047,2024,43,QA,Mid-Level,3,12,10,39,35,0.8371,0.7044,0.9308,0.7866,0.3679,0.2744,0.7069,2.1791,0.9019,0.102,0.7274,0.5936,0.7683,0,0,0,0
SE-047,2024,44,QA,Mid-Level,3,11,9,22,45,0.7897,0.7221,0.8971,0.6472,0.3141,0.2261,0.7532,1.6952,0.8605,0.1036,0.6496,0.5689,0.6654,0,1,0,0
SE-047,2024,45,QA,Mid-Level,3,6,5,31,38,0.7878,0.826,0.897,0.7087,0.2993,0.2605,0.7381,2.2983,1.0645,0.15,0.6775,0.6098,0.7495,0,0,0,0
SE-047,2024,46,QA,Mid-Level,3,9,7,13,38,0.7641,0.8293,0.9004,0.6236,0.3298,0.2061,0.7749,1.8052,0.9919,0.191,0.6839,0.6531,0.7641,0,0,0,1
SE-047,2024,47,QA,Mid-Level,3,6,4,11,34,0.7241,0.7367,0.8663,0.6771,0.4386,0.2749,0.7498,2.2147,0.8612,0.139,0.6867,0.6409,0.7983,1,0,0,1
SE-047,2024,48,QA,Mid-Level,3,10,8,31,39,0.8215,0.7664,0.8896,0.698,0.3785,0.2812,0.7508,1.6561,0.8409,0.1233,0.6195,0.666,0.7186,0,0,0,0
SE-047,2024,49,QA,Mid-Level,3,9,7,18,30,0.8124,0.7841,0.8629,0.6642,0.4108,0.2448,0.7928,1.8135,0.821,0.1731,0.6948,0.6102,0.7816,0,0,0,1
SE-047,2024,50,QA,Mid-Level,3,11,9,31,34,0.7959,0.7399,0.9386,0.7665,0.2566,0.2523,0.7692,1.9169,0.8994,0.0877,0.6399,0.6225,0.7617,1,0,0,0
SE-047,2024,51,QA,Mid-Level,3,14,11,11,37,0.7504,0.687,0.9133,0.6054,0.4172,0.1962,0.6942,2.2785,0.8171,0.2086,0.7058,0.7219,0.6726,0,1,0,1
SE-047,2024,52,QA,Mid-Level,3,13,10,14,37,0.7913,0.7242,0.9809,0.7808,0.3374,0.2585,0.7315,2.0494,0.9351,0.0652,0.6845,0.5988,0.671,1,0,0,0
SE-013,2024,1,Backend,Junior,1,6,4,37,47,0.6057,0.4969,0.7004,0.5715,0.5241,0.3382,0.5738,2.8994,1.1571,0.1993,0.4999,0.4408,0.5446,1,0,0,1
SE-013,2024,2,Backend,Junior,1,11,7,11,47,0.6758,0.5467,0.6996,0.514,0.5031,0.3002,0.5782,2.7311,1.2686,0.2173,0.5727,0.518,0.6023,0,0,0,1
SE-013,2024,3,Backend,Junior,1,9,6,22,48,0.636,0.5294,0.7329,0.5615,0.5498,0.3769,0.5677,2.6118,1.1694,0.1725,0.5354,0.4273,0.5534,1,0,1,1
SE-013,2024,4,Backend,Junior,1,7,4,23,36,0.5685,0.4888,0.81,0.5689,0.6101,0.3525,0.5484,2.9087,1.1961,0.1458,0.4927,0.4192,0.6254,1,1,0,1
SE-013,2024,5,Backend,Junior,1,7,4,22,51,0.524,0.4921,0.712,0.5372,0.6264,0.3899,0.552,2.7556,1.2164,0.1833,0.5753,0.4984,0.5107,1,1,0,1
SE-013,2024,6,Backend,Junior,1,10,6,38,40,0.5972,0.5149,0.7987,0.5863,0.567,0.3555,0.5641,2.695,1.1826,0.1926,0.5087,0.5614,0.6225,0,1,0,1
SE-013,2024,7,Backend,Junior,1,14,9,25,44,0.634,0.5098,0.7995,0.5484,0.5641,0.3237,0.6448,2.6715,1.2645,0.1488,0.5808,0.5524,0.652,1,0,1,1
SE-013,2024,8,Backend,Junior,1,14,8,31,43,0.5747,0.5811,0.8124,0.5769,0.5647,0.3822,0.5716,2.661,1.0805,0.1369,0.5453,0.3736,0.5284,0,0,1,0
SE-013,2024,9,Backend,Junior,1,13,8,38,42,0.6044,0.4916,0.8133,0.5316,0.564,0.3165,0.6126,2.411,1.1524,0.1665,0.4842,0.4785,0.5937,0,1,1,0
SE-013,2024,10,Backend,Junior,1,6,3,22,54,0.5302,0.5249,0.7588,0.5295,0.5808,0.3367,0.5887,2.5498,1.2415,0.2422,0.5392,0.3952,0.5481,1,1,0,1
SE-013,2024,11,Backend,Junior,1,6,3,29,39,0.5391,0.5759,0.7282,0.572,0.553,0.3479,0.5638,2.5639,1.0752,0.1452,0.5081,0.4764,0.4921,1,1,0,1
SE-013,2024,12,Backend,Junior,1,7,4,10,44,0.6009,0.5052,0.7475,0.5889,0.5968,0.3218,0.5583,2.6056,1.178,0.156,0.534,0.461,0.5753,0,1,0,0
SE-013,2024,13,Backend,Junior,1,9,5,32,39,0.5859,0.5325,0.861,0.5367,0.5635,0.3527,0.5383,2.6254,1.0986,0.1397,0.5559,0.4875,0.6284,1,1,0,1
SE-013,2024,14,Backend,Junior,1,13,8,13,41,0.5814,0.6663,0.7209,0.5071,0.5798,0.3776,0.5154,2.7145,1.2027,0.1633,0.5129,0.496,0.5076,0,1,1,1
SE-013,2024,15,Backend,Junior,1,6,4,23,40,0.6412,0.5687,0.7585,0.5103,0.6312,0.3545,0.5689,2.6841,1.16,0.1735,0.5163,0.4296,0.6116,1,0,1,1
SE-013,2024,16,Backend,Junior,1,6,3,19,48,0.5391,0.5859,0.6789,0.5349,0.6177,0.3765,0.5326,2.4817,1.2558,0.1678,0.4872,0.3986,0.5482,0,1,0,1
SE-013,2024,17,Backend,Junior,1,12,7,21,46,0.5754,0.5145,0.7515,0.6009,0.6003,0.3085,0.5445,2.6148,1.1659,0.1622,0.5001,0.4005,0.5182,0,0,1,0
SE-013,2024,18,Backend,Junior,1,12,7,32,42,0.622,0.5754,0.659,0.5855,0.5628,0.3489,0.5733,2.8819,1.2211,0.1834,0.5058,0.4007,0.5677,0,1,1,1
SE-013,2024,19,Backend,Junior,1,9,5,13,45,0.5841,0.6006,0.7544,0.4879,0.5088,0.3912,0.5801,2.6457,1.1781,0.1717,0.528,0.5196,0.5811,1,0,0,1
SE-013,2024,20,Backend,Junior,1,9,5,34,42,0.6054,0.5572,0.8005,0.5027,0.6857,0.3677,0.5459,2.9496,1.0913,0.112,0.5365,0.5389,0.5632,1,1,0,1
SE-013,2024,21,Backend,Junior,1,11,7,26,44,0.6442,0.512,0.6598,0.5969,0.5941,0.3494,0.6169,2.7654,1.3289,0.1885,0.5518,0.4663,0.555,0,1,0,1
SE-013,2024,22,Backend,Junior,1,14,9,14,50,0.6705,0.6146,0.7129,0.5831,0.6329,0.348,0.6063,2.6944,1.2665,0.1797,0.4712,0.5152,0.4971,1,1,0,1
SE-013,2024,23,Backend,Junior,1,13,7,24,46,0.5767,0.5208,0.7377,0.5327,0.6688,0.3241,0.5023,2.4936,1.2438,0.1524,0.5517,0.4586,0.5678,1,1,0,0
SE-013,2024,24,Backend,Junior,1,10,6,27,46,0.6243,0.4821,0.8894,0.5552,0.6553,0.3505,0.519,2.6623,1.1822,0.2104,0.5351,0.4208,0.5811,1,1,0,1
SE-013,2024,25,Backend,Junior,1,8,5,35,48,0.6363,0.5848,0.643,0.5761,0.5885,0.3687,0.596,2.929,1.1502,0.1365,0.5108,0.4576,0.5681,1,1,1,1
SE-013,2024,26,Backend,Junior,1,9,5,37,40,0.524,0.4738,0.7769,0.5031,0.5801,0.3346,0.5508,2.4974,1.0835,0.1858,0.4798,0.4403,0.5193,1,0,0,0
SE-013,2024,27,Backend,Junior,1,14,9,28,47,0.6365,0.5347,0.6931,0.5643,0.5685,0.2886,0.534,2.7117,1.3011,0.2716,0.5295,0.4997,0.5456,0,1,1,1
SE-013,2024,28,Backend,Junior,1,12,7,28,47,0.6073,0.527,0.9031,0.5945,0.5852,0.3537,0.5499,2.4112,1.2383,0.1739,0.531,0.4861,0.5908,0,1,1,1
SE-013,2024,29,Backend,Junior,1,8,5,21,46,0.5712,0.5545,0.8533,0.5142,0.6171,0.3955,0.6192,2.6046,1.1636,0.1681,0.5079,0.4942,0.5607,1,1,0,0
SE-013,2024,30,Backend,Junior,1,7,4,35,41,0.5906,0.5931,0.7086,0.4692,0.6551,0.3501,0.6397,2.442,1.193,0.1714,0.5669,0.4919,0.599,1,1,0,1
SE-013,2024,31,Backend,Junior,1,9,5,22,51,0.5869,0.5262,0.7678,0.5241,0.5017,0.3633,0.5324,2.5821,1.3674,0.1947,0.4813,0.5285,0.4764,1,0,0,1
SE-013,2024,32,Backend,Junior,1,13,8,39,50,0.6108,0.5165,0.7337,0.5693,0.5758,0.3446,0.5807,2.5848,1.2334,0.1434,0.4756,0.434,0.5443,1,0,1,0
SE-013,2024,33,Backend,Junior,1,9,5,25,44,0.5853,0.5709,0.7181,0.6351,0.5467,0.3546,0.5229,2.6327,1.2076,0.1944,0.5076,0.4875,0.5535,1,0,1,1
SE-013,2024,34,Backend,Junior,1,10,7,25,41,0.685,0.5007,0.7677,0.5502,0.6264,0.4164,0.5481,2.8753,1.075,0.1844,0.5281,0.4555,0.5472,1,0,1,1
SE-013,2024,35,Backend,Junior,1,14,8,20,49,0.6062,0.4717,0.7643,0.5394,0.6046,0.3167,0.5251,2.5902,1.2831,0.1975,0.5002,0.4304,0.548,1,0,1,1
SE-013,2024,36,Backend,Junior,1,12,8,36,50,0.6312,0.5747,0.775,0.479,0.627,0.3207,0.5858,2.6554,1.2579,0.2641,0.4292,0.4711,0.5016,1,1,0,1
SE-013,2024,37,Backend,Junior,1,8,4,23,37,0.5482,0.4788,0.7445,0.6404,0.5406,0.3415,0.5754,2.881,1.0832,0.1269,0.5644,0.4889,0.5279,1,0,0,1
SE-013,2024,38,Backend,Junior,1,12,7,20,52,0.6018,0.5908,0.8033,0.5579,0.5899,0.3721,0.5223,2.8177,1.2075,0.1563,0.4566,0.5024,0.5782,1,0,1,1
SE-013,2024,39,Backend,Junior,1,8,5,21,43,0.5927,0.5352,0.7807,0.5802,0.6212,0.308,0.5981,2.5205,1.1586,0.1421,0.4809,0.4662,0.553,1,1,1,1
SE-013,2024,40,Backend,Junior,1,6,4,37,48,0.6091,0.5638,0.6966,0.5789,0.6086,0.3227,0.544,2.959,1.2155,0.1516,0.4961,0.4463,0.5402,0,1,1,0
SE-013,2024,41,Backend,Junior,1,12,7,25,38,0.5876,0.5709,0.7049,0.4851,0.6017,0.3457,0.6423,2.5504,1.1137,0.1566,0.546,0.4263,0.5399,1,1,0,1
SE-013,2024,42,Backend,Junior,1,8,4,12,46,0.5225,0.5126,0.773,0.6213,0.6787,0.3165,0.5514,2.3166,1.2547,0.1942,0.5799,0.432,0.5255,1,0,1,1
SE-013,2024,43,Backend,Junior,1,10,5,36,44,0.5381,0.6153,0.7774,0.6222,0.5675,0.3841,0.5961,2.8668,1.3582,0.174,0.5327,0.4242,0.4981,1,1,1,1
SE-013,2024,44,Backend,Junior,1,14,9,39,52,0.6145,0.5103,0.8145,0.5062,0.5866,0.3851,0.5759,2.8617,1.3104,0.1981,0.5299,0.4857,0.5466,1,1,0,1
SE-013,2024,45,Backend,Junior,1,12,7,31,42,0.5495,0.5872,0.7299,0.4523,0.569,0.395,0.6391,2.6747,1.2791,0.1519,0.4941,0.4783,0.5841,0,0,1,1
SE-013,2024,46,Backend,Junior,1,9,6,19,39,0.6125,0.5497,0.8711,0.5674,0.5716,0.374,0.5448,2.6106,1.182,0.1858,0.4815,0.462,0.5486,0,1,0,1
SE-013,2024,47,Backend,Junior,1,11,7,31,42,0.6073,0.4804,0.7143,0.5499,0.5702,0.3293,0.5531,2.8225,1.182,0.1676,0.5949,0.4393,0.5384,1,1,0,1
SE-013,2024,48,Backend,Junior,1,13,9,36,43,0.6645,0.5368,0.6287,0.5442,0.6033,0.3419,0.602,3.018,1.2861,0.1582,0.5996,0.3855,0.5427,1,0,0,1
SE-013,2024,49,Backend,Junior,1,10,6,11,47,0.6142,0.4983,0.7213,0.5424,0.5697,0.3506,0.5184,2.7085,1.1173,0.2149,0.5227,0.4928,0.4775,0,0,0,0
SE-013,2024,50,Backend,Junior,1,10,5,19,41,0.5282,0.5053,0.7295,0.5428,0.582,0.3668,0.6004,2.9672,1.1887,0.2342,0.5026,0.4868,0.5605,1,1,0,1
SE-013,2024,51,Backend,Junior,1,12,7,17,44,0.5482,0.4914,0.6963,0.5567,0.6136,0.3999,0.5196,2.4875,1.1056,0.1457,0.5529,0.4335,0.632,1,1,1,1
SE-013,2024,52,Backend,Junior,1,12,7,16,49,0.5665,0.5425,0.8068,0.5076,0.5695,0.3631,0.6065,2.6132,1.3293,0.1757,0.5473,0.4695,0.6323,0,0,1,1
SE-006,2024,1,Frontend,Junior,1,12,7,16,36,0.5484,0.4939,0.6048,0.515,0.588,0.4021,0.4867,2.4785,1.182,0.1391,0.4747,0.3808,0.5493,1,1,1,1
SE-006,2024,2,Frontend,Junior,1,10,6,21,50,0.5527,0.5083,0.7605,0.4716,0.6421,0.3745,0.5546,3.1611,1.1975,0.1478,0.4758,0.5678,0.4469,0,0,1,1
SE-006,2024,3,Frontend,Junior,1,14,7,36,53,0.5269,0.5504,0.7622,0.5129,0.5799,0.3676,0.5389,2.8317,1.2824,0.1806,0.5085,0.427,0.628,0,1,0,1
SE-006,2024,4,Frontend,Junior,1,8,5,27,45,0.603,0.5698,0.6816,0.5126,0.651,0.3575,0.5361,3.014,1.2485,0.1833,0.5385,0.4785,0.5563,1,1,0,1
SE-006,2024,5,Frontend,Junior,1,6,4,36,46,0.6002,0.4775,0.7774,0.5094,0.6119,0.423,0.5324,3.1036,1.2639,0.1518,0.565,0.5017,0.5515,1,1,1,1
SE-006,2024,6,Frontend,Junior,1,11,6,24,50,0.5465,0.4417,0.7313,0.5101,0.6237,0.3674,0.5353,2.6482,1.2753,0.1864,0.5431,0.3984,0.5276,1,1,1,0
SE-006,2024,7,Frontend,Junior,1,9,4,15,47,0.4673,0.527,0.6818,0.4753,0.656,0.4157,0.516,3.0326,1.4173,0.212,0.5522,0.4715,0.5189,1,1,1,0
SE-006,2024,8,Frontend,Junior,1,7,4,40,51,0.5652,0.5081,0.7188,0.4352,0.6466,0.381,0.5641,2.9911,1.3419,0.2433,0.4832,0.4374,0.5041,1,1,0,1
SE-006,2024,9,Frontend,Junior,1,7,4,15,50,0.5588,0.5077,0.6413,0.4761,0.7175,0.3369,0.4501,3.119,1.4059,0.1987,0.4896,0.3988,0.5077,0,1,1,1
SE-006,2024,10,Frontend,Junior,1,11,6,14,48,0.5008,0.5263,0.7967,0.5319,0.6373,0.4104,0.5428,3.2141,1.3125,0.2536,0.5083,0.4489,0.4963,1,1,1,1
SE-006,2024,11,Frontend,Junior,1,9,5,26,48,0.5119,0.3923,0.6495,0.5178,0.663,0.4279,0.5235,2.8242,1.2433,0.1812,0.4857,0.4618,0.4477,0,1,1,0
SE-006,2024,12,Frontend,Junior,1,8,4,16,44,0.5434,0.5111,0.6909,0.4829,0.6611,0.4476,0.5764,2.7908,1.1426,0.1595,0.5462,0.4871,0.5231,1,1,0,1
SE-006,2024,13,Frontend,Junior,1,8,4,23,42,0.5171,0.5608,0.7107,0.4534,0.5836,0.3427,0.5054,2.8283,1.2009,0.1261,0.4427,0.4833,0.4974,1,0,1,1
SE-006,2024,14,Frontend,Junior,1,9,6,24,40,0.6207,0.562,0.7357,0.5969,0.6693,0.3771,0.4767,2.5763,1.3095,0.188,0.3904,0.4717,0.492,0,0,1,1
SE-006,2024,15,Frontend,Junior,1,12,7,18,49,0.5777,0.4809,0.6292,0.4908,0.6492,0.4187,0.4919,2.9762,1.2941,0.2073,0.4045,0.4041,0.5611,1,1,1,1
SE-006,2024,16,Frontend,Junior,1,8,5,12,46,0.5985,0.5716,0.7094,0.5122,0.6266,0.3844,0.4822,2.6905,1.2341,0.1631,0.5385,0.4491,0.4815,0,1,1,1
SE-006,2024,17,Frontend,Junior,1,8,4,38,49,0.4784,0.562,0.6444,0.5332,0.5522,0.3887,0.5129,3.0338,1.4126,0.2068,0.5202,0.3936,0.5356,0,1,1,1
SE-006,2024,18,Frontend,Junior,1,12,7,40,45,0.5446,0.4766,0.728,0.546,0.632,0.3555,0.4939,3.2187,1.2561,0.1827,0.5517,0.4934,0.5585,1,0,1,1
SE-006,2024,19,Frontend,Junior,1,14,7,22,47,0.5117,0.5518,0.7258,0.4599,0.6553,0.3422,0.5372,2.992,1.2017,0.1702,0.5342,0.4856,0.5155,1,1,1,0
SE-006,2024,20,Frontend,Junior,1,14,8,12,51,0.5426,0.5574,0.6271,0.558,0.6762,0.4335,0.436,2.7738,1.2942,0.1786,0.4781,0.4528,0.4594,1,1,1,1
SE-006,2024,21,Frontend,Junior,1,10,5,24,44,0.5346,0.4691,0.7903,0.4672,0.6929,0.3934,0.4656,2.7421,1.3575,0.1969,0.5108,0.3806,0.5246,1,1,0,0
SE-006,2024,22,Frontend,Junior,1,12,6,18,49,0.5284,0.498,0.6134,0.4838,0.6956,0.3922,0.5032,2.999,1.3842,0.208,0.4553,0.4475,0.4658,0,0,1,1
SE-006,2024,23,Frontend,Junior,1,13,8,21,47,0.5983,0.4942,0.8403,0.437,0.5595,0.4105,0.4685,2.9598,1.2425,0.248,0.4547,0.4639,0.5106,0,1,1,0
SE-006,2024,24,Frontend,Junior,1,11,7,21,48,0.5939,0.5173,0.7835,0.4483,0.7741,0.4142,0.5959,2.9565,1.3795,0.1956,0.4558,0.3706,0.4659,1,1,1,0
SE-006,2024,25,Frontend,Junior,1,9,5,22,45,0.5115,0.5063,0.6903,0.5433,0.5889,0.4057,0.503,2.782,1.2738,0.1845,0.4546,0.3992,0.5598,1,1,1,0
SE-006,2024,26,Frontend,Junior,1,7,4,30,40,0.5355,0.5935,0.7995,0.5047,0.5834,0.3383,0.4456,2.8939,1.1558,0.219,0.523,0.3858,0.4556,0,0,0,1
SE-006,2024,27,Frontend,Junior,1,6,3,12,47,0.5712,0.5052,0.6893,0.4717,0.6332,0.3822,0.5246,2.7966,1.3535,0.199,0.4503,0.4862,0.5688,0,1,0,1
SE-006,2024,28,Frontend,Junior,1,8,4,33,49,0.5142,0.5144,0.7577,0.5476,0.67,0.4157,0.5303,3.178,1.3197,0.1915,0.4509,0.3888,0.5851,1,1,1,1
SE-006,2024,29,Frontend,Junior,1,14,7,20,39,0.5351,0.5139,0.7,0.4766,0.69,0.4204,0.5158,2.5546,1.2428,0.2038,0.4701,0.4653,0.5578,0,0,1,1
SE-006,2024,30,Frontend,Junior,1,9,5,23,43,0.5818,0.5169,0.6873,0.4318,0.6695,0.3944,0.567,3.0239,1.197,0.1461,0.4854,0.4812,0.5701,1,1,0,1
SE-006,2024,31,Frontend,Junior,1,8,4,33,46,0.548,0.4237,0.7934,0.4891,0.6993,0.4067,0.5796,2.5545,1.3073,0.1542,0.4285,0.4808,0.5081,1,1,1,1
SE-006,2024,32,Frontend,Junior,1,13,7,26,48,0.5239,0.4577,0.711,0.5096,0.6021,0.3901,0.564,3.1792,1.2707,0.1861,0.5486,0.4303,0.4753,1,0,1,1
SE-006,2024,33,Frontend,Junior,1,12,7,20,43,0.5859,0.5115,0.7607,0.4854,0.5756,0.4291,0.506,2.8006,1.2971,0.2606,0.5523,0.3438,0.4767,1,0,0,1
SE-006,2024,34,Frontend,Junior,1,12,7,10,44,0.5874,0.4185,0.7047,0.5714,0.7685,0.3615,0.5438,2.8026,1.4303,0.1782,0.5306,0.3748,0.4948,0,1,1,1
SE-006,2024,35,Frontend,Junior,1,13,7,14,49,0.5755,0.5277,0.6942,0.5545,0.7375,0.3755,0.5271,3.036,1.3611,0.2663,0.5232,0.469,0.4822,1,1,0,1
SE-006,2024,36,Frontend,Junior,1,12,7,24,52,0.545,0.4762,0.7251,0.4959,0.6208,0.3998,0.4869,2.6509,1.3343,0.1742,0.5237,0.4774,0.4882,1,0,0,1
SE-006,2024,37,Frontend,Junior,1,7,3,28,52,0.4692,0.4654,0.7512,0.5458,0.6945,0.407,0.5826,3.0832,1.4118,0.2335,0.4174,0.4224,0.4515,1,1,1,1
SE-006,2024,38,Frontend,Junior,1,14,7,20,45,0.5328,0.43,0.6833,0.5129,0.6536,0.4421,0.5395,2.8116,1.3136,0.2031,0.4313,0.4498,0.5365,1,1,1,1
SE-006,2024,39,Frontend,Junior,1,12,6,24,54,0.5149,0.5208,0.7409,0.5441,0.6469,0.3599,0.5396,2.892,1.3496,0.2468,0.5155,0.4471,0.4718,1,1,1,1
SE-006,2024,40,Frontend,Junior,1,10,5,23,51,0.5476,0.4889,0.5379,0.5001,0.5943,0.3889,0.4783,3.1775,1.3513,0.2347,0.4807,0.433,0.5134,1,1,1,1
SE-006,2024,41,Frontend,Junior,1,7,4,14,44,0.5467,0.5082,0.7255,0.5677,0.6876,0.3579,0.5546,2.7607,1.3615,0.2427,0.508,0.4417,0.4136,1,1,1,1
SE-006,2024,42,Frontend,Junior,1,14,7,30,48,0.4979,0.4525,0.7328,0.5172,0.6009,0.4146,0.5198,3.1263,1.2084,0.1792,0.5115,0.4032,0.5048,0,1,1,1
SE-006,2024,43,Frontend,Junior,1,13,8,10,50,0.6082,0.4221,0.8127,0.5922,0.5488,0.338,0.482,2.5329,1.4196,0.2447,0.4742,0.4964,0.5236,1,1,1,1
SE-006,2024,44,Frontend,Junior,1,6,3,16,49,0.5396,0.5784,0.6404,0.5098,0.646,0.404,0.4783,3.1696,1.2268,0.155,0.5205,0.429,0.5129,0,0,1,1
SE-006,2024,45,Frontend,Junior,1,14,8,25,46,0.5991,0.4981,0.701,0.5626,0.5992,0.3761,0.5332,2.667,1.4358,0.1698,0.4411,0.3958,0.4379,1,1,1,1
SE-006,2024,46,Frontend,Junior,1,9,4,18,48,0.4781,0.5773,0.8186,0.5423,0.6197,0.3496,0.5216,2.963,1.4324,0.1899,0.4627,0.377,0.5239,0,1,0,1
SE-006,2024,47,Frontend,Junior,1,14,7,30,47,0.5016,0.5219,0.7599,0.4585,0.65,0.3599,0.5123,2.6879,1.3498,0.1635,0.4199,0.4801,0.4581,1,0,1,1
SE-006,2024,48,Frontend,Junior,1,13,7,34,47,0.5768,0.4958,0.6879,0.4446,0.6231,0.4284,0.5225,2.5936,1.3208,0.1632,0.4886,0.4712,0.43,1,1,1,1
SE-006,2024,49,Frontend,Junior,1,12,6,22,50,0.471,0.4882,0.7054,0.4851,0.6907,0.3444,0.4885,2.7649,1.2372,0.1363,0.5015,0.435,0.5594,1,1,1,1
SE-006,2024,50,Frontend,Junior,1,9,5,33,49,0.6071,0.4478,0.6794,0.4423,0.6836,0.3999,0.5968,2.6931,1.3758,0.2632,0.4911,0.4066,0.4648,1,0,1,1
SE-006,2024,51,Frontend,Junior,1,11,6,36,40,0.5321,0.4679,0.736,0.451,0.646,0.3639,0.5254,2.9202,1.2127,0.2063,0.5257,0.4645,0.4783,0,0,1,1
SE-006,2024,52,Frontend,Junior,1,6,3,21,47,0.5423,0.5328,0.7805,0.5109,0.6498,0.3755,0.5143,2.8298,1.3272,0.2153,0.4659,0.4431,0.5311,0,1,0,0
SE-010,2024,1,Frontend,Junior,1,6,4,15,46,0.5854,0.5542,0.6951,0.4903,0.5317,0.3849,0.5652,2.8747,1.2553,0.2298,0.4697,0.4434,0.6159,1,0,0,1
SE-010,2024,2,Frontend,Junior,1,11,6,37,45,0.5859,0.5099,0.6636,0.4989,0.6289,0.3843,0.5236,2.6159,1.2945,0.1468,0.4593,0.5123,0.5501,1,0,1,0
SE-010,2024,3,Frontend,Junior,1,7,4,11,43,0.5829,0.4857,0.853,0.482,0.6279,0.4242,0.5797,2.5826,1.2817,0.1483,0.4985,0.4083,0.5742,1,1,1,1
SE-010,2024,4,Frontend,Junior,1,9,6,21,49,0.6339,0.4967,0.762,0.5161,0.5474,0.3582,0.5708,2.6874,1.1973,0.1531,0.4552,0.4653,0.5215,1,0,0,0
SE-010,2024,5,Frontend,Junior,1,9,4,11,48,0.4874,0.5205,0.6561,0.5348,0.5934,0.3906,0.4656,2.3995,1.1919,0.1742,0.5103,0.4589,0.4713,0,1,1,1
SE-010,2024,6,Frontend,Junior,1,11,6,19,42,0.5356,0.579,0.8721,0.5076,0.5488,0.3622,0.5874,2.812,1.1076,0.1868,0.5019,0.4687,0.5132,1,0,1,1
SE-010,2024,7,Frontend,Junior,1,9,5,40,49,0.6055,0.4948,0.7345,0.5815,0.5265,0.3844,0.535,2.8381,1.2877,0.1912,0.566,0.482,0.4782,0,1,1,1
SE-010,2024,8,Frontend,Junior,1,13,7,21,45,0.5468,0.5392,0.6885,0.5238,0.5933,0.3908,0.5259,3.0886,1.2653,0.1791,0.4629,0.4848,0.5316,1,0,1,1
SE-010,2024,9,Frontend,Junior,1,7,4,40,41,0.5737,0.5299,0.8051,0.5111,0.6391,0.4178,0.5573,2.848,1.1571,0.1494,0.4291,0.4725,0.4272,0,1,1,1
SE-010,2024,10,Frontend,Junior,1,6,4,24,46,0.612,0.511,0.8059,0.5514,0.6784,0.3574,0.4684,2.6907,1.3454,0.1665,0.4953,0.417,0.5275,1,1,1,1
SE-010,2024,11,Frontend,Junior,1,13,8,13,47,0.5966,0.5625,0.6847,0.5719,0.7001,0.3384,0.5077,3.0317,1.1975,0.1539,0.5311,0.4375,0.58,0,1,0,1
SE-010,2024,12,Frontend,Junior,1,12,8,29,50,0.6368,0.5054,0.6469,0.5343,0.6212,0.384,0.5482,2.7753,1.4115,0.1758,0.4584,0.4687,0.6011,1,1,0,1
SE-010,2024,13,Frontend,Junior,1,10,6,22,47,0.6281,0.5473,0.6632,0.584,0.56,0.435,0.5336,2.725,1.221,0.1634,0.4876,0.4332,0.5764,1,1,1,1
SE-010,2024,14,Frontend,Junior,1,14,9,21,42,0.6122,0.5185,0.661,0.496,0.5878,0.3488,0.5347,2.6197,1.1589,0.1153,0.4462,0.4764,0.4911,0,1,0,0
SE-010,2024,15,Frontend,Junior,1,13,7,30,51,0.5655,0.5671,0.7111,0.4452,0.5876,0.3704,0.5544,2.9148,1.3871,0.2252,0.4965,0.4314,0.4918,0,1,1,1
SE-010,2024,16,Frontend,Junior,1,6,4,31,42,0.5864,0.5653,0.6131,0.584,0.632,0.3864,0.5356,3.1151,1.0912,0.1654,0.499,0.455,0.4996,0,1,1,1
SE-010,2024,17,Frontend,Junior,1,14,9,26,41,0.6372,0.4998,0.8066,0.4809,0.6875,0.3423,0.5255,2.734,1.3114,0.2089,0.4257,0.4595,0.574,1,1,0,1
SE-010,2024,18,Frontend,Junior,1,9,5,35,45,0.5819,0.5174,0.6997,0.457,0.6901,0.4241,0.612,2.9796,1.2107,0.1589,0.5001,0.424,0.4379,1,1,0,1
SE-010,2024,19,Frontend,Junior,1,12,7,34,49,0.5581,0.4565,0.6414,0.5812,0.6498,0.3743,0.4876,2.6895,1.2314,0.1769,0.4926,0.5107,0.63,0,1,1,1
SE-010,2024,20,Frontend,Junior,1,13,8,13,46,0.6493,0.5363,0.7212,0.5395,0.5741,0.3853,0.5895,2.6919,1.1678,0.2054,0.5651,0.4348,0.5156,1,0,1,1
SE-010,2024,21,Frontend,Junior,1,9,5,23,50,0.5454,0.5145,0.8353,0.49,0.7196,0.3963,0.5396,3.0414,1.4304,0.2512,0.5687,0.4149,0.5409,1,0,1,1
SE-010,2024,22,Frontend,Junior,1,11,6,14,46,0.5657,0.5191,0.7928,0.5216,0.5616,0.3997,0.5612,2.6003,1.2269,0.1703,0.5124,0.3981,0.5339,0,0,1,0
SE-010,2024,23,Frontend,Junior,1,14,8,39,42,0.5803,0.5535,0.8053,0.5261,0.761,0.3393,0.5444,3.1411,1.3568,0.1927,0.5038,0.3943,0.5225,1,0,0,1
SE-010,2024,24,Frontend,Junior,1,13,7,26,42,0.572,0.4718,0.5593,0.5639,0.6053,0.3789,0.5697,3.2065,1.1875,0.1535,0.5108,0.4129,0.4901,0,1,0,0
SE-010,2024,25,Frontend,Junior,1,7,4,27,51,0.6143,0.5744,0.7167,0.5354,0.701,0.3339,0.5409,2.6345,1.4565,0.1947,0.4612,0.4005,0.5219,1,0,1,1
SE-010,2024,26,Frontend,Junior,1,10,6,23,44,0.6242,0.5569,0.6582,0.4707,0.6166,0.3196,0.5259,2.9531,1.3315,0.2038,0.4839,0.4583,0.5437,1,0,0,1
SE-010,2024,27,Frontend,Junior,1,7,4,25,42,0.5412,0.5673,0.8501,0.5032,0.5899,0.3206,0.5589,2.5592,1.1473,0.1816,0.5062,0.4343,0.4961,0,0,0,1
SE-010,2024,28,Frontend,Junior,1,9,5,25,39,0.6045,0.6173,0.8029,0.5572,0.629,0.3578,0.5454,2.555,1.1556,0.1799,0.495,0.43,0.5706,1,1,1,1
SE-010,2024,29,Frontend,Junior,1,10,6,27,44,0.5827,0.5143,0.6635,0.5235,0.5184,0.3994,0.5504,2.5594,1.2519,0.1999,0.476,0.3633,0.5843,0,0,0,0
SE-010,2024,30,Frontend,Junior,1,6,4,15,44,0.5934,0.5748,0.6973,0.5812,0.6989,0.3721,0.5498,3.0024,1.2522,0.1946,0.4928,0.4422,0.4938,0,1,1,0
SE-010,2024,31,Frontend,Junior,1,11,6,13,43,0.5882,0.5134,0.71,0.4847,0.669,0.3818,0.5573,2.7203,1.2499,0.1973,0.5246,0.4028,0.5222,0,0,0,0
SE-010,2024,32,Frontend,Junior,1,11,6,27,48,0.5634,0.5451,0.705,0.5114,0.7301,0.309,0.54,2.5898,1.2383,0.1879,0.5153,0.452,0.4821,1,1,0,1
SE-010,2024,33,Frontend,Junior,1,13,7,23,46,0.575,0.5209,0.7244,0.525,0.641,0.3263,0.585,2.8469,1.2777,0.1564,0.5502,0.3986,0.4859,1,1,1,1
SE-010,2024,34,Frontend,Junior,1,6,3,10,47,0.5383,0.496,0.7006,0.5431,0.5852,0.3988,0.4698,2.5507,1.3223,0.2502,0.4669,0.4284,0.4799,1,1,1,1
SE-010,2024,35,Frontend,Junior,1,11,7,27,48,0.6469,0.5435,0.6909,0.5415,0.6594,0.4014,0.5662,2.8856,1.246,0.1502,0.5533,0.3539,0.6019,0,1,1,0
SE-010,2024,36,Frontend,Junior,1,12,6,33,49,0.5272,0.4628,0.7251,0.5876,0.5547,0.4021,0.4911,2.862,1.2164,0.1776,0.461,0.4177,0.4962,0,1,0,1
SE-010,2024,37,Frontend,Junior,1,13,8,13,45,0.6078,0.5436,0.7707,0.4706,0.5904,0.4195,0.602,2.8475,1.292,0.178,0.4974,0.4348,0.4257,0,1,0,1
SE-010,2024,38,Frontend,Junior,1,9,6,35,40,0.6213,0.5592,0.7232,0.5157,0.6788,0.3337,0.6043,2.7354,1.1699,0.1587,0.4417,0.4529,0.4338,1,0,0,1
SE-010,2024,39,Frontend,Junior,1,8,4,35,44,0.5542,0.5701,0.6693,0.484,0.5161,0.3824,0.4481,2.5629,1.1616,0.1817,0.486,0.4854,0.5575,0,1,0,1
SE-010,2024,40,Frontend,Junior,1,11,6,33,48,0.5644,0.5351,0.7297,0.5239,0.6285,0.3882,0.5065,2.6648,1.2681,0.1567,0.4917,0.3593,0.5394,0,1,1,1
SE-010,2024,41,Frontend,Junior,1,7,4,38,44,0.519,0.5329,0.7301,0.5969,0.6032,0.3525,0.5356,2.8165,1.2835,0.201,0.5362,0.4232,0.4737,1,1,0,0
SE-010,2024,42,Frontend,Junior,1,11,6,28,45,0.57,0.4996,0.6743,0.5091,0.6511,0.3855,0.5838,3.0781,1.3035,0.238,0.5014,0.4285,0.5308,1,1,1,1
SE-010,2024,43,Frontend,Junior,1,10,6,13,42,0.5729,0.5853,0.6902,0.5492,0.6499,0.3735,0.5388,2.8898,1.1621,0.1659,0.521,0.4334,0.4293,1,1,1,1
SE-010,2024,44,Frontend,Junior,1,11,6,13,44,0.545,0.5579,0.7243,0.5081,0.5967,0.3792,0.5668,2.7133,1.3109,0.2232,0.5157,0.5373,0.4585,1,1,0,1
SE-010,2024,45,Frontend,Junior,1,11,6,13,44,0.5892,0.5274,0.7139,0.4836,0.5823,0.3433,0.6248,2.7032,1.2082,0.2,0.488,0.4892,0.4397,1,1,1,1
SE-010,2024,46,Frontend,Junior,1,10,5,14,45,0.4939,0.4646,0.7451,0.5363,0.5806,0.3915,0.5294,2.726,1.2744,0.1589,0.4396,0.4107,0.5741,1,1,0,0
SE-010,2024,47,Frontend,Junior,1,14,8,37,49,0.5964,0.5371,0.7719,0.54,0.704,0.334,0.5148,2.9066,1.3319,0.1906,0.4938,0.4399,0.5476,1,1,0,0
SE-010,2024,48,Frontend,Junior,1,10,6,15,45,0.5901,0.4867,0.6395,0.4896,0.6068,0.4371,0.5582,2.7438,1.261,0.2098,0.5022,0.4612,0.5434,0,0,0,1
SE-010,2024,49,Frontend,Junior,1,9,5,22,42,0.5458,0.5139,0.7863,0.518,0.6167,0.4027,0.6017,2.6908,1.2033,0.2015,0.4942,0.4735,0.4436,0,1,0,1
SE-010,2024,50,Frontend,Junior,1,6,4,39,49,0.5953,0.4746,0.6716,0.5138,0.6197,0.406,0.5566,2.4632,1.1215,0.1443,0.48,0.4958,0.5124,0,1,0,1
SE-010,2024,51,Frontend,Junior,1,7,4,23,44,0.5638,0.588,0.6979,0.4828,0.609,0.4086,0.4952,2.6142,1.288,0.215,0.5395,0.5332,0.5006,1,0,1,1
SE-010,2024,52,Frontend,Junior,1,13,8,23,50,0.641,0.5603,0.8174,0.5382,0.6454,0.3535,0.5042,2.8119,1.429,0.2059,0.4396,0.4305,0.5939,1,1,0,1
SE-016,2024,1,DevOps,Junior,1,11,6,29,42,0.5887,0.5696,0.7913,0.5378,0.6075,0.3588,0.5416,2.5377,1.1052,0.1545,0.5245,0.436,0.5603,1,0,0,1
SE-016,2024,2,DevOps,Junior,1,14,9,35,41,0.6633,0.5843,0.7439,0.5071,0.6006,0.376,0.513,2.7013,1.1309,0.1422,0.4736,0.5031,0.5582,1,1,1,0
SE-016,2024,3,DevOps,Junior,1,9,5,13,45,0.6075,0.552,0.7301,0.5485,0.6079,0.3411,0.5887,2.7025,1.2649,0.1642,0.4951,0.5205,0.6115,1,1,1,1
SE-016,2024,4,DevOps,Junior,1,6,4,10,44,0.5871,0.5498,0.7755,0.5213,0.5538,0.3776,0.6018,2.3246,1.2507,0.2258,0.5209,0.4571,0.4643,0,1,1,1
SE-016,2024,5,DevOps,Junior,1,7,5,15,43,0.6758,0.5494,0.7567,0.5183,0.6452,0.4211,0.632,2.6105,1.2826,0.1954,0.5168,0.514,0.4876,1,1,1,1
SE-016,2024,6,DevOps,Junior,1,10,6,27,46,0.5565,0.4971,0.7363,0.5842,0.6575,0.3494,0.6047,2.6476,1.225,0.2183,0.5207,0.4206,0.6059,0,0,0,1
SE-016,2024,7,DevOps,Junior,1,14,8,32,48,0.5779,0.5378,0.6791,0.5544,0.5633,0.4129,0.5156,2.8416,1.2221,0.2182,0.511,0.4734,0.5961,1,1,0,0
SE-016,2024,8,DevOps,Junior,1,8,5,31,45,0.5759,0.5727,0.7381,0.5366,0.5487,0.3709,0.5235,2.8374,1.2475,0.1831,0.4544,0.4642,0.5182,0,1,1,0
SE-016,2024,9,DevOps,Junior,1,12,8,17,45,0.6397,0.587,0.8009,0.6152,0.535,0.3467,0.5659,2.8441,1.1907,0.1269,0.5001,0.4654,0.4822,1,1,1,1
SE-016,2024,10,DevOps,Junior,1,10,6,33,36,0.5948,0.5165,0.6828,0.5297,0.5678,0.3393,0.6314,2.9676,1.1973,0.1553,0.5486,0.5108,0.5367,1,0,1,1
SE-016,2024,11,DevOps,Junior,1,12,6,10,47,0.5086,0.5157,0.7147,0.5211,0.5718,0.3277,0.5271,2.8812,1.2028,0.2104,0.5019,0.5076,0.5426,1,1,1,1
SE-016,2024,12,DevOps,Junior,1,7,4,30,42,0.6378,0.5223,0.675,0.4684,0.6967,0.3634,0.5969,2.6975,1.3089,0.1908,0.4649,0.5111,0.5725,1,1,1,1
SE-016,2024,13,DevOps,Junior,1,11,6,28,47,0.5653,0.5186,0.7619,0.5487,0.6411,0.35,0.5564,2.8362,1.21,0.2218,0.534,0.482,0.4927,1,1,0,0
SE-016,2024,14,DevOps,Junior,1,7,5,33,42,0.6483,0.5498,0.7484,0.5101,0.5727,0.3103,0.6095,2.6244,1.2196,0.2438,0.5423,0.4433,0.4788,1,1,0,1
SE-016,2024,15,DevOps,Junior,1,10,6,39,45,0.5585,0.5655,0.6633,0.5595,0.6489,0.3849,0.5738,2.7855,1.2827,0.2103,0.5409,0.4226,0.4702,0,0,0,0
SE-016,2024,16,DevOps,Junior,1,6,4,28,49,0.5881,0.5572,0.6701,0.5918,0.4764,0.3633,0.5468,2.9542,1.3485,0.1904,0.5271,0.4135,0.5192,1,1,1,1
SE-016,2024,17,DevOps,Junior,1,12,8,16,38,0.7001,0.6017,0.6681,0.5205,0.6183,0.3407,0.5686,2.6092,1.2204,0.1927,0.5326,0.4605,0.5971,1,1,1,1
SE-016,2024,18,DevOps,Junior,1,11,6,16,39,0.5883,0.5471,0.7526,0.5734,0.5943,0.328,0.5482,2.7592,1.1592,0.1368,0.4704,0.4256,0.5564,1,1,0,1
SE-016,2024,19,DevOps,Junior,1,7,4,34,50,0.6239,0.5169,0.7381,0.5758,0.5311,0.4075,0.5672,2.7983,1.2456,0.1679,0.5553,0.4847,0.537,1,0,0,1
SE-016,2024,20,DevOps,Junior,1,10,6,30,47,0.5964,0.4888,0.7904,0.4605,0.7544,0.384,0.4916,2.8826,1.2801,0.2455,0.5408,0.4705,0.5101,0,1,0,1
SE-016,2024,21,DevOps,Junior,1,6,3,23,41,0.5823,0.5353,0.7449,0.5546,0.5349,0.3387,0.5241,2.5612,1.2533,0.1953,0.5133,0.3927,0.4944,1,1,1,1
SE-016,2024,22,DevOps,Junior,1,13,8,29,46,0.6182,0.5592,0.7548,0.5445,0.5888,0.3567,0.6264,2.8853,1.374,0.2515,0.5405,0.4259,0.5079,1,1,1,1
SE-016,2024,23,DevOps,Junior,1,14,8,29,42,0.5685,0.5543,0.751,0.4877,0.6438,0.4014,0.5278,2.7408,1.1331,0.1835,0.4955,0.5478,0.5538,0,0,1,1
SE-016,2024,24,DevOps,Junior,1,12,7,27,43,0.5801,0.5616,0.7509,0.5777,0.5736,0.4101,0.5656,2.4853,1.2964,0.2249,0.5295,0.5391,0.5436,0,0,1,1
SE-016,2024,25,DevOps,Junior,1,14,8,25,43,0.5936,0.48,0.7068,0.5295,0.6301,0.4011,0.5811,2.2721,1.2689,0.2104,0.5284,0.4504,0.5206,1,1,1,0
SE-016,2024,26,DevOps,Junior,1,9,5,27,37,0.609,0.527,0.7138,0.5262,0.5661,0.3657,0.5344,2.5757,1.1097,0.1871,0.5558,0.5091,0.5182,0,1,0,1
SE-016,2024,27,DevOps,Junior,1,7,4,39,49,0.6061,0.5042,0.7288,0.5058,0.5512,0.2829,0.524,2.8815,1.2511,0.2141,0.4902,0.4958,0.5441,1,1,1,1
SE-016,2024,28,DevOps,Junior,1,14,8,21,42,0.5546,0.5134,0.6877,0.5917,0.6012,0.3651,0.5504,2.8377,1.2099,0.1809,0.5604,0.5193,0.6028,1,1,1,1
SE-016,2024,29,DevOps,Junior,1,8,5,11,51,0.6288,0.5279,0.7204,0.5538,0.6353,0.383,0.5292,2.6499,1.2512,0.1739,0.5223,0.4881,0.5507,1,1,1,1
SE-016,2024,30,DevOps,Junior,1,10,6,26,50,0.5977,0.6428,0.6894,0.5132,0.513,0.3476,0.574,2.4534,1.368,0.2564,0.5334,0.5137,0.5459,1,0,0,1
SE-016,2024,31,DevOps,Junior,1,6,4,11,46,0.6198,0.5711,0.7662,0.5384,0.5252,0.3991,0.5388,2.75,1.2478,0.207,0.592,0.5026,0.5988,1,0,1,1
SE-016,2024,32,DevOps,Junior,1,8,4,33,52,0.5547,0.5422,0.567,0.5523,0.5005,0.3128,0.5691,2.5979,1.3864,0.1688,0.4973,0.5524,0.5488,1,0,0,1
SE-016,2024,33,DevOps,Junior,1,14,8,16,45,0.5506,0.6162,0.8381,0.5548,0.5099,0.3604,0.5685,2.9102,1.2107,0.1596,0.5339,0.411,0.5229,0,1,0,1
SE-016,2024,34,DevOps,Junior,1,11,6,12,42,0.5219,0.512,0.7611,0.5403,0.5817,0.3983,0.5999,2.7685,1.2299,0.187,0.5503,0.4674,0.5368,1,0,1,1
SE-016,2024,35,DevOps,Junior,1,11,7,31,47,0.632,0.5103,0.7383,0.514,0.6567,0.3418,0.5405,2.6291,1.3566,0.1846,0.4392,0.4779,0.5138,1,0,0,0
SE-016,2024,36,DevOps,Junior,1,9,5,12,47,0.5984,0.5044,0.643,0.5383,0.575,0.368,0.5832,2.9089,1.3991,0.2221,0.4975,0.505,0.5454,0,0,0,1
SE-016,2024,37,DevOps,Junior,1,10,6,13,46,0.6351,0.5287,0.6068,0.5328,0.6211,0.3884,0.551,2.4729,1.1857,0.1736,0.5014,0.4554,0.4685,0,1,1,0
SE-016,2024,38,DevOps,Junior,1,10,6,26,44,0.5874,0.5957,0.692,0.5858,0.501,0.3716,0.5838,2.5186,1.2251,0.1719,0.5077,0.4399,0.4578,1,0,0,0
SE-016,2024,39,DevOps,Junior,1,12,8,26,44,0.6605,0.4911,0.7632,0.5509,0.5767,0.3822,0.6206,2.6577,1.128,0.1883,0.5493,0.497,0.4492,0,0,1,1
SE-016,2024,40,DevOps,Junior,1,9,6,33,46,0.6198,0.4885,0.7837,0.5051,0.6489,0.3536,0.5647,2.588,1.2645,0.1914,0.5244,0.5332,0.5269,0,1,0,0
SE-016,2024,41,DevOps,Junior,1,8,5,23,43,0.5897,0.5471,0.7683,0.5403,0.6537,0.3586,0.5996,2.4699,1.116,0.1889,0.4812,0.5122,0.5385,0,1,1,0
SE-016,2024,42,DevOps,Junior,1,7,4,40,43,0.5983,0.5356,0.7941,0.5156,0.6267,0.3765,0.5272,2.8553,1.2739,0.205,0.5352,0.4637,0.5953,1,1,0,1
SE-016,2024,43,DevOps,Junior,1,8,4,27,47,0.5213,0.5634,0.68,0.6042,0.5882,0.3232,0.4938,2.6235,1.3037,0.1721,0.5083,0.4494,0.6142,1,1,1,1
SE-016,2024,44,DevOps,Junior,1,14,9,25,46,0.6292,0.524,0.78,0.5393,0.6441,0.3516,0.4951,3.0887,1.2385,0.1749,0.5926,0.4827,0.5354,0,0,1,1
SE-016,2024,45,DevOps,Junior,1,11,7,18,40,0.6019,0.56,0.6634,0.4734,0.5222,0.3033,0.4634,2.3095,1.0879,0.1502,0.536,0.4352,0.5174,0,1,1,1
SE-016,2024,46,DevOps,Junior,1,6,4,24,45,0.5875,0.5864,0.7359,0.611,0.598,0.3066,0.587,2.896,1.3023,0.2037,0.5628,0.4461,0.5627,1,1,0,1
SE-016,2024,47,DevOps,Junior,1,11,7,21,45,0.6065,0.6317,0.7373,0.5499,0.5967,0.3571,0.5746,2.316,1.3913,0.2504,0.4624,0.4918,0.5713,1,1,0,1
SE-016,2024,48,DevOps,Junior,1,14,8,36,49,0.5761,0.4713,0.7028,0.463,0.5589,0.3836,0.5591,2.4953,1.2505,0.1971,0.4341,0.4779,0.5366,1,0,0,0
SE-016,2024,49,DevOps,Junior,1,10,6,15,43,0.6197,0.5618,0.6994,0.5351,0.7151,0.3519,0.5088,2.5309,1.2988,0.2082,0.5081,0.556,0.56,1,1,0,1
SE-016,2024,50,DevOps,Junior,1,14,8,20,40,0.5698,0.5987,0.7593,0.501,0.6449,0.3534,0.5819,2.6661,1.1994,0.1921,0.5359,0.4989,0.5166,1,1,0,0
SE-016,2024,51,DevOps,Junior,1,6,4,25,40,0.6046,0.5936,0.6843,0.5572,0.5636,0.3115,0.6271,2.8229,1.1527,0.1926,0.4928,0.4203,0.5563,1,0,0,0
SE-016,2024,52,DevOps,Junior,1,10,6,31,49,0.5957,0.5564,0.7544,0.5131,0.5211,0.356,0.5687,2.6206,1.3225,0.1455,0.4728,0.435,0.5395,1,1,0,1
SE-026,2024,1,Frontend,Junior,2,12,8,18,44,0.6992,0.5509,0.7975,0.5769,0.512,0.3739,0.5634,2.4938,1.0875,0.1596,0.5874,0.4964,0.5533,1,1,1,0
SE-026,2024,2,Frontend,Junior,2,10,7,15,47,0.6926,0.4901,0.7555,0.5186,0.5495,0.2952,0.5951,2.2758,1.2053,0.1968,0.6057,0.4905,0.6035,0,0,0,1
SE-026,2024,3,Frontend,Junior,2,7,5,22,43,0.6529,0.5467,0.7811,0.55,0.632,0.2968,0.6055,2.8006,1.1301,0.1407,0.5208,0.4438,0.5502,1,1,1,0
SE-026,2024,4,Frontend,Junior,2,10,6,38,45,0.615,0.5415,0.7524,0.5544,0.6458,0.3488,0.659,2.7551,1.0806,0.1792,0.5635,0.453,0.5381,1,1,0,1
SE-026,2024,5,Frontend,Junior,2,7,4,39,43,0.5551,0.6686,0.7841,0.5317,0.5987,0.3452,0.647,2.7064,1.2274,0.1933,0.5406,0.4425,0.5865,1,1,1,1
SE-026,2024,6,Frontend,Junior,2,10,7,34,36,0.7047,0.5102,0.746,0.6103,0.518,0.2656,0.5937,2.7611,1.226,0.1743,0.6247,0.564,0.5595,1,1,0,1
SE-026,2024,7,Frontend,Junior,2,11,7,16,50,0.6048,0.6241,0.8089,0.5816,0.4947,0.3205,0.6247,2.6876,1.2333,0.1851,0.4976,0.5754,0.6241,0,1,0,1
SE-026,2024,8,Frontend,Junior,2,14,9,27,36,0.6446,0.5958,0.7216,0.5888,0.5755,0.2724,0.5728,2.4371,1.019,0.0919,0.5503,0.4872,0.5536,1,0,1,0
SE-026,2024,9,Frontend,Junior,2,9,6,25,40,0.6427,0.6103,0.9056,0.5456,0.4862,0.3705,0.6199,2.669,1.1302,0.1902,0.6268,0.4768,0.5902,0,1,0,1
SE-026,2024,10,Frontend,Junior,2,11,7,15,44,0.6032,0.5849,0.8797,0.5665,0.5656,0.3294,0.6466,2.825,1.1754,0.1901,0.4279,0.4377,0.5489,0,0,1,1
SE-026,2024,11,Frontend,Junior,2,13,8,38,45,0.604,0.5606,0.863,0.5624,0.5805,0.3275,0.6002,2.2332,1.3675,0.2105,0.5458,0.5112,0.5647,0,0,1,1
SE-026,2024,12,Frontend,Junior,2,6,4,14,43,0.5851,0.6153,0.7824,0.5028,0.602,0.3746,0.5078,2.5141,1.2557,0.1581,0.5365,0.5169,0.6072,1,1,1,1
SE-026,2024,13,Frontend,Junior,2,14,10,32,45,0.7033,0.541,0.8357,0.6329,0.4901,0.2839,0.5838,2.686,1.1617,0.1552,0.53,0.516,0.5311,0,0,1,1
SE-026,2024,14,Frontend,Junior,2,11,7,38,34,0.5927,0.5838,0.7337,0.5403,0.5648,0.317,0.6052,2.5964,1.0823,0.1479,0.4863,0.4343,0.5278,1,0,1,1
SE-026,2024,15,Frontend,Junior,2,7,5,10,43,0.6611,0.5263,0.7065,0.642,0.5799,0.3184,0.5486,2.8653,1.1655,0.1599,0.5401,0.456,0.591,1,0,1,1
SE-026,2024,16,Frontend,Junior,2,7,4,12,49,0.5903,0.604,0.6325,0.5471,0.5642,0.3329,0.5954,2.5284,1.1507,0.1513,0.4964,0.4849,0.5447,0,0,1,1
SE-026,2024,17,Frontend,Junior,2,10,7,28,43,0.6783,0.6217,0.7777,0.5345,0.482,0.359,0.6121,2.7583,1.0627,0.155,0.5546,0.5094,0.5393,1,1,1,0
SE-026,2024,18,Frontend,Junior,2,6,4,11,44,0.6812,0.5501,0.6588,0.5797,0.6234,0.2902,0.568,2.3572,1.2263,0.1791,0.4965,0.4438,0.5342,0,0,1,0
SE-026,2024,19,Frontend,Junior,2,14,9,31,43,0.6202,0.5097,0.7935,0.5287,0.6469,0.334,0.5953,2.7762,1.1836,0.1756,0.5394,0.4774,0.5787,0,0,1,0
SE-026,2024,20,Frontend,Junior,2,13,8,18,40,0.6234,0.5247,0.6046,0.5594,0.5118,0.329,0.6681,2.59,1.0934,0.1404,0.5461,0.4058,0.5561,1,0,1,1
SE-026,2024,21,Frontend,Junior,2,6,3,24,43,0.5743,0.627,0.8146,0.595,0.5747,0.3189,0.5397,2.7614,1.179,0.1733,0.5058,0.4557,0.6032,1,1,1,0
SE-026,2024,22,Frontend,Junior,2,8,5,30,43,0.6613,0.5656,0.811,0.6061,0.5126,0.2971,0.6139,2.6555,1.065,0.1328,0.4844,0.4116,0.6052,0,1,1,0
SE-026,2024,23,Frontend,Junior,2,9,6,20,46,0.6148,0.546,0.7469,0.5682,0.5161,0.3287,0.621,2.433,1.1484,0.1609,0.5639,0.5146,0.5297,0,1,1,1
SE-026,2024,24,Frontend,Junior,2,7,5,26,50,0.6436,0.5516,0.6734,0.6015,0.6482,0.3044,0.5353,2.6521,1.1961,0.1688,0.63,0.5545,0.55,1,1,1,1
SE-026,2024,25,Frontend,Junior,2,6,4,22,44,0.5895,0.5588,0.721,0.5858,0.5572,0.3422,0.587,2.5828,1.1431,0.1667,0.5077,0.5267,0.5207,1,1,0,1
SE-026,2024,26,Frontend,Junior,2,7,5,17,46,0.6502,0.5806,0.6854,0.5226,0.5053,0.3342,0.5727,2.4557,1.1625,0.1634,0.5555,0.4909,0.5522,1,0,1,1
SE-026,2024,27,Frontend,Junior,2,8,5,34,44,0.5973,0.5474,0.703,0.4938,0.6012,0.3318,0.5648,2.4208,1.1617,0.134,0.5341,0.449,0.5489,1,0,0,1
SE-026,2024,28,Frontend,Junior,2,13,9,15,42,0.6543,0.5784,0.7356,0.5371,0.5041,0.358,0.5433,2.5659,1.3416,0.1811,0.5582,0.4975,0.5688,0,1,0,0
SE-026,2024,29,Frontend,Junior,2,9,6,12,42,0.6748,0.608,0.7572,0.5565,0.6384,0.3244,0.6135,2.7978,1.0916,0.151,0.5438,0.4124,0.5388,0,1,1,1
SE-026,2024,30,Frontend,Junior,2,14,9,11,39,0.6356,0.5675,0.8025,0.5958,0.5271,0.2974,0.5694,2.6283,1.2119,0.1643,0.4869,0.5351,0.5468,1,1,0,1
SE-026,2024,31,Frontend,Junior,2,10,6,20,43,0.6296,0.5925,0.7257,0.4832,0.6169,0.2812,0.5733,2.356,1.3358,0.1847,0.5269,0.4102,0.503,0,1,0,1
SE-026,2024,32,Frontend,Junior,2,11,7,31,52,0.666,0.5343,0.8294,0.6337,0.6681,0.35,0.505,2.5401,1.1944,0.1682,0.5682,0.477,0.5407,0,0,1,1
SE-026,2024,33,Frontend,Junior,2,14,9,26,43,0.6198,0.5241,0.743,0.5932,0.5256,0.3443,0.5668,2.7841,1.0883,0.2407,0.6274,0.4436,0.5561,0,0,0,0
SE-026,2024,34,Frontend,Junior,2,9,5,19,44,0.5947,0.5704,0.7445,0.5797,0.5175,0.3602,0.6108,2.6083,1.3031,0.1873,0.5741,0.4906,0.5141,1,1,1,1
SE-026,2024,35,Frontend,Junior,2,7,5,31,37,0.6483,0.6185,0.7557,0.5574,0.5469,0.349,0.6725,2.3067,1.0608,0.1592,0.5198,0.5217,0.4937,1,1,1,0
SE-026,2024,36,Frontend,Junior,2,8,5,25,44,0.6535,0.6042,0.64,0.5744,0.6235,0.2965,0.5478,2.4649,1.2159,0.1736,0.5205,0.4797,0.5324,0,0,1,1
SE-026,2024,37,Frontend,Junior,2,12,7,15,44,0.5804,0.5037,0.7402,0.5926,0.4885,0.3992,0.6033,2.4521,1.1269,0.183,0.5522,0.466,0.6141,1,1,0,1
SE-026,2024,38,Frontend,Junior,2,10,6,20,50,0.5823,0.5992,0.7638,0.5643,0.5471,0.336,0.5403,2.4393,1.1832,0.156,0.5561,0.4772,0.5544,0,0,1,0
SE-026,2024,39,Frontend,Junior,2,6,4,36,45,0.6171,0.6044,0.6779,0.5578,0.5158,0.2815,0.5574,2.6186,1.145,0.1634,0.5136,0.4195,0.613,1,1,1,1
SE-026,2024,40,Frontend,Junior,2,11,6,18,43,0.559,0.5428,0.6558,0.4997,0.6508,0.3016,0.5994,2.7809,1.1456,0.147,0.592,0.486,0.5342,1,1,1,1
SE-026,2024,41,Frontend,Junior,2,13,7,30,45,0.5708,0.5535,0.7067,0.5669,0.4839,0.3487,0.5455,2.7206,1.1668,0.1326,0.5348,0.5223,0.534,1,1,1,1
SE-026,2024,42,Frontend,Junior,2,14,10,38,45,0.6823,0.5821,0.7718,0.588,0.5043,0.3266,0.5623,2.2789,1.3205,0.215,0.5351,0.4454,0.5082,0,1,0,1
SE-026,2024,43,Frontend,Junior,2,14,9,23,47,0.6236,0.5235,0.7244,0.5995,0.5709,0.3451,0.5369,2.5262,1.2093,0.1826,0.5205,0.4984,0.5096,0,1,1,0
SE-026,2024,44,Frontend,Junior,2,10,6,27,39,0.6473,0.612,0.723,0.6282,0.4764,0.3398,0.5893,2.4451,1.2456,0.133,0.5592,0.4998,0.4963,1,1,0,1
SE-026,2024,45,Frontend,Junior,2,7,4,22,43,0.5968,0.5441,0.8295,0.559,0.5939,0.3674,0.5118,2.6921,1.2517,0.2311,0.5333,0.4977,0.5444,1,0,0,1
SE-026,2024,46,Frontend,Junior,2,14,8,27,49,0.5991,0.6085,0.7547,0.6353,0.4994,0.3414,0.5464,2.226,1.2572,0.1788,0.56,0.4819,0.5973,0,1,0,1
SE-026,2024,47,Frontend,Junior,2,10,6,39,47,0.6483,0.6007,0.7218,0.5814,0.5836,0.3193,0.6157,2.4904,1.1975,0.1827,0.5482,0.4785,0.4849,0,0,1,1
SE-026,2024,48,Frontend,Junior,2,7,4,34,44,0.6335,0.5224,0.7266,0.5829,0.5529,0.333,0.5708,2.6637,1.2297,0.2084,0.6021,0.4781,0.5679,1,0,0,0
SE-026,2024,49,Frontend,Junior,2,11,7,16,44,0.6559,0.6122,0.8547,0.5941,0.5079,0.3571,0.5327,2.6278,1.2231,0.2168,0.4914,0.4755,0.5129,1,0,0,1
SE-026,2024,50,Frontend,Junior,2,12,7,24,39,0.6225,0.5144,0.8101,0.5216,0.608,0.4093,0.584,2.6117,1.0961,0.1965,0.5803,0.5215,0.4891,1,1,1,1
SE-026,2024,51,Frontend,Junior,2,8,5,11,43,0.6386,0.6192,0.7776,0.5019,0.5314,0.3683,0.5536,2.3442,1.1931,0.1708,0.6057,0.5081,0.5181,0,1,1,1
SE-026,2024,52,Frontend,Junior,2,10,6,20,45,0.5835,0.5427,0.8349,0.4865,0.5474,0.3399,0.5725,2.5929,1.3227,0.1615,0.4818,0.4743,0.6012,0,1,1,1
SE-027,2024,1,QA,Junior,1,10,6,17,51,0.6068,0.5632,0.5964,0.4528,0.6613,0.3898,0.522,3.2726,1.3717,0.1736,0.4509,0.4062,0.4505,1,1,1,1
SE-027,2024,2,QA,Junior,1,12,7,30,50,0.5632,0.5228,0.6197,0.5114,0.6841,0.3432,0.5916,3.008,1.4305,0.1993,0.4034,0.3901,0.4185,1,0,1,1
SE-027,2024,3,QA,Junior,1,13,7,32,49,0.5351,0.5249,0.7157,0.4467,0.6582,0.4337,0.4519,2.973,1.52,0.2299,0.3802,0.338,0.4801,0,1,1,1
SE-027,2024,4,QA,Junior,1,10,5,12,45,0.4939,0.5463,0.7128,0.4673,0.6701,0.4116,0.5074,3.0144,1.3375,0.2135,0.3781,0.3953,0.4693,1,0,1,0
SE-027,2024,5,QA,Junior,1,7,3,27,48,0.4811,0.4925,0.7514,0.4679,0.7608,0.4159,0.4807,3.0913,1.373,0.2347,0.4622,0.4176,0.4071,1,1,1,1
SE-027,2024,6,QA,Junior,1,11,5,38,45,0.4906,0.4907,0.6135,0.4972,0.7583,0.3954,0.4446,3.0025,1.4834,0.2472,0.4833,0.3874,0.4103,1,0,0,0
SE-027,2024,7,QA,Junior,1,12,7,27,44,0.6021,0.4433,0.7118,0.4635,0.7765,0.4337,0.5702,2.872,1.326,0.2149,0.4905,0.3703,0.5202,1,1,1,1
SE-027,2024,8,QA,Junior,1,14,7,23,49,0.4937,0.4855,0.6751,0.5307,0.7043,0.3935,0.5222,2.9596,1.4303,0.2646,0.4696,0.3597,0.4422,1,0,1,1
SE-027,2024,9,QA,Junior,1,10,6,23,44,0.6183,0.5024,0.7118,0.4062,0.7112,0.4049,0.5024,2.8978,1.416,0.2057,0.4979,0.3365,0.4098,1,1,0,0
SE-027,2024,10,QA,Junior,1,10,5,20,45,0.5285,0.5161,0.5448,0.4797,0.682,0.4111,0.5198,3.0272,1.3615,0.2369,0.4925,0.4263,0.5177,1,1,0,1
SE-027,2024,11,QA,Junior,1,9,5,29,49,0.5146,0.4109,0.6469,0.5238,0.689,0.43,0.492,2.7578,1.3487,0.2095,0.4087,0.3983,0.4409,1,1,1,1
SE-027,2024,12,QA,Junior,1,12,5,22,48,0.4467,0.4147,0.6243,0.5008,0.7309,0.3971,0.419,2.8476,1.3553,0.1935,0.378,0.4342,0.4062,1,0,0,1
SE-027,2024,13,QA,Junior,1,6,3,40,48,0.543,0.4062,0.6677,0.5237,0.7065,0.3831,0.4464,2.986,1.4781,0.2302,0.4993,0.4186,0.4735,1,1,0,1
SE-027,2024,14,QA,Junior,1,7,4,30,42,0.5176,0.4363,0.6663,0.4723,0.6307,0.4073,0.4508,2.7215,1.4432,0.2178,0.4695,0.4033,0.5172,1,1,1,1
SE-027,2024,15,QA,Junior,1,8,4,24,45,0.501,0.433,0.6866,0.4565,0.6669,0.4285,0.4906,3.4036,1.2614,0.18,0.3909,0.4471,0.4407,0,0,1,1
SE-027,2024,16,QA,Junior,1,14,7,27,50,0.4714,0.3794,0.6214,0.5294,0.7384,0.4,0.4866,2.8329,1.4106,0.2273,0.4068,0.4181,0.4103,0,0,1,1
SE-027,2024,17,QA,Junior,1,7,3,24,51,0.4877,0.4975,0.6676,0.4873,0.6797,0.3389,0.4553,2.6194,1.458,0.2441,0.4498,0.4605,0.4705,1,1,1,0
SE-027,2024,18,QA,Junior,1,12,6,26,48,0.5068,0.553,0.7149,0.4481,0.738,0.4621,0.5143,3.0626,1.2665,0.1715,0.3955,0.3946,0.4511,1,1,1,1
SE-027,2024,19,QA,Junior,1,12,6,35,46,0.5371,0.5325,0.5515,0.4917,0.6407,0.3934,0.5159,3.0691,1.4303,0.1768,0.4016,0.366,0.4515,1,1,1,0
SE-027,2024,20,QA,Junior,1,9,5,24,49,0.5385,0.5154,0.661,0.517,0.7372,0.3622,0.4714,3.2659,1.2419,0.2221,0.4341,0.3121,0.4063,1,1,0,1
SE-027,2024,21,QA,Junior,1,8,4,32,46,0.4841,0.3725,0.5041,0.5019,0.733,0.3816,0.5154,2.7821,1.3924,0.2724,0.3732,0.4513,0.472,1,1,1,0
SE-027,2024,22,QA,Junior,1,11,5,21,42,0.4678,0.4198,0.614,0.5128,0.6429,0.425,0.4484,2.5734,1.2869,0.1746,0.5014,0.4016,0.4978,1,0,0,1
SE-027,2024,23,QA,Junior,1,8,4,30,53,0.5107,0.4993,0.6292,0.4905,0.5975,0.4009,0.5172,2.8869,1.373,0.2269,0.4607,0.4094,0.4766,1,1,0,1
SE-027,2024,24,QA,Junior,1,14,6,10,47,0.4372,0.4683,0.4649,0.5386,0.7184,0.413,0.4728,2.8655,1.409,0.2509,0.4198,0.3805,0.4372,1,1,1,1
SE-027,2024,25,QA,Junior,1,13,7,24,46,0.5078,0.5353,0.635,0.4279,0.6581,0.5064,0.4856,2.8095,1.3713,0.2131,0.4493,0.3288,0.3797,1,1,1,1
SE-027,2024,26,QA,Junior,1,7,4,24,43,0.5168,0.4636,0.609,0.5126,0.6877,0.4525,0.5145,3.4041,1.4146,0.2033,0.4989,0.4115,0.4217,1,0,1,1
SE-027,2024,27,QA,Junior,1,7,4,14,44,0.5181,0.4968,0.6778,0.4947,0.6172,0.3944,0.4409,3.1394,1.2842,0.1931,0.4659,0.4306,0.4165,1,1,0,1
SE-027,2024,28,QA,Junior,1,9,5,26,50,0.5377,0.4832,0.7244,0.4576,0.6235,0.4022,0.524,2.8266,1.4567,0.2017,0.5088,0.4109,0.4244,1,0,1,1
SE-027,2024,29,QA,Junior,1,9,5,30,52,0.5262,0.4853,0.6106,0.5702,0.7415,0.3824,0.4717,3.0893,1.3525,0.2249,0.4605,0.4212,0.4945,1,1,1,0
SE-027,2024,30,QA,Junior,1,10,6,13,48,0.5505,0.4632,0.6387,0.5022,0.6875,0.4026,0.5689,2.8536,1.3876,0.1968,0.4262,0.4483,0.4671,0,1,1,1
SE-027,2024,31,QA,Junior,1,14,8,22,46,0.5702,0.4971,0.66,0.4611,0.7098,0.4344,0.5523,2.833,1.3963,0.1829,0.4416,0.4111,0.4678,1,0,0,1
SE-027,2024,32,QA,Junior,1,13,7,32,43,0.5131,0.4611,0.602,0.4739,0.6217,0.4159,0.5303,2.7113,1.2845,0.1686,0.4603,0.4446,0.4212,1,1,1,1
SE-027,2024,33,QA,Junior,1,11,6,39,43,0.5495,0.507,0.6828,0.5201,0.7392,0.4201,0.4757,3.1468,1.3383,0.2033,0.4372,0.3989,0.51,1,0,1,1
SE-027,2024,34,QA,Junior,1,6,3,24,51,0.5045,0.4517,0.6298,0.4586,0.6938,0.4222,0.5003,3.4086,1.4103,0.236,0.4254,0.422,0.482,1,1,1,1
SE-027,2024,35,QA,Junior,1,12,6,34,55,0.4753,0.4487,0.74,0.4894,0.6364,0.4032,0.4799,3.0562,1.4402,0.175,0.3878,0.4133,0.4272,0,1,1,1
SE-027,2024,36,QA,Junior,1,10,6,12,52,0.5538,0.4657,0.7261,0.5386,0.6539,0.4185,0.5281,2.741,1.4437,0.2407,0.4784,0.4171,0.509,1,1,1,1
SE-027,2024,37,QA,Junior,1,8,4,14,49,0.5526,0.4705,0.584,0.4732,0.7665,0.3606,0.5391,2.771,1.5136,0.2702,0.4452,0.4238,0.476,0,1,0,1
SE-027,2024,38,QA,Junior,1,8,4,15,44,0.4988,0.4929,0.5921,0.4736,0.569,0.3861,0.527,3.1094,1.4895,0.2401,0.3958,0.4213,0.4397,0,1,1,0
SE-027,2024,39,QA,Junior,1,6,3,13,47,0.4743,0.4831,0.589,0.5032,0.7139,0.4302,0.5052,2.8735,1.3041,0.1709,0.4477,0.5224,0.3995,1,1,1,1
SE-027,2024,40,QA,Junior,1,12,7,31,50,0.6049,0.4268,0.6067,0.5148,0.6609,0.3672,0.5014,2.7293,1.4831,0.2147,0.4414,0.4103,0.4076,1,1,1,1
SE-027,2024,41,QA,Junior,1,13,7,37,42,0.5361,0.4431,0.6333,0.5167,0.7104,0.4278,0.5279,2.8439,1.3701,0.281,0.4822,0.4018,0.5518,1,1,1,1
SE-027,2024,42,QA,Junior,1,13,7,10,47,0.5185,0.3565,0.6286,0.4772,0.6766,0.4374,0.5709,3.0969,1.4354,0.2802,0.4998,0.4262,0.4428,1,1,1,0
SE-027,2024,43,QA,Junior,1,11,5,27,45,0.432,0.4485,0.6474,0.3679,0.7166,0.4349,0.4617,2.9864,1.4219,0.2065,0.4395,0.3781,0.3796,0,0,1,1
SE-027,2024,44,QA,Junior,1,14,7,23,47,0.5345,0.4609,0.65,0.5015,0.6183,0.3991,0.4732,2.8431,1.4417,0.2365,0.4453,0.4162,0.468,0,1,0,1
SE-027,2024,45,QA,Junior,1,6,3,30,50,0.5591,0.4814,0.7608,0.4386,0.7222,0.4006,0.4891,3.0273,1.513,0.246,0.4238,0.3486,0.4377,1,0,1,1
SE-027,2024,46,QA,Junior,1,9,5,20,44,0.519,0.455,0.7569,0.5711,0.634,0.4296,0.5651,2.8374,1.3666,0.2035,0.3639,0.3959,0.4616,0,1,1,1
SE-027,2024,47,QA,Junior,1,7,4,32,44,0.5046,0.5021,0.6723,0.5282,0.6829,0.442,0.5741,2.9893,1.3832,0.1664,0.4318,0.4157,0.5032,1,0,1,0
SE-027,2024,48,QA,Junior,1,9,5,12,46,0.523,0.5381,0.5496,0.4818,0.6435,0.39,0.5285,2.9331,1.3624,0.1699,0.4316,0.3764,0.4684,1,1,1,1
SE-027,2024,49,QA,Junior,1,9,5,17,47,0.5035,0.4983,0.5937,0.4898,0.5793,0.4085,0.4794,3.0939,1.4624,0.214,0.4161,0.3423,0.5762,1,1,0,1
SE-027,2024,50,QA,Junior,1,10,5,25,45,0.5118,0.3821,0.6126,0.5011,0.7166,0.4162,0.5075,3.2821,1.3632,0.1829,0.4212,0.4008,0.4588,1,1,1,1
SE-027,2024,51,QA,Junior,1,7,3,38,42,0.4926,0.4934,0.6798,0.5171,0.6752,0.4098,0.4815,3.1116,1.4475,0.2189,0.3705,0.4311,0.427,1,1,1,1
SE-027,2024,52,QA,Junior,1,9,4,39,47,0.4833,0.5421,0.5927,0.4165,0.7589,0.4231,0.5288,3.0278,1.3489,0.1738,0.4474,0.3895,0.4736,0,1,1,0
MGR-SW,2024,1,Genel,Manager,12,10,8,15,37,0.8482,0.878,1.0191,0.8782,0.3024,0.1438,0.8829,1.6347,0.9831,0.1922,0.847,0.7776,0.8834,0,0,0,0
MGR-SW,2024,2,Genel,Manager,12,10,9,13,36,0.9132,0.8356,1.1577,0.7981,0.1754,0.1847,0.8774,1.9142,0.8582,0.1308,0.8592,0.7542,0.8612,0,0,0,0
MGR-SW,2024,3,Genel,Manager,12,6,5,40,34,0.8386,0.8356,1.0735,0.8653,0.2826,0.1314,0.8746,1.9936,1.0155,0.154,0.9001,0.8239,0.8366,0,0,0,0
MGR-SW,2024,4,Genel,Manager,12,12,11,26,43,0.9349,0.8268,1.1355,0.8248,0.2417,0.1294,0.8628,2.0116,0.9738,0.1964,0.9009,0.7717,0.8981,0,0,0,0
MGR-SW,2024,5,Genel,Manager,12,10,9,13,35,0.9091,0.874,1.013,0.802,0.2068,0.1713,0.8512,1.6207,0.8521,0.1309,0.8872,0.7468,0.8221,0,0,0,0
MGR-SW,2024,6,Genel,Manager,12,11,9,30,34,0.8634,0.8686,1.1597,0.8289,0.1797,0.1061,0.8233,1.6092,0.9507,0.1136,0.8332,0.8326,0.9477,0,0,0,0
MGR-SW,2024,7,Genel,Manager,12,6,5,12,35,0.8729,0.8873,1.1589,0.7544,0.1758,0.1944,0.7965,1.7651,0.9282,0.181,0.8601,0.7382,0.8908,1,0,0,0
MGR-SW,2024,8,Genel,Manager,12,6,5,38,35,0.9134,0.9115,1.0922,0.8116,0.1875,0.1304,0.8458,1.8671,0.9191,0.1454,0.7914,0.7793,0.9474,0,0,0,1
MGR-SW,2024,9,Genel,Manager,12,8,7,40,39,0.8254,0.8434,1.1892,0.8135,0.1503,0.1798,0.7975,1.9602,1.0442,0.1562,0.8194,0.8217,0.9371,0,0,0,0
MGR-SW,2024,10,Genel,Manager,12,14,12,27,34,0.8425,0.8655,1.1179,0.8006,0.2852,0.1306,0.855,2.0208,0.8411,0.1152,0.8623,0.7021,0.88,0,0,0,0
MGR-SW,2024,11,Genel,Manager,12,14,12,32,48,0.8371,0.8662,1.0096,0.8689,0.2757,0.1981,0.8195,1.5992,1.0071,0.2167,0.8139,0.8034,0.9491,0,0,0,0
MGR-SW,2024,12,Genel,Manager,12,10,9,28,41,0.858,0.8936,1.2413,0.8429,0.2858,0.1458,0.8524,1.5042,0.9773,0.1425,0.8629,0.8139,0.8574,0,0,0,0
MGR-SW,2024,13,Genel,Manager,12,14,13,33,39,0.9403,0.8445,1.0534,0.8202,0.1939,0.1407,0.8746,1.7683,1.037,0.1403,0.8655,0.8108,0.8589,0,1,0,0
MGR-SW,2024,14,Genel,Manager,12,8,7,24,38,0.8637,0.7781,1.0334,0.8446,0.2192,0.1464,0.8457,1.76,1.0222,0.1661,0.8651,0.7852,0.8892,0,0,0,1
MGR-SW,2024,15,Genel,Manager,12,10,9,23,35,0.8591,0.8189,1.1629,0.7434,0.2888,0.1614,0.9375,1.7201,0.7908,0.1457,0.8538,0.7578,0.8369,0,0,0,1
MGR-SW,2024,16,Genel,Manager,12,14,12,10,34,0.8483,0.876,1.2446,0.8131,0.2074,0.1756,0.8595,1.6949,0.8521,0.1071,0.8091,0.8053,0.9686,0,0,0,0
MGR-SW,2024,17,Genel,Manager,12,10,8,22,39,0.8032,0.8381,1.1355,0.8273,0.3643,0.1167,0.8578,1.4325,0.9253,0.0986,0.8621,0.7743,0.7808,0,0,0,0
MGR-SW,2024,18,Genel,Manager,12,7,6,17,34,0.8815,0.8638,1.0747,0.7913,0.2463,0.1561,0.889,1.5254,0.8768,0.1257,0.8609,0.7448,0.8389,0,0,0,0
MGR-SW,2024,19,Genel,Manager,12,7,6,38,37,0.8746,0.9123,1.1632,0.8665,0.2052,0.146,0.9034,2.0506,0.9299,0.1751,0.8637,0.8063,0.8928,0,0,0,0
MGR-SW,2024,20,Genel,Manager,12,13,11,15,40,0.858,0.9504,1.1241,0.824,0.3723,0.1776,0.949,2.0095,0.8282,0.104,0.8451,0.7388,0.8701,0,0,0,0
MGR-SW,2024,21,Genel,Manager,12,12,11,27,38,0.892,0.9036,1.0649,0.8892,0.2514,0.1556,0.92,1.7987,0.8919,0.1369,0.8744,0.7422,0.8439,0,1,0,0
MGR-SW,2024,22,Genel,Manager,12,10,9,11,39,0.8575,0.8059,1.112,0.845,0.1733,0.1974,0.9284,1.6992,0.8823,0.0807,0.7811,0.7903,0.8887,0,0,0,0
MGR-SW,2024,23,Genel,Manager,12,13,10,10,40,0.7974,0.7859,1.1477,0.8111,0.2922,0.1475,0.9134,1.7857,0.8357,0.1334,0.9061,0.7783,0.9053,0,0,0,0
MGR-SW,2024,24,Genel,Manager,12,8,7,27,39,0.9161,0.7569,1.1707,0.7798,0.2475,0.0854,0.8555,1.8086,0.9933,0.1377,0.8378,0.8397,0.8501,0,1,0,0
MGR-SW,2024,25,Genel,Manager,12,13,11,21,38,0.88,0.8647,1.146,0.8237,0.2958,0.1348,0.8367,1.8565,0.8251,0.1172,0.7955,0.7644,0.8553,0,0,0,0
MGR-SW,2024,26,Genel,Manager,12,14,12,33,37,0.8484,0.8422,1.1136,0.8384,0.2132,0.1385,0.8052,1.5886,0.9187,0.1864,0.8481,0.8252,0.9684,0,0,0,0
MGR-SW,2024,27,Genel,Manager,12,6,5,33,38,0.851,0.8882,1.1351,0.8276,0.2121,0.1818,0.8217,2.0802,0.8091,0.1,0.8369,0.8289,0.8264,1,0,0,0
MGR-SW,2024,28,Genel,Manager,12,11,10,33,40,0.9192,0.8119,1.098,0.8411,0.304,0.1334,0.8129,1.8695,1.0088,0.1352,0.8498,0.7942,0.878,0,0,1,0
MGR-SW,2024,29,Genel,Manager,12,10,9,22,42,0.8888,0.8145,1.1296,0.77,0.2442,0.162,0.855,1.7491,0.7994,0.1451,0.8723,0.739,0.897,1,0,0,0
MGR-SW,2024,30,Genel,Manager,12,9,8,38,39,0.8563,0.828,1.1245,0.8081,0.3135,0.1277,0.859,1.6297,0.8221,0.1304,0.8689,0.7843,0.8311,0,0,0,0
MGR-SW,2024,31,Genel,Manager,12,6,5,16,41,0.9157,0.7904,1.0802,0.7622,0.2937,0.1211,0.8587,2.2766,0.9432,0.1158,0.8895,0.7305,0.8992,0,0,0,0
MGR-SW,2024,32,Genel,Manager,12,12,10,25,37,0.8513,0.8394,0.968,0.8243,0.2417,0.1984,0.9095,1.7698,0.9593,0.114,0.884,0.9328,0.8455,0,0,0,0
MGR-SW,2024,33,Genel,Manager,12,12,10,34,40,0.8176,0.9347,0.9355,0.7822,0.1925,0.1506,0.8976,1.7602,0.9779,0.1115,0.9122,0.7121,0.9799,0,0,0,0
MGR-SW,2024,34,Genel,Manager,12,7,6,21,40,0.9005,0.8175,1.1625,0.86,0.2289,0.1528,0.8306,1.3758,1.0245,0.1439,0.8166,0.7726,0.9194,0,0,0,0
MGR-SW,2024,35,Genel,Manager,12,13,11,39,39,0.8507,0.9022,1.1926,0.8279,0.3056,0.1283,0.9008,1.7947,0.909,0.0533,0.8496,0.744,0.9811,1,0,0,0
MGR-SW,2024,36,Genel,Manager,12,11,10,24,36,0.9129,0.8326,1.1149,0.838,0.2213,0.1462,0.8738,1.9906,0.9493,0.1322,0.7797,0.7421,0.826,0,0,0,0
MGR-SW,2024,37,Genel,Manager,12,10,9,16,43,0.8992,0.7932,1.0226,0.7894,0.2702,0.1361,0.8939,2.187,0.9918,0.1824,0.8101,0.7084,0.9085,0,0,0,0
MGR-SW,2024,38,Genel,Manager,12,9,8,36,37,0.8753,0.8051,1.0732,0.8321,0.2126,0.1409,0.8735,1.4063,0.8472,0.1206,0.7841,0.8293,0.9181,0,0,0,0
MGR-SW,2024,39,Genel,Manager,12,7,6,33,37,0.8997,0.8834,1.0392,0.779,0.2582,0.1302,0.8855,2.049,0.8634,0.1606,0.8659,0.7621,0.8384,0,0,1,0
MGR-SW,2024,40,Genel,Manager,12,7,6,35,36,0.8819,0.8362,1.0605,0.8424,0.2405,0.1629,0.866,1.6986,0.945,0.1164,0.8856,0.7462,0.8284,0,1,0,0
MGR-SW,2024,41,Genel,Manager,12,7,6,17,43,0.8759,0.8437,1.0853,0.8253,0.3345,0.1742,0.816,1.4892,0.9771,0.1595,0.8901,0.7855,0.8965,0,0,0,1
MGR-SW,2024,42,Genel,Manager,12,7,7,31,40,0.935,0.846,0.9335,0.8525,0.2624,0.1437,0.8801,1.7376,0.7858,0.12,0.8684,0.744,0.9175,0,0,0,0
MGR-SW,2024,43,Genel,Manager,12,14,12,28,40,0.855,0.8627,1.0635,0.813,0.2448,0.1506,0.8531,1.5216,1.0555,0.1202,0.8048,0.7474,0.9184,1,1,0,0
MGR-SW,2024,44,Genel,Manager,12,14,12,26,37,0.8906,0.8446,1.0994,0.8088,0.2808,0.1733,0.8148,1.7677,0.9751,0.1166,0.8612,0.7467,0.8731,0,0,0,0
MGR-SW,2024,45,Genel,Manager,12,14,13,22,40,0.9063,0.8649,1.1113,0.8443,0.2571,0.1658,0.7561,1.4265,0.816,0.0817,0.8521,0.7581,0.9013,0,0,0,0
MGR-SW,2024,46,Genel,Manager,12,6,5,32,41,0.8279,0.9132,1.1231,0.8758,0.227,0.1858,0.9234,1.6287,1.0217,0.1626,0.8845,0.8068,0.8382,0,0,0,0
MGR-SW,2024,47,Genel,Manager,12,8,7,21,37,0.8211,0.8276,1.1233,0.7515,0.2504,0.1635,0.9074,1.8536,0.8739,0.1623,0.8089,0.8113,0.8904,0,1,0,0
MGR-SW,2024,48,Genel,Manager,12,14,12,13,41,0.8495,0.8276,1.1519,0.8274,0.2819,0.1576,0.8707,1.6087,0.8224,0.1152,0.824,0.8061,0.8604,1,1,0,0
MGR-SW,2024,49,Genel,Manager,12,12,11,15,41,0.9316,0.8643,1.0947,0.7713,0.0996,0.1682,0.884,1.512,0.9048,0.1855,0.781,0.7155,0.893,0,0,1,0
MGR-SW,2024,50,Genel,Manager,12,6,5,30,43,0.8724,0.9008,1.0855,0.8411,0.362,0.1696,0.8233,1.7113,0.937,0.1532,0.8581,0.7649,0.8705,0,0,0,0
MGR-SW,2024,51,Genel,Manager,12,7,6,23,39,0.8321,0.8557,1.1448,0.7688,0.3371,0.1324,0.924,1.6878,0.8763,0.1314,0.8499,0.7535,0.8568,0,0,0,0
MGR-SW,2024,52,Genel,Manager,12,14,12,13,37,0.848,0.8498,1.149,0.7896,0.3044,0.1396,0.8104,1.7435,0.9419,0.0976,0.8938,0.7957,0.8652,0,1,0,0
